k141_47288_9/1-328,k141_47288_9,333,486.4,4.3e-145,14.3,328,486.1,4e-148,5.2e-145,14.3,workflow/out/asr_HMMER/domtbl/Capsule_2_asr_A.domtblout
k141_104067_5/1-198,k141_104067_5,206,315.5,4.1e-93,17.1,198,315.3,3.8e-96,4.8e-93,17.1,workflow/out/asr_HMMER/domtbl/Capsule_2_asr_A.domtblout
k141_15437_2/2-338,k141_15437_2,344,154.3,4.4e-44,6.5,337,153.8,5e-47,6.5e-44,6.5,workflow/out/asr_HMMER/domtbl/Capsule_2_asr_A.domtblout
k141_37283_34/8-322,k141_37283_34,338,139.9,1.1e-39,1.1,315,139.5,1.1e-42,1.4e-39,1.1,workflow/out/asr_HMMER/domtbl/Capsule_2_asr_A.domtblout
k141_8531_1/88-336,k141_8531_1,640,136.4,1.3e-38,1.1,249,135.5,1.9e-41,2.4e-38,1.1,workflow/out/asr_HMMER/domtbl/Capsule_2_asr_A.domtblout
k141_44025_10/89-344,k141_44025_10,351,134.5,4.8e-38,0.0,256,133.7,6.8e-41,8.7e-38,0.0,workflow/out/asr_HMMER/domtbl/Capsule_2_asr_A.domtblout
k141_136349_21/50-339,k141_136349_21,351,134.0,6.9e-38,0.1,290,133.5,7.4e-41,9.5e-38,0.1,workflow/out/asr_HMMER/domtbl/Capsule_2_asr_A.domtblout
k141_78977_2/94-155,k141_78977_2,672,122.7,1.8e-34,6.0,62,30.7,1.4e-09,1.9e-06,0.0,workflow/out/asr_HMMER/domtbl/Capsule_2_asr_A.domtblout
k141_78977_2/251-372,k141_78977_2,672,122.7,1.8e-34,6.0,122,89.8,1.5e-27,1.9e-24,6.0,workflow/out/asr_HMMER/domtbl/Capsule_2_asr_A.domtblout
k141_82797_4/2-143,k141_82797_4,143,49.6,3.1e-12,0.0,142,49.2,3.4e-15,4.4e-12,0.0,workflow/out/asr_HMMER/domtbl/Capsule_2_asr_A.domtblout
k141_37283_35/91-172,k141_37283_35,267,24.5,0.00014,6.9,82,17.8,1.2e-05,0.015,2.0,workflow/out/asr_HMMER/domtbl/Capsule_2_asr_A.domtblout
k141_37283_35/207-231,k141_37283_35,267,24.5,0.00014,6.9,25,9.3,0.0044,5.6,0.2,workflow/out/asr_HMMER/domtbl/Capsule_2_asr_A.domtblout
k141_32593_101/61-88,k141_32593_101,180,22.1,0.00072,1.7,28,22.1,5.6e-07,0.00072,1.7,workflow/out/asr_HMMER/domtbl/Capsule_2_asr_A.domtblout
k141_114872_4/60-120,k141_114872_4,176,21.5,0.0012,0.3,61,21.5,9e-07,0.0012,0.3,workflow/out/asr_HMMER/domtbl/Capsule_2_asr_A.domtblout
k141_15761_74/39-87,k141_15761_74,168,19.0,0.0065,0.3,49,19.0,5.1e-06,0.0065,0.3,workflow/out/asr_HMMER/domtbl/Capsule_2_asr_A.domtblout
k141_139843_65/62-96,k141_139843_65,216,18.9,0.007,0.7,35,18.9,5.5e-06,0.007,0.7,workflow/out/asr_HMMER/domtbl/Capsule_2_asr_A.domtblout
k141_57242_20/63-91,k141_57242_20,219,18.4,0.0099,11.8,29,17.8,1.2e-05,0.016,1.6,workflow/out/asr_HMMER/domtbl/Capsule_2_asr_A.domtblout
k141_419603_98/1-343,k141_419603_98,348,500.9,4.8e-149,11.2,343,500.4,4.5e-152,7e-149,11.2,workflow/out/asr_HMMER/domtbl/Stool_11_asr_A.domtblout
k141_398459_4/1-328,k141_398459_4,333,482.0,2.8e-143,14.3,328,481.7,2.2e-146,3.4e-143,14.3,workflow/out/asr_HMMER/domtbl/Stool_11_asr_A.domtblout
k141_33237_25/1-337,k141_33237_25,346,444.4,7.6e-132,15.7,337,444.2,5.7e-135,8.8e-132,15.7,workflow/out/asr_HMMER/domtbl/Stool_11_asr_A.domtblout
k141_268679_4/1-338,k141_268679_4,345,431.1,8.5e-128,12.5,338,430.9,6.3e-131,9.7e-128,12.5,workflow/out/asr_HMMER/domtbl/Stool_11_asr_A.domtblout
k141_21402_14/1-338,k141_21402_14,345,427.6,9.6e-127,8.8,338,427.4,7.3e-130,1.1e-126,8.8,workflow/out/asr_HMMER/domtbl/Stool_11_asr_A.domtblout
k141_292761_2/1-342,k141_292761_2,349,369.8,3.6e-109,11.2,342,369.6,2.7e-112,4.2e-109,11.2,workflow/out/asr_HMMER/domtbl/Stool_11_asr_A.domtblout
k141_220769_1/22-309,k141_220769_1,312,159.7,3e-45,5.7,288,159.4,2.4e-48,3.7e-45,5.7,workflow/out/asr_HMMER/domtbl/Stool_11_asr_A.domtblout
k141_350392_2/2-337,k141_350392_2,341,159.5,3.5e-45,6.5,336,159.3,2.6e-48,4.1e-45,6.5,workflow/out/asr_HMMER/domtbl/Stool_11_asr_A.domtblout
k141_268620_58/6-330,k141_268620_58,348,159.4,3.7e-45,0.2,325,159.0,3.1e-48,4.8e-45,0.2,workflow/out/asr_HMMER/domtbl/Stool_11_asr_A.domtblout
k141_357878_7/2-338,k141_357878_7,347,156.1,3.7e-44,2.2,337,155.4,3.9e-47,6e-44,2.2,workflow/out/asr_HMMER/domtbl/Stool_11_asr_A.domtblout
k141_249942_4/2-338,k141_249942_4,344,155.3,6.3e-44,5.6,337,154.8,6.1e-47,9.4e-44,5.6,workflow/out/asr_HMMER/domtbl/Stool_11_asr_A.domtblout
k141_197758_37/48-341,k141_197758_37,348,154.9,8.7e-44,5.4,294,154.7,6.3e-47,9.7e-44,5.4,workflow/out/asr_HMMER/domtbl/Stool_11_asr_A.domtblout
k141_163337_19/3-338,k141_163337_19,358,154.9,8.8e-44,3.4,336,154.0,1e-46,1.6e-43,3.4,workflow/out/asr_HMMER/domtbl/Stool_11_asr_A.domtblout
k141_453019_1/2-338,k141_453019_1,347,153.1,3.1e-43,3.1,337,152.6,2.8e-46,4.3e-43,3.1,workflow/out/asr_HMMER/domtbl/Stool_11_asr_A.domtblout
k141_107946_60/52-332,k141_107946_60,342,150.8,1.5e-42,4.3,281,150.5,1.3e-45,1.9e-42,4.3,workflow/out/asr_HMMER/domtbl/Stool_11_asr_A.domtblout
k141_285650_82/33-337,k141_285650_82,342,149.3,4.4e-42,7.8,305,148.9,3.6e-45,5.6e-42,7.8,workflow/out/asr_HMMER/domtbl/Stool_11_asr_A.domtblout
k141_52941_8/48-341,k141_52941_8,346,149.2,4.7e-42,3.8,294,148.8,4e-45,6.1e-42,3.8,workflow/out/asr_HMMER/domtbl/Stool_11_asr_A.domtblout
k141_42419_2/18-306,k141_42419_2,315,148.2,9.1e-42,4.9,289,147.8,7.9e-45,1.2e-41,4.9,workflow/out/asr_HMMER/domtbl/Stool_11_asr_A.domtblout
k141_450604_4/55-339,k141_450604_4,346,148.1,1e-41,4.6,285,147.8,8.2e-45,1.3e-41,4.6,workflow/out/asr_HMMER/domtbl/Stool_11_asr_A.domtblout
k141_460709_10/34-340,k141_460709_10,348,146.5,3.1e-41,3.3,307,146.3,2.4e-44,3.6e-41,3.3,workflow/out/asr_HMMER/domtbl/Stool_11_asr_A.domtblout
k141_101091_4/2-344,k141_101091_4,353,144.9,9.4e-41,2.1,343,144.4,8.9e-44,1.4e-40,2.1,workflow/out/asr_HMMER/domtbl/Stool_11_asr_A.domtblout
k141_221358_12/35-334,k141_221358_12,340,144.6,1.1e-40,8.6,300,144.4,8.6e-44,1.3e-40,8.6,workflow/out/asr_HMMER/domtbl/Stool_11_asr_A.domtblout
k141_19646_3/49-338,k141_19646_3,342,144.0,1.8e-40,2.8,290,143.6,1.6e-43,2.4e-40,2.8,workflow/out/asr_HMMER/domtbl/Stool_11_asr_A.domtblout
k141_339765_8/7-334,k141_339765_8,345,141.1,1.3e-39,2.5,328,140.5,1.4e-42,2.1e-39,2.5,workflow/out/asr_HMMER/domtbl/Stool_11_asr_A.domtblout
k141_484858_2/76-332,k141_484858_2,339,139.3,4.7e-39,0.8,257,138.9,4.1e-42,6.3e-39,0.8,workflow/out/asr_HMMER/domtbl/Stool_11_asr_A.domtblout
k141_241342_8/10-322,k141_241342_8,338,139.2,5.2e-39,1.0,313,138.8,4.3e-42,6.6e-39,1.0,workflow/out/asr_HMMER/domtbl/Stool_11_asr_A.domtblout
k141_182724_80/4-335,k141_182724_80,341,138.8,6.6e-39,6.3,332,138.6,5.1e-42,7.8e-39,6.3,workflow/out/asr_HMMER/domtbl/Stool_11_asr_A.domtblout
k141_452574_2/2-345,k141_452574_2,354,135.3,7.7e-38,9.9,344,133.6,1.7e-40,2.7e-37,9.9,workflow/out/asr_HMMER/domtbl/Stool_11_asr_A.domtblout
k141_223270_3/31-315,k141_223270_3,315,133.3,3.3e-37,0.1,285,133.0,2.5e-40,3.9e-37,0.1,workflow/out/asr_HMMER/domtbl/Stool_11_asr_A.domtblout
k141_395500_30/52-335,k141_395500_30,341,131.3,1.3e-36,0.7,284,130.8,1.2e-39,1.8e-36,0.7,workflow/out/asr_HMMER/domtbl/Stool_11_asr_A.domtblout
k141_321635_2/50-339,k141_321635_2,351,131.2,1.4e-36,0.0,290,130.7,1.3e-39,2e-36,0.0,workflow/out/asr_HMMER/domtbl/Stool_11_asr_A.domtblout
k141_179381_159/52-336,k141_179381_159,341,131.2,1.4e-36,9.5,285,130.9,1.1e-39,1.7e-36,9.5,workflow/out/asr_HMMER/domtbl/Stool_11_asr_A.domtblout
k141_266964_2/53-335,k141_266964_2,341,129.1,6.2e-36,0.2,283,128.7,5.3e-39,8.2e-36,0.2,workflow/out/asr_HMMER/domtbl/Stool_11_asr_A.domtblout
k141_283227_1/20-304,k141_283227_1,310,127.6,1.8e-35,2.7,285,127.3,1.4e-38,2.2e-35,2.7,workflow/out/asr_HMMER/domtbl/Stool_11_asr_A.domtblout
k141_54175_3/50-335,k141_54175_3,343,125.6,7e-35,0.0,286,125.1,6.3e-38,9.7e-35,0.0,workflow/out/asr_HMMER/domtbl/Stool_11_asr_A.domtblout
k141_132417_48/59-327,k141_132417_48,341,125.4,8.1e-35,0.7,269,125.1,6.7e-38,1e-34,0.7,workflow/out/asr_HMMER/domtbl/Stool_11_asr_A.domtblout
k141_158872_13/93-155,k141_158872_13,672,125.3,8.8e-35,5.7,63,32.6,9.2e-10,1.4e-06,0.0,workflow/out/asr_HMMER/domtbl/Stool_11_asr_A.domtblout
k141_158872_13/251-372,k141_158872_13,672,125.3,8.8e-35,5.7,122,90.2,2.7e-27,4.2e-24,6.1,workflow/out/asr_HMMER/domtbl/Stool_11_asr_A.domtblout
k141_263478_26/53-335,k141_263478_26,341,122.6,5.8e-34,0.2,283,122.1,5.2e-37,7.9e-34,0.2,workflow/out/asr_HMMER/domtbl/Stool_11_asr_A.domtblout
k141_11785_7/53-335,k141_11785_7,341,120.9,1.9e-33,5.3,283,119.7,2.8e-36,4.3e-33,5.3,workflow/out/asr_HMMER/domtbl/Stool_11_asr_A.domtblout
k141_470469_1/4-218,k141_470469_1,232,120.2,3.2e-33,1.4,215,119.8,2.7e-36,4.1e-33,1.4,workflow/out/asr_HMMER/domtbl/Stool_11_asr_A.domtblout
k141_158265_2/23-135,k141_158265_2,153,115.6,7.6e-32,3.0,113,115.4,5.8e-35,8.9e-32,3.0,workflow/out/asr_HMMER/domtbl/Stool_11_asr_A.domtblout
k141_124108_1/5-226,k141_124108_1,234,106.1,6.2e-29,8.3,222,105.1,8e-32,1.2e-28,8.3,workflow/out/asr_HMMER/domtbl/Stool_11_asr_A.domtblout
k141_134229_1/45-165,k141_134229_1,173,96.0,7e-26,5.5,121,96.0,4.7e-29,7.1e-26,5.5,workflow/out/asr_HMMER/domtbl/Stool_11_asr_A.domtblout
k141_274792_4/2-254,k141_274792_4,254,90.9,2.6e-24,0.0,253,90.3,2.5e-27,3.8e-24,0.0,workflow/out/asr_HMMER/domtbl/Stool_11_asr_A.domtblout
k141_195200_2/45-250,k141_195200_2,250,83.0,6.2e-22,0.0,206,82.7,5.1e-25,7.8e-22,0.0,workflow/out/asr_HMMER/domtbl/Stool_11_asr_A.domtblout
k141_214574_1/3-76,k141_214574_1,84,49.6,8.9e-12,5.2,74,49.5,6.3e-15,9.7e-12,5.2,workflow/out/asr_HMMER/domtbl/Stool_11_asr_A.domtblout
k141_158449_2/2-148,k141_158449_2,174,46.4,8.8e-11,0.0,147,45.8,8.7e-14,1.3e-10,0.0,workflow/out/asr_HMMER/domtbl/Stool_11_asr_A.domtblout
k141_241342_7/91-172,k141_241342_7,267,26.2,0.00012,5.6,82,18.6,1.6e-05,0.025,1.2,workflow/out/asr_HMMER/domtbl/Stool_11_asr_A.domtblout
k141_241342_7/204-236,k141_241342_7,267,26.2,0.00012,5.6,33,9.9,0.0072,11.0,0.2,workflow/out/asr_HMMER/domtbl/Stool_11_asr_A.domtblout
k141_339765_7/201-227,k141_339765_7,330,21.8,0.0027,15.4,27,14.1,0.00037,0.57,7.7,workflow/out/asr_HMMER/domtbl/Stool_11_asr_A.domtblout
k141_167290_18/130-158,k141_167290_18,162,21.7,0.0028,0.7,29,14.8,0.00024,0.37,0.1,workflow/out/asr_HMMER/domtbl/Stool_11_asr_A.domtblout
k141_338066_2/49-68,k141_338066_2,297,21.6,0.0029,3.8,20,10.8,0.0039,6.0,0.2,workflow/out/asr_HMMER/domtbl/Stool_11_asr_A.domtblout
k141_338066_2/78-94,k141_338066_2,297,21.6,0.0029,3.8,17,11.7,0.002,3.0,0.4,workflow/out/asr_HMMER/domtbl/Stool_11_asr_A.domtblout
k141_312420_1/142-159,k141_312420_1,222,21.3,0.0039,9.4,18,12.5,0.0012,1.8,1.3,workflow/out/asr_HMMER/domtbl/Stool_11_asr_A.domtblout
k141_312420_1/179-205,k141_312420_1,222,21.3,0.0039,9.4,27,13.5,0.00059,0.9,1.6,workflow/out/asr_HMMER/domtbl/Stool_11_asr_A.domtblout
k141_195200_1/98-127,k141_195200_1,229,20.9,0.0048,13.4,30,18.7,1.5e-05,0.023,6.0,workflow/out/asr_HMMER/domtbl/Stool_11_asr_A.domtblout
k141_132417_47/122-172,k141_132417_47,267,20.7,0.0055,7.0,51,14.7,0.00024,0.37,3.0,workflow/out/asr_HMMER/domtbl/Stool_11_asr_A.domtblout
k141_285650_83/199-227,k141_285650_83,330,20.3,0.0076,16.1,29,17.0,4.9e-05,0.075,6.6,workflow/out/asr_HMMER/domtbl/Stool_11_asr_A.domtblout
k141_182724_79/182-222,k141_182724_79,324,20.2,0.0083,15.3,41,18.7,1.6e-05,0.024,6.9,workflow/out/asr_HMMER/domtbl/Stool_11_asr_A.domtblout
k141_247468_2/199-228,k141_247468_2,330,19.9,0.01,14.8,30,17.7,3.1e-05,0.047,6.3,workflow/out/asr_HMMER/domtbl/Stool_11_asr_A.domtblout
k141_58650_12/1-335,k141_58650_12,339,520.6,2.3e-155,11.0,335,520.4,2.1e-158,2.7e-155,11.0,workflow/out/asr_HMMER/domtbl/Capsule_7_asr_A.domtblout
k141_118025_106/1-334,k141_118025_106,338,508.4,1.2e-151,4.1,334,508.2,1e-154,1.3e-151,4.1,workflow/out/asr_HMMER/domtbl/Capsule_7_asr_A.domtblout
k141_78781_4/1-328,k141_78781_4,333,486.4,5.8e-145,14.3,328,486.1,5.4e-148,7e-145,14.3,workflow/out/asr_HMMER/domtbl/Capsule_7_asr_A.domtblout
k141_220890_14/1-330,k141_220890_14,334,463.6,5e-138,1.8,330,463.4,4.7e-141,6e-138,1.8,workflow/out/asr_HMMER/domtbl/Capsule_7_asr_A.domtblout
k141_149492_7/36-328,k141_149492_7,346,167.8,4.7e-48,0.1,293,167.5,4.6e-51,5.9e-48,0.1,workflow/out/asr_HMMER/domtbl/Capsule_7_asr_A.domtblout
k141_175484_4/9-328,k141_175484_4,346,164.5,4.9e-47,0.1,320,164.2,4.8e-50,6.2e-47,0.1,workflow/out/asr_HMMER/domtbl/Capsule_7_asr_A.domtblout
k141_245745_7/2-338,k141_245745_7,347,156.6,1.2e-44,2.4,337,155.9,1.6e-47,2e-44,2.4,workflow/out/asr_HMMER/domtbl/Capsule_7_asr_A.domtblout
k141_103386_26/2-338,k141_103386_26,344,155.3,3e-44,5.6,337,154.8,3.4e-47,4.4e-44,5.6,workflow/out/asr_HMMER/domtbl/Capsule_7_asr_A.domtblout
k141_53702_27/48-341,k141_53702_27,348,155.0,3.9e-44,5.4,294,154.8,3.4e-47,4.3e-44,5.4,workflow/out/asr_HMMER/domtbl/Capsule_7_asr_A.domtblout
k141_249795_5/49-338,k141_249795_5,351,153.4,1.1e-43,3.7,290,153.0,1.2e-46,1.5e-43,3.7,workflow/out/asr_HMMER/domtbl/Capsule_7_asr_A.domtblout
k141_35035_1/2-335,k141_35035_1,342,152.2,2.6e-43,2.9,334,151.7,2.9e-46,3.8e-43,2.9,workflow/out/asr_HMMER/domtbl/Capsule_7_asr_A.domtblout
k141_91506_3/33-323,k141_91506_3,334,133.4,1.4e-37,0.0,291,133.0,1.4e-40,1.9e-37,0.0,workflow/out/asr_HMMER/domtbl/Capsule_7_asr_A.domtblout
k141_209140_2/50-339,k141_209140_2,351,131.5,5.3e-37,0.1,290,131.0,5.8e-40,7.5e-37,0.1,workflow/out/asr_HMMER/domtbl/Capsule_7_asr_A.domtblout
k141_91109_15/93-155,k141_91109_15,672,125.1,4.8e-35,5.9,63,32.6,5.2e-10,6.7e-07,0.0,workflow/out/asr_HMMER/domtbl/Capsule_7_asr_A.domtblout
k141_91109_15/251-372,k141_91109_15,672,125.1,4.8e-35,5.9,122,89.9,1.9e-27,2.4e-24,6.2,workflow/out/asr_HMMER/domtbl/Capsule_7_asr_A.domtblout
k141_32991_1/10-186,k141_32991_1,192,100.0,2e-27,4.5,177,99.7,2e-30,2.6e-27,4.5,workflow/out/asr_HMMER/domtbl/Capsule_7_asr_A.domtblout
k141_20_4/10-186,k141_20_4,192,98.5,5.8e-27,4.3,177,98.1,5.8e-30,7.4e-27,4.3,workflow/out/asr_HMMER/domtbl/Capsule_7_asr_A.domtblout
k141_243444_2/19-180,k141_243444_2,194,95.5,4.9e-26,0.5,162,95.3,4.2e-29,5.4e-26,0.5,workflow/out/asr_HMMER/domtbl/Capsule_7_asr_A.domtblout
k141_134994_1/30-143,k141_134994_1,150,89.8,2.6e-24,8.7,114,89.5,2.5e-27,3.3e-24,8.7,workflow/out/asr_HMMER/domtbl/Capsule_7_asr_A.domtblout
k141_218757_1/19-254,k141_218757_1,257,83.9,1.6e-22,0.1,236,83.7,1.5e-25,1.9e-22,0.1,workflow/out/asr_HMMER/domtbl/Capsule_7_asr_A.domtblout
k141_123185_4/30-188,k141_123185_4,196,41.7,1.1e-09,0.0,159,41.4,1e-12,1.3e-09,0.0,workflow/out/asr_HMMER/domtbl/Capsule_7_asr_A.domtblout
k141_93413_1/56-149,k141_93413_1,151,25.8,7.3e-05,0.2,94,25.6,6.8e-08,8.7e-05,0.2,workflow/out/asr_HMMER/domtbl/Capsule_7_asr_A.domtblout
k141_126316_3/68-128,k141_126316_3,184,21.3,0.0017,0.3,61,21.3,1.4e-06,0.0017,0.3,workflow/out/asr_HMMER/domtbl/Capsule_7_asr_A.domtblout
k141_91506_2/145-172,k141_91506_2,267,19.1,0.008,3.6,28,11.4,0.0014,1.8,1.0,workflow/out/asr_HMMER/domtbl/Capsule_7_asr_A.domtblout
k141_97004_3/39-87,k141_97004_3,168,19.0,0.0088,0.3,49,19.0,6.9e-06,0.0088,0.3,workflow/out/asr_HMMER/domtbl/Capsule_7_asr_A.domtblout
k141_189438_3/1-328,k141_189438_3,333,482.0,1.9e-143,14.3,328,481.7,1.4e-146,2.3e-143,14.3,workflow/out/asr_HMMER/domtbl/Capsule_11_asr_A.domtblout
k141_111070_2/3-301,k141_111070_2,306,459.3,1.4e-136,14.6,299,459.1,1e-139,1.7e-136,14.6,workflow/out/asr_HMMER/domtbl/Capsule_11_asr_A.domtblout
k141_21695_25/1-337,k141_21695_25,346,444.4,5.1e-132,15.7,337,444.2,3.5e-135,5.9e-132,15.7,workflow/out/asr_HMMER/domtbl/Capsule_11_asr_A.domtblout
k141_89708_8/1-338,k141_89708_8,345,428.6,3.1e-127,14.3,338,428.5,2.1e-130,3.5e-127,14.3,workflow/out/asr_HMMER/domtbl/Capsule_11_asr_A.domtblout
k141_182873_3/1-338,k141_182873_3,345,427.6,6.5e-127,8.8,338,427.4,4.5e-130,7.5e-127,8.8,workflow/out/asr_HMMER/domtbl/Capsule_11_asr_A.domtblout
k141_35651_1/13-175,k141_35651_1,181,266.3,7.7e-78,8.9,163,265.9,5.9e-81,9.9e-78,8.9,workflow/out/asr_HMMER/domtbl/Capsule_11_asr_A.domtblout
k141_94081_1/3-148,k141_94081_1,156,256.7,6.3e-75,12.3,146,256.5,4.3e-78,7.3e-75,12.3,workflow/out/asr_HMMER/domtbl/Capsule_11_asr_A.domtblout
k141_312072_1/1-163,k141_312072_1,176,211.1,4.6e-61,0.0,163,210.9,3.2e-64,5.4e-61,0.0,workflow/out/asr_HMMER/domtbl/Capsule_11_asr_A.domtblout
k141_297344_24/2-338,k141_297344_24,347,156.1,2.5e-44,2.2,337,155.4,2.4e-47,4.1e-44,2.2,workflow/out/asr_HMMER/domtbl/Capsule_11_asr_A.domtblout
k141_104932_29/2-338,k141_104932_29,344,155.3,4.2e-44,5.6,337,154.8,3.8e-47,6.3e-44,5.6,workflow/out/asr_HMMER/domtbl/Capsule_11_asr_A.domtblout
k141_134582_37/48-341,k141_134582_37,348,154.9,5.9e-44,5.4,294,154.7,3.9e-47,6.5e-44,5.4,workflow/out/asr_HMMER/domtbl/Capsule_11_asr_A.domtblout
k141_273312_33/2-338,k141_273312_33,347,153.1,2.1e-43,3.1,337,152.6,1.7e-46,2.9e-43,3.1,workflow/out/asr_HMMER/domtbl/Capsule_11_asr_A.domtblout
k141_313597_1/5-284,k141_313597_1,289,144.8,6.7e-41,8.5,280,144.5,4.9e-44,8.2e-41,8.5,workflow/out/asr_HMMER/domtbl/Capsule_11_asr_A.domtblout
k141_204396_4/49-337,k141_204396_4,342,142.0,4.9e-40,2.4,289,141.5,4e-43,6.7e-40,2.4,workflow/out/asr_HMMER/domtbl/Capsule_11_asr_A.domtblout
k141_83519_7/10-322,k141_83519_7,338,139.2,3.5e-39,1.0,313,138.8,2.7e-42,4.5e-39,1.0,workflow/out/asr_HMMER/domtbl/Capsule_11_asr_A.domtblout
k141_178215_2/50-339,k141_178215_2,351,131.2,9.3e-37,0.0,290,130.7,7.9e-40,1.3e-36,0.0,workflow/out/asr_HMMER/domtbl/Capsule_11_asr_A.domtblout
k141_302606_13/93-155,k141_302606_13,672,125.3,6e-35,5.7,63,32.6,5.7e-10,9.5e-07,0.0,workflow/out/asr_HMMER/domtbl/Capsule_11_asr_A.domtblout
k141_302606_13/251-372,k141_302606_13,672,125.3,6e-35,5.7,122,90.2,1.7e-27,2.8e-24,6.1,workflow/out/asr_HMMER/domtbl/Capsule_11_asr_A.domtblout
k141_222245_2/2-300,k141_222245_2,300,121.2,1.1e-33,1.6,299,120.7,8.5e-37,1.4e-33,1.6,workflow/out/asr_HMMER/domtbl/Capsule_11_asr_A.domtblout
k141_86396_1/48-309,k141_86396_1,315,121.0,1.2e-33,0.8,262,120.6,9.2e-37,1.6e-33,0.8,workflow/out/asr_HMMER/domtbl/Capsule_11_asr_A.domtblout
k141_184604_2/9-264,k141_184604_2,270,120.4,1.9e-33,4.6,256,119.3,2.3e-36,3.8e-33,4.6,workflow/out/asr_HMMER/domtbl/Capsule_11_asr_A.domtblout
k141_270564_1/6-121,k141_270564_1,129,94.3,1.6e-25,10.6,116,94.1,1.1e-28,1.8e-25,10.6,workflow/out/asr_HMMER/domtbl/Capsule_11_asr_A.domtblout
k141_250161_2/1-82,k141_250161_2,83,93.6,2.6e-25,2.4,82,93.5,1.6e-28,2.7e-25,2.4,workflow/out/asr_HMMER/domtbl/Capsule_11_asr_A.domtblout
k141_83519_8/91-172,k141_83519_8,267,26.2,8.1e-05,5.6,82,18.6,1e-05,0.017,1.2,workflow/out/asr_HMMER/domtbl/Capsule_11_asr_A.domtblout
k141_83519_8/204-236,k141_83519_8,267,26.2,8.1e-05,5.6,33,9.9,0.0044,7.4,0.2,workflow/out/asr_HMMER/domtbl/Capsule_11_asr_A.domtblout
k141_131255_1/17-50,k141_131255_1,108,23.7,0.00046,3.9,34,15.8,7.1e-05,0.12,0.1,workflow/out/asr_HMMER/domtbl/Capsule_11_asr_A.domtblout
k141_131255_1/58-86,k141_131255_1,108,23.7,0.00046,3.9,29,9.7,0.0051,8.6,0.7,workflow/out/asr_HMMER/domtbl/Capsule_11_asr_A.domtblout
k141_165620_45/61-88,k141_165620_45,180,22.1,0.0014,1.7,28,22.1,8.3e-07,0.0014,1.7,workflow/out/asr_HMMER/domtbl/Capsule_11_asr_A.domtblout
k141_275423_2/338-378,k141_275423_2,382,21.0,0.0031,2.2,41,14.3,0.0002,0.34,0.2,workflow/out/asr_HMMER/domtbl/Capsule_11_asr_A.domtblout
k141_204396_5/195-227,k141_204396_5,323,19.6,0.008,15.7,33,17.4,2.3e-05,0.038,6.9,workflow/out/asr_HMMER/domtbl/Capsule_11_asr_A.domtblout
k141_274685_6/1-333,k141_274685_6,337,527.9,3e-157,23.7,333,527.7,2.3e-160,3.4e-157,23.7,workflow/out/asr_HMMER/domtbl/Stool_14_asr_A.domtblout
k141_416472_4/1-328,k141_416472_4,333,490.8,5.8e-146,16.4,328,490.5,4.7e-149,7.1e-146,16.4,workflow/out/asr_HMMER/domtbl/Stool_14_asr_A.domtblout
k141_355173_2/1-328,k141_355173_2,333,480.2,9.3e-143,14.2,328,480.0,7.5e-146,1.1e-142,14.2,workflow/out/asr_HMMER/domtbl/Stool_14_asr_A.domtblout
k141_182105_1/2-295,k141_182105_1,300,447.9,6.2e-133,16.4,294,447.7,5e-136,7.5e-133,16.4,workflow/out/asr_HMMER/domtbl/Stool_14_asr_A.domtblout
k141_477868_1/1-315,k141_477868_1,316,402.3,4.7e-119,1.8,315,402.2,3.5e-122,5.2e-119,1.8,workflow/out/asr_HMMER/domtbl/Stool_14_asr_A.domtblout
k141_430966_2/1-229,k141_430966_2,236,264.5,3.8e-77,4.4,229,264.3,2.9e-80,4.4e-77,4.4,workflow/out/asr_HMMER/domtbl/Stool_14_asr_A.domtblout
k141_446407_10/3-331,k141_446407_10,337,183.1,2.2e-52,0.0,329,182.9,1.8e-55,2.7e-52,0.0,workflow/out/asr_HMMER/domtbl/Stool_14_asr_A.domtblout
k141_26519_19/35-328,k141_26519_19,357,176.5,2.4e-50,0.3,294,176.1,2.1e-53,3.1e-50,0.3,workflow/out/asr_HMMER/domtbl/Stool_14_asr_A.domtblout
k141_100828_20/36-328,k141_100828_20,346,176.4,2.4e-50,0.1,293,176.1,2e-53,3e-50,0.1,workflow/out/asr_HMMER/domtbl/Stool_14_asr_A.domtblout
k141_405116_1/6-167,k141_405116_1,174,172.9,2.8e-49,7.6,162,172.7,2.3e-52,3.4e-49,7.6,workflow/out/asr_HMMER/domtbl/Stool_14_asr_A.domtblout
k141_72862_14/35-328,k141_72862_14,346,161.0,1.2e-45,0.2,294,160.6,1e-48,1.6e-45,0.2,workflow/out/asr_HMMER/domtbl/Stool_14_asr_A.domtblout
k141_103954_4/2-339,k141_103954_4,348,160.2,2.1e-45,4.4,338,159.7,2e-48,3.1e-45,4.4,workflow/out/asr_HMMER/domtbl/Stool_14_asr_A.domtblout
k141_105938_4/2-339,k141_105938_4,348,158.3,7.7e-45,2.4,338,157.8,7.4e-48,1.1e-44,2.4,workflow/out/asr_HMMER/domtbl/Stool_14_asr_A.domtblout
k141_111314_34/2-338,k141_111314_34,347,157.0,1.9e-44,2.6,337,156.4,1.9e-47,2.9e-44,2.6,workflow/out/asr_HMMER/domtbl/Stool_14_asr_A.domtblout
k141_78691_26/48-341,k141_78691_26,348,154.9,8.7e-44,5.4,294,154.7,6.5e-47,9.7e-44,5.4,workflow/out/asr_HMMER/domtbl/Stool_14_asr_A.domtblout
k141_77533_6/2-337,k141_77533_6,346,154.2,1.4e-43,3.4,336,153.7,1.3e-46,1.9e-43,3.4,workflow/out/asr_HMMER/domtbl/Stool_14_asr_A.domtblout
k141_435587_4/2-338,k141_435587_4,347,151.9,6.9e-43,2.9,337,151.5,6.4e-46,9.5e-43,2.9,workflow/out/asr_HMMER/domtbl/Stool_14_asr_A.domtblout
k141_477075_5/52-332,k141_477075_5,342,151.2,1.2e-42,3.8,281,150.8,9.9e-46,1.5e-42,3.8,workflow/out/asr_HMMER/domtbl/Stool_14_asr_A.domtblout
k141_307610_6/48-341,k141_307610_6,346,149.2,4.7e-42,3.8,294,148.8,4.1e-45,6.1e-42,3.8,workflow/out/asr_HMMER/domtbl/Stool_14_asr_A.domtblout
k141_377955_10/6-340,k141_377955_10,348,143.5,2.5e-40,3.4,335,143.3,2e-43,3e-40,3.4,workflow/out/asr_HMMER/domtbl/Stool_14_asr_A.domtblout
k141_76811_9/49-338,k141_76811_9,342,143.1,3.3e-40,2.5,290,142.7,3e-43,4.4e-40,2.5,workflow/out/asr_HMMER/domtbl/Stool_14_asr_A.domtblout
k141_219427_7/52-332,k141_219427_7,337,142.1,6.7e-40,4.6,281,141.8,5.5e-43,8.3e-40,4.6,workflow/out/asr_HMMER/domtbl/Stool_14_asr_A.domtblout
k141_362820_21/52-344,k141_362820_21,353,141.8,8.5e-40,3.9,293,141.2,8.1e-43,1.2e-39,3.9,workflow/out/asr_HMMER/domtbl/Stool_14_asr_A.domtblout
k141_68014_2/55-339,k141_68014_2,346,141.7,8.7e-40,4.7,285,141.4,7.3e-43,1.1e-39,4.7,workflow/out/asr_HMMER/domtbl/Stool_14_asr_A.domtblout
k141_360062_53/45-327,k141_360062_53,340,138.1,1.1e-38,7.8,283,137.8,9.2e-42,1.4e-38,7.8,workflow/out/asr_HMMER/domtbl/Stool_14_asr_A.domtblout
k141_239525_8/87-336,k141_239525_8,640,136.6,3.2e-38,1.6,250,135.7,4e-41,6e-38,1.6,workflow/out/asr_HMMER/domtbl/Stool_14_asr_A.domtblout
k141_77704_41/89-344,k141_77704_41,351,134.5,1.4e-37,0.0,256,133.7,1.7e-40,2.5e-37,0.0,workflow/out/asr_HMMER/domtbl/Stool_14_asr_A.domtblout
k141_13173_2/49-335,k141_13173_2,343,132.7,5e-37,4.0,287,131.8,6e-40,9e-37,4.0,workflow/out/asr_HMMER/domtbl/Stool_14_asr_A.domtblout
k141_3767_1/18-300,k141_3767_1,306,132.2,7e-37,0.8,283,131.7,6.7e-40,1e-36,0.8,workflow/out/asr_HMMER/domtbl/Stool_14_asr_A.domtblout
k141_72173_1/14-343,k141_72173_1,420,131.8,9e-37,0.0,330,130.6,1.4e-39,2.1e-36,0.0,workflow/out/asr_HMMER/domtbl/Stool_14_asr_A.domtblout
k141_415969_11/53-335,k141_415969_11,341,127.5,1.9e-35,0.1,283,127.0,1.7e-38,2.6e-35,0.1,workflow/out/asr_HMMER/domtbl/Stool_14_asr_A.domtblout
k141_253749_2/16-260,k141_253749_2,272,127.1,2.5e-35,0.7,245,126.6,2.3e-38,3.4e-35,0.7,workflow/out/asr_HMMER/domtbl/Stool_14_asr_A.domtblout
k141_395749_1/93-155,k141_395749_1,660,122.5,5.9e-34,6.1,63,30.8,3.2e-09,4.8e-06,0.0,workflow/out/asr_HMMER/domtbl/Stool_14_asr_A.domtblout
k141_395749_1/251-372,k141_395749_1,660,122.5,5.9e-34,6.1,122,89.6,4.1e-27,6.2e-24,6.1,workflow/out/asr_HMMER/domtbl/Stool_14_asr_A.domtblout
k141_99604_4/1-232,k141_99604_4,240,115.6,7.7e-32,2.4,232,115.2,6.9e-35,1e-31,2.4,workflow/out/asr_HMMER/domtbl/Stool_14_asr_A.domtblout
k141_454267_1/31-272,k141_454267_1,273,101.6,1.4e-27,0.1,242,101.4,1.1e-30,1.6e-27,0.1,workflow/out/asr_HMMER/domtbl/Stool_14_asr_A.domtblout
k141_474566_1/25-143,k141_474566_1,148,91.6,1.6e-24,6.0,119,91.4,1.2e-27,1.8e-24,6.0,workflow/out/asr_HMMER/domtbl/Stool_14_asr_A.domtblout
k141_465092_3/215-322,k141_465092_3,322,84.2,2.8e-22,0.0,108,83.7,2.6e-25,3.9e-22,0.0,workflow/out/asr_HMMER/domtbl/Stool_14_asr_A.domtblout
k141_466106_1/1-105,k141_466106_1,105,80.3,4.3e-21,0.1,105,80.1,3.2e-24,4.8e-21,0.1,workflow/out/asr_HMMER/domtbl/Stool_14_asr_A.domtblout
k141_218923_6/2-82,k141_218923_6,100,75.0,1.7e-19,1.4,81,74.9,1.2e-22,1.9e-19,1.4,workflow/out/asr_HMMER/domtbl/Stool_14_asr_A.domtblout
k141_455298_1/36-253,k141_455298_1,253,73.2,6e-19,0.0,218,73.0,4.7e-22,7e-19,0.0,workflow/out/asr_HMMER/domtbl/Stool_14_asr_A.domtblout
k141_265332_1/1-95,k141_265332_1,101,65.9,1e-16,9.7,95,65.8,7.3e-20,1.1e-16,9.7,workflow/out/asr_HMMER/domtbl/Stool_14_asr_A.domtblout
k141_47989_2/1-78,k141_47989_2,88,62.5,1.1e-15,0.0,78,62.3,8.3e-19,1.2e-15,0.0,workflow/out/asr_HMMER/domtbl/Stool_14_asr_A.domtblout
k141_434422_2/52-241,k141_434422_2,241,49.7,8.7e-12,0.0,190,49.2,8e-15,1.2e-11,0.0,workflow/out/asr_HMMER/domtbl/Stool_14_asr_A.domtblout
k141_159049_4/52-147,k141_159049_4,150,33.5,7.4e-07,0.0,96,33.4,5.1e-10,7.7e-07,0.0,workflow/out/asr_HMMER/domtbl/Stool_14_asr_A.domtblout
k141_88206_1/190-218,k141_88206_1,256,25.2,0.00025,0.6,29,22.7,9.2e-07,0.0014,0.8,workflow/out/asr_HMMER/domtbl/Stool_14_asr_A.domtblout
k141_152153_5/199-227,k141_152153_5,261,25.0,0.00027,3.3,29,20.8,3.6e-06,0.0054,2.2,workflow/out/asr_HMMER/domtbl/Stool_14_asr_A.domtblout
k141_355513_2/12-45,k141_355513_2,103,23.9,0.00062,4.0,34,15.9,0.00011,0.16,0.1,workflow/out/asr_HMMER/domtbl/Stool_14_asr_A.domtblout
k141_355513_2/53-81,k141_355513_2,103,23.9,0.00062,4.0,29,10.2,0.006,8.9,0.6,workflow/out/asr_HMMER/domtbl/Stool_14_asr_A.domtblout
k141_85087_5/273-303,k141_85087_5,376,21.9,0.0024,6.6,31,15.6,0.00014,0.2,0.7,workflow/out/asr_HMMER/domtbl/Stool_14_asr_A.domtblout
k141_85087_5/324-351,k141_85087_5,376,21.9,0.0024,6.6,28,9.6,0.0088,13.0,0.7,workflow/out/asr_HMMER/domtbl/Stool_14_asr_A.domtblout
k141_157832_4/186-248,k141_157832_4,583,20.6,0.0059,2.1,63,12.8,0.00095,1.4,0.0,workflow/out/asr_HMMER/domtbl/Stool_14_asr_A.domtblout
k141_457567_1/253-282,k141_457567_1,285,20.5,0.0066,0.3,30,10.4,0.0053,7.9,0.1,workflow/out/asr_HMMER/domtbl/Stool_14_asr_A.domtblout
k141_175860_2/177-194,k141_175860_2,253,20.1,0.0087,3.1,18,9.6,0.0092,14.0,0.2,workflow/out/asr_HMMER/domtbl/Stool_14_asr_A.domtblout
k141_175860_2/207-223,k141_175860_2,253,20.1,0.0087,3.1,17,11.1,0.0031,4.6,0.3,workflow/out/asr_HMMER/domtbl/Stool_14_asr_A.domtblout
k141_287687_26/1-328,k141_287687_26,333,482.0,1.3e-143,14.3,328,481.7,1e-146,1.6e-143,14.3,workflow/out/asr_HMMER/domtbl/Capsule_13_asr_A.domtblout
k141_120626_3/1-212,k141_120626_3,220,343.5,1.7e-101,18.6,212,343.3,1.3e-104,2e-101,18.6,workflow/out/asr_HMMER/domtbl/Capsule_13_asr_A.domtblout
k141_258049_5/3-331,k141_258049_5,337,183.7,7e-53,0.0,329,183.5,5.2e-56,8.3e-53,0.0,workflow/out/asr_HMMER/domtbl/Capsule_13_asr_A.domtblout
k141_168541_2/36-328,k141_168541_2,346,175.5,2.2e-50,0.1,293,175.2,1.7e-53,2.7e-50,0.1,workflow/out/asr_HMMER/domtbl/Capsule_13_asr_A.domtblout
k141_217634_16/9-328,k141_217634_16,346,164.5,4.9e-47,0.1,320,164.2,3.9e-50,6.2e-47,0.1,workflow/out/asr_HMMER/domtbl/Capsule_13_asr_A.domtblout
k141_143735_25/2-338,k141_143735_25,347,156.1,1.8e-44,2.2,337,155.4,1.8e-47,2.9e-44,2.2,workflow/out/asr_HMMER/domtbl/Capsule_13_asr_A.domtblout
k141_104194_10/2-338,k141_104194_10,344,155.3,3e-44,5.6,337,154.8,2.8e-47,4.4e-44,5.6,workflow/out/asr_HMMER/domtbl/Capsule_13_asr_A.domtblout
k141_179928_4/48-341,k141_179928_4,348,154.9,4.1e-44,5.4,294,154.7,2.9e-47,4.6e-44,5.4,workflow/out/asr_HMMER/domtbl/Capsule_13_asr_A.domtblout
k141_99912_3/2-345,k141_99912_3,354,136.1,2.1e-38,5.7,344,134.9,3.2e-41,5e-38,5.7,workflow/out/asr_HMMER/domtbl/Capsule_13_asr_A.domtblout
k141_221329_1/1-61,k141_221329_1,79,49.2,5.8e-12,0.8,61,49.1,4e-15,6.3e-12,0.8,workflow/out/asr_HMMER/domtbl/Capsule_13_asr_A.domtblout
k141_177152_6/61-87,k141_177152_6,180,22.0,0.0011,1.7,27,22.0,6.7e-07,0.0011,1.7,workflow/out/asr_HMMER/domtbl/Capsule_13_asr_A.domtblout
k141_237199_2/38-68,k141_237199_2,96,19.6,0.0057,5.5,31,15.7,5.7e-05,0.09,0.1,workflow/out/asr_HMMER/domtbl/Capsule_13_asr_A.domtblout
k141_258049_4/160-188,k141_258049_4,283,19.3,0.007,7.2,29,12.7,0.00044,0.71,2.2,workflow/out/asr_HMMER/domtbl/Capsule_13_asr_A.domtblout
k141_258049_4/220-235,k141_258049_4,283,19.3,0.007,7.2,16,9.2,0.0055,8.7,0.2,workflow/out/asr_HMMER/domtbl/Capsule_13_asr_A.domtblout
k141_33197_2/39-93,k141_33197_2,168,19.3,0.0072,0.6,55,19.3,4.5e-06,0.0072,0.6,workflow/out/asr_HMMER/domtbl/Capsule_13_asr_A.domtblout
k141_113693_4/64-79,k141_113693_4,212,19.2,0.0076,6.2,16,9.2,0.0052,8.2,1.6,workflow/out/asr_HMMER/domtbl/Capsule_13_asr_A.domtblout
k141_113693_4/93-108,k141_113693_4,212,19.2,0.0076,6.2,16,12.1,0.00071,1.1,0.2,workflow/out/asr_HMMER/domtbl/Capsule_13_asr_A.domtblout
k141_4563_2/60-89,k141_4563_2,244,19.1,0.0081,1.2,30,10.5,0.0022,3.4,0.1,workflow/out/asr_HMMER/domtbl/Capsule_13_asr_A.domtblout
k141_32230_66/61-90,k141_32230_66,181,18.8,0.01,0.8,30,18.8,6.5e-06,0.01,0.8,workflow/out/asr_HMMER/domtbl/Capsule_13_asr_A.domtblout
k141_208550_4/1-328,k141_208550_4,333,486.4,6.1e-145,14.3,328,486.1,5.9e-148,7.4e-145,14.3,workflow/out/asr_HMMER/domtbl/Stool_3_asr_A.domtblout
k141_292924_22/3-326,k141_292924_22,360,189.8,1e-54,7.3,324,188.7,1.8e-57,2.2e-54,7.3,workflow/out/asr_HMMER/domtbl/Stool_3_asr_A.domtblout
k141_272800_24/35-328,k141_272800_24,346,161.0,6e-46,0.2,294,160.6,6.3e-49,7.7e-46,0.2,workflow/out/asr_HMMER/domtbl/Stool_3_asr_A.domtblout
k141_278442_2/2-340,k141_278442_2,349,160.1,1.1e-45,2.0,339,159.6,1.3e-48,1.6e-45,2.0,workflow/out/asr_HMMER/domtbl/Stool_3_asr_A.domtblout
k141_2601_3/2-338,k141_2601_3,344,155.3,3.1e-44,5.6,337,154.8,3.8e-47,4.6e-44,5.6,workflow/out/asr_HMMER/domtbl/Stool_3_asr_A.domtblout
k141_283381_37/48-341,k141_283381_37,348,154.9,4.3e-44,5.4,294,154.7,3.9e-47,4.8e-44,5.4,workflow/out/asr_HMMER/domtbl/Stool_3_asr_A.domtblout
k141_40009_2/2-337,k141_40009_2,346,153.7,1e-43,3.0,336,153.2,1.1e-46,1.4e-43,3.0,workflow/out/asr_HMMER/domtbl/Stool_3_asr_A.domtblout
k141_86994_19/49-338,k141_86994_19,342,144.0,8.8e-41,2.8,290,143.6,9.6e-44,1.2e-40,2.8,workflow/out/asr_HMMER/domtbl/Stool_3_asr_A.domtblout
k141_168260_4/54-336,k141_168260_4,345,143.9,9.2e-41,3.0,283,143.5,1e-43,1.3e-40,3.0,workflow/out/asr_HMMER/domtbl/Stool_3_asr_A.domtblout
k141_170339_4/30-336,k141_170339_4,342,143.4,1.4e-40,0.5,307,143.1,1.3e-43,1.7e-40,0.5,workflow/out/asr_HMMER/domtbl/Stool_3_asr_A.domtblout
k141_198222_2/47-332,k141_198222_2,338,140.9,7.6e-40,9.5,286,140.6,7.5e-43,9.3e-40,9.5,workflow/out/asr_HMMER/domtbl/Stool_3_asr_A.domtblout
k141_89911_1/33-282,k141_89911_1,296,138.2,5.3e-39,0.2,250,137.6,6.1e-42,7.6e-39,0.2,workflow/out/asr_HMMER/domtbl/Stool_3_asr_A.domtblout
k141_271929_1/2-345,k141_271929_1,354,137.9,6.4e-39,5.8,344,136.6,1.2e-41,1.5e-38,5.8,workflow/out/asr_HMMER/domtbl/Stool_3_asr_A.domtblout
k141_65889_1/2-239,k141_65889_1,248,134.8,5.4e-38,5.5,238,134.5,5.4e-41,6.7e-38,5.5,workflow/out/asr_HMMER/domtbl/Stool_3_asr_A.domtblout
k141_107401_3/7-200,k141_107401_3,229,127.0,1.3e-35,5.3,194,126.7,1.3e-38,1.6e-35,5.3,workflow/out/asr_HMMER/domtbl/Stool_3_asr_A.domtblout
k141_250917_2/53-335,k141_250917_2,341,126.1,2.4e-35,0.1,283,125.8,2.4e-38,3e-35,0.1,workflow/out/asr_HMMER/domtbl/Stool_3_asr_A.domtblout
k141_336744_1/2-217,k141_336744_1,225,109.6,2.6e-30,7.3,216,109.4,2.3e-33,2.9e-30,7.3,workflow/out/asr_HMMER/domtbl/Stool_3_asr_A.domtblout
k141_319631_2/56-253,k141_319631_2,254,81.4,9.4e-22,0.3,198,81.3,8.6e-25,1.1e-21,0.3,workflow/out/asr_HMMER/domtbl/Stool_3_asr_A.domtblout
k141_259071_4/1-102,k141_259071_4,110,79.4,3.8e-21,15.2,102,79.3,3.4e-24,4.3e-21,15.2,workflow/out/asr_HMMER/domtbl/Stool_3_asr_A.domtblout
k141_171790_1/5-222,k141_171790_1,224,72.9,3.7e-19,0.0,218,72.4,4.2e-22,5.2e-19,0.0,workflow/out/asr_HMMER/domtbl/Stool_3_asr_A.domtblout
k141_7818_2/36-166,k141_7818_2,168,45.7,7e-11,0.0,131,45.6,6.2e-14,7.6e-11,0.0,workflow/out/asr_HMMER/domtbl/Stool_3_asr_A.domtblout
k141_132293_1/35-124,k141_132293_1,130,32.1,9.4e-07,0.0,90,32.0,8.4e-10,1e-06,0.0,workflow/out/asr_HMMER/domtbl/Stool_3_asr_A.domtblout
k141_171790_2/24-53,k141_171790_2,146,23.9,0.0003,7.9,30,16.8,3.6e-05,0.044,3.3,workflow/out/asr_HMMER/domtbl/Stool_3_asr_A.domtblout
k141_171790_2/84-99,k141_171790_2,146,23.9,0.0003,7.9,16,9.9,0.0043,5.3,0.1,workflow/out/asr_HMMER/domtbl/Stool_3_asr_A.domtblout
k141_86994_18/195-227,k141_86994_18,323,19.6,0.0059,15.7,33,17.4,2.3e-05,0.028,6.9,workflow/out/asr_HMMER/domtbl/Stool_3_asr_A.domtblout
k141_198222_3/68-191,k141_198222_3,293,19.6,0.006,15.9,124,18.0,1.5e-05,0.019,8.2,workflow/out/asr_HMMER/domtbl/Stool_3_asr_A.domtblout
k141_138218_1/153-169,k141_138218_1,335,19.1,0.0088,2.9,17,11.5,0.0014,1.8,0.8,workflow/out/asr_HMMER/domtbl/Stool_3_asr_A.domtblout
k141_9401_16/1-334,k141_9401_16,340,463.9,1.1e-138,8.2,334,463.6,1.4e-141,1.3e-138,8.2,workflow/out/asr_HMMER/domtbl/Capsule_3_asr_A.domtblout
k141_30505_24/50-339,k141_30505_24,351,131.0,2.1e-37,0.0,290,130.5,3.2e-40,2.9e-37,0.0,workflow/out/asr_HMMER/domtbl/Capsule_3_asr_A.domtblout
k141_14201_46/93-155,k141_14201_46,672,125.3,1.1e-35,5.7,63,32.6,1.9e-10,1.8e-07,0.0,workflow/out/asr_HMMER/domtbl/Capsule_3_asr_A.domtblout
k141_14201_46/251-372,k141_14201_46,672,125.3,1.1e-35,5.7,122,90.2,5.7e-28,5.2e-25,6.1,workflow/out/asr_HMMER/domtbl/Capsule_3_asr_A.domtblout
k141_7515_134/64-90,k141_7515_134,181,17.3,0.0076,1.1,27,17.3,8.2e-06,0.0076,1.1,workflow/out/asr_HMMER/domtbl/Capsule_3_asr_A.domtblout
k141_37698_33/40-84,k141_37698_33,151,17.2,0.0082,0.2,45,17.2,8.9e-06,0.0082,0.2,workflow/out/asr_HMMER/domtbl/Capsule_3_asr_A.domtblout
k141_14466_4/38-85,k141_14466_4,170,17.0,0.0093,0.3,48,17.0,1e-05,0.0093,0.3,workflow/out/asr_HMMER/domtbl/Capsule_3_asr_A.domtblout
k141_60828_4/1-328,k141_60828_4,333,484.8,4.2e-145,14.2,328,484.6,4.1e-148,5.1e-145,14.2,workflow/out/asr_HMMER/domtbl/Stool_5_asr_A.domtblout
k141_28884_6/2-338,k141_28884_6,344,156.7,2.8e-45,6.1,337,156.1,3.3e-48,4.1e-45,6.1,workflow/out/asr_HMMER/domtbl/Stool_5_asr_A.domtblout
k141_36303_22/2-337,k141_36303_22,346,154.3,1.5e-44,3.1,336,153.9,1.6e-47,1.9e-44,3.1,workflow/out/asr_HMMER/domtbl/Stool_5_asr_A.domtblout
k141_11813_33/49-338,k141_11813_33,342,141.9,8.5e-41,2.2,290,141.5,9.3e-44,1.2e-40,2.2,workflow/out/asr_HMMER/domtbl/Stool_5_asr_A.domtblout
k141_52877_1/2-318,k141_52877_1,318,141.1,1.6e-40,4.0,317,140.6,1.7e-43,2.1e-40,4.0,workflow/out/asr_HMMER/domtbl/Stool_5_asr_A.domtblout
k141_11813_34/195-227,k141_11813_34,323,19.7,0.0013,16.0,33,17.6,4.7e-06,0.0057,7.2,workflow/out/asr_HMMER/domtbl/Stool_5_asr_A.domtblout
k141_67651_17/130-159,k141_67651_17,188,17.2,0.0072,5.5,30,13.8,6.5e-05,0.081,0.2,workflow/out/asr_HMMER/domtbl/Stool_5_asr_A.domtblout
k141_110745_150/1-334,k141_110745_150,338,508.4,9.1e-152,4.1,334,508.2,8.8e-155,1e-151,4.1,workflow/out/asr_HMMER/domtbl/Stool_7_asr_A.domtblout
k141_85470_4/36-328,k141_85470_4,346,167.8,3.7e-48,0.1,293,167.5,3.9e-51,4.6e-48,0.1,workflow/out/asr_HMMER/domtbl/Stool_7_asr_A.domtblout
k141_116594_2/49-338,k141_116594_2,342,141.3,4.2e-40,2.4,290,140.9,4.8e-43,5.7e-40,2.4,workflow/out/asr_HMMER/domtbl/Stool_7_asr_A.domtblout
k141_184632_1/48-318,k141_184632_1,318,132.3,2.3e-37,2.2,271,132.1,2.2e-40,2.6e-37,2.2,workflow/out/asr_HMMER/domtbl/Stool_7_asr_A.domtblout
k141_98478_3/56-327,k141_98478_3,341,128.5,3.3e-36,0.9,272,128.2,3.6e-39,4.2e-36,0.9,workflow/out/asr_HMMER/domtbl/Stool_7_asr_A.domtblout
k141_27173_2/65-182,k141_27173_2,192,100.5,1.1e-27,4.0,118,100.4,1e-30,1.2e-27,4.0,workflow/out/asr_HMMER/domtbl/Stool_7_asr_A.domtblout
k141_147623_2/6-268,k141_147623_2,269,97.3,1.1e-26,0.3,263,96.9,1.2e-29,1.4e-26,0.3,workflow/out/asr_HMMER/domtbl/Stool_7_asr_A.domtblout
k141_108532_7/14-129,k141_108532_7,135,93.6,1.4e-25,12.4,116,93.4,1.3e-28,1.5e-25,12.4,workflow/out/asr_HMMER/domtbl/Stool_7_asr_A.domtblout
k141_123579_3/1-43,k141_123579_3,51,56.4,2.8e-14,0.4,43,56.3,2.6e-17,3e-14,0.4,workflow/out/asr_HMMER/domtbl/Stool_7_asr_A.domtblout
k141_67275_11/2-192,k141_67275_11,211,54.2,1.3e-13,0.1,191,53.9,1.5e-16,1.7e-13,0.1,workflow/out/asr_HMMER/domtbl/Stool_7_asr_A.domtblout
k141_200036_1/30-202,k141_200036_1,234,43.1,3.2e-10,0.0,173,42.9,3.1e-13,3.7e-10,0.0,workflow/out/asr_HMMER/domtbl/Stool_7_asr_A.domtblout
k141_203245_1/31-45,k141_203245_1,112,20.9,0.0018,8.8,15,10.7,0.002,2.4,1.9,workflow/out/asr_HMMER/domtbl/Stool_7_asr_A.domtblout
k141_203245_1/63-105,k141_203245_1,112,20.9,0.0018,8.8,43,15.2,8.5e-05,0.1,0.5,workflow/out/asr_HMMER/domtbl/Stool_7_asr_A.domtblout
k141_116594_3/195-227,k141_116594_3,323,19.7,0.0043,16.0,33,17.6,1.6e-05,0.018,7.2,workflow/out/asr_HMMER/domtbl/Stool_7_asr_A.domtblout
k141_200752_36/39-87,k141_200752_36,168,19.0,0.0068,0.3,49,19.0,5.8e-06,0.0068,0.3,workflow/out/asr_HMMER/domtbl/Stool_7_asr_A.domtblout
k141_140389_2/1-328,k141_140389_2,333,489.9,1.1e-145,15.5,328,489.7,8.5e-149,1.3e-145,15.5,workflow/out/asr_HMMER/domtbl/Stool_9_asr_A.domtblout
k141_112706_4/1-334,k141_112706_4,340,463.9,9.5e-138,8.2,334,463.6,7e-141,1.1e-137,8.2,workflow/out/asr_HMMER/domtbl/Stool_9_asr_A.domtblout
k141_262224_3/1-337,k141_262224_3,346,444.4,8.1e-132,15.7,337,444.2,5.9e-135,9.3e-132,15.7,workflow/out/asr_HMMER/domtbl/Stool_9_asr_A.domtblout
k141_319616_1/1-290,k141_319616_1,290,407.3,1.5e-120,7.3,290,407.2,1e-123,1.7e-120,7.3,workflow/out/asr_HMMER/domtbl/Stool_9_asr_A.domtblout
k141_499026_3/242-580,k141_499026_3,590,396.0,4.2e-117,14.0,339,395.6,3.5e-120,5.5e-117,14.0,workflow/out/asr_HMMER/domtbl/Stool_9_asr_A.domtblout
k141_51852_4/212-547,k141_51852_4,553,389.8,3.2e-115,0.1,336,389.5,2.5e-118,4e-115,0.1,workflow/out/asr_HMMER/domtbl/Stool_9_asr_A.domtblout
k141_51129_2/1-344,k141_51129_2,351,375.2,9.1e-111,10.1,344,374.9,6.7e-114,1.1e-110,10.1,workflow/out/asr_HMMER/domtbl/Stool_9_asr_A.domtblout
k141_150705_3/2-286,k141_150705_3,293,353.5,3.6e-104,1.2,285,353.3,2.6e-107,4.1e-104,1.2,workflow/out/asr_HMMER/domtbl/Stool_9_asr_A.domtblout
k141_298192_1/3-244,k141_298192_1,261,346.8,3.7e-102,5.7,242,346.6,2.8e-105,4.5e-102,5.7,workflow/out/asr_HMMER/domtbl/Stool_9_asr_A.domtblout
k141_213318_28/32-328,k141_213318_28,346,165.3,6.2e-47,0.1,297,164.9,5.1e-50,8.1e-47,0.1,workflow/out/asr_HMMER/domtbl/Stool_9_asr_A.domtblout
k141_532939_3/2-339,k141_532939_3,348,160.2,2.2e-45,4.4,338,159.7,2.1e-48,3.2e-45,4.4,workflow/out/asr_HMMER/domtbl/Stool_9_asr_A.domtblout
k141_473839_13/24-328,k141_473839_13,342,158.8,6.1e-45,0.1,305,158.4,5.1e-48,8.1e-45,0.1,workflow/out/asr_HMMER/domtbl/Stool_9_asr_A.domtblout
k141_264731_8/2-338,k141_264731_8,347,157.4,1.6e-44,2.9,337,156.8,1.5e-47,2.4e-44,2.9,workflow/out/asr_HMMER/domtbl/Stool_9_asr_A.domtblout
k141_372248_13/48-341,k141_372248_13,348,154.8,9.6e-44,5.3,294,154.7,6.7e-47,1.1e-43,5.3,workflow/out/asr_HMMER/domtbl/Stool_9_asr_A.domtblout
k141_134215_8/2-338,k141_134215_8,347,153.1,3.2e-43,3.1,337,152.6,2.9e-46,4.5e-43,3.1,workflow/out/asr_HMMER/domtbl/Stool_9_asr_A.domtblout
k141_394068_1/2-324,k141_394068_1,324,149.7,3.4e-42,5.8,323,149.3,2.9e-45,4.6e-42,5.8,workflow/out/asr_HMMER/domtbl/Stool_9_asr_A.domtblout
k141_394055_1/2-324,k141_394055_1,324,149.4,4.4e-42,6.7,323,148.9,3.8e-45,6e-42,6.7,workflow/out/asr_HMMER/domtbl/Stool_9_asr_A.domtblout
k141_107565_3/2-344,k141_107565_3,353,148.1,1.1e-41,2.4,343,147.6,9.5e-45,1.5e-41,2.4,workflow/out/asr_HMMER/domtbl/Stool_9_asr_A.domtblout
k141_145980_13/55-339,k141_145980_13,346,148.1,1.1e-41,5.4,285,147.7,8.7e-45,1.4e-41,5.4,workflow/out/asr_HMMER/domtbl/Stool_9_asr_A.domtblout
k141_491801_9/51-336,k141_491801_9,342,146.3,3.8e-41,4.9,286,145.7,3.6e-44,5.6e-41,4.9,workflow/out/asr_HMMER/domtbl/Stool_9_asr_A.domtblout
k141_378765_1/2-337,k141_378765_1,340,145.4,7e-41,3.1,336,144.9,6.5e-44,1e-40,3.1,workflow/out/asr_HMMER/domtbl/Stool_9_asr_A.domtblout
k141_387922_2/48-337,k141_387922_2,341,145.3,7.3e-41,5.8,290,145.0,5.9e-44,9.4e-41,5.8,workflow/out/asr_HMMER/domtbl/Stool_9_asr_A.domtblout
k141_222666_4/33-340,k141_222666_4,342,145.0,9.2e-41,0.3,308,144.8,6.8e-44,1.1e-40,0.3,workflow/out/asr_HMMER/domtbl/Stool_9_asr_A.domtblout
k141_321661_16/34-340,k141_321661_16,348,144.6,1.2e-40,3.2,307,144.4,8.7e-44,1.4e-40,3.2,workflow/out/asr_HMMER/domtbl/Stool_9_asr_A.domtblout
k141_7638_1/2-333,k141_7638_1,333,144.1,1.7e-40,5.5,332,143.6,1.6e-43,2.6e-40,5.5,workflow/out/asr_HMMER/domtbl/Stool_9_asr_A.domtblout
k141_426661_4/50-333,k141_426661_4,340,144.0,1.8e-40,2.1,284,143.5,1.6e-43,2.6e-40,2.1,workflow/out/asr_HMMER/domtbl/Stool_9_asr_A.domtblout
k141_274208_2/35-331,k141_274208_2,341,142.9,3.9e-40,6.7,297,142.5,3.3e-43,5.2e-40,6.7,workflow/out/asr_HMMER/domtbl/Stool_9_asr_A.domtblout
k141_533723_14/49-338,k141_533723_14,342,141.9,8e-40,2.2,290,141.5,6.8e-43,1.1e-39,2.2,workflow/out/asr_HMMER/domtbl/Stool_9_asr_A.domtblout
k141_557495_2/7-334,k141_557495_2,345,141.0,1.5e-39,2.3,328,140.4,1.5e-42,2.3e-39,2.3,workflow/out/asr_HMMER/domtbl/Stool_9_asr_A.domtblout
k141_4529_15/8-322,k141_4529_15,338,140.9,1.6e-39,1.0,315,140.6,1.3e-42,2.1e-39,1.0,workflow/out/asr_HMMER/domtbl/Stool_9_asr_A.domtblout
k141_413747_26/49-335,k141_413747_26,343,139.7,3.8e-39,2.2,287,138.9,4.3e-42,6.8e-39,2.2,workflow/out/asr_HMMER/domtbl/Stool_9_asr_A.domtblout
k141_533153_1/2-345,k141_533153_1,354,138.1,1.2e-38,5.8,344,137.1,1.5e-41,2.4e-38,5.8,workflow/out/asr_HMMER/domtbl/Stool_9_asr_A.domtblout
k141_575319_6/49-332,k141_575319_6,338,137.1,2.3e-38,0.2,284,136.6,2.1e-41,3.3e-38,0.2,workflow/out/asr_HMMER/domtbl/Stool_9_asr_A.domtblout
k141_443343_3/53-337,k141_443343_3,341,136.2,4.3e-38,0.7,285,135.9,3.5e-41,5.5e-38,0.7,workflow/out/asr_HMMER/domtbl/Stool_9_asr_A.domtblout
k141_63317_9/88-336,k141_63317_9,640,135.5,7e-38,1.1,249,134.7,8.2e-41,1.3e-37,1.1,workflow/out/asr_HMMER/domtbl/Stool_9_asr_A.domtblout
k141_258285_17/89-344,k141_258285_17,351,134.9,1.1e-37,0.0,256,134.0,1.3e-40,2.1e-37,0.0,workflow/out/asr_HMMER/domtbl/Stool_9_asr_A.domtblout
k141_475467_9/51-337,k141_475467_9,343,134.3,1.7e-37,0.5,287,134.1,1.3e-40,2e-37,0.5,workflow/out/asr_HMMER/domtbl/Stool_9_asr_A.domtblout
k141_357689_2/50-323,k141_357689_2,323,133.9,2.2e-37,2.1,274,133.6,1.7e-40,2.7e-37,2.1,workflow/out/asr_HMMER/domtbl/Stool_9_asr_A.domtblout
k141_221058_14/51-335,k141_221058_14,340,132.3,6.7e-37,0.3,285,132.0,5.3e-40,8.3e-37,0.3,workflow/out/asr_HMMER/domtbl/Stool_9_asr_A.domtblout
k141_370850_209/53-337,k141_370850_209,341,129.3,5.7e-36,3.1,285,129.0,4.4e-39,6.9e-36,3.1,workflow/out/asr_HMMER/domtbl/Stool_9_asr_A.domtblout
k141_260305_1/42-329,k141_260305_1,343,127.6,1.8e-35,0.0,288,127.2,1.5e-38,2.4e-35,0.0,workflow/out/asr_HMMER/domtbl/Stool_9_asr_A.domtblout
k141_264077_4/56-327,k141_264077_4,341,126.0,5.8e-35,0.6,272,125.6,4.7e-38,7.5e-35,0.6,workflow/out/asr_HMMER/domtbl/Stool_9_asr_A.domtblout
k141_288717_29/50-335,k141_288717_29,343,125.6,7.4e-35,0.0,286,125.1,6.5e-38,1e-34,0.0,workflow/out/asr_HMMER/domtbl/Stool_9_asr_A.domtblout
k141_82004_2/50-324,k141_82004_2,327,123.2,4.1e-34,2.2,275,122.0,5.7e-37,9e-34,2.2,workflow/out/asr_HMMER/domtbl/Stool_9_asr_A.domtblout
k141_582413_8/37-156,k141_582413_8,164,94.4,2.4e-25,7.2,120,94.3,1.6e-28,2.5e-25,7.2,workflow/out/asr_HMMER/domtbl/Stool_9_asr_A.domtblout
k141_337825_1/43-161,k141_337825_1,166,93.7,3.9e-25,5.2,119,93.5,2.7e-28,4.2e-25,5.2,workflow/out/asr_HMMER/domtbl/Stool_9_asr_A.domtblout
k141_533055_1/11-127,k141_533055_1,135,91.5,1.7e-24,10.9,117,91.3,1.3e-27,2e-24,10.9,workflow/out/asr_HMMER/domtbl/Stool_9_asr_A.domtblout
k141_322544_1/33-274,k141_322544_1,277,90.0,5e-24,0.0,242,89.6,4.1e-27,6.5e-24,0.0,workflow/out/asr_HMMER/domtbl/Stool_9_asr_A.domtblout
k141_293431_2/2-144,k141_293431_2,146,51.0,3.8e-12,0.1,143,50.5,3.2e-15,5e-12,0.1,workflow/out/asr_HMMER/domtbl/Stool_9_asr_A.domtblout
k141_137116_9/5-186,k141_137116_9,207,44.3,4e-10,0.0,182,44.0,3e-13,4.8e-10,0.0,workflow/out/asr_HMMER/domtbl/Stool_9_asr_A.domtblout
k141_31271_8/1-51,k141_31271_8,154,42.5,1.4e-09,0.0,51,42.1,1.1e-12,1.8e-09,0.0,workflow/out/asr_HMMER/domtbl/Stool_9_asr_A.domtblout
k141_119589_1/3-61,k141_119589_1,67,37.9,3.6e-08,1.7,59,37.9,2.3e-11,3.6e-08,1.7,workflow/out/asr_HMMER/domtbl/Stool_9_asr_A.domtblout
k141_426661_5/123-191,k141_426661_5,294,33.4,8.1e-07,7.1,69,28.8,1.3e-08,2.1e-05,2.9,workflow/out/asr_HMMER/domtbl/Stool_9_asr_A.domtblout
k141_411178_2/147-174,k141_411178_2,269,27.3,5.8e-05,8.1,28,14.9,0.00023,0.36,3.4,workflow/out/asr_HMMER/domtbl/Stool_9_asr_A.domtblout
k141_411178_2/209-234,k141_411178_2,269,27.3,5.8e-05,8.1,26,14.9,0.00022,0.34,0.2,workflow/out/asr_HMMER/domtbl/Stool_9_asr_A.domtblout
k141_491801_10/64-227,k141_491801_10,331,25.2,0.00025,14.5,164,23.4,5.8e-07,0.00092,6.9,workflow/out/asr_HMMER/domtbl/Stool_9_asr_A.domtblout
k141_4529_14/91-172,k141_4529_14,267,22.8,0.0014,7.8,82,16.3,8.2e-05,0.13,2.8,workflow/out/asr_HMMER/domtbl/Stool_9_asr_A.domtblout
k141_279441_80/355-384,k141_279441_80,387,21.0,0.0049,0.7,30,15.2,0.00017,0.27,0.1,workflow/out/asr_HMMER/domtbl/Stool_9_asr_A.domtblout
k141_533723_13/195-228,k141_533723_13,323,20.2,0.0086,15.1,34,17.7,3.1e-05,0.049,6.8,workflow/out/asr_HMMER/domtbl/Stool_9_asr_A.domtblout
k141_264077_5/130-172,k141_264077_5,267,20.0,0.0098,6.4,43,13.9,0.00043,0.68,2.5,workflow/out/asr_HMMER/domtbl/Stool_9_asr_A.domtblout
k141_7859_2/253-270,k141_7859_2,333,20.0,0.0099,9.3,18,11.8,0.002,3.2,1.2,workflow/out/asr_HMMER/domtbl/Stool_9_asr_A.domtblout
k141_7859_2/290-316,k141_7859_2,333,20.0,0.0099,9.3,27,12.7,0.0011,1.7,1.6,workflow/out/asr_HMMER/domtbl/Stool_9_asr_A.domtblout
k141_145980_14/199-227,k141_145980_14,331,19.9,0.01,16.0,29,16.0,0.0001,0.16,6.5,workflow/out/asr_HMMER/domtbl/Stool_9_asr_A.domtblout
k141_118093_5/1-328,k141_118093_5,333,480.2,2.8e-143,14.2,328,480.0,2.7e-146,3.3e-143,14.2,workflow/out/asr_HMMER/domtbl/Stool_1_asr_A.domtblout
k141_44571_3/2-110,k141_44571_3,117,206.8,4.3e-60,12.9,109,206.6,3.9e-63,4.8e-60,12.9,workflow/out/asr_HMMER/domtbl/Stool_1_asr_A.domtblout
k141_137433_2/2-338,k141_137433_2,347,154.0,4.9e-44,2.1,337,153.3,6.5e-47,7.9e-44,2.1,workflow/out/asr_HMMER/domtbl/Stool_1_asr_A.domtblout
k141_31105_8/2-337,k141_31105_8,346,153.7,6e-44,3.0,336,153.2,6.8e-47,8.3e-44,3.0,workflow/out/asr_HMMER/domtbl/Stool_1_asr_A.domtblout
k141_173663_7/2-338,k141_173663_7,347,153.6,6.2e-44,2.7,337,153.2,7.1e-47,8.6e-44,2.7,workflow/out/asr_HMMER/domtbl/Stool_1_asr_A.domtblout
k141_100052_8/49-338,k141_100052_8,342,144.0,5.3e-41,2.8,290,143.6,5.8e-44,7.1e-41,2.8,workflow/out/asr_HMMER/domtbl/Stool_1_asr_A.domtblout
k141_169401_1/3-285,k141_169401_1,291,143.1,9.8e-41,6.5,283,142.8,9.8e-44,1.2e-40,6.5,workflow/out/asr_HMMER/domtbl/Stool_1_asr_A.domtblout
k141_117084_1/52-303,k141_117084_1,306,130.9,5e-37,1.3,252,130.6,5.2e-40,6.4e-37,1.3,workflow/out/asr_HMMER/domtbl/Stool_1_asr_A.domtblout
k141_87709_1/51-298,k141_87709_1,302,127.3,6.2e-36,0.2,248,126.8,7.6e-39,9.3e-36,0.2,workflow/out/asr_HMMER/domtbl/Stool_1_asr_A.domtblout
k141_173438_4/21-141,k141_173438_4,146,88.7,3.5e-24,8.6,121,88.4,3.5e-27,4.3e-24,8.6,workflow/out/asr_HMMER/domtbl/Stool_1_asr_A.domtblout
k141_101519_1/33-184,k141_101519_1,190,59.4,2.8e-15,0.8,152,59.2,2.7e-18,3.4e-15,0.8,workflow/out/asr_HMMER/domtbl/Stool_1_asr_A.domtblout
k141_105080_1/2-203,k141_105080_1,219,55.7,3.8e-14,0.1,202,55.4,3.9e-17,4.7e-14,0.1,workflow/out/asr_HMMER/domtbl/Stool_1_asr_A.domtblout
k141_79447_2/22-135,k141_79447_2,168,47.1,1.5e-11,0.1,114,46.9,1.5e-14,1.8e-11,0.1,workflow/out/asr_HMMER/domtbl/Stool_1_asr_A.domtblout
k141_88009_1/3-35,k141_88009_1,40,21.0,0.0013,0.2,33,21.0,1.1e-06,0.0014,0.2,workflow/out/asr_HMMER/domtbl/Stool_1_asr_A.domtblout
k141_26243_4/26-58,k141_26243_4,62,20.1,0.0026,0.2,33,20.1,2.1e-06,0.0026,0.2,workflow/out/asr_HMMER/domtbl/Stool_1_asr_A.domtblout
k141_117084_2/51-82,k141_117084_2,182,19.7,0.0033,14.2,32,17.4,1.4e-05,0.017,6.8,workflow/out/asr_HMMER/domtbl/Stool_1_asr_A.domtblout
k141_100052_9/195-227,k141_100052_9,323,19.6,0.0035,15.7,33,17.4,1.4e-05,0.017,6.9,workflow/out/asr_HMMER/domtbl/Stool_1_asr_A.domtblout
k141_101519_2/199-227,k141_101519_2,330,19.4,0.0041,16.6,29,16.0,3.7e-05,0.045,7.4,workflow/out/asr_HMMER/domtbl/Stool_1_asr_A.domtblout
k141_177017_17/48-64,k141_177017_17,413,19.1,0.0053,2.9,17,12.0,0.00063,0.77,0.8,workflow/out/asr_HMMER/domtbl/Stool_1_asr_A.domtblout
k141_73288_4/1-328,k141_73288_4,333,486.4,4.7e-145,14.3,328,486.1,5e-148,5.8e-145,14.3,workflow/out/asr_HMMER/domtbl/Stool_2_asr_A.domtblout
k141_103486_4/1-227,k141_103486_4,232,354.2,7.9e-105,17.3,227,353.9,8.3e-108,9.6e-105,17.3,workflow/out/asr_HMMER/domtbl/Stool_2_asr_A.domtblout
k141_45771_4/24-328,k141_45771_4,342,158.0,3.7e-45,0.1,305,157.6,4.3e-48,5e-45,0.1,workflow/out/asr_HMMER/domtbl/Stool_2_asr_A.domtblout
k141_91243_3/2-338,k141_91243_3,347,156.1,1.4e-44,2.7,337,155.5,1.8e-47,2.1e-44,2.7,workflow/out/asr_HMMER/domtbl/Stool_2_asr_A.domtblout
k141_200439_6/2-337,k141_200439_6,346,154.3,5e-44,3.1,336,153.9,5.8e-47,6.7e-44,3.1,workflow/out/asr_HMMER/domtbl/Stool_2_asr_A.domtblout
k141_159313_2/2-324,k141_159313_2,324,151.0,5e-43,6.3,323,150.6,5.7e-46,6.6e-43,6.3,workflow/out/asr_HMMER/domtbl/Stool_2_asr_A.domtblout
k141_52788_4/2-324,k141_52788_4,324,148.8,2.4e-42,6.6,323,148.4,2.8e-45,3.2e-42,6.6,workflow/out/asr_HMMER/domtbl/Stool_2_asr_A.domtblout
k141_85144_2/10-322,k141_85144_2,338,139.0,2.3e-39,1.0,313,138.7,2.5e-42,2.9e-39,1.0,workflow/out/asr_HMMER/domtbl/Stool_2_asr_A.domtblout
k141_137565_7/2-345,k141_137565_7,354,138.8,2.6e-39,6.0,344,137.5,5.5e-42,6.4e-39,6.0,workflow/out/asr_HMMER/domtbl/Stool_2_asr_A.domtblout
k141_85809_8/53-335,k141_85809_8,341,126.9,1.1e-35,0.0,283,126.6,1.2e-38,1.4e-35,0.0,workflow/out/asr_HMMER/domtbl/Stool_2_asr_A.domtblout
k141_151126_1/48-163,k141_151126_1,183,50.0,2.6e-12,0.0,116,49.9,2.6e-15,3e-12,0.0,workflow/out/asr_HMMER/domtbl/Stool_2_asr_A.domtblout
k141_166206_4/3-61,k141_166206_4,67,37.9,1.3e-08,1.7,59,37.9,1.1e-11,1.3e-08,1.7,workflow/out/asr_HMMER/domtbl/Stool_2_asr_A.domtblout
k141_2733_3/32-148,k141_2733_3,157,36.9,2.6e-08,0.0,117,36.7,2.6e-11,3.1e-08,0.0,workflow/out/asr_HMMER/domtbl/Stool_2_asr_A.domtblout
k141_85144_3/91-172,k141_85144_3,267,24.5,0.00015,6.9,82,17.8,1.4e-05,0.017,2.0,workflow/out/asr_HMMER/domtbl/Stool_2_asr_A.domtblout
k141_85144_3/207-231,k141_85144_3,267,24.5,0.00015,6.9,25,9.3,0.0054,6.3,0.2,workflow/out/asr_HMMER/domtbl/Stool_2_asr_A.domtblout
k141_95658_1/161-190,k141_95658_1,194,20.4,0.0026,3.6,30,14.1,0.0002,0.23,0.1,workflow/out/asr_HMMER/domtbl/Stool_2_asr_A.domtblout
k141_2733_2/145-172,k141_2733_2,267,19.1,0.0066,3.6,28,11.4,0.0013,1.5,1.0,workflow/out/asr_HMMER/domtbl/Stool_2_asr_A.domtblout
k141_25391_26/1-334,k141_25391_26,336,546.4,2.7e-163,20.3,334,546.2,2.2e-166,3e-163,20.3,workflow/out/asr_HMMER/domtbl/Capsule_15_asr_A.domtblout
k141_120776_8/1-334,k141_120776_8,338,499.7,4.1e-149,6.6,334,499.6,3.5e-152,4.7e-149,6.6,workflow/out/asr_HMMER/domtbl/Capsule_15_asr_A.domtblout
k141_105309_4/1-328,k141_105309_4,333,488.0,1.5e-145,14.3,328,487.7,1.4e-148,1.8e-145,14.3,workflow/out/asr_HMMER/domtbl/Capsule_15_asr_A.domtblout
k141_99843_1/1-343,k141_99843_1,345,478.7,1e-142,2.7,343,478.5,8.8e-146,1.2e-142,2.7,workflow/out/asr_HMMER/domtbl/Capsule_15_asr_A.domtblout
k141_58394_7/1-334,k141_58394_7,344,467.1,3.6e-139,5.4,334,466.8,3.2e-142,4.3e-139,5.4,workflow/out/asr_HMMER/domtbl/Capsule_15_asr_A.domtblout
k141_123211_86/1-338,k141_123211_86,349,445.3,1.5e-132,12.2,338,445.1,1.3e-135,1.7e-132,12.2,workflow/out/asr_HMMER/domtbl/Capsule_15_asr_A.domtblout
k141_90809_6/1-337,k141_90809_6,345,443.6,4.8e-132,14.3,337,443.4,4.1e-135,5.5e-132,14.3,workflow/out/asr_HMMER/domtbl/Capsule_15_asr_A.domtblout
k141_82309_50/1-340,k141_82309_50,346,435.7,1.2e-129,12.3,340,435.5,1.1e-132,1.4e-129,12.3,workflow/out/asr_HMMER/domtbl/Capsule_15_asr_A.domtblout
k141_85857_17/1-338,k141_85857_17,347,435.6,1.3e-129,14.0,338,435.4,1.1e-132,1.5e-129,14.0,workflow/out/asr_HMMER/domtbl/Capsule_15_asr_A.domtblout
k141_43479_29/1-338,k141_43479_29,346,430.4,5.3e-128,2.3,338,430.2,4.4e-131,5.9e-128,2.3,workflow/out/asr_HMMER/domtbl/Capsule_15_asr_A.domtblout
k141_88890_189/1-339,k141_88890_189,349,422.5,1.3e-125,16.8,339,422.3,1.1e-128,1.5e-125,16.8,workflow/out/asr_HMMER/domtbl/Capsule_15_asr_A.domtblout
k141_111936_1/1-320,k141_111936_1,327,416.5,8.7e-124,12.5,320,416.3,7.3e-127,9.9e-124,12.5,workflow/out/asr_HMMER/domtbl/Capsule_15_asr_A.domtblout
k141_111914_8/1-320,k141_111914_8,327,415.0,2.5e-123,13.8,320,414.8,2.1e-126,2.9e-123,13.8,workflow/out/asr_HMMER/domtbl/Capsule_15_asr_A.domtblout
k141_7919_1/1-243,k141_7919_1,245,274.6,1.3e-80,1.5,243,274.4,1e-83,1.4e-80,1.5,workflow/out/asr_HMMER/domtbl/Capsule_15_asr_A.domtblout
k141_28104_1/7-237,k141_28104_1,237,233.8,3.3e-68,2.2,231,233.6,2.8e-71,3.7e-68,2.2,workflow/out/asr_HMMER/domtbl/Capsule_15_asr_A.domtblout
k141_6492_87/10-328,k141_6492_87,346,169.1,1.6e-48,0.1,319,168.7,1.5e-51,2e-48,0.1,workflow/out/asr_HMMER/domtbl/Capsule_15_asr_A.domtblout
k141_25245_24/2-337,k141_25245_24,346,153.0,1.3e-43,3.4,336,152.5,1.3e-46,1.7e-43,3.4,workflow/out/asr_HMMER/domtbl/Capsule_15_asr_A.domtblout
k141_86007_10/3-341,k141_86007_10,347,151.4,3.7e-43,4.1,339,151.0,3.7e-46,5e-43,4.1,workflow/out/asr_HMMER/domtbl/Capsule_15_asr_A.domtblout
k141_112547_11/2-345,k141_112547_11,354,138.4,3.5e-39,5.3,344,137.4,5.2e-42,7e-39,5.3,workflow/out/asr_HMMER/domtbl/Capsule_15_asr_A.domtblout
k141_114652_1/2-108,k141_114652_1,119,135.5,2.6e-38,9.3,107,135.3,2.2e-41,2.9e-38,9.3,workflow/out/asr_HMMER/domtbl/Capsule_15_asr_A.domtblout
k141_89896_6/50-341,k141_89896_6,348,130.8,6.8e-37,4.4,292,130.2,7.9e-40,1.1e-36,4.4,workflow/out/asr_HMMER/domtbl/Capsule_15_asr_A.domtblout
k141_110456_1/2-303,k141_110456_1,308,128.1,4.7e-36,2.7,302,127.7,4.6e-39,6.3e-36,2.7,workflow/out/asr_HMMER/domtbl/Capsule_15_asr_A.domtblout
k141_110450_1/2-303,k141_110450_1,308,126.9,1.1e-35,2.8,302,126.5,1.1e-38,1.4e-35,2.8,workflow/out/asr_HMMER/domtbl/Capsule_15_asr_A.domtblout
k141_41904_4/1-83,k141_41904_4,93,114.5,6.4e-32,3.5,83,114.3,5.3e-35,7.2e-32,3.5,workflow/out/asr_HMMER/domtbl/Capsule_15_asr_A.domtblout
k141_60066_4/1-64,k141_60066_4,64,57.8,1.1e-14,0.1,64,57.7,8.8e-18,1.2e-14,0.1,workflow/out/asr_HMMER/domtbl/Capsule_15_asr_A.domtblout
k141_94466_1/2-77,k141_94466_1,83,54.2,1.4e-13,4.5,76,54.2,1.1e-16,1.4e-13,4.5,workflow/out/asr_HMMER/domtbl/Capsule_15_asr_A.domtblout
k141_62372_48/61-87,k141_62372_48,180,22.0,0.00087,1.7,27,22.0,6.4e-07,0.00087,1.7,workflow/out/asr_HMMER/domtbl/Capsule_15_asr_A.domtblout
k141_608_4/329-365,k141_608_4,372,21.1,0.0016,4.5,37,16.7,2.6e-05,0.035,0.5,workflow/out/asr_HMMER/domtbl/Capsule_15_asr_A.domtblout
k141_2924_48/63-95,k141_2924_48,216,18.6,0.0096,0.6,33,18.6,7.1e-06,0.0096,0.6,workflow/out/asr_HMMER/domtbl/Capsule_15_asr_A.domtblout
k141_53209_2/56-89,k141_53209_2,217,18.5,0.01,0.8,34,8.7,0.0073,9.9,0.0,workflow/out/asr_HMMER/domtbl/Capsule_15_asr_A.domtblout
k141_53209_2/116-137,k141_53209_2,217,18.5,0.01,0.8,22,8.4,0.0087,12.0,0.5,workflow/out/asr_HMMER/domtbl/Capsule_15_asr_A.domtblout
k141_22501_1/2-311,k141_22501_1,319,486.8,4.7e-145,19.3,310,486.6,4.2e-148,5.6e-145,19.3,workflow/out/asr_HMMER/domtbl/Capsule_4_asr_A.domtblout
k141_12653_25/1-328,k141_12653_25,333,482.0,1.4e-143,14.3,328,481.7,1.3e-146,1.7e-143,14.3,workflow/out/asr_HMMER/domtbl/Capsule_4_asr_A.domtblout
k141_20405_4/1-338,k141_20405_4,345,429.4,1.4e-127,12.9,338,429.2,1.2e-130,1.6e-127,12.9,workflow/out/asr_HMMER/domtbl/Capsule_4_asr_A.domtblout
k141_349_2/1-342,k141_349_2,349,369.2,2.8e-109,10.7,342,369.0,2.5e-112,3.3e-109,10.7,workflow/out/asr_HMMER/domtbl/Capsule_4_asr_A.domtblout
k141_163837_6/10-328,k141_163837_6,346,169.1,2.1e-48,0.1,319,168.7,2e-51,2.6e-48,0.1,workflow/out/asr_HMMER/domtbl/Capsule_4_asr_A.domtblout
k141_117762_7/9-328,k141_117762_7,346,161.5,4.2e-46,0.1,320,161.2,3.9e-49,5.3e-46,0.1,workflow/out/asr_HMMER/domtbl/Capsule_4_asr_A.domtblout
k141_60448_2/6-328,k141_60448_2,342,156.5,1.4e-44,0.1,323,156.1,1.4e-47,1.9e-44,0.1,workflow/out/asr_HMMER/domtbl/Capsule_4_asr_A.domtblout
k141_130591_7/2-338,k141_130591_7,347,156.1,1.9e-44,2.2,337,155.4,2.3e-47,3e-44,2.2,workflow/out/asr_HMMER/domtbl/Capsule_4_asr_A.domtblout
k141_142122_4/2-337,k141_142122_4,346,154.1,7.3e-44,3.0,336,153.6,8.2e-47,1.1e-43,3.0,workflow/out/asr_HMMER/domtbl/Capsule_4_asr_A.domtblout
k141_17995_30/7-328,k141_17995_30,346,152.2,2.8e-43,0.1,322,151.8,2.8e-46,3.7e-43,0.1,workflow/out/asr_HMMER/domtbl/Capsule_4_asr_A.domtblout
k141_185957_1/2-324,k141_185957_1,324,149.7,1.6e-42,5.8,323,149.3,1.6e-45,2.2e-42,5.8,workflow/out/asr_HMMER/domtbl/Capsule_4_asr_A.domtblout
k141_176432_1/2-324,k141_176432_1,324,149.7,1.6e-42,6.8,323,149.3,1.6e-45,2.2e-42,6.8,workflow/out/asr_HMMER/domtbl/Capsule_4_asr_A.domtblout
k141_176057_2/49-338,k141_176057_2,342,141.9,3.8e-40,2.2,290,141.5,3.8e-43,5.1e-40,2.2,workflow/out/asr_HMMER/domtbl/Capsule_4_asr_A.domtblout
k141_40453_6/8-322,k141_40453_6,338,140.9,7.7e-40,1.0,315,140.6,7.4e-43,9.8e-40,1.0,workflow/out/asr_HMMER/domtbl/Capsule_4_asr_A.domtblout
k141_85630_2/2-345,k141_85630_2,354,139.0,2.9e-39,6.1,344,137.8,5e-42,6.7e-39,6.1,workflow/out/asr_HMMER/domtbl/Capsule_4_asr_A.domtblout
k141_99913_2/50-339,k141_99913_2,351,131.0,8.1e-37,0.0,290,130.5,8.7e-40,1.2e-36,0.0,workflow/out/asr_HMMER/domtbl/Capsule_4_asr_A.domtblout
k141_67355_39/93-155,k141_67355_39,672,125.2,4.7e-35,5.8,63,32.6,5.3e-10,7.1e-07,0.0,workflow/out/asr_HMMER/domtbl/Capsule_4_asr_A.domtblout
k141_67355_39/251-372,k141_67355_39,672,125.2,4.7e-35,5.8,122,90.2,1.6e-27,2.1e-24,6.1,workflow/out/asr_HMMER/domtbl/Capsule_4_asr_A.domtblout
k141_76401_4/7-221,k141_76401_4,235,120.0,1.8e-33,1.2,215,119.6,1.8e-36,2.4e-33,1.2,workflow/out/asr_HMMER/domtbl/Capsule_4_asr_A.domtblout
k141_29119_1/3-61,k141_29119_1,67,37.9,1.7e-08,1.7,59,37.9,1.3e-11,1.7e-08,1.7,workflow/out/asr_HMMER/domtbl/Capsule_4_asr_A.domtblout
k141_54846_1/1-46,k141_54846_1,53,29.9,4.6e-06,0.4,46,29.8,3.6e-09,4.8e-06,0.4,workflow/out/asr_HMMER/domtbl/Capsule_4_asr_A.domtblout
k141_40453_7/91-172,k141_40453_7,267,22.8,0.00064,7.8,82,16.3,4.6e-05,0.061,2.8,workflow/out/asr_HMMER/domtbl/Capsule_4_asr_A.domtblout
k141_40453_7/207-231,k141_40453_7,267,22.8,0.00064,7.8,25,9.3,0.0061,8.1,0.2,workflow/out/asr_HMMER/domtbl/Capsule_4_asr_A.domtblout
k141_10817_7/34-54,k141_10817_7,184,22.7,0.00069,9.8,21,9.3,0.0065,8.6,1.9,workflow/out/asr_HMMER/domtbl/Capsule_4_asr_A.domtblout
k141_10817_7/65-89,k141_10817_7,184,22.7,0.00069,9.8,25,18.2,1.2e-05,0.016,1.1,workflow/out/asr_HMMER/domtbl/Capsule_4_asr_A.domtblout
k141_180622_20/63-89,k141_180622_20,182,21.4,0.0017,1.4,27,21.4,1.3e-06,0.0017,1.4,workflow/out/asr_HMMER/domtbl/Capsule_4_asr_A.domtblout
k141_176057_3/195-227,k141_176057_3,323,19.7,0.0059,16.0,33,17.6,1.9e-05,0.025,7.2,workflow/out/asr_HMMER/domtbl/Capsule_4_asr_A.domtblout
k141_215018_1/195-227,k141_215018_1,323,19.6,0.0059,15.7,33,17.4,2.1e-05,0.029,6.9,workflow/out/asr_HMMER/domtbl/Capsule_4_asr_A.domtblout
k141_59662_18/39-87,k141_59662_18,156,19.2,0.0081,0.3,49,19.2,6.1e-06,0.0081,0.3,workflow/out/asr_HMMER/domtbl/Capsule_4_asr_A.domtblout
k141_63702_4/1-328,k141_63702_4,333,488.0,1.4e-145,14.3,328,487.7,1.4e-148,1.7e-145,14.3,workflow/out/asr_HMMER/domtbl/Stool_15_asr_A.domtblout
k141_44398_12/1-343,k141_44398_12,345,478.7,9.5e-143,2.7,343,478.5,9e-146,1.1e-142,2.7,workflow/out/asr_HMMER/domtbl/Stool_15_asr_A.domtblout
k141_54146_11/1-333,k141_54146_11,376,465.7,8.6e-139,5.4,333,465.7,7.2e-142,8.6e-139,5.4,workflow/out/asr_HMMER/domtbl/Stool_15_asr_A.domtblout
k141_61003_6/1-337,k141_61003_6,345,443.6,4.4e-132,14.3,337,443.4,4.2e-135,5.1e-132,14.3,workflow/out/asr_HMMER/domtbl/Stool_15_asr_A.domtblout
k141_51021_6/1-338,k141_51021_6,347,435.6,1.2e-129,14.0,338,435.4,1.1e-132,1.4e-129,14.0,workflow/out/asr_HMMER/domtbl/Stool_15_asr_A.domtblout
k141_75077_29/1-338,k141_75077_29,346,430.4,4.8e-128,2.3,338,430.2,4.5e-131,5.4e-128,2.3,workflow/out/asr_HMMER/domtbl/Stool_15_asr_A.domtblout
k141_20362_10/1-315,k141_20362_10,315,427.0,5.2e-127,4.2,315,426.8,4.8e-130,5.8e-127,4.2,workflow/out/asr_HMMER/domtbl/Stool_15_asr_A.domtblout
k141_26681_4/1-339,k141_26681_4,349,422.5,1.2e-125,16.8,339,422.3,1.1e-128,1.4e-125,16.8,workflow/out/asr_HMMER/domtbl/Stool_15_asr_A.domtblout
k141_67659_1/1-318,k141_67659_1,325,413.0,9.3e-123,13.6,318,412.8,8.8e-126,1.1e-122,13.6,workflow/out/asr_HMMER/domtbl/Stool_15_asr_A.domtblout
k141_28382_15/7-343,k141_28382_15,354,382.2,2.1e-113,11.8,337,382.0,2.1e-116,2.5e-113,11.8,workflow/out/asr_HMMER/domtbl/Stool_15_asr_A.domtblout
k141_74040_1/1-260,k141_74040_1,271,344.0,9.1e-102,14.9,260,343.8,8.5e-105,1e-101,14.9,workflow/out/asr_HMMER/domtbl/Stool_15_asr_A.domtblout
k141_29517_11/2-242,k141_29517_11,248,311.4,7.4e-92,11.3,241,311.2,7e-95,8.4e-92,11.3,workflow/out/asr_HMMER/domtbl/Stool_15_asr_A.domtblout
k141_1371_20/10-328,k141_1371_20,346,169.1,1.4e-48,0.1,319,168.7,1.5e-51,1.8e-48,0.1,workflow/out/asr_HMMER/domtbl/Stool_15_asr_A.domtblout
k141_54872_5/2-337,k141_54872_5,346,153.0,1.2e-43,3.4,336,152.5,1.3e-46,1.6e-43,3.4,workflow/out/asr_HMMER/domtbl/Stool_15_asr_A.domtblout
k141_65293_11/2-345,k141_65293_11,354,138.4,3.2e-39,5.3,344,137.4,5.3e-42,6.4e-39,5.3,workflow/out/asr_HMMER/domtbl/Stool_15_asr_A.domtblout
k141_1982_2/1-124,k141_1982_2,124,137.9,4.5e-39,0.2,124,137.7,4.1e-42,4.9e-39,0.2,workflow/out/asr_HMMER/domtbl/Stool_15_asr_A.domtblout
k141_55210_26/10-322,k141_55210_26,338,134.3,5.3e-38,0.6,313,134.0,5.6e-41,6.7e-38,0.6,workflow/out/asr_HMMER/domtbl/Stool_15_asr_A.domtblout
k141_4248_44/50-341,k141_4248_44,348,130.8,6.3e-37,4.4,292,130.2,8.1e-40,9.8e-37,4.4,workflow/out/asr_HMMER/domtbl/Stool_15_asr_A.domtblout
k141_69364_1/2-303,k141_69364_1,308,128.1,4.3e-36,2.7,302,127.7,4.8e-39,5.7e-36,2.7,workflow/out/asr_HMMER/domtbl/Stool_15_asr_A.domtblout
k141_65839_1/2-303,k141_65839_1,308,126.9,9.8e-36,2.8,302,126.5,1.1e-38,1.3e-35,2.8,workflow/out/asr_HMMER/domtbl/Stool_15_asr_A.domtblout
k141_35939_28/57-327,k141_35939_28,341,125.6,2.5e-35,1.1,271,125.2,2.7e-38,3.2e-35,1.1,workflow/out/asr_HMMER/domtbl/Stool_15_asr_A.domtblout
k141_73932_1/1-80,k141_73932_1,81,86.4,2.1e-23,0.2,80,86.3,1.9e-26,2.2e-23,0.2,workflow/out/asr_HMMER/domtbl/Stool_15_asr_A.domtblout
k141_31959_1/1-66,k141_31959_1,66,60.4,1.6e-15,0.0,66,60.3,1.4e-18,1.7e-15,0.0,workflow/out/asr_HMMER/domtbl/Stool_15_asr_A.domtblout
k141_17754_1/2-77,k141_17754_1,83,54.2,1.3e-13,4.5,76,54.2,1.1e-16,1.3e-13,4.5,workflow/out/asr_HMMER/domtbl/Stool_15_asr_A.domtblout
k141_52009_3/1-49,k141_52009_3,55,32.6,4.8e-07,0.7,49,32.5,4.3e-10,5.2e-07,0.7,workflow/out/asr_HMMER/domtbl/Stool_15_asr_A.domtblout
k141_55210_25/91-172,k141_55210_25,267,24.5,0.00014,6.9,82,17.8,1.2e-05,0.015,2.0,workflow/out/asr_HMMER/domtbl/Stool_15_asr_A.domtblout
k141_55210_25/207-231,k141_55210_25,267,24.5,0.00014,6.9,25,9.3,0.0047,5.6,0.2,workflow/out/asr_HMMER/domtbl/Stool_15_asr_A.domtblout
k141_64195_27/61-87,k141_64195_27,180,22.0,0.00079,1.7,27,22.0,6.6e-07,0.00079,1.7,workflow/out/asr_HMMER/domtbl/Stool_15_asr_A.domtblout
k141_3836_1/1-23,k141_3836_1,26,21.0,0.0016,0.0,23,21.0,1.3e-06,0.0016,0.0,workflow/out/asr_HMMER/domtbl/Stool_15_asr_A.domtblout
k141_8396_12/39-91,k141_8396_12,168,19.1,0.0062,0.6,53,19.1,5.2e-06,0.0062,0.6,workflow/out/asr_HMMER/domtbl/Stool_15_asr_A.domtblout
k141_26864_48/63-95,k141_26864_48,216,18.6,0.0087,0.6,33,18.6,7.3e-06,0.0087,0.6,workflow/out/asr_HMMER/domtbl/Stool_15_asr_A.domtblout
k141_23025_4/1-334,k141_23025_4,342,519.1,3.3e-155,13.6,334,518.9,2.5e-158,3.8e-155,13.6,workflow/out/asr_HMMER/domtbl/Capsule_10_asr_A.domtblout
k141_641_3/1-328,k141_641_3,333,486.4,3e-145,14.3,328,486.1,2.4e-148,3.6e-145,14.3,workflow/out/asr_HMMER/domtbl/Capsule_10_asr_A.domtblout
k141_59970_13/1-338,k141_59970_13,349,420.6,3.1e-125,11.6,338,420.4,2.4e-128,3.6e-125,11.6,workflow/out/asr_HMMER/domtbl/Capsule_10_asr_A.domtblout
k141_55121_8/7-328,k141_55121_8,346,169.5,7.6e-49,0.6,322,169.1,6.5e-52,9.7e-49,0.6,workflow/out/asr_HMMER/domtbl/Capsule_10_asr_A.domtblout
k141_92922_4/2-338,k141_92922_4,347,156.1,9e-45,2.2,337,155.4,9.7e-48,1.5e-44,2.2,workflow/out/asr_HMMER/domtbl/Capsule_10_asr_A.domtblout
k141_56873_27/48-341,k141_56873_27,348,154.9,2.1e-44,5.4,294,154.7,1.6e-47,2.3e-44,5.4,workflow/out/asr_HMMER/domtbl/Capsule_10_asr_A.domtblout
k141_59142_39/2-338,k141_59142_39,344,154.3,3e-44,6.5,337,153.8,3e-47,4.5e-44,6.5,workflow/out/asr_HMMER/domtbl/Capsule_10_asr_A.domtblout
k141_79225_25/197-229,k141_79225_25,672,153.7,4.8e-44,27.4,33,12.0,0.0004,0.61,7.8,workflow/out/asr_HMMER/domtbl/Capsule_10_asr_A.domtblout
k141_79225_25/337-663,k141_79225_25,672,153.7,4.8e-44,27.4,327,148.1,1.7e-45,2.5e-42,3.6,workflow/out/asr_HMMER/domtbl/Capsule_10_asr_A.domtblout
k141_36248_2/2-242,k141_36248_2,243,63.9,1e-16,0.0,241,63.3,9.9e-20,1.5e-16,0.0,workflow/out/asr_HMMER/domtbl/Capsule_10_asr_A.domtblout
k141_27588_1/276-317,k141_27588_1,375,18.3,0.0073,0.4,42,8.3,0.0055,8.2,0.0,workflow/out/asr_HMMER/domtbl/Capsule_10_asr_A.domtblout
k141_27588_1/345-361,k141_27588_1,375,18.3,0.0073,0.4,17,8.0,0.0065,9.8,0.1,workflow/out/asr_HMMER/domtbl/Capsule_10_asr_A.domtblout
k141_11803_3/1-328,k141_11803_3,333,490.7,3.5e-146,15.6,328,490.4,3.1e-149,4.2e-146,15.6,workflow/out/asr_HMMER/domtbl/Capsule_6_asr_A.domtblout
k141_136015_5/1-329,k141_136015_5,333,484.5,2.6e-144,18.2,329,484.4,2.1e-147,2.9e-144,18.2,workflow/out/asr_HMMER/domtbl/Capsule_6_asr_A.domtblout
k141_48014_3/1-328,k141_48014_3,333,479.4,9.9e-143,14.3,328,479.1,8.7e-146,1.2e-142,14.3,workflow/out/asr_HMMER/domtbl/Capsule_6_asr_A.domtblout
k141_162832_2/1-304,k141_162832_2,312,477.2,4.5e-142,18.9,304,477.0,3.8e-145,5.3e-142,18.9,workflow/out/asr_HMMER/domtbl/Capsule_6_asr_A.domtblout
k141_47993_3/1-328,k141_47993_3,333,476.0,1e-141,15.3,328,475.8,8.8e-145,1.2e-141,15.3,workflow/out/asr_HMMER/domtbl/Capsule_6_asr_A.domtblout
k141_121352_11/1-337,k141_121352_11,346,444.4,4.4e-132,15.7,337,444.2,3.6e-135,5e-132,15.7,workflow/out/asr_HMMER/domtbl/Capsule_6_asr_A.domtblout
k141_50032_18/1-338,k141_50032_18,346,400.2,1.2e-118,17.3,338,400.0,1e-121,1.4e-118,17.3,workflow/out/asr_HMMER/domtbl/Capsule_6_asr_A.domtblout
k141_160260_1/2-250,k141_160260_1,255,391.6,4.9e-116,17.2,249,391.3,4.3e-119,5.9e-116,17.2,workflow/out/asr_HMMER/domtbl/Capsule_6_asr_A.domtblout
k141_147536_2/1-195,k141_147536_2,202,193.6,8.4e-56,7.0,195,193.3,7.2e-59,1e-55,7.0,workflow/out/asr_HMMER/domtbl/Capsule_6_asr_A.domtblout
k141_51830_28/47-344,k141_51830_28,362,171.1,5.7e-49,0.3,298,170.7,5.4e-52,7.5e-49,0.3,workflow/out/asr_HMMER/domtbl/Capsule_6_asr_A.domtblout
k141_183488_6/35-328,k141_183488_6,346,168.1,4.7e-48,0.1,294,167.8,4.3e-51,5.9e-48,0.1,workflow/out/asr_HMMER/domtbl/Capsule_6_asr_A.domtblout
k141_5869_16/2-339,k141_5869_16,348,158.0,5.6e-45,2.3,338,157.5,5.9e-48,8.1e-45,2.3,workflow/out/asr_HMMER/domtbl/Capsule_6_asr_A.domtblout
k141_70866_1/24-328,k141_70866_1,342,157.9,6e-45,0.1,305,157.5,5.8e-48,8e-45,0.1,workflow/out/asr_HMMER/domtbl/Capsule_6_asr_A.domtblout
k141_49437_18/2-338,k141_49437_18,347,157.0,1.1e-44,2.6,337,156.4,1.2e-47,1.7e-44,2.6,workflow/out/asr_HMMER/domtbl/Capsule_6_asr_A.domtblout
k141_162197_1/2-338,k141_162197_1,344,155.3,3.6e-44,5.8,337,154.8,3.9e-47,5.4e-44,5.8,workflow/out/asr_HMMER/domtbl/Capsule_6_asr_A.domtblout
k141_208670_16/48-341,k141_208670_16,348,154.9,5e-44,5.4,294,154.7,4e-47,5.6e-44,5.4,workflow/out/asr_HMMER/domtbl/Capsule_6_asr_A.domtblout
k141_134252_1/2-338,k141_134252_1,344,154.4,7.1e-44,6.4,337,153.8,7.6e-47,1e-43,6.4,workflow/out/asr_HMMER/domtbl/Capsule_6_asr_A.domtblout
k141_36677_6/2-337,k141_36677_6,346,153.7,1.2e-43,3.0,336,153.2,1.2e-46,1.6e-43,3.0,workflow/out/asr_HMMER/domtbl/Capsule_6_asr_A.domtblout
k141_13281_50/2-338,k141_13281_50,347,153.6,1.2e-43,2.7,337,153.2,1.2e-46,1.7e-43,2.7,workflow/out/asr_HMMER/domtbl/Capsule_6_asr_A.domtblout
k141_182575_34/48-341,k141_182575_34,346,149.2,2.6e-42,3.7,294,148.9,2.5e-45,3.4e-42,3.7,workflow/out/asr_HMMER/domtbl/Capsule_6_asr_A.domtblout
k141_853_56/49-338,k141_853_56,342,144.0,1e-40,2.8,290,143.6,9.9e-44,1.4e-40,2.8,workflow/out/asr_HMMER/domtbl/Capsule_6_asr_A.domtblout
k141_20839_4/50-336,k141_20839_4,343,142.4,3.1e-40,3.5,287,142.0,3e-43,4.2e-40,3.5,workflow/out/asr_HMMER/domtbl/Capsule_6_asr_A.domtblout
k141_4808_1/2-345,k141_4808_1,354,139.2,2.9e-39,6.3,344,138.1,4.7e-42,6.5e-39,6.3,workflow/out/asr_HMMER/domtbl/Capsule_6_asr_A.domtblout
k141_182246_23/50-339,k141_182246_23,351,131.0,9.3e-37,0.0,290,130.5,9.6e-40,1.3e-36,0.0,workflow/out/asr_HMMER/domtbl/Capsule_6_asr_A.domtblout
k141_190676_8/56-327,k141_190676_8,341,128.5,5.2e-36,0.9,272,128.2,4.8e-39,6.6e-36,0.9,workflow/out/asr_HMMER/domtbl/Capsule_6_asr_A.domtblout
k141_143093_12/2-155,k141_143093_12,672,126.7,1.9e-35,5.2,154,33.4,3.1e-10,4.4e-07,0.0,workflow/out/asr_HMMER/domtbl/Capsule_6_asr_A.domtblout
k141_143093_12/251-372,k141_143093_12,672,126.7,1.9e-35,5.2,122,90.2,1.7e-27,2.3e-24,6.0,workflow/out/asr_HMMER/domtbl/Capsule_6_asr_A.domtblout
k141_13902_1/2-264,k141_13902_1,264,87.6,1.5e-23,1.5,263,86.8,1.8e-26,2.5e-23,1.5,workflow/out/asr_HMMER/domtbl/Capsule_6_asr_A.domtblout
k141_171346_1/2-145,k141_171346_1,146,41.9,1.2e-09,0.0,144,41.3,1.2e-12,1.7e-09,0.0,workflow/out/asr_HMMER/domtbl/Capsule_6_asr_A.domtblout
k141_853_57/195-227,k141_853_57,323,19.6,0.0068,15.7,33,17.4,2.4e-05,0.033,6.9,workflow/out/asr_HMMER/domtbl/Capsule_6_asr_A.domtblout
k141_139634_39/64-79,k141_139634_39,216,19.2,0.0096,6.2,16,9.2,0.0074,10.0,1.6,workflow/out/asr_HMMER/domtbl/Capsule_6_asr_A.domtblout
k141_139634_39/93-108,k141_139634_39,216,19.2,0.0096,6.2,16,12.0,0.001,1.4,0.2,workflow/out/asr_HMMER/domtbl/Capsule_6_asr_A.domtblout
k141_47019_25/1-328,k141_47019_25,333,482.0,8.4e-144,14.3,328,481.7,9.2e-147,1e-143,14.3,workflow/out/asr_HMMER/domtbl/Stool_4_asr_A.domtblout
k141_106593_6/2-338,k141_106593_6,344,155.2,2e-44,6.7,337,154.7,2.7e-47,3e-44,6.7,workflow/out/asr_HMMER/domtbl/Stool_4_asr_A.domtblout
k141_133393_2/49-338,k141_133393_2,342,144.0,5.3e-41,2.8,290,143.6,6.5e-44,7.1e-41,2.8,workflow/out/asr_HMMER/domtbl/Stool_4_asr_A.domtblout
k141_5142_6/8-322,k141_5142_6,338,140.9,4.6e-40,1.0,315,140.6,5.3e-43,5.9e-40,1.0,workflow/out/asr_HMMER/domtbl/Stool_4_asr_A.domtblout
k141_68926_1/33-145,k141_68926_1,159,105.5,2.8e-29,4.7,113,105.2,3e-32,3.3e-29,4.7,workflow/out/asr_HMMER/domtbl/Stool_4_asr_A.domtblout
k141_104943_1/67-185,k141_104943_1,193,99.4,2e-27,4.6,119,99.2,2e-30,2.2e-27,4.6,workflow/out/asr_HMMER/domtbl/Stool_4_asr_A.domtblout
k141_23074_8/2-182,k141_23074_8,201,53.2,2.3e-13,0.0,181,52.8,2.6e-16,2.9e-13,0.0,workflow/out/asr_HMMER/domtbl/Stool_4_asr_A.domtblout
k141_90065_1/6-166,k141_90065_1,176,45.3,5.6e-11,0.0,161,45.2,5.6e-14,6.2e-11,0.0,workflow/out/asr_HMMER/domtbl/Stool_4_asr_A.domtblout
k141_65213_3/7-143,k141_65213_3,162,40.6,1.5e-09,0.0,137,40.4,1.6e-12,1.8e-09,0.0,workflow/out/asr_HMMER/domtbl/Stool_4_asr_A.domtblout
k141_5142_7/91-172,k141_5142_7,267,22.8,0.00038,7.8,82,16.3,3.3e-05,0.037,2.8,workflow/out/asr_HMMER/domtbl/Stool_4_asr_A.domtblout
k141_5142_7/207-231,k141_5142_7,267,22.8,0.00038,7.8,25,9.3,0.0044,4.8,0.2,workflow/out/asr_HMMER/domtbl/Stool_4_asr_A.domtblout
k141_9184_1/44-76,k141_9184_1,120,22.7,0.00041,2.5,33,15.5,5.9e-05,0.065,0.1,workflow/out/asr_HMMER/domtbl/Stool_4_asr_A.domtblout
k141_133393_3/195-227,k141_133393_3,323,19.6,0.0035,15.7,33,17.4,1.6e-05,0.017,6.9,workflow/out/asr_HMMER/domtbl/Stool_4_asr_A.domtblout
k141_104044_18/39-87,k141_104044_18,156,19.2,0.0048,0.3,49,19.2,4.4e-06,0.0048,0.3,workflow/out/asr_HMMER/domtbl/Stool_4_asr_A.domtblout
k141_50902_2/153-169,k141_50902_2,518,18.3,0.0093,2.9,17,11.6,0.00092,1.0,0.8,workflow/out/asr_HMMER/domtbl/Stool_4_asr_A.domtblout
k141_112088_7/153-169,k141_112088_7,518,18.1,0.01,3.0,17,11.6,0.00092,1.0,0.8,workflow/out/asr_HMMER/domtbl/Stool_4_asr_A.domtblout
k141_178026_4/1-334,k141_178026_4,339,563.5,3.7e-168,19.1,334,563.3,2.6e-171,4.3e-168,19.1,workflow/out/asr_HMMER/domtbl/Capsule_9_asr_A.domtblout
k141_237737_5/1-329,k141_237737_5,337,502.8,1.1e-149,19.5,329,502.6,7.9e-153,1.3e-149,19.5,workflow/out/asr_HMMER/domtbl/Capsule_9_asr_A.domtblout
k141_203308_1/1-328,k141_203308_1,333,488.1,3.3e-145,15.4,328,487.8,2.4e-148,4e-145,15.4,workflow/out/asr_HMMER/domtbl/Capsule_9_asr_A.domtblout
k141_203286_2/1-328,k141_203286_2,333,486.1,1.4e-144,15.5,328,485.8,1e-147,1.7e-144,15.5,workflow/out/asr_HMMER/domtbl/Capsule_9_asr_A.domtblout
k141_248919_7/1-328,k141_248919_7,333,480.9,5.1e-143,14.3,328,480.6,3.8e-146,6.2e-143,14.3,workflow/out/asr_HMMER/domtbl/Capsule_9_asr_A.domtblout
k141_269458_3/1-345,k141_269458_3,351,474.0,6.3e-141,9.0,345,472.9,8.3e-144,1.4e-140,9.0,workflow/out/asr_HMMER/domtbl/Capsule_9_asr_A.domtblout
k141_9629_12/1-334,k141_9629_12,340,463.9,7.8e-138,8.2,334,463.6,5.5e-141,9.1e-138,8.2,workflow/out/asr_HMMER/domtbl/Capsule_9_asr_A.domtblout
k141_1258_4/1-337,k141_1258_4,346,444.4,6.6e-132,15.7,337,444.2,4.6e-135,7.6e-132,15.7,workflow/out/asr_HMMER/domtbl/Capsule_9_asr_A.domtblout
k141_47448_6/1-338,k141_47448_6,349,443.1,1.7e-131,10.3,338,442.9,1.1e-134,1.9e-131,10.3,workflow/out/asr_HMMER/domtbl/Capsule_9_asr_A.domtblout
k141_47117_4/1-338,k141_47117_4,345,429.6,2.1e-127,13.4,338,429.4,1.5e-130,2.4e-127,13.4,workflow/out/asr_HMMER/domtbl/Capsule_9_asr_A.domtblout
k141_360167_4/32-328,k141_360167_4,346,165.3,5.1e-47,0.1,297,164.9,4e-50,6.6e-47,0.1,workflow/out/asr_HMMER/domtbl/Capsule_9_asr_A.domtblout
k141_94783_8/2-338,k141_94783_8,347,157.4,1.3e-44,2.9,337,156.8,1.2e-47,2e-44,2.9,workflow/out/asr_HMMER/domtbl/Capsule_9_asr_A.domtblout
k141_95220_1/2-338,k141_95220_1,347,153.1,2.7e-43,3.1,337,152.6,2.3e-46,3.7e-43,3.1,workflow/out/asr_HMMER/domtbl/Capsule_9_asr_A.domtblout
k141_28970_1/1-129,k141_28970_1,133,152.9,3e-43,4.1,129,152.8,2e-46,3.3e-43,4.1,workflow/out/asr_HMMER/domtbl/Capsule_9_asr_A.domtblout
k141_2130_2/2-324,k141_2130_2,324,149.7,2.8e-42,5.8,323,149.3,2.3e-45,3.8e-42,5.8,workflow/out/asr_HMMER/domtbl/Capsule_9_asr_A.domtblout
k141_2143_2/2-324,k141_2143_2,324,148.4,7.2e-42,6.8,323,147.9,5.9e-45,9.8e-42,6.8,workflow/out/asr_HMMER/domtbl/Capsule_9_asr_A.domtblout
k141_319099_2/2-344,k141_319099_2,353,148.1,8.7e-42,2.4,343,147.6,7.5e-45,1.2e-41,2.4,workflow/out/asr_HMMER/domtbl/Capsule_9_asr_A.domtblout
k141_249381_76/30-336,k141_249381_76,343,142.5,4.4e-40,3.8,307,142.1,3.4e-43,5.7e-40,3.8,workflow/out/asr_HMMER/domtbl/Capsule_9_asr_A.domtblout
k141_103291_14/49-338,k141_103291_14,342,141.9,6.6e-40,2.2,290,141.5,5.4e-43,8.9e-40,2.2,workflow/out/asr_HMMER/domtbl/Capsule_9_asr_A.domtblout
k141_320490_2/22-277,k141_320490_2,285,141.4,9.5e-40,5.7,256,141.0,7.6e-43,1.3e-39,5.7,workflow/out/asr_HMMER/domtbl/Capsule_9_asr_A.domtblout
k141_90567_8/8-322,k141_90567_8,338,140.9,1.3e-39,1.0,315,140.6,1e-42,1.7e-39,1.0,workflow/out/asr_HMMER/domtbl/Capsule_9_asr_A.domtblout
k141_288997_2/2-345,k141_288997_2,354,139.1,4.7e-39,6.2,344,138.2,5.6e-42,9.3e-39,6.2,workflow/out/asr_HMMER/domtbl/Capsule_9_asr_A.domtblout
k141_189213_9/88-336,k141_189213_9,640,135.5,5.8e-38,1.1,249,134.7,6.5e-41,1.1e-37,1.1,workflow/out/asr_HMMER/domtbl/Capsule_9_asr_A.domtblout
k141_59619_92/89-344,k141_59619_92,351,134.9,9.3e-38,0.0,256,134.0,1e-40,1.7e-37,0.0,workflow/out/asr_HMMER/domtbl/Capsule_9_asr_A.domtblout
k141_243415_20/33-323,k141_243415_20,334,132.8,4.1e-37,0.0,291,132.4,3.2e-40,5.3e-37,0.0,workflow/out/asr_HMMER/domtbl/Capsule_9_asr_A.domtblout
k141_268172_2/50-339,k141_268172_2,351,131.0,1.4e-36,0.0,290,130.5,1.2e-39,2e-36,0.0,workflow/out/asr_HMMER/domtbl/Capsule_9_asr_A.domtblout
k141_149766_5/50-339,k141_149766_5,351,128.8,6.7e-36,0.0,290,128.2,6.2e-39,1e-35,0.0,workflow/out/asr_HMMER/domtbl/Capsule_9_asr_A.domtblout
k141_338308_2/42-329,k141_338308_2,343,127.6,1.5e-35,0.0,288,127.2,1.2e-38,2e-35,0.0,workflow/out/asr_HMMER/domtbl/Capsule_9_asr_A.domtblout
k141_136330_13/93-155,k141_136330_13,672,125.3,7.7e-35,5.7,63,32.6,7.5e-10,1.2e-06,0.0,workflow/out/asr_HMMER/domtbl/Capsule_9_asr_A.domtblout
k141_136330_13/251-372,k141_136330_13,672,125.3,7.7e-35,5.7,122,90.2,2.2e-27,3.6e-24,6.1,workflow/out/asr_HMMER/domtbl/Capsule_9_asr_A.domtblout
k141_353026_12/4-155,k141_353026_12,672,125.0,9.3e-35,3.9,152,31.5,1.6e-09,2.6e-06,0.0,workflow/out/asr_HMMER/domtbl/Capsule_9_asr_A.domtblout
k141_353026_12/254-372,k141_353026_12,672,125.0,9.3e-35,3.9,119,90.5,1.8e-27,2.9e-24,4.7,workflow/out/asr_HMMER/domtbl/Capsule_9_asr_A.domtblout
k141_374466_2/1-104,k141_374466_2,118,100.8,2.1e-27,6.9,104,100.6,1.5e-30,2.4e-27,6.9,workflow/out/asr_HMMER/domtbl/Capsule_9_asr_A.domtblout
k141_217948_1/55-256,k141_217948_1,256,59.1,1e-14,0.0,202,58.6,8.6e-18,1.4e-14,0.0,workflow/out/asr_HMMER/domtbl/Capsule_9_asr_A.domtblout
k141_98664_1/32-199,k141_98664_1,226,44.1,3.8e-10,0.0,168,43.9,2.7e-13,4.5e-10,0.0,workflow/out/asr_HMMER/domtbl/Capsule_9_asr_A.domtblout
k141_304192_1/3-61,k141_304192_1,67,37.9,2.9e-08,1.7,59,37.9,1.8e-11,2.9e-08,1.7,workflow/out/asr_HMMER/domtbl/Capsule_9_asr_A.domtblout
k141_338308_3/147-174,k141_338308_3,269,27.3,4.8e-05,8.1,28,14.9,0.00018,0.3,3.4,workflow/out/asr_HMMER/domtbl/Capsule_9_asr_A.domtblout
k141_338308_3/209-234,k141_338308_3,269,27.3,4.8e-05,8.1,26,14.9,0.00017,0.28,0.2,workflow/out/asr_HMMER/domtbl/Capsule_9_asr_A.domtblout
k141_90567_7/91-172,k141_90567_7,267,22.8,0.0011,7.8,82,16.3,6.5e-05,0.11,2.8,workflow/out/asr_HMMER/domtbl/Capsule_9_asr_A.domtblout
k141_90567_7/207-231,k141_90567_7,267,22.8,0.0011,7.8,25,9.3,0.0086,14.0,0.2,workflow/out/asr_HMMER/domtbl/Capsule_9_asr_A.domtblout
k141_261550_4/38-91,k141_261550_4,156,21.5,0.0029,1.0,54,21.5,1.7e-06,0.0029,1.0,workflow/out/asr_HMMER/domtbl/Capsule_9_asr_A.domtblout
k141_103291_13/195-228,k141_103291_13,323,20.2,0.0071,15.1,34,17.7,2.5e-05,0.04,6.8,workflow/out/asr_HMMER/domtbl/Capsule_9_asr_A.domtblout
k141_94186_2/1-328,k141_94186_2,333,485.0,1.2e-144,17.5,328,484.7,1.2e-147,1.5e-144,17.5,workflow/out/asr_HMMER/domtbl/Stool_6_asr_A.domtblout
k141_69698_7/1-337,k141_69698_7,346,444.4,2.9e-132,15.7,337,444.2,2.6e-135,3.3e-132,15.7,workflow/out/asr_HMMER/domtbl/Stool_6_asr_A.domtblout
k141_45027_18/1-338,k141_45027_18,346,400.2,8e-119,17.3,338,400.0,7.4e-122,9.2e-119,17.3,workflow/out/asr_HMMER/domtbl/Stool_6_asr_A.domtblout
k141_95459_17/2-338,k141_95459_17,347,157.0,7.2e-45,2.6,337,156.4,8.8e-48,1.1e-44,2.6,workflow/out/asr_HMMER/domtbl/Stool_6_asr_A.domtblout
k141_83246_4/2-338,k141_83246_4,344,154.4,4.7e-44,6.4,337,153.8,5.5e-47,6.9e-44,6.4,workflow/out/asr_HMMER/domtbl/Stool_6_asr_A.domtblout
k141_165772_9/2-337,k141_165772_9,346,153.7,7.7e-44,3.0,336,153.2,8.5e-47,1.1e-43,3.0,workflow/out/asr_HMMER/domtbl/Stool_6_asr_A.domtblout
k141_81925_8/48-341,k141_81925_8,346,149.2,1.7e-42,3.7,294,148.9,1.8e-45,2.2e-42,3.7,workflow/out/asr_HMMER/domtbl/Stool_6_asr_A.domtblout
k141_169144_78/49-338,k141_169144_78,342,144.0,6.7e-41,2.8,290,143.6,7.2e-44,9e-41,2.8,workflow/out/asr_HMMER/domtbl/Stool_6_asr_A.domtblout
k141_94947_1/26-315,k141_94947_1,327,131.3,4.9e-37,0.0,290,130.8,5.6e-40,7e-37,0.0,workflow/out/asr_HMMER/domtbl/Stool_6_asr_A.domtblout
k141_13066_8/56-327,k141_13066_8,341,128.5,3.4e-36,0.9,272,128.2,3.5e-39,4.4e-36,0.9,workflow/out/asr_HMMER/domtbl/Stool_6_asr_A.domtblout
k141_127378_1/2-132,k141_127378_1,133,26.5,3.6e-05,0.0,131,26.0,4.3e-08,5.4e-05,0.0,workflow/out/asr_HMMER/domtbl/Stool_6_asr_A.domtblout
k141_169144_79/195-227,k141_169144_79,323,19.6,0.0045,15.7,33,17.4,1.7e-05,0.022,6.9,workflow/out/asr_HMMER/domtbl/Stool_6_asr_A.domtblout
k141_176607_112/39-87,k141_176607_112,168,19.0,0.0071,0.3,49,19.0,5.6e-06,0.0071,0.3,workflow/out/asr_HMMER/domtbl/Stool_6_asr_A.domtblout
k141_39725_1/154-169,k141_39725_1,439,18.9,0.0074,3.0,16,11.6,0.00098,1.2,0.8,workflow/out/asr_HMMER/domtbl/Stool_6_asr_A.domtblout
k141_115852_9/1-329,k141_115852_9,337,502.8,5.7e-150,19.5,329,502.6,5.1e-153,6.7e-150,19.5,workflow/out/asr_HMMER/domtbl/Capsule_8_asr_A.domtblout
k141_65318_4/1-328,k141_65318_4,333,482.0,1.3e-143,14.3,328,481.7,1.2e-146,1.5e-143,14.3,workflow/out/asr_HMMER/domtbl/Capsule_8_asr_A.domtblout
k141_72667_103/1-338,k141_72667_103,345,431.1,3.8e-128,12.4,338,430.9,3.3e-131,4.3e-128,12.4,workflow/out/asr_HMMER/domtbl/Capsule_8_asr_A.domtblout
k141_125119_174/3-331,k141_125119_174,337,184.8,3.2e-53,0.0,329,184.5,2.8e-56,3.7e-53,0.0,workflow/out/asr_HMMER/domtbl/Capsule_8_asr_A.domtblout
k141_182_2/2-339,k141_182_2,348,159.7,1.3e-45,5.2,338,159.2,1.5e-48,1.9e-45,5.2,workflow/out/asr_HMMER/domtbl/Capsule_8_asr_A.domtblout
k141_22846_5/2-339,k141_22846_5,348,158.7,2.6e-45,2.5,338,158.2,2.9e-48,3.8e-45,2.5,workflow/out/asr_HMMER/domtbl/Capsule_8_asr_A.domtblout
k141_113393_4/24-328,k141_113393_4,342,157.9,4.7e-45,0.1,305,157.5,4.8e-48,6.3e-45,0.1,workflow/out/asr_HMMER/domtbl/Capsule_8_asr_A.domtblout
k141_13778_11/2-338,k141_13778_11,347,156.1,1.7e-44,2.2,337,155.4,2.1e-47,2.7e-44,2.2,workflow/out/asr_HMMER/domtbl/Capsule_8_asr_A.domtblout
k141_2820_2/2-338,k141_2820_2,344,155.3,2.9e-44,5.6,337,154.8,3.2e-47,4.2e-44,5.6,workflow/out/asr_HMMER/domtbl/Capsule_8_asr_A.domtblout
k141_36341_5/2-338,k141_36341_5,344,154.4,5.6e-44,6.4,337,153.8,6.3e-47,8.3e-44,6.4,workflow/out/asr_HMMER/domtbl/Capsule_8_asr_A.domtblout
k141_81706_6/2-337,k141_81706_6,346,154.1,6.9e-44,2.9,336,153.5,7.9e-47,1e-43,2.9,workflow/out/asr_HMMER/domtbl/Capsule_8_asr_A.domtblout
k141_48135_7/48-341,k141_48135_7,346,149.2,2.1e-42,3.7,294,148.9,2e-45,2.7e-42,3.7,workflow/out/asr_HMMER/domtbl/Capsule_8_asr_A.domtblout
k141_125261_32/50-336,k141_125261_32,343,142.4,2.5e-40,3.5,287,142.0,2.5e-43,3.3e-40,3.5,workflow/out/asr_HMMER/domtbl/Capsule_8_asr_A.domtblout
k141_135667_30/49-338,k141_135667_30,342,141.9,3.4e-40,2.2,290,141.5,3.5e-43,4.6e-40,2.2,workflow/out/asr_HMMER/domtbl/Capsule_8_asr_A.domtblout
k141_22615_2/2-345,k141_22615_2,354,140.4,1e-39,6.2,344,139.2,1.7e-42,2.3e-39,6.2,workflow/out/asr_HMMER/domtbl/Capsule_8_asr_A.domtblout
k141_169822_1/1-65,k141_169822_1,83,60.6,1.8e-15,2.6,65,60.5,1.5e-18,2e-15,2.6,workflow/out/asr_HMMER/domtbl/Capsule_8_asr_A.domtblout
k141_92116_3/20-42,k141_92116_3,132,21.8,0.0012,1.1,23,9.0,0.0073,9.6,0.1,workflow/out/asr_HMMER/domtbl/Capsule_8_asr_A.domtblout
k141_92116_3/59-89,k141_92116_3,132,21.8,0.0012,1.1,31,12.1,0.00081,1.1,0.1,workflow/out/asr_HMMER/domtbl/Capsule_8_asr_A.domtblout
k141_107500_23/63-89,k141_107500_23,182,21.4,0.0016,1.4,27,21.4,1.2e-06,0.0016,1.4,workflow/out/asr_HMMER/domtbl/Capsule_8_asr_A.domtblout
k141_38215_2/59-89,k141_38215_2,154,20.7,0.0026,1.2,31,11.6,0.0011,1.5,0.1,workflow/out/asr_HMMER/domtbl/Capsule_8_asr_A.domtblout
k141_75136_1/62-96,k141_75136_1,120,20.5,0.003,0.5,35,20.5,2.3e-06,0.003,0.5,workflow/out/asr_HMMER/domtbl/Capsule_8_asr_A.domtblout
k141_135667_31/195-227,k141_135667_31,323,19.7,0.0053,16.0,33,17.6,1.8e-05,0.023,7.2,workflow/out/asr_HMMER/domtbl/Capsule_8_asr_A.domtblout
k141_173270_2/153-169,k141_173270_2,389,19.3,0.0069,2.9,17,12.1,0.00083,1.1,0.8,workflow/out/asr_HMMER/domtbl/Capsule_8_asr_A.domtblout
k141_123802_3/62-96,k141_123802_3,216,19.3,0.0071,0.6,35,19.3,5.4e-06,0.0071,0.6,workflow/out/asr_HMMER/domtbl/Capsule_8_asr_A.domtblout
k141_98399_17/63-95,k141_98399_17,219,19.1,0.0076,11.4,33,18.6,8.8e-06,0.012,1.2,workflow/out/asr_HMMER/domtbl/Capsule_8_asr_A.domtblout
k141_126496_3/62-96,k141_126496_3,216,19.1,0.0082,0.7,35,19.1,6.2e-06,0.0082,0.7,workflow/out/asr_HMMER/domtbl/Capsule_8_asr_A.domtblout
k141_79814_2/62-96,k141_79814_2,216,19.1,0.0082,0.7,35,19.1,6.2e-06,0.0082,0.7,workflow/out/asr_HMMER/domtbl/Capsule_8_asr_A.domtblout
k141_69873_9/39-87,k141_69873_9,168,19.0,0.0085,0.3,49,19.0,6.4e-06,0.0085,0.3,workflow/out/asr_HMMER/domtbl/Capsule_8_asr_A.domtblout
k141_98998_1/62-96,k141_98998_1,216,18.9,0.0091,0.7,35,18.9,6.9e-06,0.0091,0.7,workflow/out/asr_HMMER/domtbl/Capsule_8_asr_A.domtblout
k141_125119_173/160-188,k141_125119_173,283,18.7,0.01,7.6,29,12.1,0.00079,1.0,2.6,workflow/out/asr_HMMER/domtbl/Capsule_8_asr_A.domtblout
k141_125119_173/220-235,k141_125119_173,283,18.7,0.01,7.6,16,9.1,0.0065,8.6,0.2,workflow/out/asr_HMMER/domtbl/Capsule_8_asr_A.domtblout
k141_118791_1/1-329,k141_118791_1,337,502.8,8.6e-150,19.5,329,502.6,6.7e-153,1e-149,19.5,workflow/out/asr_HMMER/domtbl/Stool_13_asr_A.domtblout
k141_20677_26/1-328,k141_20677_26,333,482.0,1.9e-143,14.3,328,481.7,1.5e-146,2.3e-143,14.3,workflow/out/asr_HMMER/domtbl/Stool_13_asr_A.domtblout
k141_83837_50/6-328,k141_83837_50,337,468.3,2.7e-139,8.7,323,468.2,2e-142,3e-139,8.7,workflow/out/asr_HMMER/domtbl/Stool_13_asr_A.domtblout
k141_58468_2/1-338,k141_58468_2,346,431.5,4.3e-128,2.0,338,431.3,3.2e-131,4.9e-128,2.0,workflow/out/asr_HMMER/domtbl/Stool_13_asr_A.domtblout
k141_98628_40/1-342,k141_98628_40,349,369.9,2.4e-109,11.0,342,369.6,1.8e-112,2.8e-109,11.0,workflow/out/asr_HMMER/domtbl/Stool_13_asr_A.domtblout
k141_76148_164/3-331,k141_76148_164,337,183.7,1e-52,0.0,329,183.5,7.9e-56,1.2e-52,0.0,workflow/out/asr_HMMER/domtbl/Stool_13_asr_A.domtblout
k141_214965_23/36-328,k141_214965_23,346,175.5,3.1e-50,0.1,293,175.2,2.6e-53,3.9e-50,0.1,workflow/out/asr_HMMER/domtbl/Stool_13_asr_A.domtblout
k141_31868_2/36-328,k141_31868_2,346,167.9,6.6e-48,0.1,293,167.6,5.3e-51,8.1e-48,0.1,workflow/out/asr_HMMER/domtbl/Stool_13_asr_A.domtblout
k141_275291_23/9-328,k141_275291_23,346,164.5,7.1e-47,0.1,320,164.2,5.9e-50,9e-47,0.1,workflow/out/asr_HMMER/domtbl/Stool_13_asr_A.domtblout
k141_220652_7/2-338,k141_220652_7,347,156.1,2.5e-44,2.2,337,155.4,2.7e-47,4.1e-44,2.2,workflow/out/asr_HMMER/domtbl/Stool_13_asr_A.domtblout
k141_122659_10/2-338,k141_122659_10,344,155.3,4.3e-44,5.6,337,154.8,4.2e-47,6.4e-44,5.6,workflow/out/asr_HMMER/domtbl/Stool_13_asr_A.domtblout
k141_3897_27/48-341,k141_3897_27,348,154.9,6e-44,5.4,294,154.7,4.3e-47,6.6e-44,5.4,workflow/out/asr_HMMER/domtbl/Stool_13_asr_A.domtblout
k141_176732_12/2-337,k141_176732_12,346,152.3,3.7e-43,2.6,336,151.8,3.4e-46,5.3e-43,2.6,workflow/out/asr_HMMER/domtbl/Stool_13_asr_A.domtblout
k141_135349_2/2-344,k141_135349_2,354,149.2,3.1e-42,5.3,343,148.6,3.2e-45,5e-42,5.3,workflow/out/asr_HMMER/domtbl/Stool_13_asr_A.domtblout
k141_168377_8/48-341,k141_168377_8,346,149.2,3.1e-42,3.7,294,148.9,2.6e-45,4.1e-42,3.7,workflow/out/asr_HMMER/domtbl/Stool_13_asr_A.domtblout
k141_85812_3/49-338,k141_85812_3,342,144.0,1.2e-40,2.8,290,143.6,1.1e-43,1.6e-40,2.8,workflow/out/asr_HMMER/domtbl/Stool_13_asr_A.domtblout
k141_85813_3/49-338,k141_85813_3,342,141.9,5.2e-40,2.2,290,141.5,4.6e-43,7e-40,2.2,workflow/out/asr_HMMER/domtbl/Stool_13_asr_A.domtblout
k141_259566_18/2-345,k141_259566_18,354,136.1,3.1e-38,5.7,344,134.9,4.8e-41,7.3e-38,5.7,workflow/out/asr_HMMER/domtbl/Stool_13_asr_A.domtblout
k141_86840_7/56-327,k141_86840_7,341,127.2,1.6e-35,1.2,272,126.7,1.4e-38,2.1e-35,1.2,workflow/out/asr_HMMER/domtbl/Stool_13_asr_A.domtblout
k141_224936_1/2-303,k141_224936_1,307,125.8,4.2e-35,2.9,302,125.4,3.7e-38,5.7e-35,2.9,workflow/out/asr_HMMER/domtbl/Stool_13_asr_A.domtblout
k141_98338_2/52-251,k141_98338_2,251,90.9,1.8e-24,0.5,200,90.6,1.4e-27,2.1e-24,0.5,workflow/out/asr_HMMER/domtbl/Stool_13_asr_A.domtblout
k141_222592_1/7-78,k141_222592_1,87,50.3,3.9e-12,3.6,72,50.2,2.7e-15,4.2e-12,3.6,workflow/out/asr_HMMER/domtbl/Stool_13_asr_A.domtblout
k141_152764_2/83-102,k141_152764_2,165,22.7,0.00097,9.2,20,13.4,0.00042,0.64,1.1,workflow/out/asr_HMMER/domtbl/Stool_13_asr_A.domtblout
k141_152764_2/122-149,k141_152764_2,165,22.7,0.00097,9.2,28,14.1,0.00026,0.39,1.6,workflow/out/asr_HMMER/domtbl/Stool_13_asr_A.domtblout
k141_100551_2/61-88,k141_100551_2,180,22.1,0.0014,1.7,28,22.1,9.3e-07,0.0014,1.7,workflow/out/asr_HMMER/domtbl/Stool_13_asr_A.domtblout
k141_62689_2/153-169,k141_62689_2,351,19.9,0.0069,2.8,17,12.1,0.001,1.6,0.7,workflow/out/asr_HMMER/domtbl/Stool_13_asr_A.domtblout
k141_142293_48/38-90,k141_142293_48,168,19.8,0.0072,0.2,53,19.8,4.7e-06,0.0072,0.2,workflow/out/asr_HMMER/domtbl/Stool_13_asr_A.domtblout
k141_85813_2/195-227,k141_85813_2,323,19.7,0.0081,16.0,33,17.6,2.3e-05,0.035,7.2,workflow/out/asr_HMMER/domtbl/Stool_13_asr_A.domtblout
k141_85812_2/195-227,k141_85812_2,323,19.6,0.0081,15.7,33,17.4,2.6e-05,0.039,6.9,workflow/out/asr_HMMER/domtbl/Stool_13_asr_A.domtblout
k141_199953_1/153-169,k141_199953_1,351,19.6,0.0085,2.9,17,12.1,0.001,1.6,0.7,workflow/out/asr_HMMER/domtbl/Stool_13_asr_A.domtblout
k141_76148_165/160-188,k141_76148_165,283,19.3,0.01,7.2,29,12.7,0.00067,1.0,2.2,workflow/out/asr_HMMER/domtbl/Stool_13_asr_A.domtblout
k141_76148_165/220-235,k141_76148_165,283,19.3,0.01,7.2,16,9.2,0.0083,13.0,0.2,workflow/out/asr_HMMER/domtbl/Stool_13_asr_A.domtblout
k141_261606_12/1-328,k141_261606_12,333,490.0,7.9e-146,15.9,328,489.8,6.9e-149,9.6e-146,15.9,workflow/out/asr_HMMER/domtbl/Stool_12_asr_A.domtblout
k141_51101_6/1-328,k141_51101_6,333,479.2,1.5e-142,15.2,328,479.0,1.3e-145,1.9e-142,15.2,workflow/out/asr_HMMER/domtbl/Stool_12_asr_A.domtblout
k141_270177_4/1-338,k141_270177_4,346,429.8,1.7e-127,2.2,338,429.6,1.4e-130,1.9e-127,2.2,workflow/out/asr_HMMER/domtbl/Stool_12_asr_A.domtblout
k141_286347_4/1-342,k141_286347_4,349,369.9,2.9e-109,11.0,342,369.6,2.4e-112,3.4e-109,11.0,workflow/out/asr_HMMER/domtbl/Stool_12_asr_A.domtblout
k141_127510_2/215-548,k141_127510_2,556,369.3,4.1e-109,1.6,334,369.0,3.9e-112,5.4e-109,1.6,workflow/out/asr_HMMER/domtbl/Stool_12_asr_A.domtblout
k141_32856_22/6-328,k141_32856_22,347,165.3,4.8e-47,4.0,323,164.9,4.6e-50,6.4e-47,4.0,workflow/out/asr_HMMER/domtbl/Stool_12_asr_A.domtblout
k141_208690_4/6-328,k141_208690_4,342,157.0,1.6e-44,0.1,323,156.7,1.4e-47,2e-44,0.1,workflow/out/asr_HMMER/domtbl/Stool_12_asr_A.domtblout
k141_139507_7/2-338,k141_139507_7,347,156.1,3e-44,2.2,337,155.4,3.6e-47,4.9e-44,2.2,workflow/out/asr_HMMER/domtbl/Stool_12_asr_A.domtblout
k141_51065_24/48-341,k141_51065_24,348,154.9,7.1e-44,5.4,294,154.7,5.7e-47,7.9e-44,5.4,workflow/out/asr_HMMER/domtbl/Stool_12_asr_A.domtblout
k141_118318_4/2-337,k141_118318_4,346,154.5,9.3e-44,3.1,336,154.0,9.2e-47,1.3e-43,3.1,workflow/out/asr_HMMER/domtbl/Stool_12_asr_A.domtblout
k141_107917_2/2-338,k141_107917_2,347,153.1,2.5e-43,3.1,337,152.6,2.5e-46,3.5e-43,3.1,workflow/out/asr_HMMER/domtbl/Stool_12_asr_A.domtblout
k141_276390_28/52-332,k141_276390_28,342,150.8,1.2e-42,4.3,281,150.5,1.1e-45,1.6e-42,4.3,workflow/out/asr_HMMER/domtbl/Stool_12_asr_A.domtblout
k141_254482_8/48-341,k141_254482_8,346,149.2,3.8e-42,3.8,294,148.8,3.6e-45,5e-42,3.8,workflow/out/asr_HMMER/domtbl/Stool_12_asr_A.domtblout
k141_291767_2/2-344,k141_291767_2,353,147.6,1.2e-41,2.3,343,147.1,1.2e-44,1.7e-41,2.3,workflow/out/asr_HMMER/domtbl/Stool_12_asr_A.domtblout
k141_215716_64/49-338,k141_215716_64,342,144.0,1.5e-40,2.8,290,143.6,1.4e-43,2e-40,2.8,workflow/out/asr_HMMER/domtbl/Stool_12_asr_A.domtblout
k141_105195_2/2-345,k141_105195_2,354,141.4,8.9e-40,6.0,344,140.3,1.3e-42,1.9e-39,6.0,workflow/out/asr_HMMER/domtbl/Stool_12_asr_A.domtblout
k141_135551_5/90-344,k141_135551_5,351,134.8,8.8e-38,0.2,255,133.7,1.4e-40,2e-37,0.2,workflow/out/asr_HMMER/domtbl/Stool_12_asr_A.domtblout
k141_210404_17/33-323,k141_210404_17,334,132.1,5.9e-37,0.0,291,131.7,5.7e-40,7.9e-37,0.0,workflow/out/asr_HMMER/domtbl/Stool_12_asr_A.domtblout
k141_78473_12/50-339,k141_78473_12,351,131.5,9.2e-37,0.1,290,131.0,9.3e-40,1.3e-36,0.1,workflow/out/asr_HMMER/domtbl/Stool_12_asr_A.domtblout
k141_23538_5/86-338,k141_23538_5,640,129.2,4.5e-36,2.6,253,127.5,1.1e-38,1.5e-35,2.6,workflow/out/asr_HMMER/domtbl/Stool_12_asr_A.domtblout
k141_73876_2/2-307,k141_73876_2,311,129.1,5e-36,0.5,306,128.5,5.2e-39,7.3e-36,0.5,workflow/out/asr_HMMER/domtbl/Stool_12_asr_A.domtblout
k141_167751_14/93-155,k141_167751_14,672,125.1,8.3e-35,5.9,63,32.6,8.3e-10,1.2e-06,0.0,workflow/out/asr_HMMER/domtbl/Stool_12_asr_A.domtblout
k141_167751_14/251-372,k141_167751_14,672,125.1,8.3e-35,5.9,122,89.9,3e-27,4.1e-24,6.2,workflow/out/asr_HMMER/domtbl/Stool_12_asr_A.domtblout
k141_276304_2/2-304,k141_276304_2,312,121.5,1e-33,3.1,303,120.9,1.1e-36,1.5e-33,3.1,workflow/out/asr_HMMER/domtbl/Stool_12_asr_A.domtblout
k141_143289_1/50-189,k141_143289_1,236,53.9,3.6e-13,0.0,140,53.8,2.9e-16,4e-13,0.0,workflow/out/asr_HMMER/domtbl/Stool_12_asr_A.domtblout
k141_234726_1/9-175,k141_234726_1,221,48.5,1.6e-11,0.0,167,48.4,1.3e-14,1.8e-11,0.0,workflow/out/asr_HMMER/domtbl/Stool_12_asr_A.domtblout
k141_5409_1/3-61,k141_5409_1,67,37.9,2.7e-08,1.7,59,37.9,2e-11,2.7e-08,1.7,workflow/out/asr_HMMER/domtbl/Stool_12_asr_A.domtblout
k141_242038_4/2-109,k141_242038_4,112,27.4,4.3e-05,0.0,108,26.8,4.6e-08,6.4e-05,0.0,workflow/out/asr_HMMER/domtbl/Stool_12_asr_A.domtblout
k141_143289_2/173-201,k141_143289_2,304,20.2,0.0065,15.6,29,16.3,7.3e-05,0.1,6.8,workflow/out/asr_HMMER/domtbl/Stool_12_asr_A.domtblout
k141_68506_2/130-151,k141_68506_2,233,20.2,0.0068,3.5,22,10.7,0.0037,5.2,0.6,workflow/out/asr_HMMER/domtbl/Stool_12_asr_A.domtblout
k141_68506_2/177-219,k141_68506_2,233,20.2,0.0068,3.5,43,9.7,0.0075,10.0,0.1,workflow/out/asr_HMMER/domtbl/Stool_12_asr_A.domtblout
k141_214563_3/341-371,k141_214563_3,376,20.1,0.0069,0.2,31,19.5,8e-06,0.011,0.2,workflow/out/asr_HMMER/domtbl/Stool_12_asr_A.domtblout
k141_215716_65/195-227,k141_215716_65,323,19.6,0.0097,15.7,33,17.4,3.4e-05,0.047,6.9,workflow/out/asr_HMMER/domtbl/Stool_12_asr_A.domtblout
k141_28064_21/1-328,k141_28064_21,333,486.4,5.3e-145,14.3,328,486.1,4.5e-148,6.4e-145,14.3,workflow/out/asr_HMMER/domtbl/Stool_10_asr_A.domtblout
k141_126240_1/1-338,k141_126240_1,346,430.4,6e-128,2.3,338,430.2,4.8e-131,6.8e-128,2.3,workflow/out/asr_HMMER/domtbl/Stool_10_asr_A.domtblout
k141_108158_3/242-580,k141_108158_3,590,395.1,3.1e-117,14.0,339,394.7,2.9e-120,4.1e-117,14.0,workflow/out/asr_HMMER/domtbl/Stool_10_asr_A.domtblout
k141_116066_2/2-254,k141_116066_2,258,392.3,2.2e-116,7.4,253,392.2,1.8e-119,2.5e-116,7.4,workflow/out/asr_HMMER/domtbl/Stool_10_asr_A.domtblout
k141_63923_4/7-328,k141_63923_4,346,169.5,1.4e-48,0.6,322,169.1,1.2e-51,1.7e-48,0.6,workflow/out/asr_HMMER/domtbl/Stool_10_asr_A.domtblout
k141_54263_10/2-338,k141_54263_10,347,156.1,1.6e-44,2.2,337,155.4,1.8e-47,2.6e-44,2.2,workflow/out/asr_HMMER/domtbl/Stool_10_asr_A.domtblout
k141_70392_27/48-341,k141_70392_27,348,154.9,3.8e-44,5.4,294,154.7,2.9e-47,4.2e-44,5.4,workflow/out/asr_HMMER/domtbl/Stool_10_asr_A.domtblout
k141_22590_4/2-338,k141_22590_4,344,154.3,5.5e-44,6.5,337,153.8,5.6e-47,8e-44,6.5,workflow/out/asr_HMMER/domtbl/Stool_10_asr_A.domtblout
k141_128186_33/2-337,k141_128186_33,346,153.6,9.1e-44,3.4,336,153.2,8.6e-47,1.2e-43,3.4,workflow/out/asr_HMMER/domtbl/Stool_10_asr_A.domtblout
k141_160252_3/49-338,k141_160252_3,342,144.0,7.7e-41,2.8,290,143.6,7.2e-44,1e-40,2.8,workflow/out/asr_HMMER/domtbl/Stool_10_asr_A.domtblout
k141_128040_4/30-336,k141_128040_4,343,143.3,1.2e-40,3.6,307,142.9,1.1e-43,1.6e-40,3.6,workflow/out/asr_HMMER/domtbl/Stool_10_asr_A.domtblout
k141_57021_1/2-254,k141_57021_1,255,93.6,1.6e-25,0.1,253,93.1,1.7e-28,2.4e-25,0.1,workflow/out/asr_HMMER/domtbl/Stool_10_asr_A.domtblout
k141_164679_29/125-145,k141_164679_29,158,18.7,0.01,1.4,21,12.2,0.00065,0.93,0.1,workflow/out/asr_HMMER/domtbl/Stool_10_asr_A.domtblout
k141_89630_4/1-334,k141_89630_4,339,563.5,2.9e-168,19.1,334,563.3,2.5e-171,3.4e-168,19.1,workflow/out/asr_HMMER/domtbl/Capsule_12_asr_A.domtblout
k141_43711_5/1-329,k141_43711_5,337,503.4,5.7e-150,18.8,329,503.2,5e-153,6.8e-150,18.8,workflow/out/asr_HMMER/domtbl/Capsule_12_asr_A.domtblout
k141_93031_7/1-328,k141_93031_7,333,490.0,6.6e-146,15.9,328,489.8,5.9e-149,8e-146,15.9,workflow/out/asr_HMMER/domtbl/Capsule_12_asr_A.domtblout
k141_81666_5/1-328,k141_81666_5,333,479.2,1.3e-142,15.2,328,479.0,1.1e-145,1.6e-142,15.2,workflow/out/asr_HMMER/domtbl/Capsule_12_asr_A.domtblout
k141_276453_25/1-345,k141_276453_25,351,474.0,4.9e-141,9.0,345,472.9,7.9e-144,1.1e-140,9.0,workflow/out/asr_HMMER/domtbl/Capsule_12_asr_A.domtblout
k141_218262_5/1-338,k141_218262_5,345,429.6,1.7e-127,13.4,338,429.4,1.4e-130,1.9e-127,13.4,workflow/out/asr_HMMER/domtbl/Capsule_12_asr_A.domtblout
k141_89197_2/3-300,k141_89197_2,311,396.6,1.7e-117,10.0,298,396.4,1.4e-120,2e-117,10.0,workflow/out/asr_HMMER/domtbl/Capsule_12_asr_A.domtblout
k141_63953_1/1-342,k141_63953_1,349,369.9,2.4e-109,11.0,342,369.6,2.1e-112,2.8e-109,11.0,workflow/out/asr_HMMER/domtbl/Capsule_12_asr_A.domtblout
k141_277439_1/2-220,k141_277439_1,227,348.8,6e-103,11.2,219,348.7,5e-106,6.8e-103,11.2,workflow/out/asr_HMMER/domtbl/Capsule_12_asr_A.domtblout
k141_244179_1/6-156,k141_244179_1,157,201.5,4e-58,0.3,151,201.4,3.1e-61,4.3e-58,0.3,workflow/out/asr_HMMER/domtbl/Capsule_12_asr_A.domtblout
k141_161448_22/6-328,k141_161448_22,347,165.3,4e-47,4.0,323,164.9,3.9e-50,5.3e-47,4.0,workflow/out/asr_HMMER/domtbl/Capsule_12_asr_A.domtblout
k141_279597_78/9-328,k141_279597_78,346,164.5,7.1e-47,0.1,320,164.2,6.6e-50,9e-47,0.1,workflow/out/asr_HMMER/domtbl/Capsule_12_asr_A.domtblout
k141_98790_32/6-328,k141_98790_32,342,157.0,1.3e-44,0.1,323,156.7,1.2e-47,1.7e-44,0.1,workflow/out/asr_HMMER/domtbl/Capsule_12_asr_A.domtblout
k141_120743_34/2-338,k141_120743_34,347,156.1,2.5e-44,2.2,337,155.4,3e-47,4.1e-44,2.2,workflow/out/asr_HMMER/domtbl/Capsule_12_asr_A.domtblout
k141_112452_26/48-341,k141_112452_26,348,154.9,6e-44,5.4,294,154.7,4.9e-47,6.6e-44,5.4,workflow/out/asr_HMMER/domtbl/Capsule_12_asr_A.domtblout
k141_31730_10/2-337,k141_31730_10,346,153.7,1.4e-43,2.8,336,153.2,1.4e-46,1.9e-43,2.8,workflow/out/asr_HMMER/domtbl/Capsule_12_asr_A.domtblout
k141_53984_32/2-338,k141_53984_32,347,153.1,2.1e-43,3.1,337,152.6,2.1e-46,2.9e-43,3.1,workflow/out/asr_HMMER/domtbl/Capsule_12_asr_A.domtblout
k141_61271_8/48-341,k141_61271_8,346,149.2,3.2e-42,3.8,294,148.8,3.1e-45,4.2e-42,3.8,workflow/out/asr_HMMER/domtbl/Capsule_12_asr_A.domtblout
k141_244532_4/2-344,k141_244532_4,353,147.6,9.6e-42,2.3,343,147.1,1e-44,1.4e-41,2.3,workflow/out/asr_HMMER/domtbl/Capsule_12_asr_A.domtblout
k141_177038_13/1-123,k141_177038_13,148,146.2,2.6e-41,3.1,123,145.9,2.3e-44,3.2e-41,3.1,workflow/out/asr_HMMER/domtbl/Capsule_12_asr_A.domtblout
k141_7158_15/6-340,k141_7158_15,348,144.2,1e-40,3.4,335,144.0,9.1e-44,1.2e-40,3.4,workflow/out/asr_HMMER/domtbl/Capsule_12_asr_A.domtblout
k141_233833_17/49-338,k141_233833_17,342,144.0,1.2e-40,2.8,290,143.6,1.2e-43,1.6e-40,2.8,workflow/out/asr_HMMER/domtbl/Capsule_12_asr_A.domtblout
k141_253889_6/51-335,k141_253889_6,342,143.0,2.4e-40,0.1,285,142.8,2.1e-43,2.9e-40,0.1,workflow/out/asr_HMMER/domtbl/Capsule_12_asr_A.domtblout
k141_196934_2/2-345,k141_196934_2,354,141.4,7.4e-40,6.0,344,140.3,1.1e-42,1.6e-39,6.0,workflow/out/asr_HMMER/domtbl/Capsule_12_asr_A.domtblout
k141_117491_5/90-344,k141_117491_5,351,134.8,7.4e-38,0.2,255,133.7,1.2e-40,1.7e-37,0.2,workflow/out/asr_HMMER/domtbl/Capsule_12_asr_A.domtblout
k141_71385_1/1-75,k141_71385_1,83,132.8,3.2e-37,5.9,75,132.7,2.5e-40,3.4e-37,5.9,workflow/out/asr_HMMER/domtbl/Capsule_12_asr_A.domtblout
k141_275558_21/33-323,k141_275558_21,334,132.1,4.9e-37,0.0,291,131.7,4.9e-40,6.6e-37,0.0,workflow/out/asr_HMMER/domtbl/Capsule_12_asr_A.domtblout
k141_180880_23/50-339,k141_180880_23,351,131.5,7.7e-37,0.1,290,131.0,7.9e-40,1.1e-36,0.1,workflow/out/asr_HMMER/domtbl/Capsule_12_asr_A.domtblout
k141_138186_14/86-338,k141_138186_14,640,129.2,3.8e-36,2.6,253,127.5,9.5e-39,1.3e-35,2.6,workflow/out/asr_HMMER/domtbl/Capsule_12_asr_A.domtblout
k141_228921_14/93-155,k141_228921_14,672,125.1,6.9e-35,5.9,63,32.6,7.1e-10,9.7e-07,0.0,workflow/out/asr_HMMER/domtbl/Capsule_12_asr_A.domtblout
k141_228921_14/251-372,k141_228921_14,672,125.1,6.9e-35,5.9,122,89.9,2.5e-27,3.5e-24,6.2,workflow/out/asr_HMMER/domtbl/Capsule_12_asr_A.domtblout
k141_218531_1/2-284,k141_218531_1,290,113.5,2.4e-31,2.2,283,112.9,2.6e-34,3.6e-31,2.2,workflow/out/asr_HMMER/domtbl/Capsule_12_asr_A.domtblout
k141_138494_1/2-284,k141_138494_1,290,112.1,6.1e-31,2.9,283,111.5,6.7e-34,9.2e-31,2.9,workflow/out/asr_HMMER/domtbl/Capsule_12_asr_A.domtblout
k141_120423_1/9-248,k141_120423_1,248,80.2,3.2e-21,0.0,240,79.9,2.8e-24,3.8e-21,0.0,workflow/out/asr_HMMER/domtbl/Capsule_12_asr_A.domtblout
k141_231335_1/1-95,k141_231335_1,101,65.9,7.1e-17,9.7,95,65.8,5.5e-20,7.5e-17,9.7,workflow/out/asr_HMMER/domtbl/Capsule_12_asr_A.domtblout
k141_89084_1/1-94,k141_89084_1,102,64.3,2.2e-16,9.2,94,64.1,1.8e-19,2.5e-16,9.2,workflow/out/asr_HMMER/domtbl/Capsule_12_asr_A.domtblout
k141_193460_1/2-143,k141_193460_1,143,49.3,7.7e-12,0.0,142,48.7,8.4e-15,1.1e-11,0.0,workflow/out/asr_HMMER/domtbl/Capsule_12_asr_A.domtblout
k141_177038_12/1-43,k141_177038_12,44,26.1,8.7e-05,0.1,43,26.0,6.8e-08,9.2e-05,0.1,workflow/out/asr_HMMER/domtbl/Capsule_12_asr_A.domtblout
k141_233833_16/195-227,k141_233833_16,323,19.6,0.0081,15.7,33,17.4,2.9e-05,0.039,6.9,workflow/out/asr_HMMER/domtbl/Capsule_12_asr_A.domtblout
k141_270772_2/1-334,k141_270772_2,339,563.5,4.4e-168,19.1,334,563.3,3.4e-171,5.1e-168,19.1,workflow/out/asr_HMMER/domtbl/Capsule_1_asr_A.domtblout
k141_262899_51/1-334,k141_262899_51,336,542.2,1.4e-161,20.8,334,542.0,1e-164,1.5e-161,20.8,workflow/out/asr_HMMER/domtbl/Capsule_1_asr_A.domtblout
k141_98218_8/1-329,k141_98218_8,337,501.0,4.8e-149,19.3,329,500.7,3.7e-152,5.6e-149,19.3,workflow/out/asr_HMMER/domtbl/Capsule_1_asr_A.domtblout
k141_218212_6/1-328,k141_218212_6,333,490.8,6e-146,16.4,328,490.5,4.9e-149,7.3e-146,16.4,workflow/out/asr_HMMER/domtbl/Capsule_1_asr_A.domtblout
k141_353989_4/1-328,k141_353989_4,333,487.7,5.2e-145,14.1,328,487.4,4.2e-148,6.3e-145,14.1,workflow/out/asr_HMMER/domtbl/Capsule_1_asr_A.domtblout
k141_174669_8/1-328,k141_174669_8,333,480.2,9.6e-143,14.2,328,480.0,7.7e-146,1.2e-142,14.2,workflow/out/asr_HMMER/domtbl/Capsule_1_asr_A.domtblout
k141_99675_8/1-328,k141_99675_8,335,477.3,7.5e-142,13.5,328,477.1,5.7e-145,8.6e-142,13.5,workflow/out/asr_HMMER/domtbl/Capsule_1_asr_A.domtblout
k141_53199_126/1-333,k141_53199_126,341,460.6,9.1e-137,6.2,333,460.4,6.9e-140,1e-136,6.2,workflow/out/asr_HMMER/domtbl/Capsule_1_asr_A.domtblout
k141_416203_112/1-337,k141_416203_112,346,444.4,7.8e-132,15.7,337,444.2,6e-135,9e-132,15.7,workflow/out/asr_HMMER/domtbl/Capsule_1_asr_A.domtblout
k141_358292_7/215-548,k141_358292_7,556,369.2,5.6e-109,1.2,334,368.8,4.9e-112,7.3e-109,1.2,workflow/out/asr_HMMER/domtbl/Capsule_1_asr_A.domtblout
k141_467379_6/1-342,k141_467379_6,349,369.2,5.8e-109,10.7,342,369.0,4.5e-112,6.8e-109,10.7,workflow/out/asr_HMMER/domtbl/Capsule_1_asr_A.domtblout
k141_420969_1/1-269,k141_420969_1,269,293.2,7.7e-86,7.1,269,293.0,5.8e-89,8.7e-86,7.1,workflow/out/asr_HMMER/domtbl/Capsule_1_asr_A.domtblout
k141_50748_62/3-331,k141_50748_62,337,184.6,8.3e-53,0.0,329,184.3,6.6e-56,9.9e-53,0.0,workflow/out/asr_HMMER/domtbl/Capsule_1_asr_A.domtblout
k141_454985_111/36-328,k141_454985_111,357,176.3,2.7e-50,0.2,293,175.9,2.4e-53,3.6e-50,0.2,workflow/out/asr_HMMER/domtbl/Capsule_1_asr_A.domtblout
k141_313316_24/4-331,k141_313316_24,391,176.1,3e-50,0.5,328,175.9,2.5e-53,3.7e-50,0.5,workflow/out/asr_HMMER/domtbl/Capsule_1_asr_A.domtblout
k141_480921_26/35-328,k141_480921_26,346,169.3,3.8e-48,0.1,294,168.9,3.2e-51,4.8e-48,0.1,workflow/out/asr_HMMER/domtbl/Capsule_1_asr_A.domtblout
k141_154385_73/35-328,k141_154385_73,346,160.7,1.5e-45,0.1,294,160.4,1.3e-48,1.9e-45,0.1,workflow/out/asr_HMMER/domtbl/Capsule_1_asr_A.domtblout
k141_250456_7/2-339,k141_250456_7,348,160.2,2.1e-45,4.4,338,159.7,2.1e-48,3.2e-45,4.4,workflow/out/asr_HMMER/domtbl/Capsule_1_asr_A.domtblout
k141_446963_2/2-339,k141_446963_2,348,157.7,1.2e-44,2.9,338,157.2,1.2e-47,1.8e-44,2.9,workflow/out/asr_HMMER/domtbl/Capsule_1_asr_A.domtblout
k141_25177_2/2-338,k141_25177_2,347,156.6,2.7e-44,2.4,337,155.9,2.9e-47,4.4e-44,2.4,workflow/out/asr_HMMER/domtbl/Capsule_1_asr_A.domtblout
k141_223448_2/2-338,k141_223448_2,347,156.1,3.7e-44,2.7,337,155.5,3.7e-47,5.6e-44,2.7,workflow/out/asr_HMMER/domtbl/Capsule_1_asr_A.domtblout
k141_149119_4/2-338,k141_149119_4,344,154.9,8.8e-44,6.7,337,154.4,8.5e-47,1.3e-43,6.7,workflow/out/asr_HMMER/domtbl/Capsule_1_asr_A.domtblout
k141_23450_9/2-337,k141_23450_9,346,153.7,2.1e-43,3.0,336,153.2,1.9e-46,2.9e-43,3.0,workflow/out/asr_HMMER/domtbl/Capsule_1_asr_A.domtblout
k141_468206_2/2-338,k141_468206_2,347,153.6,2.2e-43,2.7,337,153.2,2e-46,3e-43,2.7,workflow/out/asr_HMMER/domtbl/Capsule_1_asr_A.domtblout
k141_155875_5/48-341,k141_155875_5,348,153.6,2.2e-43,5.6,294,153.4,1.7e-46,2.5e-43,5.6,workflow/out/asr_HMMER/domtbl/Capsule_1_asr_A.domtblout
k141_339313_13/35-339,k141_339313_13,344,152.5,4.7e-43,7.8,305,152.2,4e-46,6.1e-43,7.8,workflow/out/asr_HMMER/domtbl/Capsule_1_asr_A.domtblout
k141_341549_2/52-332,k141_341549_2,342,151.4,1.1e-42,4.3,281,151.0,8.9e-46,1.3e-42,4.3,workflow/out/asr_HMMER/domtbl/Capsule_1_asr_A.domtblout
k141_316442_108/51-330,k141_316442_108,338,150.4,2.1e-42,1.7,280,149.8,2.1e-45,3.1e-42,1.7,workflow/out/asr_HMMER/domtbl/Capsule_1_asr_A.domtblout
k141_296392_2/2-344,k141_296392_2,354,149.2,4.7e-42,5.3,343,148.6,5e-45,7.5e-42,5.3,workflow/out/asr_HMMER/domtbl/Capsule_1_asr_A.domtblout
k141_379678_6/48-341,k141_379678_6,346,149.2,4.7e-42,3.7,294,148.9,4.1e-45,6.1e-42,3.7,workflow/out/asr_HMMER/domtbl/Capsule_1_asr_A.domtblout
k141_336903_1/2-344,k141_336903_1,353,147.6,1.5e-41,2.3,343,147.1,1.4e-44,2.1e-41,2.3,workflow/out/asr_HMMER/domtbl/Capsule_1_asr_A.domtblout
k141_393768_10/31-340,k141_393768_10,342,145.2,8e-41,0.3,310,144.9,6.4e-44,9.6e-41,0.3,workflow/out/asr_HMMER/domtbl/Capsule_1_asr_A.domtblout
k141_55624_4/49-338,k141_55624_4,342,144.0,1.8e-40,2.8,290,143.6,1.6e-43,2.5e-40,2.8,workflow/out/asr_HMMER/domtbl/Capsule_1_asr_A.domtblout
k141_343540_2/6-340,k141_343540_2,348,143.9,2e-40,3.0,335,143.6,1.6e-43,2.4e-40,3.0,workflow/out/asr_HMMER/domtbl/Capsule_1_asr_A.domtblout
k141_184796_3/15-282,k141_184796_3,287,142.8,4.1e-40,4.0,268,142.2,4.4e-43,6.6e-40,4.0,workflow/out/asr_HMMER/domtbl/Capsule_1_asr_A.domtblout
k141_245419_101/50-336,k141_245419_101,343,142.4,5.6e-40,3.5,287,142.0,5e-43,7.5e-40,3.5,workflow/out/asr_HMMER/domtbl/Capsule_1_asr_A.domtblout
k141_190204_12/53-335,k141_190204_12,346,139.6,4e-39,0.9,283,139.2,3.5e-42,5.2e-39,0.9,workflow/out/asr_HMMER/domtbl/Capsule_1_asr_A.domtblout
k141_329264_6/10-322,k141_329264_6,338,139.0,6.1e-39,1.0,313,138.7,5.1e-42,7.7e-39,1.0,workflow/out/asr_HMMER/domtbl/Capsule_1_asr_A.domtblout
k141_144898_6/1-94,k141_144898_6,104,137.0,2.4e-38,0.5,94,136.8,1.8e-41,2.8e-38,0.5,workflow/out/asr_HMMER/domtbl/Capsule_1_asr_A.domtblout
k141_132918_15/50-339,k141_132918_15,351,134.0,2.1e-37,0.1,290,133.5,1.9e-40,2.8e-37,0.1,workflow/out/asr_HMMER/domtbl/Capsule_1_asr_A.domtblout
k141_375460_2/2-241,k141_375460_2,249,131.5,1.1e-36,6.7,240,131.2,9.7e-40,1.5e-36,6.7,workflow/out/asr_HMMER/domtbl/Capsule_1_asr_A.domtblout
k141_379519_2/94-155,k141_379519_2,672,122.7,5.4e-34,6.0,62,30.7,3.7e-09,5.5e-06,0.0,workflow/out/asr_HMMER/domtbl/Capsule_1_asr_A.domtblout
k141_379519_2/251-372,k141_379519_2,672,122.7,5.4e-34,6.0,122,89.8,3.7e-27,5.6e-24,6.0,workflow/out/asr_HMMER/domtbl/Capsule_1_asr_A.domtblout
k141_289307_1/26-259,k141_289307_1,270,118.0,1.4e-32,0.1,234,117.7,1.2e-35,1.8e-32,0.1,workflow/out/asr_HMMER/domtbl/Capsule_1_asr_A.domtblout
k141_419633_3/2-283,k141_419633_3,286,112.4,7.3e-31,2.0,282,112.0,6.7e-34,1e-30,2.0,workflow/out/asr_HMMER/domtbl/Capsule_1_asr_A.domtblout
k141_66566_1/2-313,k141_66566_1,317,111.1,1.8e-30,2.5,312,109.9,2.8e-33,4.2e-30,2.5,workflow/out/asr_HMMER/domtbl/Capsule_1_asr_A.domtblout
k141_227343_1/2-280,k141_227343_1,280,103.6,3.5e-28,0.6,279,103.2,3.1e-31,4.7e-28,0.6,workflow/out/asr_HMMER/domtbl/Capsule_1_asr_A.domtblout
k141_489419_2/2-271,k141_489419_2,273,97.9,1.9e-26,0.5,270,97.4,1.8e-29,2.7e-26,0.5,workflow/out/asr_HMMER/domtbl/Capsule_1_asr_A.domtblout
k141_459215_3/39-156,k141_459215_3,164,97.4,2.8e-26,7.0,118,97.3,2e-29,3e-26,7.0,workflow/out/asr_HMMER/domtbl/Capsule_1_asr_A.domtblout
k141_47341_1/2-250,k141_47341_1,251,90.6,3.2e-24,0.9,249,90.2,2.8e-27,4.2e-24,0.9,workflow/out/asr_HMMER/domtbl/Capsule_1_asr_A.domtblout
k141_117502_1/6-80,k141_117502_1,88,54.4,3.3e-13,4.5,75,54.3,2.3e-16,3.5e-13,4.5,workflow/out/asr_HMMER/domtbl/Capsule_1_asr_A.domtblout
k141_271961_1/49-147,k141_271961_1,199,41.6,2.6e-09,0.0,99,41.4,1.9e-12,2.9e-09,0.0,workflow/out/asr_HMMER/domtbl/Capsule_1_asr_A.domtblout
k141_190204_11/156-225,k141_190204_11,327,29.7,1.1e-05,8.1,70,21.6,2.1e-06,0.0031,2.8,workflow/out/asr_HMMER/domtbl/Capsule_1_asr_A.domtblout
k141_190204_11/261-286,k141_190204_11,327,29.7,1.1e-05,8.1,26,10.9,0.0038,5.7,0.2,workflow/out/asr_HMMER/domtbl/Capsule_1_asr_A.domtblout
k141_329264_7/90-172,k141_329264_7,267,24.7,0.00036,6.9,83,18.0,2.5e-05,0.038,2.0,workflow/out/asr_HMMER/domtbl/Capsule_1_asr_A.domtblout
k141_144898_5/1-43,k141_144898_5,44,23.7,0.00073,0.1,43,23.6,5.1e-07,0.00077,0.1,workflow/out/asr_HMMER/domtbl/Capsule_1_asr_A.domtblout
k141_47341_2/199-226,k141_47341_2,331,21.9,0.0026,16.4,28,15.5,0.00015,0.23,7.4,workflow/out/asr_HMMER/domtbl/Capsule_1_asr_A.domtblout
k141_445696_187/38-91,k141_445696_187,156,21.5,0.0034,1.0,54,21.5,2.3e-06,0.0034,1.0,workflow/out/asr_HMMER/domtbl/Capsule_1_asr_A.domtblout
k141_316442_107/111-172,k141_316442_107,267,21.1,0.0044,8.3,62,15.3,0.00018,0.26,3.8,workflow/out/asr_HMMER/domtbl/Capsule_1_asr_A.domtblout
k141_47140_2/51-69,k141_47140_2,299,21.0,0.0049,8.2,19,10.4,0.0052,7.8,1.7,workflow/out/asr_HMMER/domtbl/Capsule_1_asr_A.domtblout
k141_47140_2/76-117,k141_47140_2,299,21.0,0.0049,8.2,42,14.9,0.00023,0.35,0.5,workflow/out/asr_HMMER/domtbl/Capsule_1_asr_A.domtblout
k141_271961_2/35-77,k141_271961_2,165,20.9,0.0052,15.3,43,20.3,5.3e-06,0.008,6.6,workflow/out/asr_HMMER/domtbl/Capsule_1_asr_A.domtblout
k141_341030_4/8-40,k141_341030_4,43,20.4,0.0074,0.5,33,20.4,4.9e-06,0.0074,0.5,workflow/out/asr_HMMER/domtbl/Capsule_1_asr_A.domtblout
k141_33389_2/31-85,k141_33389_2,100,19.9,0.01,0.1,55,19.8,7.2e-06,0.011,0.1,workflow/out/asr_HMMER/domtbl/Capsule_1_asr_A.domtblout
k141_89767_14/1-329,k141_89767_14,337,502.8,6.1e-150,19.5,329,502.6,4.5e-153,7.3e-150,19.5,workflow/out/asr_HMMER/domtbl/Capsule_14_asr_A.domtblout
k141_190691_9/1-328,k141_190691_9,333,490.8,2.9e-146,16.4,328,490.5,2.2e-149,3.5e-146,16.4,workflow/out/asr_HMMER/domtbl/Capsule_14_asr_A.domtblout
k141_8855_4/1-328,k141_8855_4,333,480.2,4.5e-143,14.2,328,480.0,3.4e-146,5.5e-143,14.2,workflow/out/asr_HMMER/domtbl/Capsule_14_asr_A.domtblout
k141_241762_7/3-331,k141_241762_7,337,183.1,1.1e-52,0.0,329,182.9,8.1e-56,1.3e-52,0.0,workflow/out/asr_HMMER/domtbl/Capsule_14_asr_A.domtblout
k141_111933_5/36-328,k141_111933_5,346,168.4,3.3e-48,0.1,293,168.1,2.5e-51,4e-48,0.1,workflow/out/asr_HMMER/domtbl/Capsule_14_asr_A.domtblout
k141_100274_34/2-338,k141_100274_34,347,157.0,9.4e-45,2.6,337,156.4,8.9e-48,1.4e-44,2.6,workflow/out/asr_HMMER/domtbl/Capsule_14_asr_A.domtblout
k141_4868_16/2-338,k141_4868_16,344,155.3,3.1e-44,5.6,337,154.8,2.8e-47,4.6e-44,5.6,workflow/out/asr_HMMER/domtbl/Capsule_14_asr_A.domtblout
k141_15465_9/2-337,k141_15465_9,346,154.2,7e-44,3.4,336,153.7,5.9e-47,9.5e-44,3.4,workflow/out/asr_HMMER/domtbl/Capsule_14_asr_A.domtblout
k141_99002_9/2-338,k141_99002_9,347,151.7,3.9e-43,3.1,337,151.2,3.4e-46,5.5e-43,3.1,workflow/out/asr_HMMER/domtbl/Capsule_14_asr_A.domtblout
k141_116276_21/52-344,k141_116276_21,353,141.8,4.2e-40,3.9,293,141.2,3.7e-43,6e-40,3.9,workflow/out/asr_HMMER/domtbl/Capsule_14_asr_A.domtblout
k141_137012_8/87-336,k141_137012_8,640,136.6,1.6e-38,1.6,250,135.7,1.8e-41,2.9e-38,1.6,workflow/out/asr_HMMER/domtbl/Capsule_14_asr_A.domtblout
k141_170993_5/89-344,k141_170993_5,351,134.5,6.7e-38,0.0,256,133.7,7.5e-41,1.2e-37,0.0,workflow/out/asr_HMMER/domtbl/Capsule_14_asr_A.domtblout
k141_204851_11/50-339,k141_204851_11,351,132.1,3.7e-37,0.1,290,131.6,3.2e-40,5.1e-37,0.1,workflow/out/asr_HMMER/domtbl/Capsule_14_asr_A.domtblout
k141_86540_2/94-155,k141_86540_2,672,122.5,3e-34,6.0,62,30.7,1.6e-09,2.6e-06,0.0,workflow/out/asr_HMMER/domtbl/Capsule_14_asr_A.domtblout
k141_86540_2/251-372,k141_86540_2,672,122.5,3e-34,6.0,122,89.6,1.9e-27,3.1e-24,6.1,workflow/out/asr_HMMER/domtbl/Capsule_14_asr_A.domtblout
k141_78846_1/36-274,k141_78846_1,276,116.0,2.9e-32,0.0,239,115.7,2.2e-35,3.5e-32,0.0,workflow/out/asr_HMMER/domtbl/Capsule_14_asr_A.domtblout
k141_73254_4/2-254,k141_73254_4,255,94.1,1.3e-25,1.0,253,93.6,1.2e-28,1.9e-25,1.0,workflow/out/asr_HMMER/domtbl/Capsule_14_asr_A.domtblout
k141_75708_3/1-78,k141_75708_3,88,62.5,5.2e-16,0.0,78,62.3,3.8e-19,6.1e-16,0.0,workflow/out/asr_HMMER/domtbl/Capsule_14_asr_A.domtblout
k141_143960_4/2-55,k141_143960_4,73,44.7,1.4e-10,1.0,54,44.6,9.5e-14,1.5e-10,1.0,workflow/out/asr_HMMER/domtbl/Capsule_14_asr_A.domtblout
k141_66315_79/63-89,k141_66315_79,182,21.4,0.0017,1.3,27,21.4,1e-06,0.0017,1.3,workflow/out/asr_HMMER/domtbl/Capsule_14_asr_A.domtblout
k141_56125_2/1-335,k141_56125_2,339,512.6,4.2e-153,12.1,335,512.4,4.1e-156,4.8e-153,12.1,workflow/out/asr_HMMER/domtbl/Capsule_5_asr_A.domtblout
k141_11701_3/13-346,k141_11701_3,350,501.1,1.3e-149,4.1,334,500.9,1.3e-152,1.5e-149,4.1,workflow/out/asr_HMMER/domtbl/Capsule_5_asr_A.domtblout
k141_13443_2/1-328,k141_13443_2,333,484.8,1.1e-144,14.2,328,484.6,1.2e-147,1.4e-144,14.2,workflow/out/asr_HMMER/domtbl/Capsule_5_asr_A.domtblout
k141_134358_2/1-338,k141_134358_2,346,430.4,4.3e-128,2.3,338,430.2,4.2e-131,4.8e-128,2.3,workflow/out/asr_HMMER/domtbl/Capsule_5_asr_A.domtblout
k141_40210_5/1-293,k141_40210_5,300,384.5,3.7e-114,12.9,293,384.3,3.7e-117,4.3e-114,12.9,workflow/out/asr_HMMER/domtbl/Capsule_5_asr_A.domtblout
k141_102124_3/7-343,k141_102124_3,354,382.0,2.2e-113,11.8,337,381.8,2.2e-116,2.6e-113,11.8,workflow/out/asr_HMMER/domtbl/Capsule_5_asr_A.domtblout
k141_113729_2/1-220,k141_113729_2,228,354.4,5.6e-105,18.6,220,354.1,5.7e-108,6.6e-105,18.6,workflow/out/asr_HMMER/domtbl/Capsule_5_asr_A.domtblout
k141_2228_27/10-328,k141_2228_27,346,169.1,1.3e-48,0.1,319,168.7,1.4e-51,1.6e-48,0.1,workflow/out/asr_HMMER/domtbl/Capsule_5_asr_A.domtblout
k141_44832_2/24-328,k141_44832_2,342,158.8,1.8e-45,0.1,305,158.4,2e-48,2.4e-45,0.1,workflow/out/asr_HMMER/domtbl/Capsule_5_asr_A.domtblout
k141_22415_8/2-337,k141_22415_8,346,154.3,4e-44,3.1,336,153.9,4.6e-47,5.3e-44,3.1,workflow/out/asr_HMMER/domtbl/Capsule_5_asr_A.domtblout
k141_34589_2/38-339,k141_34589_2,347,152.0,2e-43,4.0,302,151.7,2.1e-46,2.5e-43,4.0,workflow/out/asr_HMMER/domtbl/Capsule_5_asr_A.domtblout
k141_82162_2/2-324,k141_82162_2,324,151.0,3.9e-43,6.3,323,150.6,4.6e-46,5.3e-43,6.3,workflow/out/asr_HMMER/domtbl/Capsule_5_asr_A.domtblout
k141_143098_29/2-336,k141_143098_29,346,149.9,8.5e-43,4.1,335,149.5,1e-45,1.2e-42,4.1,workflow/out/asr_HMMER/domtbl/Capsule_5_asr_A.domtblout
k141_82174_2/2-324,k141_82174_2,324,148.8,1.9e-42,6.6,323,148.4,2.2e-45,2.5e-42,6.6,workflow/out/asr_HMMER/domtbl/Capsule_5_asr_A.domtblout
k141_51519_33/49-338,k141_51519_33,342,141.9,2.3e-40,2.2,290,141.5,2.7e-43,3.1e-40,2.2,workflow/out/asr_HMMER/domtbl/Capsule_5_asr_A.domtblout
k141_10777_2/8-321,k141_10777_2,325,139.7,1.1e-39,1.1,314,139.5,1.1e-42,1.3e-39,1.1,workflow/out/asr_HMMER/domtbl/Capsule_5_asr_A.domtblout
k141_70875_1/9-241,k141_70875_1,249,118.4,3.3e-33,5.1,233,117.9,4e-36,4.6e-33,5.1,workflow/out/asr_HMMER/domtbl/Capsule_5_asr_A.domtblout
k141_146227_1/3-61,k141_146227_1,67,37.9,1e-08,1.7,59,37.9,8.9e-12,1e-08,1.7,workflow/out/asr_HMMER/domtbl/Capsule_5_asr_A.domtblout
k141_56254_1/2-132,k141_56254_1,134,27.4,1.6e-05,0.0,131,26.8,2.1e-08,2.4e-05,0.0,workflow/out/asr_HMMER/domtbl/Capsule_5_asr_A.domtblout
k141_51519_32/195-227,k141_51519_32,323,19.7,0.0036,16.0,33,17.6,1.4e-05,0.016,7.2,workflow/out/asr_HMMER/domtbl/Capsule_5_asr_A.domtblout
k141_52606_2/64-79,k141_52606_2,215,19.5,0.004,6.0,16,9.2,0.0047,5.5,1.6,workflow/out/asr_HMMER/domtbl/Capsule_5_asr_A.domtblout
k141_52606_2/93-108,k141_52606_2,215,19.5,0.004,6.0,16,12.1,0.00061,0.71,0.2,workflow/out/asr_HMMER/domtbl/Capsule_5_asr_A.domtblout
k141_110100_3/39-87,k141_110100_3,168,19.0,0.0058,0.3,49,19.0,5e-06,0.0058,0.3,workflow/out/asr_HMMER/domtbl/Capsule_5_asr_A.domtblout
k141_13934_1/90-171,k141_13934_1,174,18.6,0.0076,0.7,82,18.3,8.4e-06,0.0097,0.7,workflow/out/asr_HMMER/domtbl/Capsule_5_asr_A.domtblout
k141_114606_2/1-328,k141_114606_2,333,481.4,1.4e-143,14.8,328,481.1,1.4e-146,1.7e-143,14.8,workflow/out/asr_HMMER/domtbl/Stool_8_asr_A.domtblout
k141_85248_174/3-331,k141_85248_174,337,182.3,1.3e-52,0.0,329,182.0,1.3e-55,1.6e-52,0.0,workflow/out/asr_HMMER/domtbl/Stool_8_asr_A.domtblout
k141_129950_14/2-339,k141_129950_14,348,159.7,9.5e-46,5.2,338,159.2,1.2e-48,1.4e-45,5.2,workflow/out/asr_HMMER/domtbl/Stool_8_asr_A.domtblout
k141_94934_3/2-338,k141_94934_3,347,156.1,1.2e-44,2.2,337,155.4,1.6e-47,2e-44,2.2,workflow/out/asr_HMMER/domtbl/Stool_8_asr_A.domtblout
k141_66554_2/2-338,k141_66554_2,344,154.3,4.1e-44,6.5,337,153.8,5e-47,6.1e-44,6.5,workflow/out/asr_HMMER/domtbl/Stool_8_asr_A.domtblout
k141_41753_6/2-337,k141_41753_6,346,151.9,2.3e-43,2.8,336,151.3,2.9e-46,3.5e-43,2.8,workflow/out/asr_HMMER/domtbl/Stool_8_asr_A.domtblout
k141_21300_13/48-341,k141_21300_13,346,149.2,1.5e-42,3.7,294,148.9,1.6e-45,1.9e-42,3.7,workflow/out/asr_HMMER/domtbl/Stool_8_asr_A.domtblout
k141_150288_1/2-325,k141_150288_1,328,146.9,7.4e-42,6.1,324,146.5,8.3e-45,1e-41,6.1,workflow/out/asr_HMMER/domtbl/Stool_8_asr_A.domtblout
k141_120829_81/49-338,k141_120829_81,342,141.9,2.5e-40,2.2,290,141.5,2.7e-43,3.3e-40,2.2,workflow/out/asr_HMMER/domtbl/Stool_8_asr_A.domtblout
k141_81436_2/2-345,k141_81436_2,354,137.6,5.1e-39,6.6,344,136.4,9.9e-42,1.2e-38,6.6,workflow/out/asr_HMMER/domtbl/Stool_8_asr_A.domtblout
k141_120829_80/195-227,k141_120829_80,323,19.7,0.0039,16.0,33,17.6,1.4e-05,0.017,7.2,workflow/out/asr_HMMER/domtbl/Stool_8_asr_A.domtblout
k141_85248_173/160-188,k141_85248_173,283,18.7,0.0075,7.6,29,12.1,0.00062,0.74,2.6,workflow/out/asr_HMMER/domtbl/Stool_8_asr_A.domtblout
k141_85248_173/220-235,k141_85248_173,283,18.7,0.0075,7.6,16,9.1,0.0051,6.2,0.2,workflow/out/asr_HMMER/domtbl/Stool_8_asr_A.domtblout
k141_158209_2/19-54,k141_158209_2,95,18.5,0.0084,9.2,36,16.2,3.5e-05,0.043,0.8,workflow/out/asr_HMMER/domtbl/Stool_8_asr_A.domtblout
k141_90424_7/153-169,k141_90424_7,518,18.3,0.01,2.9,17,11.6,0.00091,1.1,0.8,workflow/out/asr_HMMER/domtbl/Stool_8_asr_A.domtblout
k141_41748_152/355-383,k141_41748_152,387,18.2,0.01,0.9,29,12.9,0.00036,0.44,0.1,workflow/out/asr_HMMER/domtbl/Stool_8_asr_A.domtblout
