k141_47288_8/3-262,k141_47288_8,263,422.0,6.4e-126,0.5,260,421.9,4.8e-129,7.2e-126,0.5,workflow/out/asr_HMMER/domtbl/Capsule_2_asr_B.domtblout
k141_104067_4/2-263,k141_104067_4,264,418.3,9e-125,2.9,262,418.1,6.7e-128,1e-124,2.9,workflow/out/asr_HMMER/domtbl/Capsule_2_asr_B.domtblout
k141_37283_33/6-271,k141_37283_33,281,186.5,4.6e-54,0.0,266,186.3,3.6e-57,5.3e-54,0.0,workflow/out/asr_HMMER/domtbl/Capsule_2_asr_B.domtblout
k141_15437_3/15-273,k141_15437_3,285,185.2,1.1e-53,0.1,259,184.9,9.3e-57,1.4e-53,0.1,workflow/out/asr_HMMER/domtbl/Capsule_2_asr_B.domtblout
k141_136349_22/8-272,k141_136349_22,279,181.5,1.5e-52,0.0,265,181.3,1.2e-55,1.8e-52,0.0,workflow/out/asr_HMMER/domtbl/Capsule_2_asr_B.domtblout
k141_30139_1/23-289,k141_30139_1,294,167.4,3e-48,0.0,267,167.2,2.4e-51,3.6e-48,0.0,workflow/out/asr_HMMER/domtbl/Capsule_2_asr_B.domtblout
k141_8531_1/405-631,k141_8531_1,640,160.7,3.4e-46,0.0,227,160.1,3.5e-49,5.3e-46,0.0,workflow/out/asr_HMMER/domtbl/Capsule_2_asr_B.domtblout
k141_78977_2/404-663,k141_78977_2,672,152.8,8.9e-44,0.0,260,152.2,9.1e-47,1.4e-43,0.0,workflow/out/asr_HMMER/domtbl/Capsule_2_asr_B.domtblout
k141_59769_10/25-251,k141_59769_10,296,87.4,8e-24,2.9,227,86.7,8.4e-27,1.3e-23,2.9,workflow/out/asr_HMMER/domtbl/Capsule_2_asr_B.domtblout
k141_24532_30/26-252,k141_24532_30,297,85.9,2.3e-23,2.4,227,85.9,1.5e-26,2.3e-23,2.4,workflow/out/asr_HMMER/domtbl/Capsule_2_asr_B.domtblout
k141_21427_20/25-252,k141_21427_20,297,85.5,3e-23,1.1,228,85.2,2.5e-26,3.7e-23,1.1,workflow/out/asr_HMMER/domtbl/Capsule_2_asr_B.domtblout
k141_68022_11/25-252,k141_68022_11,295,85.5,3.1e-23,0.3,228,85.1,2.7e-26,4e-23,0.3,workflow/out/asr_HMMER/domtbl/Capsule_2_asr_B.domtblout
k141_121944_7/25-252,k141_121944_7,295,84.0,8.7e-23,3.6,228,83.6,7.6e-26,1.1e-22,3.6,workflow/out/asr_HMMER/domtbl/Capsule_2_asr_B.domtblout
k141_79714_2/26-251,k141_79714_2,255,81.4,5.4e-22,1.1,226,80.9,5.1e-25,7.6e-22,1.1,workflow/out/asr_HMMER/domtbl/Capsule_2_asr_B.domtblout
k141_69242_4/26-251,k141_69242_4,296,81.3,5.7e-22,2.9,226,80.6,6.5e-25,9.7e-22,2.9,workflow/out/asr_HMMER/domtbl/Capsule_2_asr_B.domtblout
k141_18303_83/26-251,k141_18303_83,296,81.1,6.8e-22,1.8,226,80.7,6e-25,9e-22,1.8,workflow/out/asr_HMMER/domtbl/Capsule_2_asr_B.domtblout
k141_41736_2/26-251,k141_41736_2,293,79.9,1.5e-21,3.2,226,79.6,1.3e-24,1.9e-21,3.2,workflow/out/asr_HMMER/domtbl/Capsule_2_asr_B.domtblout
k141_85791_16/27-251,k141_85791_16,294,79.7,1.7e-21,1.8,225,79.3,1.6e-24,2.4e-21,1.8,workflow/out/asr_HMMER/domtbl/Capsule_2_asr_B.domtblout
k141_100822_82/27-251,k141_100822_82,293,77.2,1e-20,2.3,225,76.8,9.2e-24,1.4e-20,2.3,workflow/out/asr_HMMER/domtbl/Capsule_2_asr_B.domtblout
k141_47040_4/26-252,k141_47040_4,295,76.5,1.7e-20,0.0,227,76.0,1.6e-23,2.3e-20,0.0,workflow/out/asr_HMMER/domtbl/Capsule_2_asr_B.domtblout
k141_73062_9/26-252,k141_73062_9,295,76.5,1.7e-20,0.0,227,76.0,1.6e-23,2.3e-20,0.0,workflow/out/asr_HMMER/domtbl/Capsule_2_asr_B.domtblout
k141_65361_16/25-251,k141_65361_16,293,76.1,2.3e-20,2.6,227,75.8,1.9e-23,2.8e-20,2.6,workflow/out/asr_HMMER/domtbl/Capsule_2_asr_B.domtblout
k141_62702_2/26-252,k141_62702_2,295,76.0,2.4e-20,0.1,227,75.5,2.2e-23,3.4e-20,0.1,workflow/out/asr_HMMER/domtbl/Capsule_2_asr_B.domtblout
k141_16838_41/37-256,k141_16838_41,260,75.2,4.1e-20,0.0,220,74.7,3.8e-23,5.8e-20,0.0,workflow/out/asr_HMMER/domtbl/Capsule_2_asr_B.domtblout
k141_42222_45/21-239,k141_42222_45,247,73.7,1.2e-19,1.8,219,72.1,2.4e-22,3.6e-19,1.8,workflow/out/asr_HMMER/domtbl/Capsule_2_asr_B.domtblout
k141_20708_2/26-252,k141_20708_2,295,72.9,2.1e-19,3.8,227,72.6,1.8e-22,2.6e-19,3.8,workflow/out/asr_HMMER/domtbl/Capsule_2_asr_B.domtblout
k141_26419_62/21-239,k141_26419_62,247,71.8,4.4e-19,0.5,219,70.8,6e-22,8.9e-19,0.5,workflow/out/asr_HMMER/domtbl/Capsule_2_asr_B.domtblout
k141_119946_19/8-239,k141_119946_19,247,71.4,6.1e-19,1.3,232,69.7,1.3e-21,2e-18,1.3,workflow/out/asr_HMMER/domtbl/Capsule_2_asr_B.domtblout
k141_24196_26/29-252,k141_24196_26,259,71.2,6.8e-19,0.2,224,70.2,9.1e-22,1.4e-18,0.2,workflow/out/asr_HMMER/domtbl/Capsule_2_asr_B.domtblout
k141_16227_10/32-256,k141_16227_10,263,70.8,8.9e-19,0.6,225,69.1,2e-21,3e-18,0.6,workflow/out/asr_HMMER/domtbl/Capsule_2_asr_B.domtblout
k141_63920_7/31-247,k141_63920_7,254,70.7,9.7e-19,0.3,217,70.2,9.1e-22,1.4e-18,0.3,workflow/out/asr_HMMER/domtbl/Capsule_2_asr_B.domtblout
k141_22208_1/19-237,k141_22208_1,277,70.5,1.1e-18,1.0,219,70.1,1e-21,1.5e-18,1.0,workflow/out/asr_HMMER/domtbl/Capsule_2_asr_B.domtblout
k141_71318_18/31-254,k141_71318_18,261,70.3,1.3e-18,0.8,224,69.0,2.2e-21,3.4e-18,0.8,workflow/out/asr_HMMER/domtbl/Capsule_2_asr_B.domtblout
k141_115585_2/14-262,k141_115585_2,269,70.1,1.5e-18,3.6,249,68.9,2.3e-21,3.4e-18,3.6,workflow/out/asr_HMMER/domtbl/Capsule_2_asr_B.domtblout
k141_41111_94/20-240,k141_41111_94,248,70.0,1.6e-18,3.3,221,67.2,7.9e-21,1.2e-17,3.3,workflow/out/asr_HMMER/domtbl/Capsule_2_asr_B.domtblout
k141_94048_35/27-252,k141_94048_35,297,69.1,3e-18,3.4,226,68.7,2.7e-21,4.1e-18,3.4,workflow/out/asr_HMMER/domtbl/Capsule_2_asr_B.domtblout
k141_41232_1/27-252,k141_41232_1,297,68.0,6.7e-18,1.6,226,67.5,6.3e-21,9.5e-18,1.6,workflow/out/asr_HMMER/domtbl/Capsule_2_asr_B.domtblout
k141_98987_4/31-261,k141_98987_4,267,67.7,8.2e-18,1.3,231,66.5,1.3e-20,1.9e-17,1.3,workflow/out/asr_HMMER/domtbl/Capsule_2_asr_B.domtblout
k141_121327_5/34-253,k141_121327_5,258,67.6,8.8e-18,1.7,220,66.0,1.8e-20,2.7e-17,1.7,workflow/out/asr_HMMER/domtbl/Capsule_2_asr_B.domtblout
k141_64856_17/28-243,k141_64856_17,266,67.4,1e-17,3.5,216,67.0,9e-21,1.4e-17,3.5,workflow/out/asr_HMMER/domtbl/Capsule_2_asr_B.domtblout
k141_79093_53/33-258,k141_79093_53,265,67.1,1.2e-17,0.8,226,66.1,1.7e-20,2.5e-17,0.8,workflow/out/asr_HMMER/domtbl/Capsule_2_asr_B.domtblout
k141_55961_38/28-243,k141_55961_38,266,66.7,1.7e-17,3.5,216,66.3,1.5e-20,2.2e-17,3.5,workflow/out/asr_HMMER/domtbl/Capsule_2_asr_B.domtblout
k141_114228_50/26-243,k141_114228_50,764,66.6,1.7e-17,3.9,218,65.1,3.3e-20,4.9e-17,3.9,workflow/out/asr_HMMER/domtbl/Capsule_2_asr_B.domtblout
k141_62848_21/34-256,k141_62848_21,262,66.1,2.5e-17,0.1,223,65.8,2.1e-20,3.1e-17,0.1,workflow/out/asr_HMMER/domtbl/Capsule_2_asr_B.domtblout
k141_104228_3/35-231,k141_104228_3,237,66.1,2.5e-17,0.0,197,65.6,2.4e-20,3.7e-17,0.0,workflow/out/asr_HMMER/domtbl/Capsule_2_asr_B.domtblout
k141_26784_4/37-253,k141_26784_4,260,66.1,2.5e-17,1.0,217,65.0,3.6e-20,5.3e-17,0.9,workflow/out/asr_HMMER/domtbl/Capsule_2_asr_B.domtblout
k141_48478_2/34-247,k141_48478_2,256,66.0,2.7e-17,0.1,214,65.6,2.4e-20,3.6e-17,0.1,workflow/out/asr_HMMER/domtbl/Capsule_2_asr_B.domtblout
k141_11241_60/28-246,k141_11241_60,284,65.7,3.3e-17,0.3,219,65.3,2.9e-20,4.3e-17,0.3,workflow/out/asr_HMMER/domtbl/Capsule_2_asr_B.domtblout
k141_128336_7/34-252,k141_128336_7,260,65.6,3.5e-17,0.1,219,65.1,3.3e-20,5e-17,0.1,workflow/out/asr_HMMER/domtbl/Capsule_2_asr_B.domtblout
k141_31913_10/34-253,k141_31913_10,259,65.6,3.5e-17,0.0,220,65.2,3.2e-20,4.8e-17,0.0,workflow/out/asr_HMMER/domtbl/Capsule_2_asr_B.domtblout
k141_91821_53/33-253,k141_91821_53,259,65.6,3.6e-17,0.0,221,65.2,3.2e-20,4.8e-17,0.0,workflow/out/asr_HMMER/domtbl/Capsule_2_asr_B.domtblout
k141_43332_35/27-243,k141_43332_35,764,65.5,3.7e-17,3.2,217,63.8,8.6e-20,1.3e-16,3.2,workflow/out/asr_HMMER/domtbl/Capsule_2_asr_B.domtblout
k141_42326_28/35-252,k141_42326_28,259,65.3,4.4e-17,0.0,218,64.9,3.9e-20,5.9e-17,0.0,workflow/out/asr_HMMER/domtbl/Capsule_2_asr_B.domtblout
k141_11309_1/26-227,k141_11309_1,229,64.9,5.7e-17,1.6,202,64.7,4.6e-20,6.9e-17,1.6,workflow/out/asr_HMMER/domtbl/Capsule_2_asr_B.domtblout
k141_138416_4/28-246,k141_138416_4,280,64.5,7.8e-17,0.1,219,64.0,7.1e-20,1.1e-16,0.1,workflow/out/asr_HMMER/domtbl/Capsule_2_asr_B.domtblout
k141_120660_10/24-244,k141_120660_10,281,64.4,8.1e-17,3.5,221,64.0,7.1e-20,1.1e-16,3.5,workflow/out/asr_HMMER/domtbl/Capsule_2_asr_B.domtblout
k141_37431_25/26-243,k141_37431_25,767,63.7,1.3e-16,4.2,218,62.5,2.1e-19,3.1e-16,4.2,workflow/out/asr_HMMER/domtbl/Capsule_2_asr_B.domtblout
k141_14853_18/24-254,k141_14853_18,261,62.8,2.5e-16,0.7,231,61.7,3.7e-19,5.6e-16,0.7,workflow/out/asr_HMMER/domtbl/Capsule_2_asr_B.domtblout
k141_52416_10/31-254,k141_52416_10,261,62.2,3.9e-16,1.5,224,60.7,7.5e-19,1.1e-15,1.5,workflow/out/asr_HMMER/domtbl/Capsule_2_asr_B.domtblout
k141_10415_73/28-243,k141_10415_73,266,62.2,4e-16,2.6,216,61.7,3.5e-19,5.3e-16,2.6,workflow/out/asr_HMMER/domtbl/Capsule_2_asr_B.domtblout
k141_76405_1/17-213,k141_76405_1,218,62.1,4.1e-16,2.4,197,59.0,2.4e-18,3.6e-15,2.4,workflow/out/asr_HMMER/domtbl/Capsule_2_asr_B.domtblout
k141_32036_11/34-253,k141_32036_11,259,62.0,4.5e-16,0.0,220,61.6,3.9e-19,5.9e-16,0.0,workflow/out/asr_HMMER/domtbl/Capsule_2_asr_B.domtblout
k141_39157_31/71-290,k141_39157_31,296,61.9,4.9e-16,0.0,220,61.3,4.9e-19,7.3e-16,0.0,workflow/out/asr_HMMER/domtbl/Capsule_2_asr_B.domtblout
k141_100127_4/36-254,k141_100127_4,293,61.8,5.1e-16,1.3,219,61.3,4.8e-19,7.3e-16,1.3,workflow/out/asr_HMMER/domtbl/Capsule_2_asr_B.domtblout
k141_87356_4/31-255,k141_87356_4,262,61.4,7e-16,1.6,225,60.3,1e-18,1.5e-15,1.6,workflow/out/asr_HMMER/domtbl/Capsule_2_asr_B.domtblout
k141_36752_2/31-249,k141_36752_2,256,61.3,7.4e-16,0.8,219,59.4,1.9e-18,2.8e-15,0.8,workflow/out/asr_HMMER/domtbl/Capsule_2_asr_B.domtblout
k141_88788_5/34-253,k141_88788_5,259,60.0,1.8e-15,0.0,220,59.6,1.6e-18,2.4e-15,0.0,workflow/out/asr_HMMER/domtbl/Capsule_2_asr_B.domtblout
k141_2786_4/26-244,k141_2786_4,281,59.2,3.2e-15,2.9,219,58.8,2.8e-18,4.1e-15,2.9,workflow/out/asr_HMMER/domtbl/Capsule_2_asr_B.domtblout
k141_121944_23/33-249,k141_121944_23,278,59.2,3.2e-15,0.1,217,58.4,3.8e-18,5.6e-15,0.1,workflow/out/asr_HMMER/domtbl/Capsule_2_asr_B.domtblout
k141_106575_15/30-254,k141_106575_15,262,58.4,5.6e-15,0.1,225,57.4,7.3e-18,1.1e-14,0.1,workflow/out/asr_HMMER/domtbl/Capsule_2_asr_B.domtblout
k141_23752_29/35-251,k141_23752_29,259,58.1,6.9e-15,1.2,217,56.0,2.1e-17,3.1e-14,1.2,workflow/out/asr_HMMER/domtbl/Capsule_2_asr_B.domtblout
k141_95061_98/35-253,k141_95061_98,259,58.1,6.9e-15,0.1,219,57.6,6.5e-18,9.8e-15,0.1,workflow/out/asr_HMMER/domtbl/Capsule_2_asr_B.domtblout
k141_35208_8/28-243,k141_35208_8,767,57.7,9.2e-15,2.5,216,55.0,4.2e-17,6.3e-14,1.2,workflow/out/asr_HMMER/domtbl/Capsule_2_asr_B.domtblout
k141_114049_6/34-254,k141_114049_6,260,57.1,1.4e-14,0.5,221,56.6,1.3e-17,2e-14,0.5,workflow/out/asr_HMMER/domtbl/Capsule_2_asr_B.domtblout
k141_39096_1/3-104,k141_39096_1,211,57.0,1.5e-14,8.7,102,38.2,5.4e-12,8e-09,0.4,workflow/out/asr_HMMER/domtbl/Capsule_2_asr_B.domtblout
k141_39096_1/132-201,k141_39096_1,211,57.0,1.5e-14,8.7,70,22.2,4.2e-07,0.00063,3.4,workflow/out/asr_HMMER/domtbl/Capsule_2_asr_B.domtblout
k141_113500_73/34-254,k141_113500_73,260,56.1,2.8e-14,0.6,221,55.7,2.5e-17,3.8e-14,0.6,workflow/out/asr_HMMER/domtbl/Capsule_2_asr_B.domtblout
k141_103151_8/29-247,k141_103151_8,277,56.0,3.1e-14,3.0,219,55.6,2.6e-17,3.9e-14,3.0,workflow/out/asr_HMMER/domtbl/Capsule_2_asr_B.domtblout
k141_8509_109/249-415,k141_8509_109,421,54.8,7e-14,0.6,167,53.5,1.1e-16,1.7e-13,0.0,workflow/out/asr_HMMER/domtbl/Capsule_2_asr_B.domtblout
k141_50956_61/249-415,k141_50956_61,421,54.6,8.2e-14,0.8,167,53.3,1.3e-16,2e-13,0.0,workflow/out/asr_HMMER/domtbl/Capsule_2_asr_B.domtblout
k141_120825_30/249-415,k141_120825_30,421,54.2,1.1e-13,0.1,167,52.0,3.3e-16,5e-13,0.0,workflow/out/asr_HMMER/domtbl/Capsule_2_asr_B.domtblout
k141_10993_96/34-251,k141_10993_96,259,53.3,2e-13,2.4,218,51.5,4.7e-16,7e-13,2.4,workflow/out/asr_HMMER/domtbl/Capsule_2_asr_B.domtblout
k141_72976_180/249-415,k141_72976_180,421,52.8,2.8e-13,1.2,167,52.0,3.3e-16,5e-13,0.0,workflow/out/asr_HMMER/domtbl/Capsule_2_asr_B.domtblout
k141_129693_16/250-415,k141_129693_16,423,52.6,3.3e-13,0.3,166,50.7,8.3e-16,1.2e-12,0.0,workflow/out/asr_HMMER/domtbl/Capsule_2_asr_B.domtblout
k141_96724_3/33-280,k141_96724_3,287,51.9,5.4e-13,5.3,248,46.3,1.8e-14,2.7e-11,5.3,workflow/out/asr_HMMER/domtbl/Capsule_2_asr_B.domtblout
k141_71319_31/259-422,k141_71319_31,430,50.4,1.5e-12,0.0,164,47.0,1.1e-14,1.7e-11,0.0,workflow/out/asr_HMMER/domtbl/Capsule_2_asr_B.domtblout
k141_84810_22/17-231,k141_84810_22,340,50.4,1.6e-12,0.0,215,50.4,1.1e-15,1.6e-12,0.0,workflow/out/asr_HMMER/domtbl/Capsule_2_asr_B.domtblout
k141_62848_14/258-421,k141_62848_14,429,49.8,2.3e-12,0.3,164,47.1,1.1e-14,1.6e-11,0.0,workflow/out/asr_HMMER/domtbl/Capsule_2_asr_B.domtblout
k141_63258_16/252-416,k141_63258_16,423,49.3,3.3e-12,0.5,165,47.9,6.1e-15,9.1e-12,0.0,workflow/out/asr_HMMER/domtbl/Capsule_2_asr_B.domtblout
k141_15421_15/252-416,k141_15421_15,423,48.9,4.6e-12,1.5,165,48.3,4.5e-15,6.7e-12,0.0,workflow/out/asr_HMMER/domtbl/Capsule_2_asr_B.domtblout
k141_100326_75/252-416,k141_100326_75,423,48.8,4.6e-12,0.5,165,47.2,9.7e-15,1.4e-11,0.0,workflow/out/asr_HMMER/domtbl/Capsule_2_asr_B.domtblout
k141_17770_38/252-416,k141_17770_38,423,48.7,5.2e-12,0.8,165,47.2,9.7e-15,1.4e-11,0.0,workflow/out/asr_HMMER/domtbl/Capsule_2_asr_B.domtblout
k141_105837_4/252-416,k141_105837_4,423,48.4,6.2e-12,0.1,165,45.8,2.6e-14,3.9e-11,0.0,workflow/out/asr_HMMER/domtbl/Capsule_2_asr_B.domtblout
k141_63289_2/254-418,k141_63289_2,425,48.4,6.4e-12,0.5,165,46.9,1.2e-14,1.7e-11,0.0,workflow/out/asr_HMMER/domtbl/Capsule_2_asr_B.domtblout
k141_56483_6/246-407,k141_56483_6,412,48.1,8e-12,0.0,162,47.1,1e-14,1.5e-11,0.0,workflow/out/asr_HMMER/domtbl/Capsule_2_asr_B.domtblout
k141_86785_70/252-416,k141_86785_70,423,47.9,8.9e-12,0.0,165,47.1,1e-14,1.6e-11,0.0,workflow/out/asr_HMMER/domtbl/Capsule_2_asr_B.domtblout
k141_64106_4/254-418,k141_64106_4,425,47.9,9e-12,0.5,165,46.5,1.6e-14,2.4e-11,0.0,workflow/out/asr_HMMER/domtbl/Capsule_2_asr_B.domtblout
k141_20364_3/253-415,k141_20364_3,422,47.7,1e-11,0.0,163,47.7,6.7e-15,1e-11,0.0,workflow/out/asr_HMMER/domtbl/Capsule_2_asr_B.domtblout
k141_83955_3/254-418,k141_83955_3,425,47.7,1.1e-11,1.1,165,46.9,1.2e-14,1.7e-11,0.0,workflow/out/asr_HMMER/domtbl/Capsule_2_asr_B.domtblout
k141_64729_1/28-200,k141_64729_1,217,45.9,3.7e-11,0.0,173,45.7,2.9e-14,4.3e-11,0.0,workflow/out/asr_HMMER/domtbl/Capsule_2_asr_B.domtblout
k141_70983_2/27-179,k141_70983_2,180,43.3,2.3e-10,0.2,153,43.1,1.8e-13,2.6e-10,0.2,workflow/out/asr_HMMER/domtbl/Capsule_2_asr_B.domtblout
k141_93187_151/8-218,k141_93187_151,323,41.0,1.1e-09,0.7,211,40.1,1.4e-12,2.2e-09,0.0,workflow/out/asr_HMMER/domtbl/Capsule_2_asr_B.domtblout
k141_132229_1/14-154,k141_132229_1,160,39.7,2.8e-09,0.0,141,39.5,2.1e-12,3.2e-09,0.0,workflow/out/asr_HMMER/domtbl/Capsule_2_asr_B.domtblout
k141_107875_5/60-237,k141_107875_5,272,38.6,6.3e-09,0.1,178,36.9,1.4e-11,2e-08,0.1,workflow/out/asr_HMMER/domtbl/Capsule_2_asr_B.domtblout
k141_93577_2/40-236,k141_93577_2,270,37.4,1.4e-08,0.1,197,33.3,1.8e-10,2.6e-07,0.1,workflow/out/asr_HMMER/domtbl/Capsule_2_asr_B.domtblout
k141_61264_1/8-148,k141_61264_1,153,32.3,5e-07,4.1,141,30.4,1.3e-09,1.9e-06,4.1,workflow/out/asr_HMMER/domtbl/Capsule_2_asr_B.domtblout
k141_118757_1/22-110,k141_118757_1,131,31.8,7.2e-07,0.6,89,31.6,5.5e-10,8.3e-07,0.6,workflow/out/asr_HMMER/domtbl/Capsule_2_asr_B.domtblout
k141_69154_1/3-83,k141_69154_1,126,26.6,2.8e-05,0.4,81,26.3,2.3e-08,3.4e-05,0.4,workflow/out/asr_HMMER/domtbl/Capsule_2_asr_B.domtblout
k141_76826_2/57-139,k141_76826_2,146,25.0,8.8e-05,0.7,83,24.0,1.1e-07,0.00017,0.7,workflow/out/asr_HMMER/domtbl/Capsule_2_asr_B.domtblout
k141_130640_2/29-117,k141_130640_2,125,22.8,0.00039,0.0,89,22.5,3.3e-07,0.00049,0.0,workflow/out/asr_HMMER/domtbl/Capsule_2_asr_B.domtblout
k141_3906_1/85-265,k141_3906_1,288,22.2,0.00062,7.8,181,16.0,3.3e-05,0.049,7.8,workflow/out/asr_HMMER/domtbl/Capsule_2_asr_B.domtblout
k141_112427_73/7-184,k141_112427_73,234,21.4,0.0011,0.0,178,21.1,9e-07,0.0013,0.0,workflow/out/asr_HMMER/domtbl/Capsule_2_asr_B.domtblout
k141_117987_160/104-241,k141_117987_160,357,20.7,0.0018,0.0,138,20.0,1.9e-06,0.0029,0.0,workflow/out/asr_HMMER/domtbl/Capsule_2_asr_B.domtblout
k141_32593_36/224-386,k141_32593_36,397,20.2,0.0024,0.0,163,19.0,3.9e-06,0.0058,0.0,workflow/out/asr_HMMER/domtbl/Capsule_2_asr_B.domtblout
k141_5747_1/16-78,k141_5747_1,84,20.0,0.003,0.5,63,19.8,2.3e-06,0.0034,0.5,workflow/out/asr_HMMER/domtbl/Capsule_2_asr_B.domtblout
k141_398459_3/3-262,k141_398459_3,263,434.1,3.8e-129,0.2,260,433.9,3.1e-132,4.2e-129,0.2,workflow/out/asr_HMMER/domtbl/Stool_11_asr_B.domtblout
k141_419603_97/3-263,k141_419603_97,264,425.5,1.7e-126,0.2,261,425.3,1.3e-129,1.9e-126,0.2,workflow/out/asr_HMMER/domtbl/Stool_11_asr_B.domtblout
k141_325883_3/2-234,k141_325883_3,235,393.5,9.6e-117,0.2,233,393.3,7.6e-120,1.1e-116,0.2,workflow/out/asr_HMMER/domtbl/Stool_11_asr_B.domtblout
k141_33237_26/4-263,k141_33237_26,264,348.9,3.7e-103,0.4,260,348.7,3.1e-106,4.3e-103,0.4,workflow/out/asr_HMMER/domtbl/Stool_11_asr_B.domtblout
k141_21402_15/6-265,k141_21402_15,266,332.0,5.4e-98,0.1,260,331.8,4.4e-101,6.2e-98,0.1,workflow/out/asr_HMMER/domtbl/Stool_11_asr_B.domtblout
k141_268679_3/4-263,k141_268679_3,264,329.3,3.6e-97,0.3,260,329.1,3e-100,4.2e-97,0.3,workflow/out/asr_HMMER/domtbl/Stool_11_asr_B.domtblout
k141_268620_59/30-296,k141_268620_59,301,231.7,2.2e-67,0.0,267,231.5,1.8e-70,2.5e-67,0.0,workflow/out/asr_HMMER/domtbl/Stool_11_asr_B.domtblout
k141_436195_1/1-179,k141_436195_1,180,222.9,1e-64,0.2,179,222.8,8.2e-68,1.1e-64,0.2,workflow/out/asr_HMMER/domtbl/Stool_11_asr_B.domtblout
k141_179381_160/5-270,k141_179381_160,275,205.4,2.2e-59,0.3,266,205.2,1.9e-62,2.7e-59,0.3,workflow/out/asr_HMMER/domtbl/Stool_11_asr_B.domtblout
k141_107946_61/7-272,k141_107946_61,278,200.1,9.2e-58,0.0,266,200.0,7.4e-61,1e-57,0.0,workflow/out/asr_HMMER/domtbl/Stool_11_asr_B.domtblout
k141_350392_3/6-265,k141_350392_3,276,196.2,1.5e-56,0.8,260,195.9,1.3e-59,1.8e-56,0.8,workflow/out/asr_HMMER/domtbl/Stool_11_asr_B.domtblout
k141_263478_25/7-267,k141_263478_25,276,196.2,1.5e-56,0.1,261,195.9,1.3e-59,1.8e-56,0.1,workflow/out/asr_HMMER/domtbl/Stool_11_asr_B.domtblout
k141_266964_1/7-267,k141_266964_1,271,193.7,8.6e-56,0.1,261,193.6,6.7e-59,9.3e-56,0.1,workflow/out/asr_HMMER/domtbl/Stool_11_asr_B.domtblout
k141_19646_4/13-273,k141_19646_4,285,193.7,8.6e-56,0.3,261,193.4,7.4e-59,1e-55,0.3,workflow/out/asr_HMMER/domtbl/Stool_11_asr_B.domtblout
k141_221358_11/6-267,k141_221358_11,276,193.7,8.7e-56,0.7,262,193.4,7.6e-59,1.1e-55,0.7,workflow/out/asr_HMMER/domtbl/Stool_11_asr_B.domtblout
k141_395500_31/7-270,k141_395500_31,276,190.8,6.6e-55,0.1,264,190.6,5.3e-58,7.3e-55,0.1,workflow/out/asr_HMMER/domtbl/Stool_11_asr_B.domtblout
k141_182724_81/7-268,k141_182724_81,277,190.2,9.8e-55,0.2,262,190.0,8e-58,1.1e-54,0.2,workflow/out/asr_HMMER/domtbl/Stool_11_asr_B.domtblout
k141_42419_1/15-273,k141_42419_1,285,189.9,1.2e-54,0.3,259,189.6,1.1e-57,1.5e-54,0.3,workflow/out/asr_HMMER/domtbl/Stool_11_asr_B.domtblout
k141_450604_3/7-265,k141_450604_3,277,188.6,3e-54,0.3,259,188.4,2.6e-57,3.6e-54,0.3,workflow/out/asr_HMMER/domtbl/Stool_11_asr_B.domtblout
k141_220769_2/5-265,k141_220769_2,275,188.2,3.9e-54,0.1,261,188.1,3.2e-57,4.4e-54,0.1,workflow/out/asr_HMMER/domtbl/Stool_11_asr_B.domtblout
k141_11785_6/7-266,k141_11785_6,275,187.0,9.6e-54,0.0,260,186.8,7.7e-57,1.1e-53,0.0,workflow/out/asr_HMMER/domtbl/Stool_11_asr_B.domtblout
k141_163337_18/10-268,k141_163337_18,280,186.7,1.1e-53,0.1,259,186.5,9.6e-57,1.3e-53,0.1,workflow/out/asr_HMMER/domtbl/Stool_11_asr_B.domtblout
k141_54175_2/6-267,k141_54175_2,276,186.5,1.3e-53,0.0,262,186.3,1.1e-56,1.5e-53,0.0,workflow/out/asr_HMMER/domtbl/Stool_11_asr_B.domtblout
k141_132417_49/8-273,k141_132417_49,282,186.2,1.6e-53,0.0,266,185.9,1.5e-56,2.1e-53,0.0,workflow/out/asr_HMMER/domtbl/Stool_11_asr_B.domtblout
k141_52941_9/15-273,k141_52941_9,285,185.6,2.5e-53,0.3,259,185.1,2.5e-56,3.5e-53,0.3,workflow/out/asr_HMMER/domtbl/Stool_11_asr_B.domtblout
k141_197758_38/15-274,k141_197758_38,286,185.6,2.5e-53,0.1,260,185.2,2.4e-56,3.3e-53,0.1,workflow/out/asr_HMMER/domtbl/Stool_11_asr_B.domtblout
k141_368560_3/6-266,k141_368560_3,276,185.3,3.1e-53,0.1,261,185.1,2.5e-56,3.5e-53,0.1,workflow/out/asr_HMMER/domtbl/Stool_11_asr_B.domtblout
k141_249942_5/15-273,k141_249942_5,285,185.0,3.8e-53,0.1,259,184.7,3.3e-56,4.6e-53,0.1,workflow/out/asr_HMMER/domtbl/Stool_11_asr_B.domtblout
k141_241342_9/6-271,k141_241342_9,281,184.9,4e-53,0.0,266,184.7,3.4e-56,4.7e-53,0.0,workflow/out/asr_HMMER/domtbl/Stool_11_asr_B.domtblout
k141_285650_81/10-272,k141_285650_81,278,184.5,5.6e-53,0.1,263,184.3,4.5e-56,6.2e-53,0.1,workflow/out/asr_HMMER/domtbl/Stool_11_asr_B.domtblout
k141_214574_2/14-273,k141_214574_2,285,184.0,7.9e-53,0.2,260,183.6,7.1e-56,9.9e-53,0.2,workflow/out/asr_HMMER/domtbl/Stool_11_asr_B.domtblout
k141_191304_1/10-267,k141_191304_1,278,183.3,1.2e-52,0.1,258,183.2,9.9e-56,1.4e-52,0.1,workflow/out/asr_HMMER/domtbl/Stool_11_asr_B.domtblout
k141_12113_3/1-227,k141_12113_3,236,182.4,2.4e-52,0.2,227,182.1,2.1e-55,2.9e-52,0.2,workflow/out/asr_HMMER/domtbl/Stool_11_asr_B.domtblout
k141_321635_1/8-272,k141_321635_1,279,180.6,8.6e-52,0.0,265,180.3,7.5e-55,1e-51,0.0,workflow/out/asr_HMMER/domtbl/Stool_11_asr_B.domtblout
k141_453019_2/15-279,k141_453019_2,285,180.3,1.1e-51,0.3,265,179.8,1.1e-54,1.5e-51,0.3,workflow/out/asr_HMMER/domtbl/Stool_11_asr_B.domtblout
k141_101091_5/15-279,k141_101091_5,285,180.3,1.1e-51,0.3,265,179.8,1.1e-54,1.5e-51,0.3,workflow/out/asr_HMMER/domtbl/Stool_11_asr_B.domtblout
k141_134229_2/15-273,k141_134229_2,285,178.8,3.1e-51,0.0,259,178.4,2.8e-54,3.8e-51,0.0,workflow/out/asr_HMMER/domtbl/Stool_11_asr_B.domtblout
k141_460709_11/15-273,k141_460709_11,285,177.0,1.1e-50,0.1,259,176.7,9.5e-54,1.3e-50,0.1,workflow/out/asr_HMMER/domtbl/Stool_11_asr_B.domtblout
k141_452574_3/15-268,k141_452574_3,268,166.9,1.3e-47,0.4,254,166.4,1.3e-50,1.8e-47,0.4,workflow/out/asr_HMMER/domtbl/Stool_11_asr_B.domtblout
k141_158872_13/404-663,k141_158872_13,672,147.1,1.4e-41,0.0,260,146.5,1.6e-44,2.2e-41,0.0,workflow/out/asr_HMMER/domtbl/Stool_11_asr_B.domtblout
k141_158265_1/12-203,k141_158265_1,204,131.1,1.1e-36,0.0,192,130.9,8.6e-40,1.2e-36,0.0,workflow/out/asr_HMMER/domtbl/Stool_11_asr_B.domtblout
k141_484858_3/6-213,k141_484858_3,213,111.5,1e-30,0.0,208,111.3,8.2e-34,1.1e-30,0.0,workflow/out/asr_HMMER/domtbl/Stool_11_asr_B.domtblout
k141_283227_2/7-182,k141_283227_2,187,92.4,7e-25,0.0,176,92.3,5.4e-28,7.5e-25,0.0,workflow/out/asr_HMMER/domtbl/Stool_11_asr_B.domtblout
k141_183317_21/25-251,k141_183317_21,296,88.6,9.6e-24,2.3,227,88.3,9e-27,1.2e-23,2.3,workflow/out/asr_HMMER/domtbl/Stool_11_asr_B.domtblout
k141_148581_48/24-251,k141_148581_48,296,88.6,9.7e-24,2.3,228,88.1,1e-26,1.4e-23,2.3,workflow/out/asr_HMMER/domtbl/Stool_11_asr_B.domtblout
k141_30921_2/27-252,k141_30921_2,296,88.6,9.8e-24,3.0,226,88.2,9.5e-27,1.3e-23,3.0,workflow/out/asr_HMMER/domtbl/Stool_11_asr_B.domtblout
k141_249421_23/25-251,k141_249421_23,296,88.5,1.1e-23,2.5,227,88.1,1e-26,1.4e-23,2.5,workflow/out/asr_HMMER/domtbl/Stool_11_asr_B.domtblout
k141_5355_37/33-249,k141_5355_37,255,88.1,1.4e-23,0.6,217,87.7,1.3e-26,1.8e-23,0.6,workflow/out/asr_HMMER/domtbl/Stool_11_asr_B.domtblout
k141_462539_14/25-251,k141_462539_14,296,87.4,2.3e-23,2.9,227,86.7,2.6e-26,3.6e-23,2.9,workflow/out/asr_HMMER/domtbl/Stool_11_asr_B.domtblout
k141_493667_383/7-252,k141_493667_383,297,87.2,2.6e-23,3.0,246,86.6,2.9e-26,4e-23,3.0,workflow/out/asr_HMMER/domtbl/Stool_11_asr_B.domtblout
k141_162191_10/25-252,k141_162191_10,295,85.8,6.9e-23,0.3,228,85.5,6.4e-26,8.8e-23,0.3,workflow/out/asr_HMMER/domtbl/Stool_11_asr_B.domtblout
k141_47283_2/25-252,k141_47283_2,297,85.5,8.6e-23,1.1,228,85.2,7.8e-26,1.1e-22,1.1,workflow/out/asr_HMMER/domtbl/Stool_11_asr_B.domtblout
k141_339765_9/8-136,k141_339765_9,145,85.2,1.1e-22,0.0,129,85.1,8e-26,1.1e-22,0.0,workflow/out/asr_HMMER/domtbl/Stool_11_asr_B.domtblout
k141_401764_24/5-233,k141_401764_24,241,84.9,1.4e-22,0.2,229,83.7,2.3e-25,3.1e-22,0.2,workflow/out/asr_HMMER/domtbl/Stool_11_asr_B.domtblout
k141_278430_2/27-251,k141_278430_2,296,84.6,1.7e-22,1.6,225,84.2,1.6e-25,2.2e-22,1.6,workflow/out/asr_HMMER/domtbl/Stool_11_asr_B.domtblout
k141_292761_1/5-86,k141_292761_1,86,84.0,2.5e-22,0.0,82,83.9,1.9e-25,2.7e-22,0.0,workflow/out/asr_HMMER/domtbl/Stool_11_asr_B.domtblout
k141_493667_308/26-251,k141_493667_308,296,83.8,2.9e-22,4.9,226,83.8,2.1e-25,2.9e-22,4.9,workflow/out/asr_HMMER/domtbl/Stool_11_asr_B.domtblout
k141_415200_17/34-246,k141_415200_17,254,83.6,3.3e-22,1.6,213,83.2,3e-25,4.2e-22,1.6,workflow/out/asr_HMMER/domtbl/Stool_11_asr_B.domtblout
k141_103417_81/30-250,k141_103417_81,256,83.6,3.3e-22,2.1,221,82.4,5.4e-25,7.4e-22,2.1,workflow/out/asr_HMMER/domtbl/Stool_11_asr_B.domtblout
k141_390948_5/26-251,k141_390948_5,293,83.5,3.6e-22,1.7,226,83.2,3.2e-25,4.5e-22,1.7,workflow/out/asr_HMMER/domtbl/Stool_11_asr_B.domtblout
k141_292347_5/9-244,k141_292347_5,282,83.2,4.4e-22,3.2,236,82.9,3.8e-25,5.3e-22,3.2,workflow/out/asr_HMMER/domtbl/Stool_11_asr_B.domtblout
k141_34730_41/27-252,k141_34730_41,297,82.7,6e-22,3.2,226,82.3,5.9e-25,8.1e-22,3.2,workflow/out/asr_HMMER/domtbl/Stool_11_asr_B.domtblout
k141_462925_122/27-252,k141_462925_122,297,82.3,8e-22,3.0,226,81.9,7.7e-25,1.1e-21,3.0,workflow/out/asr_HMMER/domtbl/Stool_11_asr_B.domtblout
k141_158388_2/23-251,k141_158388_2,296,82.1,9.6e-22,3.0,229,81.6,9.4e-25,1.3e-21,3.0,workflow/out/asr_HMMER/domtbl/Stool_11_asr_B.domtblout
k141_477465_8/26-251,k141_477465_8,255,81.6,1.3e-21,0.9,226,81.1,1.4e-24,1.9e-21,0.9,workflow/out/asr_HMMER/domtbl/Stool_11_asr_B.domtblout
k141_19980_2/26-250,k141_19980_2,293,81.5,1.5e-21,3.0,225,80.9,1.6e-24,2.3e-21,3.0,workflow/out/asr_HMMER/domtbl/Stool_11_asr_B.domtblout
k141_438726_2/26-251,k141_438726_2,296,81.3,1.6e-21,2.5,226,81.3,1.2e-24,1.6e-21,2.5,workflow/out/asr_HMMER/domtbl/Stool_11_asr_B.domtblout
k141_124175_108/26-252,k141_124175_108,294,81.1,1.9e-21,1.7,227,80.8,1.7e-24,2.4e-21,1.7,workflow/out/asr_HMMER/domtbl/Stool_11_asr_B.domtblout
k141_104422_26/26-251,k141_104422_26,296,81.1,1.9e-21,1.8,226,80.7,1.9e-24,2.6e-21,1.8,workflow/out/asr_HMMER/domtbl/Stool_11_asr_B.domtblout
k141_102784_8/18-236,k141_102784_8,243,80.8,2.4e-21,0.0,219,77.9,1.3e-23,1.7e-20,0.0,workflow/out/asr_HMMER/domtbl/Stool_11_asr_B.domtblout
k141_27314_5/26-252,k141_27314_5,295,80.7,2.5e-21,2.1,227,80.3,2.4e-24,3.3e-21,2.1,workflow/out/asr_HMMER/domtbl/Stool_11_asr_B.domtblout
k141_397411_49/31-249,k141_397411_49,258,80.1,3.8e-21,3.3,219,79.7,3.7e-24,5.1e-21,3.3,workflow/out/asr_HMMER/domtbl/Stool_11_asr_B.domtblout
k141_2980_73/18-156,k141_2980_73,244,79.7,5e-21,1.5,139,65.8,6.2e-20,8.6e-17,0.0,workflow/out/asr_HMMER/domtbl/Stool_11_asr_B.domtblout
k141_2980_73/202-236,k141_2980_73,244,79.7,5e-21,1.5,35,13.2,0.0007,0.97,0.5,workflow/out/asr_HMMER/domtbl/Stool_11_asr_B.domtblout
k141_165204_2/27-251,k141_165204_2,294,79.7,5e-21,1.7,225,79.3,4.9e-24,6.7e-21,1.7,workflow/out/asr_HMMER/domtbl/Stool_11_asr_B.domtblout
k141_228469_5/26-251,k141_228469_5,296,79.2,7.5e-21,3.0,226,79.2,5.4e-24,7.5e-21,3.0,workflow/out/asr_HMMER/domtbl/Stool_11_asr_B.domtblout
k141_433369_9/29-251,k141_433369_9,296,79.1,8e-21,4.2,223,78.6,8e-24,1.1e-20,4.2,workflow/out/asr_HMMER/domtbl/Stool_11_asr_B.domtblout
k141_203127_36/26-251,k141_203127_36,293,79.0,8.5e-21,2.9,226,78.7,7.6e-24,1.1e-20,2.9,workflow/out/asr_HMMER/domtbl/Stool_11_asr_B.domtblout
k141_468699_1/3-251,k141_468699_1,276,78.7,1e-20,2.8,249,78.4,8.9e-24,1.2e-20,2.8,workflow/out/asr_HMMER/domtbl/Stool_11_asr_B.domtblout
k141_41094_82/26-251,k141_41094_82,293,78.6,1.1e-20,2.8,226,78.2,1.1e-23,1.5e-20,2.8,workflow/out/asr_HMMER/domtbl/Stool_11_asr_B.domtblout
k141_300116_186/26-252,k141_300116_186,295,78.4,1.2e-20,0.0,227,78.0,1.2e-23,1.7e-20,0.0,workflow/out/asr_HMMER/domtbl/Stool_11_asr_B.domtblout
k141_126333_15/29-256,k141_126333_15,262,78.3,1.3e-20,0.5,228,77.4,1.8e-23,2.5e-20,0.5,workflow/out/asr_HMMER/domtbl/Stool_11_asr_B.domtblout
k141_51372_16/27-251,k141_51372_16,293,78.0,1.7e-20,1.3,225,77.6,1.6e-23,2.2e-20,1.3,workflow/out/asr_HMMER/domtbl/Stool_11_asr_B.domtblout
k141_357304_19/27-253,k141_357304_19,298,77.8,2e-20,2.3,227,77.4,1.9e-23,2.6e-20,2.3,workflow/out/asr_HMMER/domtbl/Stool_11_asr_B.domtblout
k141_102870_84/25-251,k141_102870_84,293,77.7,2.1e-20,3.0,227,77.4,1.8e-23,2.5e-20,3.0,workflow/out/asr_HMMER/domtbl/Stool_11_asr_B.domtblout
k141_100790_25/25-251,k141_100790_25,296,77.7,2.1e-20,2.5,227,77.7,1.5e-23,2.1e-20,2.5,workflow/out/asr_HMMER/domtbl/Stool_11_asr_B.domtblout
k141_255335_9/29-236,k141_255335_9,243,77.3,2.7e-20,0.0,208,76.3,3.9e-23,5.5e-20,0.0,workflow/out/asr_HMMER/domtbl/Stool_11_asr_B.domtblout
k141_22283_2/27-253,k141_22283_2,298,77.0,3.5e-20,2.7,227,76.6,3.3e-23,4.5e-20,2.7,workflow/out/asr_HMMER/domtbl/Stool_11_asr_B.domtblout
k141_458459_40/27-251,k141_458459_40,294,76.9,3.5e-20,2.4,225,76.5,3.4e-23,4.7e-20,2.4,workflow/out/asr_HMMER/domtbl/Stool_11_asr_B.domtblout
k141_38072_13/25-251,k141_38072_13,296,76.6,4.4e-20,2.2,227,76.3,4e-23,5.5e-20,2.2,workflow/out/asr_HMMER/domtbl/Stool_11_asr_B.domtblout
k141_232783_208/15-252,k141_232783_208,295,76.5,4.9e-20,0.1,238,76.2,4.3e-23,5.9e-20,0.1,workflow/out/asr_HMMER/domtbl/Stool_11_asr_B.domtblout
k141_367524_2/26-252,k141_367524_2,295,76.0,6.9e-20,0.1,227,75.5,7e-23,9.7e-20,0.1,workflow/out/asr_HMMER/domtbl/Stool_11_asr_B.domtblout
k141_21271_136/3-251,k141_21271_136,296,76.0,6.9e-20,2.2,249,75.7,6.2e-23,8.7e-20,2.2,workflow/out/asr_HMMER/domtbl/Stool_11_asr_B.domtblout
k141_458471_3/25-252,k141_458471_3,294,76.0,6.9e-20,3.6,228,76.0,5e-23,6.9e-20,3.6,workflow/out/asr_HMMER/domtbl/Stool_11_asr_B.domtblout
k141_166652_3/9-74,k141_166652_3,80,75.8,8e-20,0.2,66,75.6,6.4e-23,8.8e-20,0.2,workflow/out/asr_HMMER/domtbl/Stool_11_asr_B.domtblout
k141_419637_21/25-244,k141_419637_21,279,75.8,8.1e-20,1.8,220,75.4,7.3e-23,1e-19,1.8,workflow/out/asr_HMMER/domtbl/Stool_11_asr_B.domtblout
k141_124649_3/23-255,k141_124649_3,262,75.7,8.3e-20,0.3,233,74.1,1.9e-22,2.7e-19,0.3,workflow/out/asr_HMMER/domtbl/Stool_11_asr_B.domtblout
k141_399750_4/44-272,k141_399750_4,315,75.6,9.2e-20,3.3,229,75.2,8.8e-23,1.2e-19,3.3,workflow/out/asr_HMMER/domtbl/Stool_11_asr_B.domtblout
k141_391819_10/18-236,k141_391819_10,245,75.5,9.5e-20,1.7,219,74.4,1.6e-22,2.2e-19,1.7,workflow/out/asr_HMMER/domtbl/Stool_11_asr_B.domtblout
k141_167746_10/51-276,k141_167746_10,321,75.4,1.1e-19,2.7,226,75.0,1e-22,1.4e-19,2.7,workflow/out/asr_HMMER/domtbl/Stool_11_asr_B.domtblout
k141_300864_26/29-251,k141_300864_26,258,75.3,1.1e-19,2.0,223,74.9,1.1e-22,1.5e-19,2.0,workflow/out/asr_HMMER/domtbl/Stool_11_asr_B.domtblout
k141_437944_11/19-236,k141_437944_11,243,75.2,1.2e-19,0.0,218,74.4,1.5e-22,2e-19,0.0,workflow/out/asr_HMMER/domtbl/Stool_11_asr_B.domtblout
k141_161067_52/37-256,k141_161067_52,260,75.1,1.3e-19,0.0,220,74.6,1.3e-22,1.8e-19,0.0,workflow/out/asr_HMMER/domtbl/Stool_11_asr_B.domtblout
k141_213678_2/27-252,k141_213678_2,297,74.7,1.8e-19,3.3,226,74.2,1.8e-22,2.5e-19,3.3,workflow/out/asr_HMMER/domtbl/Stool_11_asr_B.domtblout
k141_357878_8/15-146,k141_357878_8,147,73.8,3.2e-19,0.0,132,73.6,2.6e-22,3.7e-19,0.0,workflow/out/asr_HMMER/domtbl/Stool_11_asr_B.domtblout
k141_450450_8/4-244,k141_450450_8,252,73.5,4e-19,0.8,241,73.2,3.5e-22,4.8e-19,0.8,workflow/out/asr_HMMER/domtbl/Stool_11_asr_B.domtblout
k141_152740_53/27-252,k141_152740_53,294,73.4,4.2e-19,3.3,226,73.4,3e-22,4.2e-19,3.3,workflow/out/asr_HMMER/domtbl/Stool_11_asr_B.domtblout
k141_477252_1/9-75,k141_477252_1,81,72.8,6.3e-19,0.3,67,72.7,5e-22,7e-19,0.3,workflow/out/asr_HMMER/domtbl/Stool_11_asr_B.domtblout
k141_278635_75/28-251,k141_278635_75,289,72.8,6.6e-19,1.9,224,72.3,6.5e-22,9e-19,1.9,workflow/out/asr_HMMER/domtbl/Stool_11_asr_B.domtblout
k141_176432_108/26-247,k141_176432_108,282,72.6,7.3e-19,1.0,222,72.3,6.8e-22,9.4e-19,1.0,workflow/out/asr_HMMER/domtbl/Stool_11_asr_B.domtblout
k141_176888_19/8-239,k141_176888_19,247,72.6,7.6e-19,1.1,232,70.9,1.8e-21,2.5e-18,1.1,workflow/out/asr_HMMER/domtbl/Stool_11_asr_B.domtblout
k141_27481_56/21-239,k141_27481_56,247,72.3,9.4e-19,2.2,219,70.1,3.2e-21,4.5e-18,2.2,workflow/out/asr_HMMER/domtbl/Stool_11_asr_B.domtblout
k141_267451_52/27-252,k141_267451_52,297,72.3,9.5e-19,2.8,226,71.6,1.1e-21,1.5e-18,2.8,workflow/out/asr_HMMER/domtbl/Stool_11_asr_B.domtblout
k141_249296_247/19-239,k141_249296_247,247,72.0,1.1e-18,2.0,221,69.4,5.1e-21,7.1e-18,2.0,workflow/out/asr_HMMER/domtbl/Stool_11_asr_B.domtblout
k141_25149_25/27-251,k141_25149_25,296,71.8,1.3e-18,1.8,225,71.1,1.5e-21,2.1e-18,1.8,workflow/out/asr_HMMER/domtbl/Stool_11_asr_B.domtblout
k141_456901_2/26-244,k141_456901_2,282,71.8,1.3e-18,1.4,219,71.3,1.3e-21,1.8e-18,1.4,workflow/out/asr_HMMER/domtbl/Stool_11_asr_B.domtblout
k141_149485_14/27-251,k141_149485_14,296,71.7,1.4e-18,1.8,225,71.4,1.3e-21,1.8e-18,1.8,workflow/out/asr_HMMER/domtbl/Stool_11_asr_B.domtblout
k141_450632_58/18-236,k141_450632_58,244,71.7,1.4e-18,1.0,219,68.3,1.1e-20,1.5e-17,1.0,workflow/out/asr_HMMER/domtbl/Stool_11_asr_B.domtblout
k141_429368_72/40-260,k141_429368_72,267,71.5,1.6e-18,1.0,221,70.6,2.1e-21,3e-18,1.0,workflow/out/asr_HMMER/domtbl/Stool_11_asr_B.domtblout
k141_194490_3/18-237,k141_194490_3,248,71.5,1.6e-18,3.3,220,69.7,4.3e-21,5.9e-18,3.3,workflow/out/asr_HMMER/domtbl/Stool_11_asr_B.domtblout
k141_296503_5/24-205,k141_296503_5,228,71.4,1.8e-18,1.0,182,71.0,1.6e-21,2.2e-18,1.0,workflow/out/asr_HMMER/domtbl/Stool_11_asr_B.domtblout
k141_221204_6/33-251,k141_221204_6,260,71.4,1.8e-18,0.4,219,71.0,1.7e-21,2.4e-18,0.4,workflow/out/asr_HMMER/domtbl/Stool_11_asr_B.domtblout
k141_347624_17/26-251,k141_347624_17,296,71.2,2e-18,1.8,226,70.8,1.9e-21,2.6e-18,1.8,workflow/out/asr_HMMER/domtbl/Stool_11_asr_B.domtblout
k141_403380_2/24-244,k141_403380_2,281,71.0,2.3e-18,2.5,221,70.6,2.1e-21,2.9e-18,2.5,workflow/out/asr_HMMER/domtbl/Stool_11_asr_B.domtblout
k141_7306_2/27-245,k141_7306_2,265,71.0,2.3e-18,1.5,219,70.6,2.1e-21,3e-18,1.5,workflow/out/asr_HMMER/domtbl/Stool_11_asr_B.domtblout
k141_84415_20/26-252,k141_84415_20,297,71.0,2.3e-18,1.5,227,70.4,2.4e-21,3.4e-18,1.5,workflow/out/asr_HMMER/domtbl/Stool_11_asr_B.domtblout
k141_49306_26/18-236,k141_49306_26,244,71.0,2.4e-18,1.4,219,67.4,2.1e-20,2.9e-17,1.4,workflow/out/asr_HMMER/domtbl/Stool_11_asr_B.domtblout
k141_395446_7/32-256,k141_395446_7,263,70.8,2.6e-18,0.6,225,69.1,6.2e-21,8.7e-18,0.6,workflow/out/asr_HMMER/domtbl/Stool_11_asr_B.domtblout
k141_274928_2/34-254,k141_274928_2,261,70.7,2.8e-18,1.2,221,69.4,4.9e-21,6.8e-18,1.2,workflow/out/asr_HMMER/domtbl/Stool_11_asr_B.domtblout
k141_215787_15/33-254,k141_215787_15,262,70.6,2.9e-18,0.2,222,69.5,4.8e-21,6.7e-18,0.2,workflow/out/asr_HMMER/domtbl/Stool_11_asr_B.domtblout
k141_264834_4/40-262,k141_264834_4,270,70.6,3.1e-18,0.1,223,69.2,6e-21,8.4e-18,0.1,workflow/out/asr_HMMER/domtbl/Stool_11_asr_B.domtblout
k141_104102_1/27-252,k141_104102_1,297,70.5,3.3e-18,3.6,226,69.8,3.9e-21,5.4e-18,3.6,workflow/out/asr_HMMER/domtbl/Stool_11_asr_B.domtblout
k141_339653_1/26-243,k141_339653_1,276,70.4,3.4e-18,2.3,218,70.0,3.2e-21,4.5e-18,2.3,workflow/out/asr_HMMER/domtbl/Stool_11_asr_B.domtblout
k141_248939_6/31-254,k141_248939_6,261,70.3,3.7e-18,0.8,224,69.0,7e-21,9.7e-18,0.8,workflow/out/asr_HMMER/domtbl/Stool_11_asr_B.domtblout
k141_28614_16/26-252,k141_28614_16,294,70.3,3.8e-18,3.8,227,69.9,3.6e-21,5e-18,3.8,workflow/out/asr_HMMER/domtbl/Stool_11_asr_B.domtblout
k141_363589_9/25-244,k141_363589_9,280,70.3,3.9e-18,1.7,220,69.8,3.8e-21,5.3e-18,1.7,workflow/out/asr_HMMER/domtbl/Stool_11_asr_B.domtblout
k141_216726_2/26-243,k141_216726_2,281,70.1,4.3e-18,2.2,218,69.7,4.1e-21,5.7e-18,2.2,workflow/out/asr_HMMER/domtbl/Stool_11_asr_B.domtblout
k141_431426_18/4-249,k141_431426_18,256,70.1,4.4e-18,3.1,246,68.9,7.1e-21,9.8e-18,3.1,workflow/out/asr_HMMER/domtbl/Stool_11_asr_B.domtblout
k141_380155_34/28-250,k141_380155_34,256,70.1,4.5e-18,2.4,223,68.0,1.4e-20,1.9e-17,2.4,workflow/out/asr_HMMER/domtbl/Stool_11_asr_B.domtblout
k141_480886_170/20-240,k141_480886_170,248,70.0,4.7e-18,3.3,221,67.2,2.5e-20,3.4e-17,3.3,workflow/out/asr_HMMER/domtbl/Stool_11_asr_B.domtblout
k141_174386_3/26-244,k141_174386_3,281,70.0,4.8e-18,1.1,219,69.6,4.6e-21,6.3e-18,1.1,workflow/out/asr_HMMER/domtbl/Stool_11_asr_B.domtblout
k141_207921_4/26-244,k141_207921_4,282,69.9,5.1e-18,1.5,219,69.5,4.8e-21,6.6e-18,1.5,workflow/out/asr_HMMER/domtbl/Stool_11_asr_B.domtblout
k141_412143_18/33-253,k141_412143_18,260,69.9,5.1e-18,0.3,221,68.8,8e-21,1.1e-17,0.3,workflow/out/asr_HMMER/domtbl/Stool_11_asr_B.domtblout
k141_99599_2/32-252,k141_99599_2,259,69.7,5.7e-18,0.5,221,68.8,7.7e-21,1.1e-17,0.5,workflow/out/asr_HMMER/domtbl/Stool_11_asr_B.domtblout
k141_85191_22/31-254,k141_85191_22,261,69.7,5.9e-18,0.6,224,68.0,1.4e-20,1.9e-17,0.6,workflow/out/asr_HMMER/domtbl/Stool_11_asr_B.domtblout
k141_424341_9/19-160,k141_424341_9,243,69.5,6.8e-18,3.1,142,57.4,2.3e-17,3.2e-14,0.0,workflow/out/asr_HMMER/domtbl/Stool_11_asr_B.domtblout
k141_424341_9/202-235,k141_424341_9,243,69.5,6.8e-18,3.1,34,12.2,0.0014,1.9,1.1,workflow/out/asr_HMMER/domtbl/Stool_11_asr_B.domtblout
k141_174454_48/34-253,k141_174454_48,257,69.2,8.4e-18,1.1,220,67.5,1.9e-20,2.7e-17,1.1,workflow/out/asr_HMMER/domtbl/Stool_11_asr_B.domtblout
k141_15671_1/25-203,k141_15671_1,206,69.1,8.7e-18,0.2,179,68.8,7.6e-21,1.1e-17,0.2,workflow/out/asr_HMMER/domtbl/Stool_11_asr_B.domtblout
k141_75860_3/26-243,k141_75860_3,282,69.1,8.7e-18,1.6,218,68.7,8.3e-21,1.2e-17,1.6,workflow/out/asr_HMMER/domtbl/Stool_11_asr_B.domtblout
k141_484686_2/24-244,k141_484686_2,281,69.0,9.5e-18,3.0,221,68.6,8.9e-21,1.2e-17,3.0,workflow/out/asr_HMMER/domtbl/Stool_11_asr_B.domtblout
k141_27330_6/24-244,k141_27330_6,281,68.9,1e-17,2.0,221,68.5,9.5e-21,1.3e-17,2.0,workflow/out/asr_HMMER/domtbl/Stool_11_asr_B.domtblout
k141_287615_25/27-252,k141_287615_25,297,68.8,1.1e-17,1.5,226,68.3,1.1e-20,1.5e-17,1.5,workflow/out/asr_HMMER/domtbl/Stool_11_asr_B.domtblout
k141_117222_31/30-252,k141_117222_31,259,68.8,1.1e-17,0.2,223,67.8,1.5e-20,2.1e-17,0.2,workflow/out/asr_HMMER/domtbl/Stool_11_asr_B.domtblout
k141_440114_2/31-256,k141_440114_2,261,68.7,1.1e-17,0.1,226,67.3,2.2e-20,3e-17,0.1,workflow/out/asr_HMMER/domtbl/Stool_11_asr_B.domtblout
k141_205905_4/33-257,k141_205905_4,264,68.7,1.1e-17,0.4,225,67.1,2.6e-20,3.5e-17,0.4,workflow/out/asr_HMMER/domtbl/Stool_11_asr_B.domtblout
k141_199390_2/2-245,k141_199390_2,280,68.7,1.2e-17,0.0,244,68.4,1e-20,1.4e-17,0.0,workflow/out/asr_HMMER/domtbl/Stool_11_asr_B.domtblout
k141_370003_3/7-236,k141_370003_3,244,68.3,1.6e-17,0.0,230,67.6,1.8e-20,2.5e-17,0.0,workflow/out/asr_HMMER/domtbl/Stool_11_asr_B.domtblout
k141_73451_3/13-237,k141_73451_3,245,68.2,1.7e-17,0.5,225,67.2,2.4e-20,3.3e-17,0.5,workflow/out/asr_HMMER/domtbl/Stool_11_asr_B.domtblout
k141_60611_4/31-254,k141_60611_4,261,68.2,1.7e-17,0.4,224,66.7,3.4e-20,4.8e-17,0.4,workflow/out/asr_HMMER/domtbl/Stool_11_asr_B.domtblout
k141_379342_2/31-237,k141_379342_2,244,68.0,1.8e-17,4.3,207,65.2,1e-19,1.4e-16,4.3,workflow/out/asr_HMMER/domtbl/Stool_11_asr_B.domtblout
k141_361189_11/20-240,k141_361189_11,277,68.0,1.9e-17,2.8,221,67.5,1.9e-20,2.6e-17,2.8,workflow/out/asr_HMMER/domtbl/Stool_11_asr_B.domtblout
k141_415039_107/44-265,k141_415039_107,273,67.9,2e-17,0.9,222,66.4,4.3e-20,6e-17,0.9,workflow/out/asr_HMMER/domtbl/Stool_11_asr_B.domtblout
k141_59041_1/26-244,k141_59041_1,278,67.7,2.3e-17,1.7,219,67.3,2.2e-20,3.1e-17,1.7,workflow/out/asr_HMMER/domtbl/Stool_11_asr_B.domtblout
k141_198123_10/18-172,k141_198123_10,243,67.7,2.4e-17,0.0,155,51.1,2e-15,2.7e-12,0.0,workflow/out/asr_HMMER/domtbl/Stool_11_asr_B.domtblout
k141_198123_10/202-236,k141_198123_10,243,67.7,2.4e-17,0.0,35,14.5,0.00029,0.4,0.3,workflow/out/asr_HMMER/domtbl/Stool_11_asr_B.domtblout
k141_19410_12/35-253,k141_19410_12,258,67.6,2.6e-17,1.9,219,65.8,6.6e-20,9.2e-17,1.9,workflow/out/asr_HMMER/domtbl/Stool_11_asr_B.domtblout
k141_126358_1/26-205,k141_126358_1,210,67.4,2.8e-17,0.7,180,67.1,2.6e-20,3.5e-17,0.7,workflow/out/asr_HMMER/domtbl/Stool_11_asr_B.domtblout
k141_22189_57/31-251,k141_22189_57,259,67.3,3.1e-17,1.8,221,65.0,1.2e-19,1.6e-16,1.8,workflow/out/asr_HMMER/domtbl/Stool_11_asr_B.domtblout
k141_300718_3/32-237,k141_300718_3,245,67.2,3.2e-17,5.2,206,65.4,8.3e-20,1.1e-16,5.2,workflow/out/asr_HMMER/domtbl/Stool_11_asr_B.domtblout
k141_186100_3/32-249,k141_186100_3,257,67.2,3.4e-17,1.3,218,65.9,6e-20,8.4e-17,1.3,workflow/out/asr_HMMER/domtbl/Stool_11_asr_B.domtblout
k141_81964_80/34-256,k141_81964_80,262,66.9,4e-17,0.1,223,66.6,3.7e-20,5.1e-17,0.1,workflow/out/asr_HMMER/domtbl/Stool_11_asr_B.domtblout
k141_198025_2/18-236,k141_198025_2,243,66.9,4.1e-17,0.0,219,64.5,1.6e-19,2.2e-16,0.0,workflow/out/asr_HMMER/domtbl/Stool_11_asr_B.domtblout
k141_27329_6/25-244,k141_27329_6,281,66.8,4.4e-17,1.1,220,66.4,4.3e-20,6e-17,1.1,workflow/out/asr_HMMER/domtbl/Stool_11_asr_B.domtblout
k141_326260_2/35-253,k141_326260_2,258,66.7,4.6e-17,1.8,219,65.2,9.5e-20,1.3e-16,1.8,workflow/out/asr_HMMER/domtbl/Stool_11_asr_B.domtblout
k141_102687_207/28-243,k141_102687_207,266,66.7,4.8e-17,3.5,216,66.3,4.6e-20,6.4e-17,3.5,workflow/out/asr_HMMER/domtbl/Stool_11_asr_B.domtblout
k141_150010_2/26-243,k141_150010_2,282,66.7,4.9e-17,2.3,218,66.2,4.7e-20,6.5e-17,2.3,workflow/out/asr_HMMER/domtbl/Stool_11_asr_B.domtblout
k141_192670_45/26-243,k141_192670_45,764,66.6,4.9e-17,3.9,218,65.1,1e-19,1.4e-16,3.9,workflow/out/asr_HMMER/domtbl/Stool_11_asr_B.domtblout
k141_241511_2/26-244,k141_241511_2,285,66.6,5.1e-17,0.5,219,66.2,4.8e-20,6.7e-17,0.5,workflow/out/asr_HMMER/domtbl/Stool_11_asr_B.domtblout
k141_172391_3/34-249,k141_172391_3,257,66.6,5.2e-17,1.3,216,65.3,8.9e-20,1.2e-16,1.3,workflow/out/asr_HMMER/domtbl/Stool_11_asr_B.domtblout
k141_397652_2/35-253,k141_397652_2,258,66.5,5.5e-17,1.5,219,64.6,1.5e-19,2.1e-16,1.5,workflow/out/asr_HMMER/domtbl/Stool_11_asr_B.domtblout
k141_301021_2/28-246,k141_301021_2,284,66.4,5.8e-17,0.5,219,66.0,5.5e-20,7.7e-17,0.5,workflow/out/asr_HMMER/domtbl/Stool_11_asr_B.domtblout
k141_239901_48/30-248,k141_239901_48,256,66.3,6.3e-17,0.2,219,64.9,1.2e-19,1.7e-16,0.2,workflow/out/asr_HMMER/domtbl/Stool_11_asr_B.domtblout
k141_350047_45/25-244,k141_350047_45,281,66.2,6.6e-17,1.1,220,66.0,5.6e-20,7.7e-17,1.1,workflow/out/asr_HMMER/domtbl/Stool_11_asr_B.domtblout
k141_1138_6/6-222,k141_1138_6,261,66.1,7.3e-17,2.5,217,65.6,7.2e-20,1e-16,2.5,workflow/out/asr_HMMER/domtbl/Stool_11_asr_B.domtblout
k141_198654_38/26-244,k141_198654_38,281,66.0,7.6e-17,1.6,219,65.6,7.3e-20,1e-16,1.6,workflow/out/asr_HMMER/domtbl/Stool_11_asr_B.domtblout
k141_129758_38/35-252,k141_129758_38,257,66.0,7.7e-17,2.1,218,63.0,4.5e-19,6.3e-16,2.1,workflow/out/asr_HMMER/domtbl/Stool_11_asr_B.domtblout
k141_254310_10/35-253,k141_254310_10,258,66.0,7.7e-17,2.1,219,64.4,1.8e-19,2.4e-16,2.1,workflow/out/asr_HMMER/domtbl/Stool_11_asr_B.domtblout
k141_288234_2/28-246,k141_288234_2,285,66.0,8e-17,0.4,219,65.5,8e-20,1.1e-16,0.4,workflow/out/asr_HMMER/domtbl/Stool_11_asr_B.domtblout
k141_432893_38/28-251,k141_432893_38,259,65.9,8.2e-17,0.1,224,64.7,1.3e-19,1.9e-16,0.1,workflow/out/asr_HMMER/domtbl/Stool_11_asr_B.domtblout
k141_391380_170/29-245,k141_391380_170,253,65.9,8.4e-17,0.0,217,65.5,8.1e-20,1.1e-16,0.0,workflow/out/asr_HMMER/domtbl/Stool_11_asr_B.domtblout
k141_252023_1/1-199,k141_252023_1,206,65.8,9e-17,1.8,199,64.9,1.2e-19,1.7e-16,1.8,workflow/out/asr_HMMER/domtbl/Stool_11_asr_B.domtblout
k141_435588_5/36-253,k141_435588_5,260,65.6,9.9e-17,0.4,218,64.6,1.5e-19,2.1e-16,0.4,workflow/out/asr_HMMER/domtbl/Stool_11_asr_B.domtblout
k141_158611_3/16-237,k141_158611_3,245,65.6,1e-16,0.6,222,64.5,1.6e-19,2.2e-16,0.6,workflow/out/asr_HMMER/domtbl/Stool_11_asr_B.domtblout
k141_435286_5/27-243,k141_435286_5,764,65.5,1.1e-16,3.2,217,63.8,2.7e-19,3.7e-16,3.2,workflow/out/asr_HMMER/domtbl/Stool_11_asr_B.domtblout
k141_276581_10/35-231,k141_276581_10,237,65.5,1.1e-16,0.0,197,65.0,1.1e-19,1.6e-16,0.0,workflow/out/asr_HMMER/domtbl/Stool_11_asr_B.domtblout
k141_201859_1/1-225,k141_201859_1,231,65.5,1.1e-16,4.1,225,63.6,3e-19,4.1e-16,4.1,workflow/out/asr_HMMER/domtbl/Stool_11_asr_B.domtblout
k141_474668_11/29-255,k141_474668_11,262,65.4,1.1e-16,0.9,227,63.8,2.6e-19,3.6e-16,0.9,workflow/out/asr_HMMER/domtbl/Stool_11_asr_B.domtblout
k141_326853_12/31-250,k141_326853_12,257,65.3,1.3e-16,4.0,220,62.2,8.2e-19,1.1e-15,4.0,workflow/out/asr_HMMER/domtbl/Stool_11_asr_B.domtblout
k141_59160_10/34-253,k141_59160_10,259,65.1,1.4e-16,0.0,220,64.7,1.4e-19,1.9e-16,0.0,workflow/out/asr_HMMER/domtbl/Stool_11_asr_B.domtblout
k141_425949_145/31-261,k141_425949_145,267,65.1,1.5e-16,1.5,231,63.3,3.7e-19,5.1e-16,1.5,workflow/out/asr_HMMER/domtbl/Stool_11_asr_B.domtblout
k141_350142_69/25-248,k141_350142_69,298,64.9,1.7e-16,1.5,224,64.4,1.7e-19,2.3e-16,1.5,workflow/out/asr_HMMER/domtbl/Stool_11_asr_B.domtblout
k141_458758_2/27-244,k141_458758_2,280,64.8,1.8e-16,2.0,218,64.3,1.8e-19,2.5e-16,2.0,workflow/out/asr_HMMER/domtbl/Stool_11_asr_B.domtblout
k141_372489_2/24-244,k141_372489_2,281,64.7,1.9e-16,3.3,221,64.3,1.8e-19,2.5e-16,3.3,workflow/out/asr_HMMER/domtbl/Stool_11_asr_B.domtblout
k141_101671_2/29-254,k141_101671_2,261,64.5,2.1e-16,0.9,226,62.9,5e-19,6.9e-16,0.9,workflow/out/asr_HMMER/domtbl/Stool_11_asr_B.domtblout
k141_335443_2/31-253,k141_335443_2,260,64.5,2.3e-16,2.3,223,61.7,1.1e-18,1.6e-15,2.3,workflow/out/asr_HMMER/domtbl/Stool_11_asr_B.domtblout
k141_361471_54/18-247,k141_361471_54,255,64.5,2.3e-16,0.4,230,64.0,2.2e-19,3.1e-16,0.4,workflow/out/asr_HMMER/domtbl/Stool_11_asr_B.domtblout
k141_57410_5/31-254,k141_57410_5,261,64.2,2.6e-16,0.6,224,62.6,6.2e-19,8.5e-16,0.6,workflow/out/asr_HMMER/domtbl/Stool_11_asr_B.domtblout
k141_199822_20/7-236,k141_199822_20,246,64.2,2.7e-16,2.4,230,62.6,5.9e-19,8.1e-16,2.4,workflow/out/asr_HMMER/domtbl/Stool_11_asr_B.domtblout
k141_223861_2/24-244,k141_223861_2,280,64.2,2.7e-16,3.0,221,63.9,2.4e-19,3.3e-16,3.0,workflow/out/asr_HMMER/domtbl/Stool_11_asr_B.domtblout
k141_380560_16/26-244,k141_380560_16,281,64.1,2.9e-16,1.1,219,63.7,2.8e-19,3.8e-16,1.1,workflow/out/asr_HMMER/domtbl/Stool_11_asr_B.domtblout
k141_238589_3/26-243,k141_238589_3,767,64.1,3e-16,3.5,218,62.7,5.7e-19,7.9e-16,3.5,workflow/out/asr_HMMER/domtbl/Stool_11_asr_B.domtblout
k141_30249_41/35-253,k141_30249_41,259,64.0,3.1e-16,0.0,219,63.6,3.1e-19,4.3e-16,0.0,workflow/out/asr_HMMER/domtbl/Stool_11_asr_B.domtblout
k141_357435_13/24-244,k141_357435_13,280,63.9,3.3e-16,0.6,221,63.5,3.2e-19,4.5e-16,0.6,workflow/out/asr_HMMER/domtbl/Stool_11_asr_B.domtblout
k141_47057_1/10-155,k141_47057_1,249,63.9,3.3e-16,0.0,146,47.4,2.7e-14,3.8e-11,0.0,workflow/out/asr_HMMER/domtbl/Stool_11_asr_B.domtblout
k141_47057_1/207-242,k141_47057_1,249,63.9,3.3e-16,0.0,36,14.5,0.00029,0.4,0.1,workflow/out/asr_HMMER/domtbl/Stool_11_asr_B.domtblout
k141_30246_21/34-253,k141_30246_21,259,63.9,3.4e-16,0.0,220,63.5,3.3e-19,4.6e-16,0.0,workflow/out/asr_HMMER/domtbl/Stool_11_asr_B.domtblout
k141_172412_1/29-251,k141_172412_1,258,63.8,3.6e-16,0.8,223,61.9,9.9e-19,1.4e-15,0.8,workflow/out/asr_HMMER/domtbl/Stool_11_asr_B.domtblout
k141_458996_158/33-252,k141_458996_158,259,63.8,3.7e-16,2.9,220,62.9,4.9e-19,6.8e-16,2.9,workflow/out/asr_HMMER/domtbl/Stool_11_asr_B.domtblout
k141_21173_94/31-247,k141_21173_94,254,63.7,3.9e-16,2.5,217,62.5,6.4e-19,8.9e-16,2.5,workflow/out/asr_HMMER/domtbl/Stool_11_asr_B.domtblout
k141_176709_2/45-262,k141_176709_2,301,63.7,4e-16,2.3,218,63.7,2.9e-19,4e-16,2.3,workflow/out/asr_HMMER/domtbl/Stool_11_asr_B.domtblout
k141_335219_4/34-250,k141_335219_4,256,63.5,4.4e-16,0.3,217,63.1,4.2e-19,5.8e-16,0.3,workflow/out/asr_HMMER/domtbl/Stool_11_asr_B.domtblout
k141_152017_17/28-243,k141_152017_17,769,63.5,4.6e-16,2.3,216,61.9,9.8e-19,1.4e-15,2.3,workflow/out/asr_HMMER/domtbl/Stool_11_asr_B.domtblout
k141_399658_7/28-243,k141_399658_7,763,63.4,4.7e-16,4.1,216,63.4,3.4e-19,4.7e-16,4.1,workflow/out/asr_HMMER/domtbl/Stool_11_asr_B.domtblout
k141_363952_39/34-254,k141_363952_39,261,63.4,4.7e-16,0.2,221,62.2,8.1e-19,1.1e-15,0.2,workflow/out/asr_HMMER/domtbl/Stool_11_asr_B.domtblout
k141_454678_52/31-250,k141_454678_52,257,63.0,6.5e-16,0.4,220,61.6,1.3e-18,1.7e-15,0.4,workflow/out/asr_HMMER/domtbl/Stool_11_asr_B.domtblout
k141_331976_24/29-250,k141_331976_24,257,62.7,8e-16,0.1,222,62.3,7.4e-19,1e-15,0.1,workflow/out/asr_HMMER/domtbl/Stool_11_asr_B.domtblout
k141_156414_2/26-248,k141_156414_2,285,62.5,9.3e-16,1.1,223,62.0,9e-19,1.3e-15,1.1,workflow/out/asr_HMMER/domtbl/Stool_11_asr_B.domtblout
k141_404654_111/30-247,k141_404654_111,255,62.3,1e-15,0.5,218,61.3,1.5e-18,2e-15,0.5,workflow/out/asr_HMMER/domtbl/Stool_11_asr_B.domtblout
k141_311134_20/27-244,k141_311134_20,279,62.3,1e-15,2.1,218,61.9,9.8e-19,1.4e-15,2.1,workflow/out/asr_HMMER/domtbl/Stool_11_asr_B.domtblout
k141_173807_3/26-243,k141_173807_3,767,62.2,1.1e-15,3.7,218,62.2,8e-19,1.1e-15,3.7,workflow/out/asr_HMMER/domtbl/Stool_11_asr_B.domtblout
k141_317992_5/31-254,k141_317992_5,261,62.2,1.1e-15,1.5,224,60.7,2.3e-18,3.2e-15,1.5,workflow/out/asr_HMMER/domtbl/Stool_11_asr_B.domtblout
k141_304762_11/34-253,k141_304762_11,259,62.2,1.1e-15,0.0,220,61.8,1e-18,1.5e-15,0.0,workflow/out/asr_HMMER/domtbl/Stool_11_asr_B.domtblout
k141_134636_2/39-257,k141_134636_2,280,62.1,1.2e-15,1.0,219,61.6,1.2e-18,1.7e-15,1.0,workflow/out/asr_HMMER/domtbl/Stool_11_asr_B.domtblout
k141_424320_116/42-264,k141_424320_116,273,62.1,1.2e-15,0.3,223,59.2,6.6e-18,9.1e-15,0.3,workflow/out/asr_HMMER/domtbl/Stool_11_asr_B.domtblout
k141_124583_2/30-239,k141_124583_2,247,62.0,1.3e-15,0.0,210,61.2,1.6e-18,2.2e-15,0.0,workflow/out/asr_HMMER/domtbl/Stool_11_asr_B.domtblout
k141_474625_5/34-253,k141_474625_5,259,61.9,1.3e-15,0.0,220,61.5,1.3e-18,1.8e-15,0.0,workflow/out/asr_HMMER/domtbl/Stool_11_asr_B.domtblout
k141_60161_21/27-244,k141_60161_21,281,61.8,1.5e-15,1.9,218,61.3,1.5e-18,2e-15,1.9,workflow/out/asr_HMMER/domtbl/Stool_11_asr_B.domtblout
k141_63017_75/28-243,k141_63017_75,266,61.7,1.6e-15,2.5,216,61.3,1.5e-18,2.1e-15,2.5,workflow/out/asr_HMMER/domtbl/Stool_11_asr_B.domtblout
k141_339829_19/31-248,k141_339829_19,256,61.6,1.7e-15,1.7,218,60.0,3.7e-18,5.1e-15,1.7,workflow/out/asr_HMMER/domtbl/Stool_11_asr_B.domtblout
k141_373937_5/44-263,k141_373937_5,304,61.6,1.7e-15,2.0,220,61.2,1.6e-18,2.2e-15,2.0,workflow/out/asr_HMMER/domtbl/Stool_11_asr_B.domtblout
k141_151328_60/26-244,k141_151328_60,281,61.5,1.8e-15,1.3,219,61.2,1.6e-18,2.3e-15,1.3,workflow/out/asr_HMMER/domtbl/Stool_11_asr_B.domtblout
k141_299583_1/26-198,k141_299583_1,203,61.4,2e-15,0.7,173,61.1,1.7e-18,2.4e-15,0.7,workflow/out/asr_HMMER/domtbl/Stool_11_asr_B.domtblout
k141_311068_9/31-255,k141_311068_9,262,61.4,2e-15,1.6,225,60.3,3.1e-18,4.3e-15,1.6,workflow/out/asr_HMMER/domtbl/Stool_11_asr_B.domtblout
k141_493958_16/25-244,k141_493958_16,285,61.3,2e-15,2.5,220,61.0,1.9e-18,2.7e-15,2.5,workflow/out/asr_HMMER/domtbl/Stool_11_asr_B.domtblout
k141_194852_2/25-253,k141_194852_2,294,61.1,2.4e-15,2.7,229,60.7,2.2e-18,3.1e-15,2.7,workflow/out/asr_HMMER/domtbl/Stool_11_asr_B.domtblout
k141_402398_2/5-205,k141_402398_2,212,60.6,3.3e-15,0.8,201,59.2,6.6e-18,9.2e-15,0.8,workflow/out/asr_HMMER/domtbl/Stool_11_asr_B.domtblout
k141_141063_56/27-244,k141_141063_56,281,60.4,3.8e-15,1.7,218,60.0,3.7e-18,5.1e-15,1.7,workflow/out/asr_HMMER/domtbl/Stool_11_asr_B.domtblout
k141_138559_2/25-244,k141_138559_2,285,60.3,4.1e-15,3.0,220,60.0,3.8e-18,5.3e-15,3.0,workflow/out/asr_HMMER/domtbl/Stool_11_asr_B.domtblout
k141_465378_7/25-244,k141_465378_7,285,60.3,4.3e-15,3.1,220,59.9,4e-18,5.6e-15,3.1,workflow/out/asr_HMMER/domtbl/Stool_11_asr_B.domtblout
k141_49750_9/30-250,k141_49750_9,257,60.2,4.4e-15,0.8,221,58.6,1e-17,1.4e-14,0.8,workflow/out/asr_HMMER/domtbl/Stool_11_asr_B.domtblout
k141_361708_20/27-244,k141_361708_20,281,60.0,5.2e-15,2.3,218,59.6,5e-18,6.9e-15,2.3,workflow/out/asr_HMMER/domtbl/Stool_11_asr_B.domtblout
k141_108826_18/32-254,k141_108826_18,261,59.8,6.2e-15,0.7,223,58.2,1.3e-17,1.9e-14,0.7,workflow/out/asr_HMMER/domtbl/Stool_11_asr_B.domtblout
k141_168770_21/26-244,k141_168770_21,284,59.8,6.2e-15,1.8,219,59.4,5.9e-18,8.1e-15,1.8,workflow/out/asr_HMMER/domtbl/Stool_11_asr_B.domtblout
k141_402578_40/26-252,k141_402578_40,297,59.5,7.2e-15,2.0,227,59.5,5.2e-18,7.2e-15,2.0,workflow/out/asr_HMMER/domtbl/Stool_11_asr_B.domtblout
k141_224545_2/32-258,k141_224545_2,265,59.4,7.9e-15,0.0,227,58.1,1.5e-17,2e-14,0.0,workflow/out/asr_HMMER/domtbl/Stool_11_asr_B.domtblout
k141_301269_14/32-248,k141_301269_14,255,59.4,7.9e-15,2.0,217,57.2,2.7e-17,3.7e-14,2.0,workflow/out/asr_HMMER/domtbl/Stool_11_asr_B.domtblout
k141_135946_3/37-261,k141_135946_3,268,59.4,8.2e-15,0.8,225,58.9,8.3e-18,1.1e-14,0.8,workflow/out/asr_HMMER/domtbl/Stool_11_asr_B.domtblout
k141_181823_28/33-272,k141_181823_28,279,59.3,8.6e-15,0.9,240,57.6,2e-17,2.8e-14,0.9,workflow/out/asr_HMMER/domtbl/Stool_11_asr_B.domtblout
k141_110825_2/34-253,k141_110825_2,259,59.3,8.6e-15,0.0,220,58.9,8.4e-18,1.2e-14,0.0,workflow/out/asr_HMMER/domtbl/Stool_11_asr_B.domtblout
k141_198116_1/1-211,k141_198116_1,250,59.1,1e-14,0.8,211,58.7,9.2e-18,1.3e-14,0.8,workflow/out/asr_HMMER/domtbl/Stool_11_asr_B.domtblout
k141_276136_13/31-260,k141_276136_13,267,58.8,1.2e-14,0.0,230,57.7,1.9e-17,2.7e-14,0.0,workflow/out/asr_HMMER/domtbl/Stool_11_asr_B.domtblout
k141_244669_1/5-222,k141_244669_1,262,58.7,1.3e-14,0.2,218,58.2,1.3e-17,1.8e-14,0.2,workflow/out/asr_HMMER/domtbl/Stool_11_asr_B.domtblout
k141_451925_2/26-244,k141_451925_2,281,58.5,1.5e-14,3.1,219,58.2,1.4e-17,1.9e-14,3.1,workflow/out/asr_HMMER/domtbl/Stool_11_asr_B.domtblout
k141_324182_1/30-251,k141_324182_1,258,58.5,1.5e-14,0.0,222,57.9,1.6e-17,2.2e-14,0.0,workflow/out/asr_HMMER/domtbl/Stool_11_asr_B.domtblout
k141_427019_25/25-244,k141_427019_25,285,58.4,1.6e-14,2.0,220,58.1,1.5e-17,2e-14,2.0,workflow/out/asr_HMMER/domtbl/Stool_11_asr_B.domtblout
k141_6243_5/41-263,k141_6243_5,299,58.4,1.6e-14,0.5,223,57.9,1.6e-17,2.3e-14,0.5,workflow/out/asr_HMMER/domtbl/Stool_11_asr_B.domtblout
k141_3210_6/33-252,k141_3210_6,259,58.3,1.7e-14,0.7,220,56.1,5.8e-17,8.1e-14,0.7,workflow/out/asr_HMMER/domtbl/Stool_11_asr_B.domtblout
k141_351241_38/32-256,k141_351241_38,263,58.3,1.7e-14,0.2,225,57.0,3.1e-17,4.3e-14,0.2,workflow/out/asr_HMMER/domtbl/Stool_11_asr_B.domtblout
k141_205385_14/28-256,k141_205385_14,262,58.2,1.8e-14,0.0,229,57.8,1.8e-17,2.5e-14,0.0,workflow/out/asr_HMMER/domtbl/Stool_11_asr_B.domtblout
k141_260185_3/29-237,k141_260185_3,245,57.9,2.2e-14,1.9,209,54.8,1.5e-16,2e-13,1.9,workflow/out/asr_HMMER/domtbl/Stool_11_asr_B.domtblout
k141_483170_2/36-251,k141_483170_2,258,57.8,2.5e-14,1.3,216,56.0,6.1e-17,8.5e-14,1.3,workflow/out/asr_HMMER/domtbl/Stool_11_asr_B.domtblout
k141_178053_3/33-249,k141_178053_3,278,57.7,2.5e-14,0.0,217,56.9,3.2e-17,4.5e-14,0.0,workflow/out/asr_HMMER/domtbl/Stool_11_asr_B.domtblout
k141_34908_16/26-244,k141_34908_16,281,57.7,2.6e-14,3.9,219,57.3,2.5e-17,3.4e-14,3.9,workflow/out/asr_HMMER/domtbl/Stool_11_asr_B.domtblout
k141_366366_2/50-253,k141_366366_2,259,57.6,2.8e-14,0.0,204,57.3,2.6e-17,3.6e-14,0.0,workflow/out/asr_HMMER/domtbl/Stool_11_asr_B.domtblout
k141_79964_11/35-231,k141_79964_11,237,57.6,2.9e-14,3.5,197,56.3,4.9e-17,6.8e-14,3.5,workflow/out/asr_HMMER/domtbl/Stool_11_asr_B.domtblout
k141_306519_27/26-244,k141_306519_27,281,57.4,3.2e-14,3.0,219,57.0,3.1e-17,4.2e-14,3.0,workflow/out/asr_HMMER/domtbl/Stool_11_asr_B.domtblout
k141_370574_67/31-256,k141_370574_67,264,57.3,3.5e-14,0.2,226,55.5,8.6e-17,1.2e-13,0.2,workflow/out/asr_HMMER/domtbl/Stool_11_asr_B.domtblout
k141_381523_2/33-248,k141_381523_2,256,57.1,3.9e-14,4.6,216,55.4,9.8e-17,1.4e-13,4.6,workflow/out/asr_HMMER/domtbl/Stool_11_asr_B.domtblout
k141_400542_5/34-254,k141_400542_5,260,57.1,3.9e-14,0.5,221,56.6,4.2e-17,5.8e-14,0.5,workflow/out/asr_HMMER/domtbl/Stool_11_asr_B.domtblout
k141_7817_6/30-173,k141_7817_6,247,57.1,3.9e-14,0.1,144,40.9,2.6e-12,3.6e-09,0.0,workflow/out/asr_HMMER/domtbl/Stool_11_asr_B.domtblout
k141_7817_6/201-236,k141_7817_6,247,57.1,3.9e-14,0.1,36,14.0,0.00042,0.58,0.6,workflow/out/asr_HMMER/domtbl/Stool_11_asr_B.domtblout
k141_142511_14/34-228,k141_142511_14,228,56.9,4.7e-14,0.3,195,55.3,1e-16,1.4e-13,0.3,workflow/out/asr_HMMER/domtbl/Stool_11_asr_B.domtblout
k141_456163_1/5-209,k141_456163_1,218,56.8,4.8e-14,6.1,205,55.0,1.3e-16,1.8e-13,6.1,workflow/out/asr_HMMER/domtbl/Stool_11_asr_B.domtblout
k141_86113_43/44-271,k141_86113_43,279,56.8,5.1e-14,0.2,228,55.2,1.1e-16,1.5e-13,0.2,workflow/out/asr_HMMER/domtbl/Stool_11_asr_B.domtblout
k141_378626_152/26-245,k141_378626_152,278,56.7,5.2e-14,3.0,220,56.3,5.1e-17,7.1e-14,3.0,workflow/out/asr_HMMER/domtbl/Stool_11_asr_B.domtblout
k141_436445_18/32-248,k141_436445_18,256,56.6,5.6e-14,2.5,217,54.6,1.6e-16,2.3e-13,2.5,workflow/out/asr_HMMER/domtbl/Stool_11_asr_B.domtblout
k141_124129_39/31-274,k141_124129_39,280,56.6,5.7e-14,1.5,244,48.4,1.3e-14,1.9e-11,1.5,workflow/out/asr_HMMER/domtbl/Stool_11_asr_B.domtblout
k141_392075_14/25-244,k141_392075_14,285,56.5,6.3e-14,1.3,220,56.1,6e-17,8.3e-14,1.3,workflow/out/asr_HMMER/domtbl/Stool_11_asr_B.domtblout
k141_245357_2/28-151,k141_245357_2,172,56.3,7e-14,0.0,124,56.1,6e-17,8.3e-14,0.0,workflow/out/asr_HMMER/domtbl/Stool_11_asr_B.domtblout
k141_346613_2/26-244,k141_346613_2,285,56.3,7.1e-14,1.9,219,55.9,6.8e-17,9.4e-14,1.9,workflow/out/asr_HMMER/domtbl/Stool_11_asr_B.domtblout
k141_232160_45/26-244,k141_232160_45,274,56.1,8.1e-14,2.1,219,55.7,7.8e-17,1.1e-13,2.1,workflow/out/asr_HMMER/domtbl/Stool_11_asr_B.domtblout
k141_398333_3/32-125,k141_398333_3,292,56.0,8.4e-14,5.4,94,30.0,5.2e-09,7.2e-06,0.0,workflow/out/asr_HMMER/domtbl/Stool_11_asr_B.domtblout
k141_398333_3/160-286,k141_398333_3,292,56.0,8.4e-14,5.4,127,25.6,1.2e-07,0.00016,2.8,workflow/out/asr_HMMER/domtbl/Stool_11_asr_B.domtblout
k141_302403_36/29-247,k141_302403_36,277,56.0,8.9e-14,3.0,219,55.6,8e-17,1.1e-13,3.0,workflow/out/asr_HMMER/domtbl/Stool_11_asr_B.domtblout
k141_135814_54/27-244,k141_135814_54,282,56.0,8.9e-14,0.3,218,55.6,8.5e-17,1.2e-13,0.3,workflow/out/asr_HMMER/domtbl/Stool_11_asr_B.domtblout
k141_124340_2/1-196,k141_124340_2,204,55.9,9.4e-14,2.9,196,54.3,2.1e-16,2.9e-13,2.9,workflow/out/asr_HMMER/domtbl/Stool_11_asr_B.domtblout
k141_130390_113/249-415,k141_130390_113,421,54.8,2e-13,0.6,167,53.5,3.5e-16,4.9e-13,0.0,workflow/out/asr_HMMER/domtbl/Stool_11_asr_B.domtblout
k141_405502_24/249-415,k141_405502_24,421,54.6,2.4e-13,0.8,167,53.3,4.2e-16,5.8e-13,0.0,workflow/out/asr_HMMER/domtbl/Stool_11_asr_B.domtblout
k141_148004_1/1-219,k141_148004_1,254,54.2,3e-13,1.6,219,53.9,2.7e-16,3.7e-13,1.6,workflow/out/asr_HMMER/domtbl/Stool_11_asr_B.domtblout
k141_189971_48/249-415,k141_189971_48,421,54.2,3.1e-13,0.1,167,52.0,1e-15,1.4e-12,0.0,workflow/out/asr_HMMER/domtbl/Stool_11_asr_B.domtblout
k141_99302_138/29-248,k141_99302_138,255,54.1,3.4e-13,0.9,220,51.4,1.5e-15,2.2e-12,0.9,workflow/out/asr_HMMER/domtbl/Stool_11_asr_B.domtblout
k141_88021_4/16-246,k141_88021_4,284,54.0,3.6e-13,1.1,231,53.5,3.5e-16,4.9e-13,1.1,workflow/out/asr_HMMER/domtbl/Stool_11_asr_B.domtblout
k141_318244_8/26-248,k141_318244_8,285,53.4,5.4e-13,0.9,223,53.0,5.3e-16,7.3e-13,0.9,workflow/out/asr_HMMER/domtbl/Stool_11_asr_B.domtblout
k141_194840_19/249-415,k141_194840_19,421,53.2,6.3e-13,0.2,167,51.8,1.2e-15,1.7e-12,0.0,workflow/out/asr_HMMER/domtbl/Stool_11_asr_B.domtblout
k141_167550_11/250-415,k141_167550_11,423,52.6,9.5e-13,0.3,166,50.7,2.6e-15,3.6e-12,0.0,workflow/out/asr_HMMER/domtbl/Stool_11_asr_B.domtblout
k141_29435_3/1-43,k141_29435_3,52,52.5,1e-12,0.3,43,52.4,7.9e-16,1.1e-12,0.3,workflow/out/asr_HMMER/domtbl/Stool_11_asr_B.domtblout
k141_350374_7/29-251,k141_350374_7,256,52.4,1.1e-12,0.0,223,52.0,1e-15,1.4e-12,0.0,workflow/out/asr_HMMER/domtbl/Stool_11_asr_B.domtblout
k141_326782_18/27-244,k141_326782_18,281,52.1,1.3e-12,4.1,218,51.7,1.3e-15,1.7e-12,4.1,workflow/out/asr_HMMER/domtbl/Stool_11_asr_B.domtblout
k141_176432_78/31-248,k141_176432_78,255,51.7,1.7e-12,1.3,218,48.9,9.1e-15,1.3e-11,1.3,workflow/out/asr_HMMER/domtbl/Stool_11_asr_B.domtblout
k141_414402_8/33-254,k141_414402_8,261,51.2,2.6e-12,5.4,222,47.6,2.3e-14,3.2e-11,5.5,workflow/out/asr_HMMER/domtbl/Stool_11_asr_B.domtblout
k141_170896_4/8-148,k141_170896_4,158,50.9,3.2e-12,0.0,141,50.7,2.5e-15,3.5e-12,0.0,workflow/out/asr_HMMER/domtbl/Stool_11_asr_B.domtblout
k141_428339_5/26-244,k141_428339_5,283,50.7,3.5e-12,1.2,219,50.3,3.4e-15,4.7e-12,1.2,workflow/out/asr_HMMER/domtbl/Stool_11_asr_B.domtblout
k141_392005_2/35-250,k141_392005_2,259,50.7,3.5e-12,0.1,216,50.2,3.8e-15,5.2e-12,0.1,workflow/out/asr_HMMER/domtbl/Stool_11_asr_B.domtblout
k141_91979_30/243-418,k141_91979_30,425,50.5,4.1e-12,0.5,176,48.8,9.6e-15,1.3e-11,0.0,workflow/out/asr_HMMER/domtbl/Stool_11_asr_B.domtblout
k141_377007_2/258-421,k141_377007_2,429,49.8,6.6e-12,0.3,164,47.1,3.3e-14,4.6e-11,0.0,workflow/out/asr_HMMER/domtbl/Stool_11_asr_B.domtblout
k141_458257_1/10-157,k141_458257_1,190,49.2,1e-11,0.5,148,48.7,1e-14,1.4e-11,0.5,workflow/out/asr_HMMER/domtbl/Stool_11_asr_B.domtblout
k141_201545_1/2-40,k141_201545_1,49,48.9,1.3e-11,0.2,39,48.8,9.8e-15,1.4e-11,0.2,workflow/out/asr_HMMER/domtbl/Stool_11_asr_B.domtblout
k141_279971_27/252-416,k141_279971_27,423,48.8,1.3e-11,0.5,165,47.2,3e-14,4.2e-11,0.0,workflow/out/asr_HMMER/domtbl/Stool_11_asr_B.domtblout
k141_260427_1/145-306,k141_260427_1,311,48.6,1.5e-11,0.0,162,48.1,1.6e-14,2.3e-11,0.0,workflow/out/asr_HMMER/domtbl/Stool_11_asr_B.domtblout
k141_113320_268/254-418,k141_113320_268,425,48.4,1.8e-11,0.5,165,46.9,3.6e-14,5e-11,0.0,workflow/out/asr_HMMER/domtbl/Stool_11_asr_B.domtblout
k141_496271_2/27-156,k141_496271_2,185,48.1,2.2e-11,0.0,130,47.9,1.9e-14,2.6e-11,0.0,workflow/out/asr_HMMER/domtbl/Stool_11_asr_B.domtblout
k141_19719_3/252-416,k141_19719_3,423,48.1,2.3e-11,0.9,165,47.1,3.3e-14,4.6e-11,0.0,workflow/out/asr_HMMER/domtbl/Stool_11_asr_B.domtblout
k141_426304_234/254-416,k141_426304_234,423,48.0,2.3e-11,0.0,163,48.0,1.7e-14,2.3e-11,0.0,workflow/out/asr_HMMER/domtbl/Stool_11_asr_B.domtblout
k141_54886_75/252-416,k141_54886_75,423,47.9,2.6e-11,0.0,165,47.1,3.2e-14,4.5e-11,0.0,workflow/out/asr_HMMER/domtbl/Stool_11_asr_B.domtblout
k141_59362_109/254-418,k141_59362_109,425,47.9,2.6e-11,0.5,165,46.5,5e-14,7e-11,0.0,workflow/out/asr_HMMER/domtbl/Stool_11_asr_B.domtblout
k141_250727_120/254-418,k141_250727_120,425,47.7,3e-11,1.1,165,46.9,3.6e-14,5e-11,0.0,workflow/out/asr_HMMER/domtbl/Stool_11_asr_B.domtblout
k141_436855_24/30-248,k141_436855_24,257,47.4,3.6e-11,0.6,219,42.7,6.9e-13,9.6e-10,0.6,workflow/out/asr_HMMER/domtbl/Stool_11_asr_B.domtblout
k141_207171_4/29-128,k141_207171_4,257,47.0,4.9e-11,0.1,100,31.0,2.7e-09,3.8e-06,0.0,workflow/out/asr_HMMER/domtbl/Stool_11_asr_B.domtblout
k141_207171_4/184-248,k141_207171_4,257,47.0,4.9e-11,0.1,65,14.2,0.00036,0.5,0.1,workflow/out/asr_HMMER/domtbl/Stool_11_asr_B.domtblout
k141_1403_1/33-217,k141_1403_1,217,46.8,5.4e-11,0.1,185,46.3,5.6e-14,7.7e-11,0.1,workflow/out/asr_HMMER/domtbl/Stool_11_asr_B.domtblout
k141_52123_1/27-198,k141_52123_1,203,46.3,7.9e-11,0.1,172,46.0,7.2e-14,9.9e-11,0.1,workflow/out/asr_HMMER/domtbl/Stool_11_asr_B.domtblout
k141_312596_4/34-247,k141_312596_4,256,46.3,8e-11,1.8,214,39.9,5.1e-12,7.1e-09,1.8,workflow/out/asr_HMMER/domtbl/Stool_11_asr_B.domtblout
k141_23364_1/12-130,k141_23364_1,168,45.2,1.7e-10,0.5,119,45.2,1.2e-13,1.7e-10,0.5,workflow/out/asr_HMMER/domtbl/Stool_11_asr_B.domtblout
k141_153483_1/28-152,k141_153483_1,156,44.8,2.3e-10,0.0,125,44.6,1.9e-13,2.6e-10,0.0,workflow/out/asr_HMMER/domtbl/Stool_11_asr_B.domtblout
k141_382690_1/2-143,k141_382690_1,185,44.1,3.7e-10,1.2,142,43.7,3.4e-13,4.8e-10,1.2,workflow/out/asr_HMMER/domtbl/Stool_11_asr_B.domtblout
k141_2892_8/15-134,k141_2892_8,171,43.9,4.2e-10,0.5,120,43.6,3.9e-13,5.4e-10,0.5,workflow/out/asr_HMMER/domtbl/Stool_11_asr_B.domtblout
k141_301851_3/26-193,k141_301851_3,193,43.8,4.6e-10,0.3,168,43.6,3.7e-13,5.2e-10,0.3,workflow/out/asr_HMMER/domtbl/Stool_11_asr_B.domtblout
k141_465973_18/118-281,k141_465973_18,404,43.6,5.2e-10,0.0,164,43.0,5.9e-13,8.2e-10,0.0,workflow/out/asr_HMMER/domtbl/Stool_11_asr_B.domtblout
k141_481363_10/26-247,k141_481363_10,286,43.6,5.3e-10,0.1,222,43.3,4.8e-13,6.7e-10,0.1,workflow/out/asr_HMMER/domtbl/Stool_11_asr_B.domtblout
k141_124203_50/42-258,k141_124203_50,265,43.3,6.6e-10,6.5,217,40.7,2.9e-12,4e-09,6.5,workflow/out/asr_HMMER/domtbl/Stool_11_asr_B.domtblout
k141_458109_2/8-153,k141_458109_2,191,43.0,8.1e-10,2.9,146,42.7,7.3e-13,1e-09,2.9,workflow/out/asr_HMMER/domtbl/Stool_11_asr_B.domtblout
k141_306486_3/34-188,k141_306486_3,352,42.5,1.2e-09,0.0,155,41.2,2.1e-12,2.9e-09,0.0,workflow/out/asr_HMMER/domtbl/Stool_11_asr_B.domtblout
k141_181048_1/5-197,k141_181048_1,238,42.4,1.2e-09,2.3,193,42.0,1.1e-12,1.6e-09,2.3,workflow/out/asr_HMMER/domtbl/Stool_11_asr_B.domtblout
k141_256506_2/28-131,k141_256506_2,255,40.2,5.8e-09,0.5,104,29.9,5.7e-09,7.9e-06,0.0,workflow/out/asr_HMMER/domtbl/Stool_11_asr_B.domtblout
k141_304177_1/2-119,k141_304177_1,156,40.2,5.9e-09,0.5,118,39.8,5.4e-12,7.5e-09,0.5,workflow/out/asr_HMMER/domtbl/Stool_11_asr_B.domtblout
k141_470469_2/30-111,k141_470469_2,112,39.4,1e-08,0.0,82,39.2,8.3e-12,1.1e-08,0.0,workflow/out/asr_HMMER/domtbl/Stool_11_asr_B.domtblout
k141_382218_1/1-187,k141_382218_1,197,39.4,1e-08,7.8,187,36.8,4.4e-11,6.1e-08,7.8,workflow/out/asr_HMMER/domtbl/Stool_11_asr_B.domtblout
k141_124108_2/16-115,k141_124108_2,120,39.2,1.2e-08,0.0,100,38.3,1.6e-11,2.2e-08,0.0,workflow/out/asr_HMMER/domtbl/Stool_11_asr_B.domtblout
k141_437180_5/60-237,k141_437180_5,272,38.8,1.5e-08,0.0,178,37.5,2.7e-11,3.7e-08,0.0,workflow/out/asr_HMMER/domtbl/Stool_11_asr_B.domtblout
k141_312596_14/51-133,k141_312596_14,256,38.7,1.7e-08,0.1,83,24.7,2.2e-07,0.00031,0.0,workflow/out/asr_HMMER/domtbl/Stool_11_asr_B.domtblout
k141_312596_14/208-250,k141_312596_14,256,38.7,1.7e-08,0.1,43,11.6,0.0022,3.0,0.5,workflow/out/asr_HMMER/domtbl/Stool_11_asr_B.domtblout
k141_244302_1/11-172,k141_244302_1,209,37.7,3.4e-08,0.5,162,37.2,3.4e-11,4.7e-08,0.5,workflow/out/asr_HMMER/domtbl/Stool_11_asr_B.domtblout
k141_333274_2/2-160,k141_333274_2,167,37.3,4.3e-08,0.7,159,36.0,8.1e-11,1.1e-07,0.7,workflow/out/asr_HMMER/domtbl/Stool_11_asr_B.domtblout
k141_273086_3/29-117,k141_273086_3,120,36.9,5.8e-08,0.1,89,36.8,4.4e-11,6.1e-08,0.1,workflow/out/asr_HMMER/domtbl/Stool_11_asr_B.domtblout
k141_183085_1/224-345,k141_183085_1,434,35.0,2.2e-07,0.1,122,34.6,2.2e-10,3e-07,0.1,workflow/out/asr_HMMER/domtbl/Stool_11_asr_B.domtblout
k141_434296_1/3-83,k141_434296_1,120,34.9,2.4e-07,0.8,81,34.6,2.1e-10,2.9e-07,0.8,workflow/out/asr_HMMER/domtbl/Stool_11_asr_B.domtblout
k141_216463_2/26-156,k141_216463_2,164,34.2,3.9e-07,0.1,131,34.0,3.3e-10,4.5e-07,0.1,workflow/out/asr_HMMER/domtbl/Stool_11_asr_B.domtblout
k141_470693_4/141-270,k141_470693_4,404,33.2,8.1e-07,0.2,130,32.0,1.3e-09,1.8e-06,0.0,workflow/out/asr_HMMER/domtbl/Stool_11_asr_B.domtblout
k141_357375_7/1-147,k141_357375_7,155,32.4,1.4e-06,0.0,147,32.1,1.2e-09,1.7e-06,0.0,workflow/out/asr_HMMER/domtbl/Stool_11_asr_B.domtblout
k141_146567_1/6-63,k141_146567_1,146,30.8,4.3e-06,2.2,58,16.2,8.5e-05,0.12,0.0,workflow/out/asr_HMMER/domtbl/Stool_11_asr_B.domtblout
k141_146567_1/105-138,k141_146567_1,146,30.8,4.3e-06,2.2,34,13.5,0.00057,0.79,1.4,workflow/out/asr_HMMER/domtbl/Stool_11_asr_B.domtblout
k141_102458_3/27-245,k141_102458_3,282,29.2,1.3e-05,0.0,219,28.6,1.4e-08,1.9e-05,0.0,workflow/out/asr_HMMER/domtbl/Stool_11_asr_B.domtblout
k141_201081_2/13-100,k141_201081_2,139,25.8,0.00014,0.6,88,25.5,1.3e-07,0.00018,0.6,workflow/out/asr_HMMER/domtbl/Stool_11_asr_B.domtblout
k141_439046_1/14-132,k141_439046_1,140,25.1,0.00023,0.4,119,23.9,4e-07,0.00055,0.4,workflow/out/asr_HMMER/domtbl/Stool_11_asr_B.domtblout
k141_108344_4/23-85,k141_108344_4,92,25.0,0.00024,0.4,63,24.9,1.9e-07,0.00026,0.4,workflow/out/asr_HMMER/domtbl/Stool_11_asr_B.domtblout
k141_65727_2/12-73,k141_65727_2,112,22.7,0.0012,0.7,62,22.4,1.1e-06,0.0016,0.7,workflow/out/asr_HMMER/domtbl/Stool_11_asr_B.domtblout
k141_298872_1/2-62,k141_298872_1,99,21.6,0.0026,0.6,61,21.4,2.2e-06,0.0031,0.6,workflow/out/asr_HMMER/domtbl/Stool_11_asr_B.domtblout
k141_78781_3/3-262,k141_78781_3,263,433.0,3.9e-129,0.4,260,432.8,2.8e-132,4.4e-129,0.4,workflow/out/asr_HMMER/domtbl/Capsule_7_asr_B.domtblout
k141_58650_11/4-264,k141_58650_11,265,429.6,4.2e-128,0.8,261,429.4,3e-131,4.8e-128,0.8,workflow/out/asr_HMMER/domtbl/Capsule_7_asr_B.domtblout
k141_118025_107/4-264,k141_118025_107,265,421.2,1.5e-125,0.0,261,421.0,1.1e-128,1.7e-125,0.0,workflow/out/asr_HMMER/domtbl/Capsule_7_asr_B.domtblout
k141_220890_13/4-263,k141_220890_13,264,418.6,9.4e-125,0.0,260,418.5,6.8e-128,1.1e-124,0.0,workflow/out/asr_HMMER/domtbl/Capsule_7_asr_B.domtblout
k141_175484_3/33-299,k141_175484_3,304,240.9,1.6e-70,0.0,267,240.7,1.1e-73,1.8e-70,0.0,workflow/out/asr_HMMER/domtbl/Capsule_7_asr_B.domtblout
k141_149492_8/12-278,k141_149492_8,283,231.8,9.6e-68,0.0,267,231.6,6.9e-71,1.1e-67,0.0,workflow/out/asr_HMMER/domtbl/Capsule_7_asr_B.domtblout
k141_161540_3/18-260,k141_161540_3,265,229.2,5.8e-67,0.0,243,229.1,4e-70,6.2e-67,0.0,workflow/out/asr_HMMER/domtbl/Capsule_7_asr_B.domtblout
k141_249795_4/22-282,k141_249795_4,292,191.5,1.9e-55,0.0,261,191.3,1.4e-58,2.1e-55,0.0,workflow/out/asr_HMMER/domtbl/Capsule_7_asr_B.domtblout
k141_245745_8/15-276,k141_245745_8,285,188.4,1.7e-54,0.3,262,188.1,1.3e-57,2.1e-54,0.3,workflow/out/asr_HMMER/domtbl/Capsule_7_asr_B.domtblout
k141_32991_2/35-272,k141_32991_2,278,188.1,2e-54,0.1,238,188.0,1.4e-57,2.2e-54,0.1,workflow/out/asr_HMMER/domtbl/Capsule_7_asr_B.domtblout
k141_53702_26/15-274,k141_53702_26,286,185.6,1.2e-53,0.1,260,185.2,1e-56,1.6e-53,0.1,workflow/out/asr_HMMER/domtbl/Capsule_7_asr_B.domtblout
k141_243444_1/8-272,k141_243444_1,282,185.4,1.4e-53,0.0,265,185.0,1.1e-56,1.8e-53,0.0,workflow/out/asr_HMMER/domtbl/Capsule_7_asr_B.domtblout
k141_103386_25/15-273,k141_103386_25,285,185.0,1.8e-53,0.1,259,184.7,1.4e-56,2.2e-53,0.1,workflow/out/asr_HMMER/domtbl/Capsule_7_asr_B.domtblout
k141_20_3/35-272,k141_20_3,278,184.3,2.9e-53,0.2,238,184.2,2e-56,3.1e-53,0.2,workflow/out/asr_HMMER/domtbl/Capsule_7_asr_B.domtblout
k141_203171_1/4-263,k141_203171_1,274,183.6,4.9e-53,0.2,260,183.4,3.4e-56,5.4e-53,0.2,workflow/out/asr_HMMER/domtbl/Capsule_7_asr_B.domtblout
k141_209140_1/8-272,k141_209140_1,279,182.8,8.3e-53,0.0,265,182.6,6.4e-56,1e-52,0.0,workflow/out/asr_HMMER/domtbl/Capsule_7_asr_B.domtblout
k141_91506_4/5-270,k141_91506_4,280,180.3,5e-52,0.0,266,180.0,3.8e-55,5.9e-52,0.0,workflow/out/asr_HMMER/domtbl/Capsule_7_asr_B.domtblout
k141_250126_1/3-252,k141_250126_1,264,179.2,1e-51,0.2,250,179.0,7.5e-55,1.2e-51,0.2,workflow/out/asr_HMMER/domtbl/Capsule_7_asr_B.domtblout
k141_91109_15/404-663,k141_91109_15,672,151.6,2.8e-43,0.0,260,151.0,2.7e-46,4.2e-43,0.0,workflow/out/asr_HMMER/domtbl/Capsule_7_asr_B.domtblout
k141_134994_2/6-222,k141_134994_2,223,118.9,2.6e-33,0.0,217,118.8,1.9e-36,2.9e-33,0.0,workflow/out/asr_HMMER/domtbl/Capsule_7_asr_B.domtblout
k141_251590_2/3-121,k141_251590_2,132,98.1,5.9e-27,0.3,119,98.0,3.9e-30,6.1e-27,0.3,workflow/out/asr_HMMER/domtbl/Capsule_7_asr_B.domtblout
k141_158515_24/4-249,k141_158515_24,269,98.1,6e-27,0.5,246,97.6,5.3e-30,8.3e-27,0.5,workflow/out/asr_HMMER/domtbl/Capsule_7_asr_B.domtblout
k141_129232_34/25-251,k141_129232_34,296,88.6,4.5e-24,2.3,227,88.3,3.7e-27,5.8e-24,2.3,workflow/out/asr_HMMER/domtbl/Capsule_7_asr_B.domtblout
k141_139824_32/25-251,k141_139824_32,296,87.4,1.1e-23,2.9,227,86.7,1.1e-26,1.7e-23,2.9,workflow/out/asr_HMMER/domtbl/Capsule_7_asr_B.domtblout
k141_56155_125/25-252,k141_56155_125,295,85.5,4.2e-23,0.3,228,85.1,3.4e-26,5.4e-23,0.3,workflow/out/asr_HMMER/domtbl/Capsule_7_asr_B.domtblout
k141_191381_2/11-246,k141_191381_2,254,85.2,5e-23,0.0,236,84.7,4.4e-26,6.9e-23,0.0,workflow/out/asr_HMMER/domtbl/Capsule_7_asr_B.domtblout
k141_22748_3/26-251,k141_22748_3,296,84.9,6.2e-23,4.7,226,84.9,4e-26,6.2e-23,4.7,workflow/out/asr_HMMER/domtbl/Capsule_7_asr_B.domtblout
k141_252632_2/26-251,k141_252632_2,296,81.3,7.6e-22,2.5,226,81.3,4.9e-25,7.6e-22,2.5,workflow/out/asr_HMMER/domtbl/Capsule_7_asr_B.domtblout
k141_215341_121/27-252,k141_215341_121,297,81.2,8.2e-22,2.3,226,81.2,5.3e-25,8.2e-22,2.3,workflow/out/asr_HMMER/domtbl/Capsule_7_asr_B.domtblout
k141_131446_3/26-252,k141_131446_3,294,81.1,8.9e-22,1.7,227,80.8,7.1e-25,1.1e-21,1.7,workflow/out/asr_HMMER/domtbl/Capsule_7_asr_B.domtblout
k141_156125_117/34-246,k141_156125_117,254,80.6,1.2e-21,1.4,213,80.3,1e-24,1.6e-21,1.4,workflow/out/asr_HMMER/domtbl/Capsule_7_asr_B.domtblout
k141_178696_48/27-252,k141_178696_48,297,80.1,1.8e-21,1.7,226,80.1,1.1e-24,1.8e-21,1.7,workflow/out/asr_HMMER/domtbl/Capsule_7_asr_B.domtblout
k141_97822_3/29-251,k141_97822_3,296,79.1,3.8e-21,4.2,223,78.6,3.4e-24,5.3e-21,4.2,workflow/out/asr_HMMER/domtbl/Capsule_7_asr_B.domtblout
k141_248418_5/25-251,k141_248418_5,293,78.8,4.6e-21,2.8,227,78.5,3.6e-24,5.6e-21,2.8,workflow/out/asr_HMMER/domtbl/Capsule_7_asr_B.domtblout
k141_68874_2/3-251,k141_68874_2,296,78.4,6e-21,2.8,249,78.1,4.8e-24,7.5e-21,2.8,workflow/out/asr_HMMER/domtbl/Capsule_7_asr_B.domtblout
k141_170946_2/26-252,k141_170946_2,290,78.4,6.1e-21,0.0,227,77.9,5.3e-24,8.3e-21,0.0,workflow/out/asr_HMMER/domtbl/Capsule_7_asr_B.domtblout
k141_170885_2/24-251,k141_170885_2,296,76.6,2.1e-20,2.7,228,76.6,1.3e-23,2.1e-20,2.7,workflow/out/asr_HMMER/domtbl/Capsule_7_asr_B.domtblout
k141_18659_22/29-251,k141_18659_22,258,76.4,2.5e-20,1.5,223,75.9,2.2e-23,3.5e-20,1.5,workflow/out/asr_HMMER/domtbl/Capsule_7_asr_B.domtblout
k141_39197_23/25-250,k141_39197_23,295,76.2,2.9e-20,1.7,226,75.6,2.7e-23,4.1e-20,1.7,workflow/out/asr_HMMER/domtbl/Capsule_7_asr_B.domtblout
k141_11155_4/29-255,k141_11155_4,262,75.3,5.3e-20,0.4,227,73.6,1.1e-22,1.7e-19,0.4,workflow/out/asr_HMMER/domtbl/Capsule_7_asr_B.domtblout
k141_247850_6/30-248,k141_247850_6,254,75.2,5.7e-20,0.2,219,74.9,4.5e-23,7.1e-20,0.2,workflow/out/asr_HMMER/domtbl/Capsule_7_asr_B.domtblout
k141_1720_19/28-250,k141_1720_19,257,72.3,4.2e-19,1.3,223,70.5,9.7e-22,1.5e-18,1.3,workflow/out/asr_HMMER/domtbl/Capsule_7_asr_B.domtblout
k141_647_2/26-244,k141_647_2,288,71.9,5.6e-19,0.0,219,71.5,4.7e-22,7.4e-19,0.0,workflow/out/asr_HMMER/domtbl/Capsule_7_asr_B.domtblout
k141_143754_12/26-252,k141_143754_12,297,71.5,7.7e-19,1.5,227,71.0,7.1e-22,1.1e-18,1.5,workflow/out/asr_HMMER/domtbl/Capsule_7_asr_B.domtblout
k141_41408_10/32-256,k141_41408_10,263,70.8,1.2e-18,0.6,225,69.1,2.6e-21,4.1e-18,0.6,workflow/out/asr_HMMER/domtbl/Capsule_7_asr_B.domtblout
k141_52703_4/26-244,k141_52703_4,282,70.3,1.8e-18,1.3,219,69.9,1.5e-21,2.3e-18,1.3,workflow/out/asr_HMMER/domtbl/Capsule_7_asr_B.domtblout
k141_52631_7/29-252,k141_52631_7,259,70.1,2e-18,0.5,224,69.1,2.7e-21,4.2e-18,0.5,workflow/out/asr_HMMER/domtbl/Capsule_7_asr_B.domtblout
k141_118147_26/4-249,k141_118147_26,256,70.1,2.1e-18,3.1,246,68.9,3e-21,4.6e-18,3.1,workflow/out/asr_HMMER/domtbl/Capsule_7_asr_B.domtblout
k141_203015_19/40-260,k141_203015_19,267,70.1,2.1e-18,0.7,221,69.2,2.4e-21,3.8e-18,0.7,workflow/out/asr_HMMER/domtbl/Capsule_7_asr_B.domtblout
k141_172916_35/20-240,k141_172916_35,248,70.0,2.2e-18,3.3,221,67.2,1e-20,1.6e-17,3.3,workflow/out/asr_HMMER/domtbl/Capsule_7_asr_B.domtblout
k141_220381_2/34-253,k141_220381_2,258,69.8,2.5e-18,2.1,220,68.2,5e-21,7.8e-18,2.1,workflow/out/asr_HMMER/domtbl/Capsule_7_asr_B.domtblout
k141_168841_7/27-245,k141_168841_7,284,69.7,2.7e-18,1.9,219,69.7,1.7e-21,2.7e-18,1.9,workflow/out/asr_HMMER/domtbl/Capsule_7_asr_B.domtblout
k141_94023_4/29-254,k141_94023_4,261,68.9,4.9e-18,0.4,226,67.3,9.4e-21,1.5e-17,0.4,workflow/out/asr_HMMER/domtbl/Capsule_7_asr_B.domtblout
k141_223595_109/27-252,k141_223595_109,297,68.8,5e-18,1.5,226,68.3,4.6e-21,7.1e-18,1.5,workflow/out/asr_HMMER/domtbl/Capsule_7_asr_B.domtblout
k141_179489_20/2-245,k141_179489_20,280,68.7,5.4e-18,0.0,244,68.4,4.3e-21,6.7e-18,0.0,workflow/out/asr_HMMER/domtbl/Capsule_7_asr_B.domtblout
k141_252307_28/33-260,k141_252307_28,267,68.7,5.5e-18,1.0,228,67.2,1e-20,1.6e-17,1.0,workflow/out/asr_HMMER/domtbl/Capsule_7_asr_B.domtblout
k141_230755_1/26-243,k141_230755_1,282,68.6,5.9e-18,1.3,218,68.2,5.1e-21,7.9e-18,1.3,workflow/out/asr_HMMER/domtbl/Capsule_7_asr_B.domtblout
k141_221488_56/35-253,k141_221488_56,260,68.4,6.8e-18,1.6,219,66.8,1.3e-20,2e-17,1.6,workflow/out/asr_HMMER/domtbl/Capsule_7_asr_B.domtblout
k141_6439_71/31-249,k141_6439_71,258,68.2,7.9e-18,0.2,219,67.8,6.5e-21,1e-17,0.2,workflow/out/asr_HMMER/domtbl/Capsule_7_asr_B.domtblout
k141_56052_2/26-243,k141_56052_2,282,67.7,1.1e-17,2.2,218,67.3,9.5e-21,1.5e-17,2.2,workflow/out/asr_HMMER/domtbl/Capsule_7_asr_B.domtblout
k141_114976_2/34-253,k141_114976_2,258,67.6,1.2e-17,1.2,220,66.1,2.1e-20,3.4e-17,1.2,workflow/out/asr_HMMER/domtbl/Capsule_7_asr_B.domtblout
k141_22271_220/28-246,k141_22271_220,284,67.1,1.7e-17,0.3,219,66.7,1.5e-20,2.3e-17,0.3,workflow/out/asr_HMMER/domtbl/Capsule_7_asr_B.domtblout
k141_109015_118/28-243,k141_109015_118,266,67.0,1.8e-17,3.3,216,66.6,1.6e-20,2.4e-17,3.3,workflow/out/asr_HMMER/domtbl/Capsule_7_asr_B.domtblout
k141_129820_122/34-256,k141_129820_122,262,66.9,1.9e-17,0.1,223,66.6,1.5e-20,2.4e-17,0.1,workflow/out/asr_HMMER/domtbl/Capsule_7_asr_B.domtblout
k141_128640_51/29-246,k141_128640_51,255,66.3,2.8e-17,3.9,218,66.0,2.3e-20,3.5e-17,3.9,workflow/out/asr_HMMER/domtbl/Capsule_7_asr_B.domtblout
k141_243024_5/26-244,k141_243024_5,281,66.0,3.6e-17,1.6,219,65.6,3e-20,4.7e-17,1.6,workflow/out/asr_HMMER/domtbl/Capsule_7_asr_B.domtblout
k141_108394_8/8-248,k141_108394_8,257,65.5,5e-17,0.0,241,65.0,4.6e-20,7.2e-17,0.0,workflow/out/asr_HMMER/domtbl/Capsule_7_asr_B.domtblout
k141_47443_53/29-245,k141_47443_53,253,65.4,5.5e-17,0.0,217,65.0,4.7e-20,7.3e-17,0.0,workflow/out/asr_HMMER/domtbl/Capsule_7_asr_B.domtblout
k141_208530_25/34-251,k141_208530_25,257,65.4,5.5e-17,0.1,218,65.0,4.8e-20,7.6e-17,0.1,workflow/out/asr_HMMER/domtbl/Capsule_7_asr_B.domtblout
k141_218610_542/25-245,k141_218610_542,281,65.4,5.6e-17,0.8,221,64.9,4.9e-20,7.6e-17,0.8,workflow/out/asr_HMMER/domtbl/Capsule_7_asr_B.domtblout
k141_34324_3/29-254,k141_34324_3,261,65.2,6.2e-17,0.7,226,64.3,7.6e-20,1.2e-16,0.7,workflow/out/asr_HMMER/domtbl/Capsule_7_asr_B.domtblout
k141_90849_1/21-235,k141_90849_1,236,65.0,7.4e-17,3.1,215,62.8,2.1e-19,3.3e-16,3.1,workflow/out/asr_HMMER/domtbl/Capsule_7_asr_B.domtblout
k141_102196_3/29-235,k141_102196_3,245,64.9,7.6e-17,1.8,207,64.2,8e-20,1.2e-16,1.8,workflow/out/asr_HMMER/domtbl/Capsule_7_asr_B.domtblout
k141_167616_98/26-243,k141_167616_98,286,64.9,7.8e-17,1.4,218,64.4,6.9e-20,1.1e-16,1.4,workflow/out/asr_HMMER/domtbl/Capsule_7_asr_B.domtblout
k141_228194_2/32-253,k141_228194_2,261,64.6,9.7e-17,1.3,222,63.0,1.9e-19,3e-16,1.3,workflow/out/asr_HMMER/domtbl/Capsule_7_asr_B.domtblout
k141_1334_61/29-254,k141_1334_61,261,64.5,1e-16,0.9,226,62.9,2.1e-19,3.3e-16,0.9,workflow/out/asr_HMMER/domtbl/Capsule_7_asr_B.domtblout
k141_54975_2/33-253,k141_54975_2,259,64.5,1e-16,0.0,221,64.1,8.6e-20,1.3e-16,0.0,workflow/out/asr_HMMER/domtbl/Capsule_7_asr_B.domtblout
k141_80024_5/35-253,k141_80024_5,258,64.2,1.3e-16,2.0,219,62.0,3.9e-19,6.1e-16,2.0,workflow/out/asr_HMMER/domtbl/Capsule_7_asr_B.domtblout
k141_23027_7/26-244,k141_23027_7,281,64.1,1.4e-16,1.1,219,63.7,1.2e-19,1.8e-16,1.1,workflow/out/asr_HMMER/domtbl/Capsule_7_asr_B.domtblout
k141_130393_1/24-246,k141_130393_1,283,64.0,1.4e-16,0.2,223,63.6,1.2e-19,1.9e-16,0.2,workflow/out/asr_HMMER/domtbl/Capsule_7_asr_B.domtblout
k141_222272_2/24-246,k141_222272_2,286,63.9,1.6e-16,0.2,223,63.5,1.4e-19,2.1e-16,0.2,workflow/out/asr_HMMER/domtbl/Capsule_7_asr_B.domtblout
k141_129179_3/31-248,k141_129179_3,256,63.3,2.5e-16,1.8,218,61.7,4.9e-19,7.6e-16,1.8,workflow/out/asr_HMMER/domtbl/Capsule_7_asr_B.domtblout
k141_137270_9/26-244,k141_137270_9,281,63.1,2.7e-16,0.5,219,62.7,2.3e-19,3.6e-16,0.5,workflow/out/asr_HMMER/domtbl/Capsule_7_asr_B.domtblout
k141_170287_1/119-335,k141_170287_1,341,62.9,3.3e-16,0.2,217,62.3,3e-19,4.8e-16,0.2,workflow/out/asr_HMMER/domtbl/Capsule_7_asr_B.domtblout
k141_223074_4/39-256,k141_223074_4,291,62.6,3.9e-16,2.3,218,62.2,3.3e-19,5.1e-16,2.3,workflow/out/asr_HMMER/domtbl/Capsule_7_asr_B.domtblout
k141_195217_20/26-245,k141_195217_20,278,62.3,5e-16,0.9,220,61.9,4.2e-19,6.6e-16,0.9,workflow/out/asr_HMMER/domtbl/Capsule_7_asr_B.domtblout
k141_208530_16/27-245,k141_208530_16,276,62.3,5e-16,3.7,219,61.8,4.6e-19,7.2e-16,3.7,workflow/out/asr_HMMER/domtbl/Capsule_7_asr_B.domtblout
k141_210668_2/27-244,k141_210668_2,281,61.8,7.1e-16,1.9,218,61.3,6.1e-19,9.5e-16,1.9,workflow/out/asr_HMMER/domtbl/Capsule_7_asr_B.domtblout
k141_230825_2/32-248,k141_230825_2,256,61.1,1.2e-15,0.1,217,60.6,1e-18,1.6e-15,0.1,workflow/out/asr_HMMER/domtbl/Capsule_7_asr_B.domtblout
k141_227170_1/4-192,k141_227170_1,237,60.6,1.6e-15,0.5,189,60.2,1.3e-18,2.1e-15,0.5,workflow/out/asr_HMMER/domtbl/Capsule_7_asr_B.domtblout
k141_174110_18/32-254,k141_174110_18,261,60.6,1.6e-15,0.4,223,59.3,2.6e-18,4.1e-15,0.4,workflow/out/asr_HMMER/domtbl/Capsule_7_asr_B.domtblout
k141_180738_26/66-261,k141_180738_26,268,60.6,1.6e-15,0.4,196,59.8,1.8e-18,2.9e-15,0.4,workflow/out/asr_HMMER/domtbl/Capsule_7_asr_B.domtblout
k141_217805_27/33-248,k141_217805_27,256,60.3,2e-15,3.1,216,58.7,4e-18,6.3e-15,3.1,workflow/out/asr_HMMER/domtbl/Capsule_7_asr_B.domtblout
k141_77474_9/26-244,k141_77474_9,284,59.2,4.5e-15,0.5,219,58.7,3.9e-18,6.1e-15,0.5,workflow/out/asr_HMMER/domtbl/Capsule_7_asr_B.domtblout
k141_81641_2/37-261,k141_81641_2,268,58.7,6.3e-15,1.2,225,58.1,6e-18,9.3e-15,1.2,workflow/out/asr_HMMER/domtbl/Capsule_7_asr_B.domtblout
k141_213267_3/27-244,k141_213267_3,281,58.4,7.3e-15,1.4,218,58.0,6.3e-18,9.9e-15,1.4,workflow/out/asr_HMMER/domtbl/Capsule_7_asr_B.domtblout
k141_81676_2/36-261,k141_81676_2,268,58.4,7.8e-15,0.8,226,57.8,7.5e-18,1.2e-14,0.8,workflow/out/asr_HMMER/domtbl/Capsule_7_asr_B.domtblout
k141_51833_2/26-244,k141_51833_2,281,58.2,8.4e-15,3.0,219,57.9,7e-18,1.1e-14,3.0,workflow/out/asr_HMMER/domtbl/Capsule_7_asr_B.domtblout
k141_243469_2/35-253,k141_243469_2,259,58.1,9.4e-15,0.1,219,57.6,8.5e-18,1.3e-14,0.1,workflow/out/asr_HMMER/domtbl/Capsule_7_asr_B.domtblout
k141_43578_2/39-233,k141_43578_2,241,57.6,1.3e-14,0.4,195,56.8,1.5e-17,2.3e-14,0.4,workflow/out/asr_HMMER/domtbl/Capsule_7_asr_B.domtblout
k141_96557_126/35-231,k141_96557_126,237,57.6,1.4e-14,3.5,197,56.3,2.1e-17,3.2e-14,3.5,workflow/out/asr_HMMER/domtbl/Capsule_7_asr_B.domtblout
k141_119058_2/38-256,k141_119058_2,293,57.4,1.5e-14,3.4,219,57.0,1.3e-17,2e-14,3.4,workflow/out/asr_HMMER/domtbl/Capsule_7_asr_B.domtblout
k141_88329_31/27-244,k141_88329_31,274,56.9,2.1e-14,2.0,218,56.6,1.7e-17,2.7e-14,2.0,workflow/out/asr_HMMER/domtbl/Capsule_7_asr_B.domtblout
k141_81302_1/2-146,k141_81302_1,189,56.9,2.2e-14,1.9,145,56.6,1.7e-17,2.7e-14,1.9,workflow/out/asr_HMMER/domtbl/Capsule_7_asr_B.domtblout
k141_108268_2/29-181,k141_108268_2,226,56.8,2.2e-14,3.0,153,56.8,1.4e-17,2.2e-14,3.0,workflow/out/asr_HMMER/domtbl/Capsule_7_asr_B.domtblout
k141_4389_79/34-256,k141_4389_79,263,56.8,2.4e-14,0.1,223,55.3,4.2e-17,6.6e-14,0.1,workflow/out/asr_HMMER/domtbl/Capsule_7_asr_B.domtblout
k141_177146_2/31-256,k141_177146_2,260,56.5,2.8e-14,0.0,226,56.1,2.4e-17,3.8e-14,0.0,workflow/out/asr_HMMER/domtbl/Capsule_7_asr_B.domtblout
k141_124379_1/52-218,k141_124379_1,224,56.1,3.8e-14,0.0,167,55.7,3.2e-17,4.9e-14,0.0,workflow/out/asr_HMMER/domtbl/Capsule_7_asr_B.domtblout
k141_141998_12/32-248,k141_141998_12,256,56.0,4e-14,2.8,217,54.0,1.1e-16,1.7e-13,2.8,workflow/out/asr_HMMER/domtbl/Capsule_7_asr_B.domtblout
k141_127403_5/32-125,k141_127403_5,292,56.0,4e-14,5.5,94,30.2,2e-09,3.1e-06,0.0,workflow/out/asr_HMMER/domtbl/Capsule_7_asr_B.domtblout
k141_127403_5/160-286,k141_127403_5,292,56.0,4e-14,5.5,127,25.6,4.9e-08,7.7e-05,2.8,workflow/out/asr_HMMER/domtbl/Capsule_7_asr_B.domtblout
k141_227480_2/32-248,k141_227480_2,256,56.0,4.1e-14,0.0,217,55.6,3.6e-17,5.6e-14,0.0,workflow/out/asr_HMMER/domtbl/Capsule_7_asr_B.domtblout
k141_254111_13/35-132,k141_254111_13,262,55.8,4.9e-14,0.8,98,28.3,7.4e-09,1.2e-05,0.0,workflow/out/asr_HMMER/domtbl/Capsule_7_asr_B.domtblout
k141_254111_13/193-253,k141_254111_13,262,55.8,4.9e-14,0.8,61,25.1,6.8e-08,0.00011,1.3,workflow/out/asr_HMMER/domtbl/Capsule_7_asr_B.domtblout
k141_84739_9/33-135,k141_84739_9,261,55.6,5.5e-14,1.1,103,28.5,6.3e-09,9.9e-06,0.0,workflow/out/asr_HMMER/domtbl/Capsule_7_asr_B.domtblout
k141_84739_9/193-254,k141_84739_9,261,55.6,5.5e-14,1.1,62,24.7,9.3e-08,0.00014,1.5,workflow/out/asr_HMMER/domtbl/Capsule_7_asr_B.domtblout
k141_246416_24/37-259,k141_246416_24,264,55.4,6.2e-14,0.0,223,55.0,5.2e-17,8e-14,0.0,workflow/out/asr_HMMER/domtbl/Capsule_7_asr_B.domtblout
k141_53348_145/249-415,k141_53348_145,421,54.8,9.5e-14,0.6,167,53.5,1.5e-16,2.3e-13,0.0,workflow/out/asr_HMMER/domtbl/Capsule_7_asr_B.domtblout
k141_224860_2/29-128,k141_224860_2,257,54.4,1.2e-13,0.1,100,36.7,2.1e-11,3.2e-08,0.0,workflow/out/asr_HMMER/domtbl/Capsule_7_asr_B.domtblout
k141_224860_2/160-248,k141_224860_2,257,54.4,1.2e-13,0.1,89,15.9,4.6e-05,0.072,0.1,workflow/out/asr_HMMER/domtbl/Capsule_7_asr_B.domtblout
k141_122752_85/40-261,k141_122752_85,268,54.3,1.3e-13,0.0,222,53.7,1.3e-16,2.1e-13,0.0,workflow/out/asr_HMMER/domtbl/Capsule_7_asr_B.domtblout
k141_108140_1/258-424,k141_108140_1,429,54.0,1.6e-13,0.1,167,52.0,4.5e-16,7e-13,0.0,workflow/out/asr_HMMER/domtbl/Capsule_7_asr_B.domtblout
k141_247464_144/30-241,k141_247464_144,251,52.3,5.5e-13,7.3,212,49.8,2e-15,3.1e-12,7.3,workflow/out/asr_HMMER/domtbl/Capsule_7_asr_B.domtblout
k141_243334_4/27-244,k141_243334_4,281,52.1,6.3e-13,4.1,218,51.7,5.2e-16,8.2e-13,4.1,workflow/out/asr_HMMER/domtbl/Capsule_7_asr_B.domtblout
k141_58766_11/243-418,k141_58766_11,425,50.6,1.8e-12,0.4,176,48.8,4.2e-15,6.5e-12,0.0,workflow/out/asr_HMMER/domtbl/Capsule_7_asr_B.domtblout
k141_222605_40/26-244,k141_222605_40,283,50.0,2.7e-12,1.1,219,49.6,2.3e-15,3.6e-12,1.1,workflow/out/asr_HMMER/domtbl/Capsule_7_asr_B.domtblout
k141_146838_2/32-226,k141_146838_2,226,50.0,2.8e-12,0.0,195,49.6,2.3e-15,3.6e-12,0.0,workflow/out/asr_HMMER/domtbl/Capsule_7_asr_B.domtblout
k141_129820_114/258-421,k141_129820_114,429,49.8,3.1e-12,0.3,164,47.1,1.4e-14,2.2e-11,0.0,workflow/out/asr_HMMER/domtbl/Capsule_7_asr_B.domtblout
k141_182494_15/27-244,k141_182494_15,281,49.2,5e-12,3.0,218,48.7,4.3e-15,6.7e-12,3.0,workflow/out/asr_HMMER/domtbl/Capsule_7_asr_B.domtblout
k141_81869_3/30-248,k141_81869_3,257,48.1,1.1e-11,0.6,219,43.4,1.8e-13,2.8e-10,0.6,workflow/out/asr_HMMER/domtbl/Capsule_7_asr_B.domtblout
k141_149364_1/10-169,k141_149364_1,206,46.3,3.7e-11,2.1,160,46.0,2.9e-14,4.6e-11,2.1,workflow/out/asr_HMMER/domtbl/Capsule_7_asr_B.domtblout
k141_179704_1/3-169,k141_179704_1,176,45.6,5.9e-11,0.3,167,44.6,7.8e-14,1.2e-10,0.3,workflow/out/asr_HMMER/domtbl/Capsule_7_asr_B.domtblout
k141_59379_2/1-146,k141_59379_2,191,43.5,2.6e-10,1.4,146,43.1,2.3e-13,3.6e-10,1.4,workflow/out/asr_HMMER/domtbl/Capsule_7_asr_B.domtblout
k141_5855_1/1-188,k141_5855_1,196,43.1,3.6e-10,2.1,188,39.1,3.7e-12,5.8e-09,2.1,workflow/out/asr_HMMER/domtbl/Capsule_7_asr_B.domtblout
k141_133521_131/32-263,k141_133521_131,269,43.0,3.9e-10,0.0,232,42.6,3.3e-13,5.1e-10,0.0,workflow/out/asr_HMMER/domtbl/Capsule_7_asr_B.domtblout
k141_53397_1/16-176,k141_53397_1,180,42.7,4.6e-10,1.5,161,41.0,1e-12,1.6e-09,1.5,workflow/out/asr_HMMER/domtbl/Capsule_7_asr_B.domtblout
k141_47383_5/23-241,k141_47383_5,248,41.7,9.4e-10,2.4,219,38.9,4.2e-12,6.6e-09,2.4,workflow/out/asr_HMMER/domtbl/Capsule_7_asr_B.domtblout
k141_192669_20/23-150,k141_192669_20,164,39.6,4.1e-09,0.0,128,39.3,3.2e-12,5e-09,0.0,workflow/out/asr_HMMER/domtbl/Capsule_7_asr_B.domtblout
k141_212057_1/27-145,k141_212057_1,147,39.3,5e-09,0.0,119,39.2,3.5e-12,5.4e-09,0.0,workflow/out/asr_HMMER/domtbl/Capsule_7_asr_B.domtblout
k141_229408_4/60-237,k141_229408_4,272,38.8,7e-09,0.0,178,37.5,1.1e-11,1.8e-08,0.0,workflow/out/asr_HMMER/domtbl/Capsule_7_asr_B.domtblout
k141_185818_1/1-166,k141_185818_1,174,38.3,1e-08,4.7,166,34.2,1.1e-10,1.8e-07,4.7,workflow/out/asr_HMMER/domtbl/Capsule_7_asr_B.domtblout
k141_134233_2/28-150,k141_134233_2,189,38.3,1.1e-08,0.0,123,37.9,8.5e-12,1.3e-08,0.0,workflow/out/asr_HMMER/domtbl/Capsule_7_asr_B.domtblout
k141_121199_1/17-100,k141_121199_1,106,36.4,3.8e-08,1.1,84,36.1,3e-11,4.7e-08,1.1,workflow/out/asr_HMMER/domtbl/Capsule_7_asr_B.domtblout
k141_35057_1/28-171,k141_35057_1,173,35.8,6.1e-08,0.2,144,35.6,4.5e-11,7e-08,0.2,workflow/out/asr_HMMER/domtbl/Capsule_7_asr_B.domtblout
k141_202665_6/279-511,k141_202665_6,517,33.5,3.1e-07,0.0,233,32.7,3.4e-10,5.3e-07,0.0,workflow/out/asr_HMMER/domtbl/Capsule_7_asr_B.domtblout
k141_181513_1/2-148,k141_181513_1,154,33.3,3.4e-07,0.0,147,33.1,2.5e-10,3.9e-07,0.0,workflow/out/asr_HMMER/domtbl/Capsule_7_asr_B.domtblout
k141_165403_2/114-276,k141_165403_2,389,32.0,8.7e-07,0.0,163,31.3,9.1e-10,1.4e-06,0.0,workflow/out/asr_HMMER/domtbl/Capsule_7_asr_B.domtblout
k141_27294_3/68-147,k141_27294_3,152,30.4,2.6e-06,5.1,80,28.1,8.4e-09,1.3e-05,5.1,workflow/out/asr_HMMER/domtbl/Capsule_7_asr_B.domtblout
k141_140467_3/27-117,k141_140467_3,118,26.2,5.1e-05,0.1,91,26.1,3.4e-08,5.4e-05,0.1,workflow/out/asr_HMMER/domtbl/Capsule_7_asr_B.domtblout
k141_13557_3/37-82,k141_13557_3,89,22.7,0.00059,1.9,46,20.4,1.9e-06,0.003,1.9,workflow/out/asr_HMMER/domtbl/Capsule_7_asr_B.domtblout
k141_121232_3/14-71,k141_121232_3,80,22.3,0.00075,0.3,58,22.1,5.7e-07,0.00089,0.3,workflow/out/asr_HMMER/domtbl/Capsule_7_asr_B.domtblout
k141_41304_2/141-286,k141_41304_2,391,22.0,0.00098,0.1,146,19.7,3e-06,0.0047,0.0,workflow/out/asr_HMMER/domtbl/Capsule_7_asr_B.domtblout
k141_66869_1/12-65,k141_66869_1,66,21.6,0.0013,0.0,54,21.6,8.3e-07,0.0013,0.0,workflow/out/asr_HMMER/domtbl/Capsule_7_asr_B.domtblout
k141_212145_6/26-111,k141_212145_6,116,20.4,0.003,0.0,86,20.4,2e-06,0.0031,0.0,workflow/out/asr_HMMER/domtbl/Capsule_7_asr_B.domtblout
k141_3573_6/16-79,k141_3573_6,86,20.1,0.0038,2.5,64,18.4,7.8e-06,0.012,2.5,workflow/out/asr_HMMER/domtbl/Capsule_7_asr_B.domtblout
k141_52035_3/28-111,k141_52035_3,111,19.2,0.0068,0.1,84,19.2,4.5e-06,0.0071,0.1,workflow/out/asr_HMMER/domtbl/Capsule_7_asr_B.domtblout
k141_124746_10/26-90,k141_124746_10,96,18.7,0.0099,0.0,65,18.6,6.7e-06,0.01,0.0,workflow/out/asr_HMMER/domtbl/Capsule_7_asr_B.domtblout
k141_189438_2/3-262,k141_189438_2,263,434.1,2.6e-129,0.2,260,433.9,2e-132,2.9e-129,0.2,workflow/out/asr_HMMER/domtbl/Capsule_11_asr_B.domtblout
k141_35651_2/5-264,k141_35651_2,265,420.0,5.3e-125,0.0,260,419.8,4.1e-128,5.9e-125,0.0,workflow/out/asr_HMMER/domtbl/Capsule_11_asr_B.domtblout
k141_94081_2/2-263,k141_94081_2,264,418.3,1.7e-124,2.9,262,418.1,1.4e-127,2e-124,2.9,workflow/out/asr_HMMER/domtbl/Capsule_11_asr_B.domtblout
k141_21695_26/4-263,k141_21695_26,264,348.9,2.5e-103,0.4,260,348.7,2e-106,2.9e-103,0.4,workflow/out/asr_HMMER/domtbl/Capsule_11_asr_B.domtblout
k141_182873_2/6-265,k141_182873_2,266,332.0,3.7e-98,0.1,260,331.8,2.9e-101,4.2e-98,0.1,workflow/out/asr_HMMER/domtbl/Capsule_11_asr_B.domtblout
k141_89708_7/4-263,k141_89708_7,264,330.8,8.6e-98,0.2,260,330.6,7e-101,1e-97,0.2,workflow/out/asr_HMMER/domtbl/Capsule_11_asr_B.domtblout
k141_44455_2/4-223,k141_44455_2,228,212.5,1.1e-61,0.0,220,212.3,8.2e-65,1.2e-61,0.0,workflow/out/asr_HMMER/domtbl/Capsule_11_asr_B.domtblout
k141_123920_1/13-273,k141_123920_1,285,193.7,5.8e-56,0.3,261,193.4,4.8e-59,6.9e-56,0.3,workflow/out/asr_HMMER/domtbl/Capsule_11_asr_B.domtblout
k141_297344_23/15-276,k141_297344_23,285,188.4,2.4e-54,0.3,262,188.1,2.1e-57,3e-54,0.3,workflow/out/asr_HMMER/domtbl/Capsule_11_asr_B.domtblout
k141_204396_3/15-273,k141_204396_3,285,185.6,1.7e-53,0.3,259,185.1,1.7e-56,2.4e-53,0.3,workflow/out/asr_HMMER/domtbl/Capsule_11_asr_B.domtblout
k141_134582_38/15-274,k141_134582_38,286,185.6,1.7e-53,0.1,260,185.2,1.6e-56,2.2e-53,0.1,workflow/out/asr_HMMER/domtbl/Capsule_11_asr_B.domtblout
k141_104932_28/15-273,k141_104932_28,285,185.0,2.5e-53,0.1,259,184.7,2.2e-56,3.1e-53,0.1,workflow/out/asr_HMMER/domtbl/Capsule_11_asr_B.domtblout
k141_83519_6/6-271,k141_83519_6,281,184.9,2.7e-53,0.0,266,184.7,2.2e-56,3.2e-53,0.0,workflow/out/asr_HMMER/domtbl/Capsule_11_asr_B.domtblout
k141_270564_2/14-273,k141_270564_2,285,183.7,6.2e-53,0.2,260,183.4,5.4e-56,7.7e-53,0.2,workflow/out/asr_HMMER/domtbl/Capsule_11_asr_B.domtblout
k141_178215_1/8-272,k141_178215_1,279,180.6,5.8e-52,0.0,265,180.3,4.9e-55,7e-52,0.0,workflow/out/asr_HMMER/domtbl/Capsule_11_asr_B.domtblout
k141_273312_32/15-279,k141_273312_32,285,180.3,7.1e-52,0.3,265,179.8,6.9e-55,9.9e-52,0.3,workflow/out/asr_HMMER/domtbl/Capsule_11_asr_B.domtblout
k141_302606_13/404-663,k141_302606_13,672,150.6,8.3e-43,0.0,260,149.9,8.9e-46,1.3e-42,0.0,workflow/out/asr_HMMER/domtbl/Capsule_11_asr_B.domtblout
k141_184604_1/7-200,k141_184604_1,205,107.6,1e-29,0.0,194,107.5,7.8e-33,1.1e-29,0.0,workflow/out/asr_HMMER/domtbl/Capsule_11_asr_B.domtblout
k141_126790_15/25-251,k141_126790_15,296,88.6,6.5e-24,2.3,227,88.3,5.8e-27,8.4e-24,2.3,workflow/out/asr_HMMER/domtbl/Capsule_11_asr_B.domtblout
k141_52431_17/25-251,k141_52431_17,296,88.5,7.3e-24,2.5,227,88.1,6.6e-27,9.5e-24,2.5,workflow/out/asr_HMMER/domtbl/Capsule_11_asr_B.domtblout
k141_79557_37/33-249,k141_79557_37,255,88.1,9.5e-24,0.6,217,87.7,8.5e-27,1.2e-23,0.6,workflow/out/asr_HMMER/domtbl/Capsule_11_asr_B.domtblout
k141_323688_5/25-251,k141_323688_5,296,87.4,1.5e-23,2.9,227,86.7,1.7e-26,2.4e-23,2.9,workflow/out/asr_HMMER/domtbl/Capsule_11_asr_B.domtblout
k141_143867_10/25-252,k141_143867_10,295,85.8,4.6e-23,0.3,228,85.5,4.1e-26,5.9e-23,0.3,workflow/out/asr_HMMER/domtbl/Capsule_11_asr_B.domtblout
k141_221121_1/5-233,k141_221121_1,239,84.9,9e-23,0.2,229,83.6,1.5e-25,2.2e-22,0.2,workflow/out/asr_HMMER/domtbl/Capsule_11_asr_B.domtblout
k141_148277_6/34-246,k141_148277_6,254,83.6,2.2e-22,1.6,213,83.2,2e-25,2.8e-22,1.6,workflow/out/asr_HMMER/domtbl/Capsule_11_asr_B.domtblout
k141_296253_9/26-250,k141_296253_9,250,83.2,2.9e-22,5.4,225,83.0,2.3e-25,3.3e-22,5.4,workflow/out/asr_HMMER/domtbl/Capsule_11_asr_B.domtblout
k141_316069_2/27-252,k141_316069_2,297,82.7,4e-22,3.2,226,82.3,3.8e-25,5.5e-22,3.2,workflow/out/asr_HMMER/domtbl/Capsule_11_asr_B.domtblout
k141_244987_188/27-252,k141_244987_188,297,82.3,5.4e-22,3.0,226,81.9,5e-25,7.2e-22,3.0,workflow/out/asr_HMMER/domtbl/Capsule_11_asr_B.domtblout
k141_55138_2/26-251,k141_55138_2,296,81.3,1.1e-21,2.5,226,81.3,7.6e-25,1.1e-21,2.5,workflow/out/asr_HMMER/domtbl/Capsule_11_asr_B.domtblout
k141_182495_1/26-252,k141_182495_1,272,81.1,1.2e-21,2.5,227,80.8,1.1e-24,1.6e-21,2.5,workflow/out/asr_HMMER/domtbl/Capsule_11_asr_B.domtblout
k141_38228_26/26-251,k141_38228_26,296,81.1,1.3e-21,1.8,226,80.7,1.2e-24,1.7e-21,1.8,workflow/out/asr_HMMER/domtbl/Capsule_11_asr_B.domtblout
k141_172444_8/27-251,k141_172444_8,294,79.7,3.4e-21,1.7,225,79.3,3.2e-24,4.5e-21,1.7,workflow/out/asr_HMMER/domtbl/Capsule_11_asr_B.domtblout
k141_241187_2/26-251,k141_241187_2,293,79.0,5.7e-21,2.9,226,78.7,5e-24,7.1e-21,2.9,workflow/out/asr_HMMER/domtbl/Capsule_11_asr_B.domtblout
k141_323326_3/26-251,k141_323326_3,293,78.6,7.4e-21,2.8,226,78.2,7e-24,1e-20,2.8,workflow/out/asr_HMMER/domtbl/Capsule_11_asr_B.domtblout
k141_96696_16/26-252,k141_96696_16,295,78.4,8.4e-21,0.0,227,78.0,7.9e-24,1.1e-20,0.0,workflow/out/asr_HMMER/domtbl/Capsule_11_asr_B.domtblout
k141_78101_2/3-251,k141_78101_2,296,78.1,1.1e-20,2.9,249,77.8,9.4e-24,1.3e-20,2.9,workflow/out/asr_HMMER/domtbl/Capsule_11_asr_B.domtblout
k141_33170_2/27-251,k141_33170_2,293,78.0,1.1e-20,1.3,225,77.6,1e-23,1.5e-20,1.3,workflow/out/asr_HMMER/domtbl/Capsule_11_asr_B.domtblout
k141_226969_25/25-251,k141_226969_25,296,77.7,1.4e-20,2.3,227,77.7,9.8e-24,1.4e-20,2.3,workflow/out/asr_HMMER/domtbl/Capsule_11_asr_B.domtblout
k141_242420_3/25-251,k141_242420_3,296,76.6,3e-20,2.2,227,76.3,2.6e-23,3.7e-20,2.2,workflow/out/asr_HMMER/domtbl/Capsule_11_asr_B.domtblout
k141_194943_38/15-252,k141_194943_38,295,76.5,3.3e-20,0.1,238,76.2,2.8e-23,4e-20,0.1,workflow/out/asr_HMMER/domtbl/Capsule_11_asr_B.domtblout
k141_242177_2/26-252,k141_242177_2,295,76.0,4.7e-20,0.1,227,75.5,4.5e-23,6.5e-20,0.1,workflow/out/asr_HMMER/domtbl/Capsule_11_asr_B.domtblout
k141_11487_136/3-251,k141_11487_136,296,76.0,4.7e-20,2.2,249,75.7,4.1e-23,5.8e-20,2.2,workflow/out/asr_HMMER/domtbl/Capsule_11_asr_B.domtblout
k141_111070_1/3-51,k141_111070_1,51,75.4,7.1e-20,0.2,49,75.3,5.4e-23,7.7e-20,0.2,workflow/out/asr_HMMER/domtbl/Capsule_11_asr_B.domtblout
k141_99354_52/37-256,k141_99354_52,260,75.1,8.7e-20,0.0,220,74.6,8.5e-23,1.2e-19,0.0,workflow/out/asr_HMMER/domtbl/Capsule_11_asr_B.domtblout
k141_301406_42/27-252,k141_301406_42,297,73.6,2.5e-19,3.3,226,73.1,2.5e-22,3.5e-19,3.3,workflow/out/asr_HMMER/domtbl/Capsule_11_asr_B.domtblout
k141_18143_4/27-252,k141_18143_4,294,73.4,2.8e-19,3.3,226,73.4,2e-22,2.8e-19,3.3,workflow/out/asr_HMMER/domtbl/Capsule_11_asr_B.domtblout
k141_307144_2/29-251,k141_307144_2,257,73.0,3.7e-19,2.1,223,72.6,3.5e-22,5e-19,2.1,workflow/out/asr_HMMER/domtbl/Capsule_11_asr_B.domtblout
k141_25580_19/8-239,k141_25580_19,247,72.6,5.1e-19,1.1,232,70.9,1.2e-21,1.7e-18,1.1,workflow/out/asr_HMMER/domtbl/Capsule_11_asr_B.domtblout
k141_306684_125/21-239,k141_306684_125,247,72.3,6.3e-19,2.2,219,70.1,2.1e-21,3e-18,2.2,workflow/out/asr_HMMER/domtbl/Capsule_11_asr_B.domtblout
k141_118328_248/19-239,k141_118328_248,247,72.0,7.5e-19,2.0,221,69.4,3.4e-21,4.8e-18,2.0,workflow/out/asr_HMMER/domtbl/Capsule_11_asr_B.domtblout
k141_59036_5/27-251,k141_59036_5,296,71.7,9.2e-19,1.8,225,71.4,8.4e-22,1.2e-18,1.8,workflow/out/asr_HMMER/domtbl/Capsule_11_asr_B.domtblout
k141_247209_9/32-256,k141_247209_9,263,70.8,1.7e-18,0.6,225,69.1,4.1e-21,5.8e-18,0.6,workflow/out/asr_HMMER/domtbl/Capsule_11_asr_B.domtblout
k141_122861_2/25-244,k141_122861_2,284,70.8,1.8e-18,1.1,220,70.4,1.6e-21,2.4e-18,1.1,workflow/out/asr_HMMER/domtbl/Capsule_11_asr_B.domtblout
k141_101833_18/31-254,k141_101833_18,261,70.3,2.5e-18,0.8,224,69.0,4.5e-21,6.5e-18,0.8,workflow/out/asr_HMMER/domtbl/Capsule_11_asr_B.domtblout
k141_17823_6/26-252,k141_17823_6,294,70.3,2.5e-18,3.8,227,69.9,2.3e-21,3.3e-18,3.8,workflow/out/asr_HMMER/domtbl/Capsule_11_asr_B.domtblout
k141_205909_5/4-249,k141_205909_5,256,70.1,3e-18,3.1,246,68.9,4.6e-21,6.6e-18,3.1,workflow/out/asr_HMMER/domtbl/Capsule_11_asr_B.domtblout
k141_7051_124/20-240,k141_7051_124,248,70.0,3.2e-18,3.3,221,67.2,1.6e-20,2.3e-17,3.3,workflow/out/asr_HMMER/domtbl/Capsule_11_asr_B.domtblout
k141_190805_5/26-244,k141_190805_5,281,70.0,3.2e-18,1.1,219,69.6,3e-21,4.3e-18,1.1,workflow/out/asr_HMMER/domtbl/Capsule_11_asr_B.domtblout
k141_296161_37/26-244,k141_296161_37,282,69.9,3.4e-18,1.5,219,69.5,3.1e-21,4.5e-18,1.5,workflow/out/asr_HMMER/domtbl/Capsule_11_asr_B.domtblout
k141_160255_3/31-254,k141_160255_3,261,69.7,4e-18,0.6,224,68.0,9.1e-21,1.3e-17,0.6,workflow/out/asr_HMMER/domtbl/Capsule_11_asr_B.domtblout
k141_108722_2/26-247,k141_108722_2,282,69.1,5.8e-18,0.9,222,68.8,5.2e-21,7.5e-18,0.9,workflow/out/asr_HMMER/domtbl/Capsule_11_asr_B.domtblout
k141_130473_4/27-252,k141_130473_4,297,68.8,7.1e-18,1.5,226,68.3,7.1e-21,1e-17,1.5,workflow/out/asr_HMMER/domtbl/Capsule_11_asr_B.domtblout
k141_313078_1/2-245,k141_313078_1,280,68.7,7.8e-18,0.0,244,68.4,6.7e-21,9.5e-18,0.0,workflow/out/asr_HMMER/domtbl/Capsule_11_asr_B.domtblout
k141_44351_1/29-204,k141_44351_1,221,67.6,1.7e-17,0.5,176,67.3,1.5e-20,2.2e-17,0.5,workflow/out/asr_HMMER/domtbl/Capsule_11_asr_B.domtblout
k141_94338_3/31-250,k141_94338_3,257,67.4,1.9e-17,3.1,220,63.0,2.9e-19,4.2e-16,3.1,workflow/out/asr_HMMER/domtbl/Capsule_11_asr_B.domtblout
k141_251863_5/31-251,k141_251863_5,259,67.3,2.1e-17,1.8,221,65.0,7.5e-20,1.1e-16,1.8,workflow/out/asr_HMMER/domtbl/Capsule_11_asr_B.domtblout
k141_53429_230/34-256,k141_53429_230,262,66.9,2.7e-17,0.1,223,66.6,2.4e-20,3.4e-17,0.1,workflow/out/asr_HMMER/domtbl/Capsule_11_asr_B.domtblout
k141_314750_1/29-254,k141_314750_1,261,66.8,3e-17,0.7,226,65.2,6.4e-20,9.2e-17,0.7,workflow/out/asr_HMMER/domtbl/Capsule_11_asr_B.domtblout
k141_168564_6/25-244,k141_168564_6,281,66.8,3e-17,1.1,220,66.4,2.8e-20,4e-17,1.1,workflow/out/asr_HMMER/domtbl/Capsule_11_asr_B.domtblout
k141_277438_42/28-243,k141_277438_42,266,66.7,3.2e-17,3.5,216,66.3,3e-20,4.3e-17,3.5,workflow/out/asr_HMMER/domtbl/Capsule_11_asr_B.domtblout
k141_42466_5/26-243,k141_42466_5,764,66.6,3.3e-17,3.9,218,65.1,6.6e-20,9.4e-17,3.9,workflow/out/asr_HMMER/domtbl/Capsule_11_asr_B.domtblout
k141_210437_214/28-246,k141_210437_214,284,66.4,3.9e-17,0.5,219,66.0,3.6e-20,5.2e-17,0.5,workflow/out/asr_HMMER/domtbl/Capsule_11_asr_B.domtblout
k141_155442_20/30-248,k141_155442_20,256,66.3,4.2e-17,0.2,219,64.9,7.8e-20,1.1e-16,0.2,workflow/out/asr_HMMER/domtbl/Capsule_11_asr_B.domtblout
k141_6152_7/29-254,k141_6152_7,261,66.2,4.5e-17,0.7,226,65.3,6e-20,8.6e-17,0.7,workflow/out/asr_HMMER/domtbl/Capsule_11_asr_B.domtblout
k141_67688_16/26-244,k141_67688_16,281,66.0,5.1e-17,1.6,219,65.6,4.7e-20,6.8e-17,1.6,workflow/out/asr_HMMER/domtbl/Capsule_11_asr_B.domtblout
k141_29964_170/29-245,k141_29964_170,253,65.9,5.7e-17,0.0,217,65.5,5.3e-20,7.6e-17,0.0,workflow/out/asr_HMMER/domtbl/Capsule_11_asr_B.domtblout
k141_225630_46/27-243,k141_225630_46,764,65.5,7.2e-17,3.2,217,63.8,1.7e-19,2.5e-16,3.2,workflow/out/asr_HMMER/domtbl/Capsule_11_asr_B.domtblout
k141_24058_33/29-255,k141_24058_33,262,65.4,7.7e-17,0.9,227,63.8,1.7e-19,2.4e-16,0.9,workflow/out/asr_HMMER/domtbl/Capsule_11_asr_B.domtblout
k141_327412_1/13-192,k141_327412_1,201,65.2,8.9e-17,0.1,180,64.9,7.8e-20,1.1e-16,0.1,workflow/out/asr_HMMER/domtbl/Capsule_11_asr_B.domtblout
k141_321348_10/55-251,k141_321348_10,257,65.2,9.2e-17,0.0,197,64.6,9.7e-20,1.4e-16,0.0,workflow/out/asr_HMMER/domtbl/Capsule_11_asr_B.domtblout
k141_36536_6/34-253,k141_36536_6,259,65.1,9.6e-17,0.0,220,64.7,9e-20,1.3e-16,0.0,workflow/out/asr_HMMER/domtbl/Capsule_11_asr_B.domtblout
k141_253877_2/24-244,k141_253877_2,281,64.7,1.3e-16,3.3,221,64.3,1.2e-19,1.7e-16,3.3,workflow/out/asr_HMMER/domtbl/Capsule_11_asr_B.domtblout
k141_312601_33/29-254,k141_312601_33,261,64.5,1.4e-16,0.9,226,62.9,3.3e-19,4.7e-16,0.9,workflow/out/asr_HMMER/domtbl/Capsule_11_asr_B.domtblout
k141_245338_1/24-244,k141_245338_1,281,64.4,1.6e-16,3.5,221,64.0,1.4e-19,2.1e-16,3.5,workflow/out/asr_HMMER/domtbl/Capsule_11_asr_B.domtblout
k141_34866_17/26-244,k141_34866_17,281,64.1,2e-16,1.1,219,63.7,1.8e-19,2.6e-16,1.1,workflow/out/asr_HMMER/domtbl/Capsule_11_asr_B.domtblout
k141_86501_20/34-253,k141_86501_20,259,63.9,2.3e-16,0.0,220,63.5,2.2e-19,3.1e-16,0.0,workflow/out/asr_HMMER/domtbl/Capsule_11_asr_B.domtblout
k141_46694_1/45-262,k141_46694_1,301,63.8,2.5e-16,2.3,218,63.8,1.7e-19,2.5e-16,2.3,workflow/out/asr_HMMER/domtbl/Capsule_11_asr_B.domtblout
k141_321143_94/31-247,k141_321143_94,254,63.7,2.7e-16,2.5,217,62.5,4.2e-19,6e-16,2.5,workflow/out/asr_HMMER/domtbl/Capsule_11_asr_B.domtblout
k141_225604_20/34-254,k141_225604_20,261,63.4,3.2e-16,0.2,221,62.2,5.3e-19,7.6e-16,0.2,workflow/out/asr_HMMER/domtbl/Capsule_11_asr_B.domtblout
k141_200569_16/26-245,k141_200569_16,278,62.9,4.6e-16,1.5,220,62.5,4.3e-19,6.2e-16,1.5,workflow/out/asr_HMMER/domtbl/Capsule_11_asr_B.domtblout
k141_146048_87/30-247,k141_146048_87,255,62.3,6.9e-16,0.5,218,61.3,9.6e-19,1.4e-15,0.5,workflow/out/asr_HMMER/domtbl/Capsule_11_asr_B.domtblout
k141_129560_3/26-245,k141_129560_3,278,62.3,7.1e-16,0.9,220,61.9,6.6e-19,9.4e-16,0.9,workflow/out/asr_HMMER/domtbl/Capsule_11_asr_B.domtblout
k141_302341_13/15-124,k141_302341_13,231,62.2,7.4e-16,8.7,110,43.6,2.4e-13,3.5e-10,0.4,workflow/out/asr_HMMER/domtbl/Capsule_11_asr_B.domtblout
k141_302341_13/152-221,k141_302341_13,231,62.2,7.4e-16,8.7,70,22.0,9.6e-07,0.0014,3.3,workflow/out/asr_HMMER/domtbl/Capsule_11_asr_B.domtblout
k141_119978_36/26-243,k141_119978_36,767,62.2,7.5e-16,3.7,218,62.2,5.2e-19,7.5e-16,3.7,workflow/out/asr_HMMER/domtbl/Capsule_11_asr_B.domtblout
k141_228160_2/27-244,k141_228160_2,261,62.1,8e-16,1.9,218,61.7,7.3e-19,1.1e-15,1.9,workflow/out/asr_HMMER/domtbl/Capsule_11_asr_B.domtblout
k141_130990_64/42-264,k141_130990_64,273,62.1,8.2e-16,0.3,223,59.2,4.3e-18,6.1e-15,0.3,workflow/out/asr_HMMER/domtbl/Capsule_11_asr_B.domtblout
k141_128596_6/34-253,k141_128596_6,259,61.9,9e-16,0.0,220,61.5,8.5e-19,1.2e-15,0.0,workflow/out/asr_HMMER/domtbl/Capsule_11_asr_B.domtblout
k141_108122_278/28-243,k141_108122_278,266,61.7,1.1e-15,2.5,216,61.3,1e-18,1.4e-15,2.5,workflow/out/asr_HMMER/domtbl/Capsule_11_asr_B.domtblout
k141_12814_2/28-245,k141_12814_2,253,61.4,1.3e-15,1.9,218,59.8,2.8e-18,4e-15,1.9,workflow/out/asr_HMMER/domtbl/Capsule_11_asr_B.domtblout
k141_252130_12/31-255,k141_252130_12,262,61.4,1.4e-15,1.6,225,60.3,2e-18,2.9e-15,1.6,workflow/out/asr_HMMER/domtbl/Capsule_11_asr_B.domtblout
k141_242594_2/31-249,k141_242594_2,256,61.3,1.4e-15,0.8,219,59.4,3.8e-18,5.4e-15,0.8,workflow/out/asr_HMMER/domtbl/Capsule_11_asr_B.domtblout
k141_335040_6/33-248,k141_335040_6,256,60.0,3.4e-15,3.1,216,58.4,7.4e-18,1.1e-14,3.1,workflow/out/asr_HMMER/domtbl/Capsule_11_asr_B.domtblout
k141_57276_1/36-258,k141_57276_1,272,59.9,3.7e-15,2.4,223,59.5,3.4e-18,4.9e-15,2.4,workflow/out/asr_HMMER/domtbl/Capsule_11_asr_B.domtblout
k141_53815_8/32-254,k141_53815_8,261,59.8,4.2e-15,0.7,223,58.2,8.8e-18,1.3e-14,0.7,workflow/out/asr_HMMER/domtbl/Capsule_11_asr_B.domtblout
k141_34951_1/8-206,k141_34951_1,212,59.7,4.3e-15,0.1,199,59.3,4.1e-18,5.8e-15,0.1,workflow/out/asr_HMMER/domtbl/Capsule_11_asr_B.domtblout
k141_206478_2/26-252,k141_206478_2,297,59.5,4.8e-15,2.0,227,59.5,3.4e-18,4.8e-15,2.0,workflow/out/asr_HMMER/domtbl/Capsule_11_asr_B.domtblout
k141_35905_2/33-249,k141_35905_2,278,59.4,5.2e-15,0.0,217,58.6,6.3e-18,9.1e-15,0.0,workflow/out/asr_HMMER/domtbl/Capsule_11_asr_B.domtblout
k141_160792_29/32-258,k141_160792_29,265,59.4,5.4e-15,0.1,227,58.0,9.7e-18,1.4e-14,0.1,workflow/out/asr_HMMER/domtbl/Capsule_11_asr_B.domtblout
k141_118313_17/37-261,k141_118313_17,268,59.4,5.5e-15,0.8,225,58.9,5.4e-18,7.7e-15,0.8,workflow/out/asr_HMMER/domtbl/Capsule_11_asr_B.domtblout
k141_318090_2/27-244,k141_318090_2,281,59.3,5.8e-15,1.8,218,58.9,5.4e-18,7.7e-15,1.8,workflow/out/asr_HMMER/domtbl/Capsule_11_asr_B.domtblout
k141_58731_2/33-272,k141_58731_2,279,59.3,5.8e-15,0.9,240,57.6,1.3e-17,1.9e-14,0.9,workflow/out/asr_HMMER/domtbl/Capsule_11_asr_B.domtblout
k141_313379_2/31-260,k141_313379_2,267,58.8,8.1e-15,0.0,230,57.7,1.3e-17,1.8e-14,0.0,workflow/out/asr_HMMER/domtbl/Capsule_11_asr_B.domtblout
k141_268000_17/3-252,k141_268000_17,259,58.7,9e-15,0.4,250,57.3,1.6e-17,2.3e-14,0.4,workflow/out/asr_HMMER/domtbl/Capsule_11_asr_B.domtblout
k141_275577_23/26-244,k141_275577_23,281,58.5,9.8e-15,3.1,219,58.2,8.9e-18,1.3e-14,3.1,workflow/out/asr_HMMER/domtbl/Capsule_11_asr_B.domtblout
k141_163010_3/40-261,k141_163010_3,268,58.4,1.1e-14,0.0,222,57.8,1.2e-17,1.7e-14,0.0,workflow/out/asr_HMMER/domtbl/Capsule_11_asr_B.domtblout
k141_201633_1/26-213,k141_201633_1,230,58.4,1.1e-14,0.1,188,58.1,9.6e-18,1.4e-14,0.1,workflow/out/asr_HMMER/domtbl/Capsule_11_asr_B.domtblout
k141_245194_2/33-252,k141_245194_2,259,58.3,1.1e-14,0.7,220,56.1,3.8e-17,5.5e-14,0.7,workflow/out/asr_HMMER/domtbl/Capsule_11_asr_B.domtblout
k141_82939_2/29-245,k141_82939_2,253,58.3,1.2e-14,2.9,217,57.7,1.2e-17,1.8e-14,2.9,workflow/out/asr_HMMER/domtbl/Capsule_11_asr_B.domtblout
k141_95033_4/28-256,k141_95033_4,262,58.2,1.2e-14,0.0,229,57.8,1.2e-17,1.7e-14,0.0,workflow/out/asr_HMMER/domtbl/Capsule_11_asr_B.domtblout
k141_136427_8/26-244,k141_136427_8,281,57.7,1.7e-14,3.9,219,57.3,1.6e-17,2.3e-14,3.9,workflow/out/asr_HMMER/domtbl/Capsule_11_asr_B.domtblout
k141_294201_11/35-231,k141_294201_11,237,57.6,2e-14,3.5,197,56.3,3.2e-17,4.6e-14,3.5,workflow/out/asr_HMMER/domtbl/Capsule_11_asr_B.domtblout
k141_323730_27/26-244,k141_323730_27,281,57.4,2.2e-14,3.0,219,57.0,2e-17,2.9e-14,3.0,workflow/out/asr_HMMER/domtbl/Capsule_11_asr_B.domtblout
k141_262299_2/31-256,k141_262299_2,264,57.3,2.3e-14,0.2,226,55.5,5.6e-17,8e-14,0.2,workflow/out/asr_HMMER/domtbl/Capsule_11_asr_B.domtblout
k141_40154_2/36-259,k141_40154_2,264,57.2,2.4e-14,0.0,224,56.9,2.2e-17,3.1e-14,0.0,workflow/out/asr_HMMER/domtbl/Capsule_11_asr_B.domtblout
k141_158630_8/33-248,k141_158630_8,256,57.1,2.6e-14,4.6,216,55.4,6.4e-17,9.2e-14,4.6,workflow/out/asr_HMMER/domtbl/Capsule_11_asr_B.domtblout
k141_214222_128/34-254,k141_214222_128,260,57.1,2.7e-14,0.5,221,56.6,2.7e-17,3.9e-14,0.5,workflow/out/asr_HMMER/domtbl/Capsule_11_asr_B.domtblout
k141_1293_43/44-271,k141_1293_43,279,56.8,3.4e-14,0.2,228,55.2,7e-17,1e-13,0.2,workflow/out/asr_HMMER/domtbl/Capsule_11_asr_B.domtblout
k141_246824_3/32-248,k141_246824_3,256,56.6,3.7e-14,2.5,217,54.6,1.1e-16,1.5e-13,2.5,workflow/out/asr_HMMER/domtbl/Capsule_11_asr_B.domtblout
k141_176429_1/6-200,k141_176429_1,724,56.4,4.3e-14,3.6,195,54.9,8.6e-17,1.2e-13,3.6,workflow/out/asr_HMMER/domtbl/Capsule_11_asr_B.domtblout
k141_102188_6/29-247,k141_102188_6,277,56.0,6e-14,3.0,219,55.6,5.2e-17,7.5e-14,3.0,workflow/out/asr_HMMER/domtbl/Capsule_11_asr_B.domtblout
k141_59039_3/27-244,k141_59039_3,282,56.0,6e-14,0.3,218,55.6,5.5e-17,8e-14,0.3,workflow/out/asr_HMMER/domtbl/Capsule_11_asr_B.domtblout
k141_22401_3/56-149,k141_22401_3,316,55.4,9e-14,5.7,94,29.8,4e-09,5.7e-06,0.0,workflow/out/asr_HMMER/domtbl/Capsule_11_asr_B.domtblout
k141_22401_3/184-310,k141_22401_3,316,55.4,9e-14,5.7,127,25.2,1e-07,0.00015,2.9,workflow/out/asr_HMMER/domtbl/Capsule_11_asr_B.domtblout
k141_234722_6/33-135,k141_234722_6,261,55.3,9.6e-14,1.1,103,28.3,1.2e-08,1.7e-05,0.0,workflow/out/asr_HMMER/domtbl/Capsule_11_asr_B.domtblout
k141_234722_6/193-254,k141_234722_6,261,55.3,9.6e-14,1.1,62,24.7,1.4e-07,0.00021,1.5,workflow/out/asr_HMMER/domtbl/Capsule_11_asr_B.domtblout
k141_292478_8/249-415,k141_292478_8,421,54.8,1.4e-13,0.6,167,53.5,2.3e-16,3.3e-13,0.0,workflow/out/asr_HMMER/domtbl/Capsule_11_asr_B.domtblout
k141_130226_24/249-415,k141_130226_24,421,54.6,1.6e-13,0.8,167,53.3,2.7e-16,3.9e-13,0.0,workflow/out/asr_HMMER/domtbl/Capsule_11_asr_B.domtblout
k141_23085_2/26-248,k141_23085_2,283,54.5,1.7e-13,2.2,223,54.1,1.6e-16,2.3e-13,2.2,workflow/out/asr_HMMER/domtbl/Capsule_11_asr_B.domtblout
k141_226673_59/249-415,k141_226673_59,421,53.2,4.2e-13,0.2,167,51.8,7.8e-16,1.1e-12,0.0,workflow/out/asr_HMMER/domtbl/Capsule_11_asr_B.domtblout
k141_127264_1/27-179,k141_127264_1,224,52.8,5.3e-13,0.6,153,52.4,5.1e-16,7.3e-13,0.6,workflow/out/asr_HMMER/domtbl/Capsule_11_asr_B.domtblout
k141_144790_31/250-415,k141_144790_31,423,52.6,6.4e-13,0.3,166,50.7,1.7e-15,2.4e-12,0.0,workflow/out/asr_HMMER/domtbl/Capsule_11_asr_B.domtblout
k141_138381_3/3-171,k141_138381_3,178,52.4,7.1e-13,0.5,169,51.3,1.1e-15,1.6e-12,0.5,workflow/out/asr_HMMER/domtbl/Capsule_11_asr_B.domtblout
k141_40175_2/29-251,k141_40175_2,256,52.4,7.3e-13,0.0,223,52.0,6.7e-16,9.7e-13,0.0,workflow/out/asr_HMMER/domtbl/Capsule_11_asr_B.domtblout
k141_244456_7/30-241,k141_244456_7,251,52.3,7.9e-13,7.3,212,49.8,3.1e-15,4.4e-12,7.3,workflow/out/asr_HMMER/domtbl/Capsule_11_asr_B.domtblout
k141_305445_6/27-244,k141_305445_6,281,52.1,9e-13,4.1,218,51.7,8.2e-16,1.2e-12,4.1,workflow/out/asr_HMMER/domtbl/Capsule_11_asr_B.domtblout
k141_209069_2/10-208,k141_209069_2,248,51.9,1.1e-12,1.5,199,51.5,9.7e-16,1.4e-12,1.5,workflow/out/asr_HMMER/domtbl/Capsule_11_asr_B.domtblout
k141_244557_1/11-211,k141_244557_1,244,50.8,2.2e-12,2.8,201,50.4,2e-15,2.9e-12,2.8,workflow/out/asr_HMMER/domtbl/Capsule_11_asr_B.domtblout
k141_48913_1/16-172,k141_48913_1,198,50.4,2.9e-12,0.0,157,50.3,2.2e-15,3.2e-12,0.0,workflow/out/asr_HMMER/domtbl/Capsule_11_asr_B.domtblout
k141_305753_23/26-244,k141_305753_23,283,50.2,3.4e-12,1.1,219,49.8,3.1e-15,4.5e-12,1.1,workflow/out/asr_HMMER/domtbl/Capsule_11_asr_B.domtblout
k141_250837_5/3-175,k141_250837_5,182,49.9,4.4e-12,0.1,173,49.1,5.3e-15,7.7e-12,0.1,workflow/out/asr_HMMER/domtbl/Capsule_11_asr_B.domtblout
k141_331412_133/258-421,k141_331412_133,429,49.8,4.4e-12,0.3,164,47.1,2.2e-14,3.1e-11,0.0,workflow/out/asr_HMMER/domtbl/Capsule_11_asr_B.domtblout
k141_247538_27/252-416,k141_247538_27,423,48.8,8.9e-12,0.5,165,47.2,2e-14,2.8e-11,0.0,workflow/out/asr_HMMER/domtbl/Capsule_11_asr_B.domtblout
k141_312903_39/257-415,k141_312903_39,421,48.4,1.2e-11,0.1,159,46.2,3.9e-14,5.6e-11,0.0,workflow/out/asr_HMMER/domtbl/Capsule_11_asr_B.domtblout
k141_312299_5/254-418,k141_312299_5,425,48.4,1.2e-11,0.5,165,46.9,2.4e-14,3.4e-11,0.0,workflow/out/asr_HMMER/domtbl/Capsule_11_asr_B.domtblout
k141_326158_113/242-403,k141_326158_113,408,48.2,1.4e-11,0.0,162,46.5,3.3e-14,4.7e-11,0.0,workflow/out/asr_HMMER/domtbl/Capsule_11_asr_B.domtblout
k141_323310_2/254-418,k141_323310_2,425,48.2,1.4e-11,0.7,165,47.0,2.3e-14,3.2e-11,0.0,workflow/out/asr_HMMER/domtbl/Capsule_11_asr_B.domtblout
k141_25269_47/254-416,k141_25269_47,423,48.0,1.6e-11,0.0,163,48.0,1.1e-14,1.6e-11,0.0,workflow/out/asr_HMMER/domtbl/Capsule_11_asr_B.domtblout
k141_32527_75/252-416,k141_32527_75,423,47.9,1.7e-11,0.0,165,47.1,2.1e-14,3e-11,0.0,workflow/out/asr_HMMER/domtbl/Capsule_11_asr_B.domtblout
k141_165680_4/254-418,k141_165680_4,425,47.9,1.8e-11,0.5,165,46.5,3.3e-14,4.7e-11,0.0,workflow/out/asr_HMMER/domtbl/Capsule_11_asr_B.domtblout
k141_158513_93/242-403,k141_158513_93,408,47.7,2e-11,0.0,162,45.9,4.8e-14,6.9e-11,0.0,workflow/out/asr_HMMER/domtbl/Capsule_11_asr_B.domtblout
k141_195866_121/254-418,k141_195866_121,425,47.6,2.2e-11,1.1,165,46.9,2.4e-14,3.4e-11,0.0,workflow/out/asr_HMMER/domtbl/Capsule_11_asr_B.domtblout
k141_167775_3/30-248,k141_167775_3,257,47.3,2.7e-11,0.7,219,42.6,4.8e-13,6.9e-10,0.7,workflow/out/asr_HMMER/domtbl/Capsule_11_asr_B.domtblout
k141_186295_12/242-403,k141_186295_12,408,47.2,2.9e-11,0.0,162,45.6,6.3e-14,9e-11,0.0,workflow/out/asr_HMMER/domtbl/Capsule_11_asr_B.domtblout
k141_289418_5/242-403,k141_289418_5,408,46.9,3.4e-11,0.0,162,45.2,8.1e-14,1.2e-10,0.0,workflow/out/asr_HMMER/domtbl/Capsule_11_asr_B.domtblout
k141_33843_8/242-403,k141_33843_8,408,46.4,4.8e-11,0.0,162,44.7,1.1e-13,1.6e-10,0.0,workflow/out/asr_HMMER/domtbl/Capsule_11_asr_B.domtblout
k141_283778_10/242-403,k141_283778_10,408,46.4,4.8e-11,0.0,162,44.8,1.1e-13,1.6e-10,0.0,workflow/out/asr_HMMER/domtbl/Capsule_11_asr_B.domtblout
k141_158450_28/242-403,k141_158450_28,408,46.3,5.3e-11,0.0,162,44.5,1.3e-13,1.8e-10,0.0,workflow/out/asr_HMMER/domtbl/Capsule_11_asr_B.domtblout
k141_210070_64/34-247,k141_210070_64,256,46.3,5.4e-11,1.8,214,39.9,3.3e-12,4.8e-09,1.8,workflow/out/asr_HMMER/domtbl/Capsule_11_asr_B.domtblout
k141_313597_2/10-108,k141_313597_2,114,45.9,7.1e-11,0.0,99,45.6,6e-14,8.6e-11,0.0,workflow/out/asr_HMMER/domtbl/Capsule_11_asr_B.domtblout
k141_250089_20/6-128,k141_250089_20,148,44.9,1.4e-10,0.0,123,44.7,1.2e-13,1.7e-10,0.0,workflow/out/asr_HMMER/domtbl/Capsule_11_asr_B.domtblout
k141_223551_4/117-327,k141_223551_4,338,44.7,1.6e-10,0.0,211,42.2,6.6e-13,9.4e-10,0.0,workflow/out/asr_HMMER/domtbl/Capsule_11_asr_B.domtblout
k141_131406_3/112-328,k141_131406_3,339,44.3,2.2e-10,0.0,217,41.9,8.4e-13,1.2e-09,0.0,workflow/out/asr_HMMER/domtbl/Capsule_11_asr_B.domtblout
k141_91968_2/29-162,k141_91968_2,170,44.2,2.3e-10,0.8,134,43.9,2.1e-13,3e-10,0.8,workflow/out/asr_HMMER/domtbl/Capsule_11_asr_B.domtblout
k141_2822_75/115-328,k141_2822_75,339,43.6,3.6e-10,0.0,214,41.1,1.5e-12,2.1e-09,0.0,workflow/out/asr_HMMER/domtbl/Capsule_11_asr_B.domtblout
k141_241387_3/120-327,k141_241387_3,338,43.4,4e-10,0.0,208,40.9,1.6e-12,2.3e-09,0.0,workflow/out/asr_HMMER/domtbl/Capsule_11_asr_B.domtblout
k141_299910_18/34-188,k141_299910_18,352,42.5,7.9e-10,0.0,155,41.2,1.4e-12,2e-09,0.0,workflow/out/asr_HMMER/domtbl/Capsule_11_asr_B.domtblout
k141_36982_21/8-212,k141_36982_21,323,42.4,8.4e-10,0.1,205,40.8,1.7e-12,2.5e-09,0.0,workflow/out/asr_HMMER/domtbl/Capsule_11_asr_B.domtblout
k141_139184_3/43-168,k141_139184_3,185,42.0,1.1e-09,0.0,126,41.7,9.4e-13,1.3e-09,0.0,workflow/out/asr_HMMER/domtbl/Capsule_11_asr_B.domtblout
k141_181946_11/17-122,k141_181946_11,126,41.3,1.8e-09,0.0,106,41.2,1.4e-12,1.9e-09,0.0,workflow/out/asr_HMMER/domtbl/Capsule_11_asr_B.domtblout
k141_90960_4/8-218,k141_90960_4,323,41.0,2.1e-09,0.7,211,40.1,2.9e-12,4.2e-09,0.0,workflow/out/asr_HMMER/domtbl/Capsule_11_asr_B.domtblout
k141_261693_58/8-208,k141_261693_58,323,40.9,2.4e-09,0.2,201,39.0,6.3e-12,9.1e-09,0.0,workflow/out/asr_HMMER/domtbl/Capsule_11_asr_B.domtblout
k141_113043_63/54-250,k141_113043_63,376,40.8,2.6e-09,0.6,197,35.6,6.9e-11,9.9e-08,0.0,workflow/out/asr_HMMER/domtbl/Capsule_11_asr_B.domtblout
k141_205219_1/26-167,k141_205219_1,175,40.4,3.3e-09,0.2,142,40.3,2.5e-12,3.5e-09,0.2,workflow/out/asr_HMMER/domtbl/Capsule_11_asr_B.domtblout
k141_136707_14/8-215,k141_136707_14,323,40.3,3.6e-09,0.2,208,38.5,9.2e-12,1.3e-08,0.0,workflow/out/asr_HMMER/domtbl/Capsule_11_asr_B.domtblout
k141_173660_3/2-159,k141_173660_3,164,40.0,4.4e-09,5.6,158,38.4,9.3e-12,1.3e-08,5.6,workflow/out/asr_HMMER/domtbl/Capsule_11_asr_B.domtblout
k141_192484_9/8-166,k141_192484_9,323,40.0,4.4e-09,0.3,159,38.8,7.3e-12,1e-08,0.0,workflow/out/asr_HMMER/domtbl/Capsule_11_asr_B.domtblout
k141_196704_1/1-118,k141_196704_1,157,39.8,5.2e-09,1.3,118,39.8,3.7e-12,5.2e-09,1.3,workflow/out/asr_HMMER/domtbl/Capsule_11_asr_B.domtblout
k141_176688_3/8-219,k141_176688_3,323,39.1,8.5e-09,0.0,212,36.9,2.7e-11,3.9e-08,0.0,workflow/out/asr_HMMER/domtbl/Capsule_11_asr_B.domtblout
k141_54143_92/139-323,k141_54143_92,350,39.0,9.1e-09,0.0,185,37.2,2.2e-11,3.1e-08,0.0,workflow/out/asr_HMMER/domtbl/Capsule_11_asr_B.domtblout
k141_298600_13/60-237,k141_298600_13,272,38.8,1e-08,0.0,178,37.5,1.8e-11,2.5e-08,0.0,workflow/out/asr_HMMER/domtbl/Capsule_11_asr_B.domtblout
k141_169909_2/8-219,k141_169909_2,323,38.8,1.1e-08,0.1,212,36.7,3.2e-11,4.6e-08,0.0,workflow/out/asr_HMMER/domtbl/Capsule_11_asr_B.domtblout
k141_210070_54/51-133,k141_210070_54,256,38.7,1.1e-08,0.1,83,24.7,1.4e-07,0.00021,0.0,workflow/out/asr_HMMER/domtbl/Capsule_11_asr_B.domtblout
k141_210070_54/208-250,k141_210070_54,256,38.7,1.1e-08,0.1,43,11.6,0.0014,2.0,0.5,workflow/out/asr_HMMER/domtbl/Capsule_11_asr_B.domtblout
k141_103632_3/24-130,k141_103632_3,141,37.9,1.9e-08,0.0,107,37.9,1.3e-11,1.9e-08,0.0,workflow/out/asr_HMMER/domtbl/Capsule_11_asr_B.domtblout
k141_91441_4/8-214,k141_91441_4,323,36.1,6.7e-08,0.2,207,34.2,1.8e-10,2.6e-07,0.0,workflow/out/asr_HMMER/domtbl/Capsule_11_asr_B.domtblout
k141_95898_2/25-252,k141_95898_2,259,36.0,7.3e-08,0.0,228,35.2,9.2e-11,1.3e-07,0.0,workflow/out/asr_HMMER/domtbl/Capsule_11_asr_B.domtblout
k141_24561_8/9-218,k141_24561_8,323,36.0,7.5e-08,0.2,210,34.4,1.6e-10,2.3e-07,0.0,workflow/out/asr_HMMER/domtbl/Capsule_11_asr_B.domtblout
k141_57475_1/29-129,k141_57475_1,183,35.8,8.2e-08,0.0,101,35.7,6.5e-11,9.3e-08,0.0,workflow/out/asr_HMMER/domtbl/Capsule_11_asr_B.domtblout
k141_98419_5/229-350,k141_98419_5,439,35.0,1.5e-07,0.1,122,34.5,1.4e-10,2.1e-07,0.1,workflow/out/asr_HMMER/domtbl/Capsule_11_asr_B.domtblout
k141_34877_3/33-119,k141_34877_3,125,34.6,2e-07,0.0,87,34.3,1.7e-10,2.5e-07,0.0,workflow/out/asr_HMMER/domtbl/Capsule_11_asr_B.domtblout
k141_301153_5/32-157,k141_301153_5,197,33.1,5.9e-07,0.0,126,32.8,4.8e-10,6.8e-07,0.0,workflow/out/asr_HMMER/domtbl/Capsule_11_asr_B.domtblout
k141_232144_1/7-128,k141_232144_1,134,32.7,7.7e-07,1.0,122,30.6,2.2e-09,3.2e-06,1.0,workflow/out/asr_HMMER/domtbl/Capsule_11_asr_B.domtblout
k141_22636_2/30-94,k141_22636_2,94,32.6,7.8e-07,0.0,65,32.5,6.1e-10,8.7e-07,0.0,workflow/out/asr_HMMER/domtbl/Capsule_11_asr_B.domtblout
k141_282603_1/6-95,k141_282603_1,140,31.7,1.5e-06,1.7,90,31.3,1.4e-09,2e-06,1.7,workflow/out/asr_HMMER/domtbl/Capsule_11_asr_B.domtblout
k141_115711_4/14-129,k141_115711_4,135,30.6,3.3e-06,0.3,116,30.2,3e-09,4.3e-06,0.3,workflow/out/asr_HMMER/domtbl/Capsule_11_asr_B.domtblout
k141_218447_1/30-101,k141_218447_1,124,30.2,4.2e-06,0.0,72,30.0,3.5e-09,5e-06,0.0,workflow/out/asr_HMMER/domtbl/Capsule_11_asr_B.domtblout
k141_22412_1/31-124,k141_22412_1,190,29.6,6.4e-06,0.0,94,29.3,5.8e-09,8.4e-06,0.0,workflow/out/asr_HMMER/domtbl/Capsule_11_asr_B.domtblout
k141_318486_2/21-109,k141_318486_2,146,27.4,3.2e-05,0.2,89,26.9,3e-08,4.3e-05,0.2,workflow/out/asr_HMMER/domtbl/Capsule_11_asr_B.domtblout
k141_241132_223/8-228,k141_241132_223,335,27.1,3.8e-05,0.0,221,25.2,9.8e-08,0.00014,0.0,workflow/out/asr_HMMER/domtbl/Capsule_11_asr_B.domtblout
k141_108731_3/12-102,k141_108731_3,109,27.0,4.2e-05,1.8,91,25.4,9e-08,0.00013,1.8,workflow/out/asr_HMMER/domtbl/Capsule_11_asr_B.domtblout
k141_106590_24/85-242,k141_106590_24,357,25.9,9e-05,0.0,158,25.4,8.8e-08,0.00013,0.0,workflow/out/asr_HMMER/domtbl/Capsule_11_asr_B.domtblout
k141_42043_1/7-129,k141_42043_1,136,25.3,0.00013,1.3,123,24.1,2.1e-07,0.00031,1.3,workflow/out/asr_HMMER/domtbl/Capsule_11_asr_B.domtblout
k141_1673_8/104-243,k141_1673_8,357,24.2,0.00029,0.0,140,23.6,3.2e-07,0.00046,0.0,workflow/out/asr_HMMER/domtbl/Capsule_11_asr_B.domtblout
k141_54143_15/78-240,k141_54143_15,353,24.2,0.0003,0.0,163,23.5,3.2e-07,0.00046,0.0,workflow/out/asr_HMMER/domtbl/Capsule_11_asr_B.domtblout
k141_323258_1/18-66,k141_323258_1,73,22.1,0.0013,2.5,49,20.3,3.2e-06,0.0045,2.5,workflow/out/asr_HMMER/domtbl/Capsule_11_asr_B.domtblout
k141_247599_2/17-78,k141_247599_2,87,21.8,0.0016,1.2,62,21.6,1.2e-06,0.0018,1.2,workflow/out/asr_HMMER/domtbl/Capsule_11_asr_B.domtblout
k141_157634_1/104-242,k141_157634_1,357,21.8,0.0016,0.0,139,21.1,1.8e-06,0.0025,0.0,workflow/out/asr_HMMER/domtbl/Capsule_11_asr_B.domtblout
k141_223671_25/225-386,k141_223671_25,397,21.8,0.0016,0.0,162,20.4,3e-06,0.0042,0.0,workflow/out/asr_HMMER/domtbl/Capsule_11_asr_B.domtblout
k141_207115_7/7-184,k141_207115_7,234,21.4,0.0021,0.0,178,21.1,1.8e-06,0.0026,0.0,workflow/out/asr_HMMER/domtbl/Capsule_11_asr_B.domtblout
k141_4051_6/220-386,k141_4051_6,397,21.3,0.0022,0.0,167,20.5,2.8e-06,0.004,0.0,workflow/out/asr_HMMER/domtbl/Capsule_11_asr_B.domtblout
k141_315442_2/225-386,k141_315442_2,397,21.1,0.0025,0.0,162,20.2,3.5e-06,0.005,0.0,workflow/out/asr_HMMER/domtbl/Capsule_11_asr_B.domtblout
k141_104215_9/7-185,k141_104215_9,234,21.1,0.0026,0.0,179,20.8,2.2e-06,0.0032,0.0,workflow/out/asr_HMMER/domtbl/Capsule_11_asr_B.domtblout
k141_229105_56/99-242,k141_229105_56,357,21.0,0.0028,0.0,144,20.2,3.4e-06,0.0048,0.0,workflow/out/asr_HMMER/domtbl/Capsule_11_asr_B.domtblout
k141_261202_159/104-241,k141_261202_159,357,20.7,0.0034,0.0,138,20.0,3.9e-06,0.0055,0.0,workflow/out/asr_HMMER/domtbl/Capsule_11_asr_B.domtblout
k141_64297_7/104-242,k141_64297_7,357,20.1,0.0053,0.0,139,19.3,6.4e-06,0.0091,0.0,workflow/out/asr_HMMER/domtbl/Capsule_11_asr_B.domtblout
k141_267305_36/224-386,k141_267305_36,397,19.9,0.0059,0.0,163,18.9,8.6e-06,0.012,0.0,workflow/out/asr_HMMER/domtbl/Capsule_11_asr_B.domtblout
k141_157574_39/104-241,k141_157574_39,357,19.7,0.0072,0.0,138,19.0,8e-06,0.011,0.0,workflow/out/asr_HMMER/domtbl/Capsule_11_asr_B.domtblout
k141_87414_2/7-182,k141_87414_2,234,19.5,0.0081,0.0,176,19.2,7e-06,0.01,0.0,workflow/out/asr_HMMER/domtbl/Capsule_11_asr_B.domtblout
k141_240644_4/7-155,k141_240644_4,234,19.3,0.0094,0.0,149,18.9,8.2e-06,0.012,0.0,workflow/out/asr_HMMER/domtbl/Capsule_11_asr_B.domtblout
k141_274685_5/4-264,k141_274685_5,265,445.1,1.7e-132,5.8,261,444.9,1.4e-135,1.9e-132,5.8,workflow/out/asr_HMMER/domtbl/Stool_14_asr_B.domtblout
k141_416472_5/3-262,k141_416472_5,263,434.4,3.2e-129,0.4,260,434.2,2.6e-132,3.5e-129,0.4,workflow/out/asr_HMMER/domtbl/Stool_14_asr_B.domtblout
k141_387679_2/3-262,k141_387679_2,263,424.4,3.5e-126,0.5,260,424.2,2.9e-129,3.9e-126,0.5,workflow/out/asr_HMMER/domtbl/Stool_14_asr_B.domtblout
k141_430966_1/3-262,k141_430966_1,262,332.0,5.5e-98,0.0,260,331.8,4.6e-101,6.2e-98,0.0,workflow/out/asr_HMMER/domtbl/Stool_14_asr_B.domtblout
k141_405116_2/5-262,k141_405116_2,263,320.9,1.3e-94,0.1,258,320.7,1.1e-97,1.5e-94,0.1,workflow/out/asr_HMMER/domtbl/Stool_14_asr_B.domtblout
k141_225331_2/6-263,k141_225331_2,264,313.9,1.8e-92,0.0,258,313.7,1.5e-95,2e-92,0.0,workflow/out/asr_HMMER/domtbl/Stool_14_asr_B.domtblout
k141_182105_2/3-181,k141_182105_2,181,265.3,1.2e-77,0.5,179,265.2,9.6e-81,1.3e-77,0.5,workflow/out/asr_HMMER/domtbl/Stool_14_asr_B.domtblout
k141_252882_2/1-181,k141_252882_2,182,256.6,5.2e-75,0.2,181,256.5,4.3e-78,5.8e-75,0.2,workflow/out/asr_HMMER/domtbl/Stool_14_asr_B.domtblout
k141_72862_13/33-299,k141_72862_13,304,235.2,1.8e-68,0.0,267,235.1,1.5e-71,2e-68,0.0,workflow/out/asr_HMMER/domtbl/Stool_14_asr_B.domtblout
k141_100828_21/12-278,k141_100828_21,283,234.1,4.1e-68,0.0,267,233.9,3.4e-71,4.6e-68,0.0,workflow/out/asr_HMMER/domtbl/Stool_14_asr_B.domtblout
k141_26519_18/6-272,k141_26519_18,277,232.4,1.3e-67,0.0,267,232.3,1.1e-70,1.4e-67,0.0,workflow/out/asr_HMMER/domtbl/Stool_14_asr_B.domtblout
k141_218923_5/12-278,k141_218923_5,283,231.8,2e-67,0.0,267,231.6,1.7e-70,2.3e-67,0.0,workflow/out/asr_HMMER/domtbl/Stool_14_asr_B.domtblout
k141_360062_52/6-265,k141_360062_52,276,200.8,5.7e-58,0.6,260,200.6,4.8e-61,6.5e-58,0.6,workflow/out/asr_HMMER/domtbl/Stool_14_asr_B.domtblout
k141_477075_4/7-272,k141_477075_4,278,200.1,9.1e-58,0.0,266,200.0,7.6e-61,1e-57,0.0,workflow/out/asr_HMMER/domtbl/Stool_14_asr_B.domtblout
k141_13173_3/19-280,k141_13173_3,289,196.3,1.4e-56,0.0,262,196.0,1.2e-59,1.7e-56,0.0,workflow/out/asr_HMMER/domtbl/Stool_14_asr_B.domtblout
k141_76811_10/13-273,k141_76811_10,285,193.7,8.6e-56,0.3,261,193.4,7.6e-59,1e-55,0.3,workflow/out/asr_HMMER/domtbl/Stool_14_asr_B.domtblout
k141_415969_12/7-267,k141_415969_12,276,191.9,2.9e-55,0.1,261,191.7,2.5e-58,3.4e-55,0.1,workflow/out/asr_HMMER/domtbl/Stool_14_asr_B.domtblout
k141_99604_3/7-270,k141_99604_3,276,191.8,3.2e-55,0.1,264,191.7,2.6e-58,3.5e-55,0.1,workflow/out/asr_HMMER/domtbl/Stool_14_asr_B.domtblout
k141_219427_6/7-266,k141_219427_6,276,191.1,5.4e-55,0.1,260,190.8,4.7e-58,6.4e-55,0.1,workflow/out/asr_HMMER/domtbl/Stool_14_asr_B.domtblout
k141_3767_2/7-270,k141_3767_2,276,190.2,9.5e-55,0.1,264,190.1,7.8e-58,1.1e-54,0.1,workflow/out/asr_HMMER/domtbl/Stool_14_asr_B.domtblout
k141_294758_1/26-255,k141_294758_1,265,188.6,3.1e-54,0.3,230,188.3,2.8e-57,3.8e-54,0.3,workflow/out/asr_HMMER/domtbl/Stool_14_asr_B.domtblout
k141_111314_35/15-276,k141_111314_35,285,188.1,4.4e-54,0.3,262,187.8,4e-57,5.4e-54,0.3,workflow/out/asr_HMMER/domtbl/Stool_14_asr_B.domtblout
k141_77533_7/15-273,k141_77533_7,279,187.8,5.5e-54,0.2,259,187.5,4.9e-57,6.7e-54,0.2,workflow/out/asr_HMMER/domtbl/Stool_14_asr_B.domtblout
k141_68014_3/7-265,k141_68014_3,277,187.5,6.6e-54,0.3,259,187.2,5.8e-57,7.8e-54,0.3,workflow/out/asr_HMMER/domtbl/Stool_14_asr_B.domtblout
k141_307610_7/15-273,k141_307610_7,285,185.6,2.5e-53,0.3,259,185.1,2.6e-56,3.5e-53,0.3,workflow/out/asr_HMMER/domtbl/Stool_14_asr_B.domtblout
k141_78691_27/15-274,k141_78691_27,286,185.6,2.5e-53,0.1,260,185.2,2.4e-56,3.3e-53,0.1,workflow/out/asr_HMMER/domtbl/Stool_14_asr_B.domtblout
k141_265332_2/15-273,k141_265332_2,285,185.0,3.8e-53,0.1,259,184.7,3.4e-56,4.6e-53,0.1,workflow/out/asr_HMMER/domtbl/Stool_14_asr_B.domtblout
k141_238593_3/14-273,k141_238593_3,285,184.0,7.7e-53,0.1,260,183.7,7.1e-56,9.6e-53,0.1,workflow/out/asr_HMMER/domtbl/Stool_14_asr_B.domtblout
k141_105938_5/14-273,k141_105938_5,285,183.7,9.2e-53,0.2,260,183.4,8.5e-56,1.1e-52,0.2,workflow/out/asr_HMMER/domtbl/Stool_14_asr_B.domtblout
k141_362820_20/8-267,k141_362820_20,279,183.6,1.1e-52,0.2,260,183.4,8.8e-56,1.2e-52,0.2,workflow/out/asr_HMMER/domtbl/Stool_14_asr_B.domtblout
k141_103954_3/15-276,k141_103954_3,285,182.9,1.7e-52,0.3,262,182.5,1.6e-55,2.1e-52,0.3,workflow/out/asr_HMMER/domtbl/Stool_14_asr_B.domtblout
k141_447164_1/25-253,k141_447164_1,264,182.5,2.2e-52,0.1,229,182.2,1.9e-55,2.6e-52,0.1,workflow/out/asr_HMMER/domtbl/Stool_14_asr_B.domtblout
k141_253749_1/8-266,k141_253749_1,267,179.6,1.7e-51,0.0,259,179.4,1.4e-54,2e-51,0.0,workflow/out/asr_HMMER/domtbl/Stool_14_asr_B.domtblout
k141_435587_5/15-273,k141_435587_5,277,179.2,2.2e-51,0.4,259,178.7,2.4e-54,3.3e-51,0.4,workflow/out/asr_HMMER/domtbl/Stool_14_asr_B.domtblout
k141_77704_40/160-426,k141_77704_40,431,165.2,4.1e-47,0.0,267,164.9,3.7e-50,5.1e-47,0.0,workflow/out/asr_HMMER/domtbl/Stool_14_asr_B.domtblout
k141_446407_9/39-279,k141_446407_9,291,164.2,8.2e-47,0.0,241,164.0,7.3e-50,9.9e-47,0.0,workflow/out/asr_HMMER/domtbl/Stool_14_asr_B.domtblout
k141_239525_8/405-631,k141_239525_8,640,160.7,9.9e-46,0.0,227,160.1,1.1e-48,1.5e-45,0.0,workflow/out/asr_HMMER/domtbl/Stool_14_asr_B.domtblout
k141_395749_1/404-659,k141_395749_1,660,148.5,5e-42,0.0,256,148.0,5.3e-45,7.1e-42,0.0,workflow/out/asr_HMMER/domtbl/Stool_14_asr_B.domtblout
k141_241044_2/1-169,k141_241044_2,181,146.1,2.7e-41,0.2,169,145.9,2.3e-44,3.1e-41,0.2,workflow/out/asr_HMMER/domtbl/Stool_14_asr_B.domtblout
k141_474566_2/7-222,k141_474566_2,223,128.5,6.5e-36,0.0,216,128.4,5.2e-39,7.1e-36,0.0,workflow/out/asr_HMMER/domtbl/Stool_14_asr_B.domtblout
k141_377955_11/15-223,k141_377955_11,223,112.5,5.2e-31,0.0,209,112.2,4.5e-34,6.2e-31,0.0,workflow/out/asr_HMMER/domtbl/Stool_14_asr_B.domtblout
k141_117469_6/25-251,k141_117469_6,296,88.4,1.1e-23,2.4,227,88.0,1.1e-26,1.5e-23,2.4,workflow/out/asr_HMMER/domtbl/Stool_14_asr_B.domtblout
k141_291833_1/3-97,k141_291833_1,109,88.0,1.5e-23,0.1,95,87.8,1.3e-26,1.7e-23,0.1,workflow/out/asr_HMMER/domtbl/Stool_14_asr_B.domtblout
k141_60870_5/25-251,k141_60870_5,296,87.6,2e-23,2.8,227,87.0,2.3e-26,3.1e-23,2.8,workflow/out/asr_HMMER/domtbl/Stool_14_asr_B.domtblout
k141_321979_2/29-252,k141_321979_2,259,87.3,2.5e-23,1.0,224,86.0,4.3e-26,5.9e-23,1.0,workflow/out/asr_HMMER/domtbl/Stool_14_asr_B.domtblout
k141_222576_24/7-252,k141_222576_24,297,87.2,2.6e-23,3.0,246,86.6,3e-26,4e-23,3.0,workflow/out/asr_HMMER/domtbl/Stool_14_asr_B.domtblout
k141_253431_8/31-249,k141_253431_8,256,86.4,4.6e-23,1.2,219,86.1,4.3e-26,5.9e-23,1.2,workflow/out/asr_HMMER/domtbl/Stool_14_asr_B.domtblout
k141_67308_15/31-228,k141_67308_15,263,86.0,5.9e-23,4.2,198,84.8,1e-25,1.4e-22,4.2,workflow/out/asr_HMMER/domtbl/Stool_14_asr_B.domtblout
k141_9797_5/27-251,k141_9797_5,296,85.6,8.1e-23,1.7,225,85.2,7.8e-26,1.1e-22,1.7,workflow/out/asr_HMMER/domtbl/Stool_14_asr_B.domtblout
k141_203849_17/26-251,k141_203849_17,293,84.3,2e-22,2.1,226,84.0,1.9e-25,2.5e-22,2.1,workflow/out/asr_HMMER/domtbl/Stool_14_asr_B.domtblout
k141_217377_12/34-246,k141_217377_12,254,83.6,3.3e-22,1.6,213,83.2,3.1e-25,4.2e-22,1.6,workflow/out/asr_HMMER/domtbl/Stool_14_asr_B.domtblout
k141_48654_3/26-251,k141_48654_3,296,83.4,3.7e-22,1.9,226,83.1,3.5e-25,4.8e-22,1.9,workflow/out/asr_HMMER/domtbl/Stool_14_asr_B.domtblout
k141_253261_5/22-250,k141_253261_5,257,83.4,3.7e-22,2.2,229,81.2,1.3e-24,1.8e-21,2.2,workflow/out/asr_HMMER/domtbl/Stool_14_asr_B.domtblout
k141_175106_1/6-232,k141_175106_1,275,83.1,4.7e-22,4.1,227,82.7,4.7e-25,6.3e-22,4.1,workflow/out/asr_HMMER/domtbl/Stool_14_asr_B.domtblout
k141_404847_4/26-238,k141_404847_4,244,82.9,5.2e-22,5.0,213,82.5,5.3e-25,7.1e-22,5.0,workflow/out/asr_HMMER/domtbl/Stool_14_asr_B.domtblout
k141_436496_6/27-252,k141_436496_6,297,82.4,7.4e-22,3.1,226,82.0,7.3e-25,9.8e-22,3.1,workflow/out/asr_HMMER/domtbl/Stool_14_asr_B.domtblout
k141_209694_1/27-252,k141_209694_1,297,82.1,9.2e-22,3.4,226,81.7,9.2e-25,1.3e-21,3.4,workflow/out/asr_HMMER/domtbl/Stool_14_asr_B.domtblout
k141_48653_3/26-251,k141_48653_3,296,81.8,1.2e-21,2.1,226,81.8,8.7e-25,1.2e-21,2.1,workflow/out/asr_HMMER/domtbl/Stool_14_asr_B.domtblout
k141_360100_1/26-250,k141_360100_1,251,81.7,1.3e-21,2.1,225,81.5,1.1e-24,1.5e-21,2.1,workflow/out/asr_HMMER/domtbl/Stool_14_asr_B.domtblout
k141_101100_18/32-249,k141_101100_18,254,81.7,1.3e-21,0.0,218,81.2,1.3e-24,1.8e-21,0.0,workflow/out/asr_HMMER/domtbl/Stool_14_asr_B.domtblout
k141_382407_5/32-244,k141_382407_5,251,81.7,1.3e-21,0.0,213,81.3,1.2e-24,1.6e-21,0.0,workflow/out/asr_HMMER/domtbl/Stool_14_asr_B.domtblout
k141_313029_5/25-251,k141_313029_5,296,81.6,1.3e-21,3.7,227,81.2,1.3e-24,1.8e-21,3.7,workflow/out/asr_HMMER/domtbl/Stool_14_asr_B.domtblout
k141_109135_24/26-251,k141_109135_24,296,81.3,1.6e-21,2.5,226,81.3,1.2e-24,1.6e-21,2.5,workflow/out/asr_HMMER/domtbl/Stool_14_asr_B.domtblout
k141_366549_11/26-251,k141_366549_11,293,81.3,1.6e-21,3.9,226,80.9,1.6e-24,2.2e-21,3.9,workflow/out/asr_HMMER/domtbl/Stool_14_asr_B.domtblout
k141_360103_90/26-251,k141_360103_90,296,81.1,1.9e-21,1.8,226,80.7,1.9e-24,2.6e-21,1.8,workflow/out/asr_HMMER/domtbl/Stool_14_asr_B.domtblout
k141_436716_2/26-252,k141_436716_2,297,80.8,2.3e-21,2.6,227,80.4,2.2e-24,3e-21,2.6,workflow/out/asr_HMMER/domtbl/Stool_14_asr_B.domtblout
k141_115233_152/26-252,k141_115233_152,295,80.7,2.5e-21,2.1,227,80.3,2.5e-24,3.3e-21,2.1,workflow/out/asr_HMMER/domtbl/Stool_14_asr_B.domtblout
k141_329587_12/27-251,k141_329587_12,294,80.6,2.7e-21,1.8,225,80.2,2.7e-24,3.7e-21,1.8,workflow/out/asr_HMMER/domtbl/Stool_14_asr_B.domtblout
k141_331781_1/26-252,k141_331781_1,263,80.5,3e-21,0.0,227,80.1,2.9e-24,3.9e-21,0.0,workflow/out/asr_HMMER/domtbl/Stool_14_asr_B.domtblout
k141_49640_214/26-251,k141_49640_214,293,79.0,8.5e-21,2.9,226,78.7,7.8e-24,1.1e-20,2.9,workflow/out/asr_HMMER/domtbl/Stool_14_asr_B.domtblout
k141_199320_20/25-251,k141_199320_20,293,78.8,9.7e-21,2.8,227,78.5,8.7e-24,1.2e-20,2.8,workflow/out/asr_HMMER/domtbl/Stool_14_asr_B.domtblout
k141_320166_2/27-251,k141_320166_2,293,78.0,1.6e-20,1.3,225,77.6,1.6e-23,2.2e-20,1.3,workflow/out/asr_HMMER/domtbl/Stool_14_asr_B.domtblout
k141_410577_1/4-82,k141_410577_1,88,77.8,2e-20,0.3,79,77.7,1.5e-23,2e-20,0.3,workflow/out/asr_HMMER/domtbl/Stool_14_asr_B.domtblout
k141_32657_2/33-251,k141_32657_2,259,77.3,2.8e-20,0.5,219,76.9,2.6e-23,3.6e-20,0.5,workflow/out/asr_HMMER/domtbl/Stool_14_asr_B.domtblout
k141_64162_11/33-251,k141_64162_11,259,77.2,2.9e-20,0.3,219,76.9,2.7e-23,3.7e-20,0.3,workflow/out/asr_HMMER/domtbl/Stool_14_asr_B.domtblout
k141_234462_10/27-251,k141_234462_10,293,77.0,3.4e-20,2.0,225,76.5,3.4e-23,4.7e-20,2.0,workflow/out/asr_HMMER/domtbl/Stool_14_asr_B.domtblout
k141_131404_18/27-253,k141_131404_18,298,77.0,3.5e-20,2.7,227,76.6,3.3e-23,4.5e-20,2.7,workflow/out/asr_HMMER/domtbl/Stool_14_asr_B.domtblout
k141_418250_19/25-251,k141_418250_19,296,76.6,4.4e-20,2.2,227,76.3,4e-23,5.5e-20,2.2,workflow/out/asr_HMMER/domtbl/Stool_14_asr_B.domtblout
k141_96809_38/29-256,k141_96809_38,262,76.6,4.6e-20,0.6,228,75.7,6.4e-23,8.7e-20,0.6,workflow/out/asr_HMMER/domtbl/Stool_14_asr_B.domtblout
k141_81754_16/25-251,k141_81754_16,296,76.2,5.9e-20,2.8,227,76.2,4.3e-23,5.9e-20,2.8,workflow/out/asr_HMMER/domtbl/Stool_14_asr_B.domtblout
k141_121061_17/25-251,k141_121061_17,293,76.0,6.8e-20,2.5,227,75.7,6.1e-23,8.3e-20,2.5,workflow/out/asr_HMMER/domtbl/Stool_14_asr_B.domtblout
k141_433277_8/25-251,k141_433277_8,293,75.9,7.4e-20,3.1,227,75.6,6.6e-23,9e-20,3.1,workflow/out/asr_HMMER/domtbl/Stool_14_asr_B.domtblout
k141_339904_14/34-253,k141_339904_14,259,75.9,7.6e-20,0.4,220,75.4,7.6e-23,1e-19,0.4,workflow/out/asr_HMMER/domtbl/Stool_14_asr_B.domtblout
k141_307371_4/11-221,k141_307371_4,230,75.5,9.6e-20,0.1,211,75.1,9.4e-23,1.3e-19,0.1,workflow/out/asr_HMMER/domtbl/Stool_14_asr_B.domtblout
k141_426985_109/25-244,k141_426985_109,279,75.2,1.2e-19,1.7,220,74.9,1.1e-22,1.5e-19,1.7,workflow/out/asr_HMMER/domtbl/Stool_14_asr_B.domtblout
k141_312985_3/25-251,k141_312985_3,296,75.0,1.4e-19,3.4,227,74.7,1.3e-22,1.7e-19,3.4,workflow/out/asr_HMMER/domtbl/Stool_14_asr_B.domtblout
k141_51894_59/29-251,k141_51894_59,258,74.7,1.7e-19,1.3,223,74.2,1.8e-22,2.4e-19,1.3,workflow/out/asr_HMMER/domtbl/Stool_14_asr_B.domtblout
k141_127287_108/28-247,k141_127287_108,256,74.5,1.9e-19,0.2,220,74.2,1.8e-22,2.5e-19,0.2,workflow/out/asr_HMMER/domtbl/Stool_14_asr_B.domtblout
k141_30111_13/28-246,k141_30111_13,285,74.3,2.2e-19,1.0,219,73.9,2.3e-22,3.1e-19,1.0,workflow/out/asr_HMMER/domtbl/Stool_14_asr_B.domtblout
k141_373322_3/33-251,k141_373322_3,259,74.3,2.2e-19,0.1,219,74.0,2.1e-22,2.9e-19,0.1,workflow/out/asr_HMMER/domtbl/Stool_14_asr_B.domtblout
k141_231051_55/24-245,k141_231051_55,281,74.3,2.3e-19,0.6,222,73.9,2.2e-22,3e-19,0.6,workflow/out/asr_HMMER/domtbl/Stool_14_asr_B.domtblout
k141_416652_4/34-253,k141_416652_4,259,73.7,3.4e-19,0.4,220,73.3,3.3e-22,4.5e-19,0.4,workflow/out/asr_HMMER/domtbl/Stool_14_asr_B.domtblout
k141_54062_8/34-251,k141_54062_8,259,73.6,3.6e-19,0.1,218,73.2,3.5e-22,4.7e-19,0.1,workflow/out/asr_HMMER/domtbl/Stool_14_asr_B.domtblout
k141_208060_9/34-251,k141_208060_9,259,73.6,3.7e-19,0.3,218,73.2,3.5e-22,4.8e-19,0.3,workflow/out/asr_HMMER/domtbl/Stool_14_asr_B.domtblout
k141_470415_3/30-239,k141_470415_3,246,73.2,4.8e-19,0.1,210,72.5,5.8e-22,7.9e-19,0.1,workflow/out/asr_HMMER/domtbl/Stool_14_asr_B.domtblout
k141_390302_132/28-251,k141_390302_132,289,73.1,5.4e-19,1.9,224,72.6,5.3e-22,7.2e-19,1.9,workflow/out/asr_HMMER/domtbl/Stool_14_asr_B.domtblout
k141_98955_481/26-247,k141_98955_481,282,72.6,7.3e-19,1.0,222,72.3,6.9e-22,9.4e-19,1.0,workflow/out/asr_HMMER/domtbl/Stool_14_asr_B.domtblout
k141_44243_14/34-251,k141_44243_14,259,72.5,7.7e-19,0.1,218,72.1,7.7e-22,1e-18,0.1,workflow/out/asr_HMMER/domtbl/Stool_14_asr_B.domtblout
k141_2087_3/38-252,k141_2087_3,260,72.5,7.7e-19,0.0,215,72.1,7.6e-22,1e-18,0.0,workflow/out/asr_HMMER/domtbl/Stool_14_asr_B.domtblout
k141_240228_2/26-252,k141_240228_2,295,72.3,9.2e-19,3.9,227,72.0,8.7e-22,1.2e-18,3.9,workflow/out/asr_HMMER/domtbl/Stool_14_asr_B.domtblout
k141_189483_34/27-252,k141_189483_34,297,72.1,1e-18,2.0,226,71.4,1.3e-21,1.7e-18,2.0,workflow/out/asr_HMMER/domtbl/Stool_14_asr_B.domtblout
k141_388511_11/34-251,k141_388511_11,259,72.0,1.1e-18,0.1,218,71.6,1.1e-21,1.5e-18,0.1,workflow/out/asr_HMMER/domtbl/Stool_14_asr_B.domtblout
k141_347434_2/7-232,k141_347434_2,232,71.7,1.4e-18,1.4,226,71.6,1.1e-21,1.5e-18,1.4,workflow/out/asr_HMMER/domtbl/Stool_14_asr_B.domtblout
k141_436073_150/26-252,k141_436073_150,297,71.5,1.6e-18,1.5,227,71.0,1.7e-21,2.4e-18,1.5,workflow/out/asr_HMMER/domtbl/Stool_14_asr_B.domtblout
k141_74900_4/30-249,k141_74900_4,255,71.4,1.7e-18,2.0,220,70.2,2.9e-21,4e-18,2.0,workflow/out/asr_HMMER/domtbl/Stool_14_asr_B.domtblout
k141_210178_2/26-244,k141_210178_2,281,71.4,1.8e-18,1.9,219,71.0,1.7e-21,2.4e-18,1.9,workflow/out/asr_HMMER/domtbl/Stool_14_asr_B.domtblout
k141_395551_2/23-250,k141_395551_2,258,71.3,1.8e-18,0.0,228,70.9,1.8e-21,2.4e-18,0.0,workflow/out/asr_HMMER/domtbl/Stool_14_asr_B.domtblout
k141_135481_3/26-251,k141_135481_3,296,71.2,2e-18,1.8,226,70.8,1.9e-21,2.6e-18,1.8,workflow/out/asr_HMMER/domtbl/Stool_14_asr_B.domtblout
k141_55132_20/4-249,k141_55132_20,256,71.0,2.3e-18,3.4,246,70.0,3.5e-21,4.7e-18,3.4,workflow/out/asr_HMMER/domtbl/Stool_14_asr_B.domtblout
k141_321473_69/32-256,k141_321473_69,263,70.8,2.6e-18,0.6,225,69.1,6.4e-21,8.6e-18,0.6,workflow/out/asr_HMMER/domtbl/Stool_14_asr_B.domtblout
k141_237915_5/26-244,k141_237915_5,284,70.5,3.2e-18,2.6,219,70.1,3.2e-21,4.3e-18,2.6,workflow/out/asr_HMMER/domtbl/Stool_14_asr_B.domtblout
k141_171368_1/26-243,k141_171368_1,281,70.4,3.6e-18,2.3,218,70.0,3.5e-21,4.8e-18,2.3,workflow/out/asr_HMMER/domtbl/Stool_14_asr_B.domtblout
k141_29021_1/26-243,k141_29021_1,282,70.4,3.6e-18,2.4,218,69.9,3.5e-21,4.8e-18,2.4,workflow/out/asr_HMMER/domtbl/Stool_14_asr_B.domtblout
k141_121547_10/29-252,k141_121547_10,259,70.1,4.3e-18,0.5,224,69.1,6.6e-21,9e-18,0.5,workflow/out/asr_HMMER/domtbl/Stool_14_asr_B.domtblout
k141_126304_2/31-253,k141_126304_2,254,70.1,4.3e-18,0.6,223,68.8,8e-21,1.1e-17,0.6,workflow/out/asr_HMMER/domtbl/Stool_14_asr_B.domtblout
k141_29090_1/26-243,k141_29090_1,281,70.1,4.3e-18,2.2,218,69.7,4.2e-21,5.7e-18,2.2,workflow/out/asr_HMMER/domtbl/Stool_14_asr_B.domtblout
k141_253752_18/4-249,k141_253752_18,256,70.1,4.4e-18,3.1,246,68.9,7.2e-21,9.8e-18,3.1,workflow/out/asr_HMMER/domtbl/Stool_14_asr_B.domtblout
k141_234729_51/6-237,k141_234729_51,246,70.1,4.4e-18,3.6,232,69.1,6.3e-21,8.5e-18,3.6,workflow/out/asr_HMMER/domtbl/Stool_14_asr_B.domtblout
k141_249829_5/40-262,k141_249829_5,270,70.0,4.6e-18,0.1,223,68.7,8.5e-21,1.1e-17,0.1,workflow/out/asr_HMMER/domtbl/Stool_14_asr_B.domtblout
k141_361561_7/34-251,k141_361561_7,259,69.9,4.8e-18,0.1,218,69.6,4.6e-21,6.2e-18,0.1,workflow/out/asr_HMMER/domtbl/Stool_14_asr_B.domtblout
k141_75562_2/33-253,k141_75562_2,260,69.9,5.1e-18,0.3,221,68.8,8.2e-21,1.1e-17,0.3,workflow/out/asr_HMMER/domtbl/Stool_14_asr_B.domtblout
k141_374848_11/29-252,k141_374848_11,259,69.8,5.2e-18,0.2,224,68.8,7.7e-21,1e-17,0.2,workflow/out/asr_HMMER/domtbl/Stool_14_asr_B.domtblout
k141_314224_19/8-239,k141_314224_19,247,69.5,6.6e-18,1.7,232,67.8,1.6e-20,2.2e-17,1.7,workflow/out/asr_HMMER/domtbl/Stool_14_asr_B.domtblout
k141_375047_5/34-252,k141_375047_5,259,69.3,7.7e-18,0.0,219,68.9,7.4e-21,1e-17,0.0,workflow/out/asr_HMMER/domtbl/Stool_14_asr_B.domtblout
k141_245491_3/34-253,k141_245491_3,259,69.3,7.7e-18,0.1,220,68.8,7.8e-21,1.1e-17,0.1,workflow/out/asr_HMMER/domtbl/Stool_14_asr_B.domtblout
k141_85154_18/34-253,k141_85154_18,257,69.2,8.4e-18,1.1,220,67.5,2e-20,2.6e-17,1.1,workflow/out/asr_HMMER/domtbl/Stool_14_asr_B.domtblout
k141_314144_25/12-226,k141_314144_25,249,69.1,8.4e-18,3.3,215,68.8,8e-21,1.1e-17,3.3,workflow/out/asr_HMMER/domtbl/Stool_14_asr_B.domtblout
k141_395621_27/27-252,k141_395621_27,297,69.1,8.6e-18,3.4,226,68.7,8.6e-21,1.2e-17,3.4,workflow/out/asr_HMMER/domtbl/Stool_14_asr_B.domtblout
k141_264813_1/26-243,k141_264813_1,282,69.1,8.7e-18,1.6,218,68.7,8.5e-21,1.2e-17,1.6,workflow/out/asr_HMMER/domtbl/Stool_14_asr_B.domtblout
k141_11917_5/24-244,k141_11917_5,281,69.1,8.9e-18,2.9,221,68.7,8.6e-21,1.2e-17,2.9,workflow/out/asr_HMMER/domtbl/Stool_14_asr_B.domtblout
k141_158468_1/23-241,k141_158468_1,277,69.0,9.2e-18,1.4,219,68.6,9e-21,1.2e-17,1.4,workflow/out/asr_HMMER/domtbl/Stool_14_asr_B.domtblout
k141_218060_5/34-253,k141_218060_5,259,69.0,9.4e-18,0.2,220,68.6,9.3e-21,1.3e-17,0.2,workflow/out/asr_HMMER/domtbl/Stool_14_asr_B.domtblout
k141_154880_147/31-249,k141_154880_147,256,69.0,9.5e-18,1.3,219,66.9,2.9e-20,4e-17,1.3,workflow/out/asr_HMMER/domtbl/Stool_14_asr_B.domtblout
k141_148731_6/27-252,k141_148731_6,297,68.8,1.1e-17,1.5,226,68.3,1.1e-20,1.5e-17,1.5,workflow/out/asr_HMMER/domtbl/Stool_14_asr_B.domtblout
k141_361802_110/28-250,k141_361802_110,256,68.6,1.2e-17,2.6,223,66.6,3.8e-20,5.2e-17,2.6,workflow/out/asr_HMMER/domtbl/Stool_14_asr_B.domtblout
k141_466588_2/7-236,k141_466588_2,244,68.6,1.2e-17,0.0,230,67.9,1.4e-20,2e-17,0.0,workflow/out/asr_HMMER/domtbl/Stool_14_asr_B.domtblout
k141_359359_2/32-256,k141_359359_2,263,68.6,1.2e-17,0.5,225,66.9,2.9e-20,4e-17,0.5,workflow/out/asr_HMMER/domtbl/Stool_14_asr_B.domtblout
k141_190209_6/24-237,k141_190209_6,243,68.6,1.3e-17,5.0,214,64.6,1.5e-19,2.1e-16,5.0,workflow/out/asr_HMMER/domtbl/Stool_14_asr_B.domtblout
k141_221600_31/34-254,k141_221600_31,259,68.6,1.3e-17,0.1,221,68.2,1.2e-20,1.6e-17,0.1,workflow/out/asr_HMMER/domtbl/Stool_14_asr_B.domtblout
k141_155221_2/27-244,k141_155221_2,280,68.4,1.5e-17,0.4,218,67.9,1.5e-20,2e-17,0.4,workflow/out/asr_HMMER/domtbl/Stool_14_asr_B.domtblout
k141_147742_1/47-263,k141_147742_1,270,68.3,1.5e-17,1.9,217,66.3,4.8e-20,6.4e-17,1.9,workflow/out/asr_HMMER/domtbl/Stool_14_asr_B.domtblout
k141_94930_14/20-159,k141_94930_14,243,68.3,1.5e-17,2.9,140,56.1,5.9e-17,8e-14,0.0,workflow/out/asr_HMMER/domtbl/Stool_14_asr_B.domtblout
k141_94930_14/202-235,k141_94930_14,243,68.3,1.5e-17,2.9,34,12.2,0.0014,1.9,1.1,workflow/out/asr_HMMER/domtbl/Stool_14_asr_B.domtblout
k141_14113_9/28-244,k141_14113_9,785,68.3,1.5e-17,2.6,217,67.3,2.3e-20,3.1e-17,2.6,workflow/out/asr_HMMER/domtbl/Stool_14_asr_B.domtblout
k141_247821_9/31-254,k141_247821_9,261,68.1,1.8e-17,0.5,224,66.6,3.7e-20,5e-17,0.5,workflow/out/asr_HMMER/domtbl/Stool_14_asr_B.domtblout
k141_7127_2/8-237,k141_7127_2,245,68.1,1.8e-17,0.2,230,67.1,2.7e-20,3.7e-17,0.2,workflow/out/asr_HMMER/domtbl/Stool_14_asr_B.domtblout
k141_226236_8/11-243,k141_226236_8,783,68.0,1.8e-17,2.0,233,68.0,1.4e-20,1.8e-17,2.0,workflow/out/asr_HMMER/domtbl/Stool_14_asr_B.domtblout
k141_1785_2/13-237,k141_1785_2,245,68.0,1.9e-17,0.7,225,67.0,2.7e-20,3.7e-17,0.7,workflow/out/asr_HMMER/domtbl/Stool_14_asr_B.domtblout
k141_433192_10/28-244,k141_433192_10,785,68.0,1.9e-17,0.9,217,66.8,3.1e-20,4.2e-17,0.9,workflow/out/asr_HMMER/domtbl/Stool_14_asr_B.domtblout
k141_55983_6/35-253,k141_55983_6,258,67.9,2e-17,1.9,219,66.4,4.4e-20,5.9e-17,1.9,workflow/out/asr_HMMER/domtbl/Stool_14_asr_B.domtblout
k141_365112_24/29-254,k141_365112_24,261,67.9,2e-17,0.7,226,66.3,4.5e-20,6.1e-17,0.7,workflow/out/asr_HMMER/domtbl/Stool_14_asr_B.domtblout
k141_462061_9/17-236,k141_462061_9,243,67.8,2.2e-17,0.0,220,65.4,8.4e-20,1.1e-16,0.0,workflow/out/asr_HMMER/domtbl/Stool_14_asr_B.domtblout
k141_383419_6/44-265,k141_383419_6,273,67.8,2.2e-17,0.9,222,66.2,4.9e-20,6.7e-17,0.9,workflow/out/asr_HMMER/domtbl/Stool_14_asr_B.domtblout
k141_13180_1/13-241,k141_13180_1,242,67.7,2.3e-17,2.9,229,67.5,1.9e-20,2.6e-17,2.9,workflow/out/asr_HMMER/domtbl/Stool_14_asr_B.domtblout
k141_48709_4/27-244,k141_48709_4,783,67.6,2.5e-17,2.6,218,67.6,1.9e-20,2.5e-17,2.6,workflow/out/asr_HMMER/domtbl/Stool_14_asr_B.domtblout
k141_362601_7/24-244,k141_362601_7,281,67.4,2.8e-17,3.1,221,67.0,2.7e-20,3.7e-17,3.1,workflow/out/asr_HMMER/domtbl/Stool_14_asr_B.domtblout
k141_226244_10/34-253,k141_226244_10,258,67.4,2.9e-17,1.5,220,65.8,6.5e-20,8.9e-17,1.5,workflow/out/asr_HMMER/domtbl/Stool_14_asr_B.domtblout
k141_371141_3/28-243,k141_371141_3,266,67.4,2.9e-17,3.5,216,67.0,2.9e-20,3.9e-17,3.5,workflow/out/asr_HMMER/domtbl/Stool_14_asr_B.domtblout
k141_434740_11/55-251,k141_434740_11,257,67.3,3.2e-17,0.0,197,66.7,3.4e-20,4.6e-17,0.0,workflow/out/asr_HMMER/domtbl/Stool_14_asr_B.domtblout
k141_72313_5/35-253,k141_72313_5,258,67.2,3.4e-17,1.2,219,65.7,7.2e-20,9.7e-17,1.2,workflow/out/asr_HMMER/domtbl/Stool_14_asr_B.domtblout
k141_437232_10/35-252,k141_437232_10,257,67.2,3.4e-17,2.4,218,64.1,2.1e-19,2.9e-16,2.4,workflow/out/asr_HMMER/domtbl/Stool_14_asr_B.domtblout
k141_290579_2/2-245,k141_290579_2,280,67.1,3.5e-17,0.1,244,66.9,3.1e-20,4.2e-17,0.1,workflow/out/asr_HMMER/domtbl/Stool_14_asr_B.domtblout
k141_4028_9/7-236,k141_4028_9,246,67.1,3.6e-17,2.8,230,65.8,6.5e-20,8.8e-17,2.8,workflow/out/asr_HMMER/domtbl/Stool_14_asr_B.domtblout
k141_388096_28/28-246,k141_388096_28,275,66.9,4e-17,2.3,219,66.7,3.6e-20,4.9e-17,2.3,workflow/out/asr_HMMER/domtbl/Stool_14_asr_B.domtblout
k141_359207_7/28-243,k141_359207_7,786,66.9,4.1e-17,2.3,216,66.4,4.3e-20,5.8e-17,0.6,workflow/out/asr_HMMER/domtbl/Stool_14_asr_B.domtblout
k141_220189_5/26-243,k141_220189_5,282,66.9,4.2e-17,2.5,218,66.4,4.1e-20,5.6e-17,2.5,workflow/out/asr_HMMER/domtbl/Stool_14_asr_B.domtblout
k141_406209_31/2-247,k141_406209_31,281,66.8,4.3e-17,0.0,246,66.5,4e-20,5.4e-17,0.0,workflow/out/asr_HMMER/domtbl/Stool_14_asr_B.domtblout
k141_336929_15/26-244,k141_336929_15,283,66.8,4.3e-17,1.2,219,66.4,4.3e-20,5.8e-17,1.2,workflow/out/asr_HMMER/domtbl/Stool_14_asr_B.domtblout
k141_31428_29/25-244,k141_31428_29,281,66.8,4.4e-17,1.1,220,66.4,4.4e-20,5.9e-17,1.1,workflow/out/asr_HMMER/domtbl/Stool_14_asr_B.domtblout
k141_22534_198/8-236,k141_22534_198,244,66.6,4.9e-17,10.4,229,64.4,1.8e-19,2.4e-16,10.4,workflow/out/asr_HMMER/domtbl/Stool_14_asr_B.domtblout
k141_400215_16/26-244,k141_400215_16,285,66.6,5.1e-17,0.5,219,66.2,4.9e-20,6.7e-17,0.5,workflow/out/asr_HMMER/domtbl/Stool_14_asr_B.domtblout
k141_98482_4/27-246,k141_98482_4,285,66.4,5.8e-17,2.4,220,66.0,5.8e-20,7.9e-17,2.4,workflow/out/asr_HMMER/domtbl/Stool_14_asr_B.domtblout
k141_349320_43/21-245,k141_349320_43,253,66.3,6.4e-17,0.1,225,65.8,6.3e-20,8.6e-17,0.1,workflow/out/asr_HMMER/domtbl/Stool_14_asr_B.domtblout
k141_288379_10/34-253,k141_288379_10,259,66.1,7.2e-17,0.0,220,65.6,7.6e-20,1e-16,0.0,workflow/out/asr_HMMER/domtbl/Stool_14_asr_B.domtblout
k141_112280_2/26-243,k141_112280_2,282,66.0,7.5e-17,2.4,218,65.6,7.4e-20,1e-16,2.4,workflow/out/asr_HMMER/domtbl/Stool_14_asr_B.domtblout
k141_424251_124/26-244,k141_424251_124,281,66.0,7.6e-17,1.6,219,65.6,7.4e-20,1e-16,1.6,workflow/out/asr_HMMER/domtbl/Stool_14_asr_B.domtblout
k141_228116_41/38-258,k141_228116_41,265,65.9,8.4e-17,0.9,221,64.5,1.6e-19,2.1e-16,0.9,workflow/out/asr_HMMER/domtbl/Stool_14_asr_B.domtblout
k141_471033_19/9-243,k141_471033_19,790,65.9,8.5e-17,1.5,235,65.1,1.1e-19,1.5e-16,1.5,workflow/out/asr_HMMER/domtbl/Stool_14_asr_B.domtblout
k141_405882_14/26-243,k141_405882_14,781,65.7,9.2e-17,2.5,218,65.7,6.8e-20,9.2e-17,2.5,workflow/out/asr_HMMER/domtbl/Stool_14_asr_B.domtblout
k141_168120_2/26-243,k141_168120_2,782,65.7,9.2e-17,2.5,218,65.7,6.8e-20,9.2e-17,2.5,workflow/out/asr_HMMER/domtbl/Stool_14_asr_B.domtblout
k141_43655_2/28-246,k141_43655_2,284,65.7,9.4e-17,0.3,219,65.3,9.1e-20,1.2e-16,0.3,workflow/out/asr_HMMER/domtbl/Stool_14_asr_B.domtblout
k141_174133_2/26-244,k141_174133_2,252,65.7,9.4e-17,0.1,219,65.2,9.8e-20,1.3e-16,0.1,workflow/out/asr_HMMER/domtbl/Stool_14_asr_B.domtblout
k141_146231_35/30-237,k141_146231_35,248,65.6,1e-16,6.2,208,62.7,5.7e-19,7.7e-16,6.2,workflow/out/asr_HMMER/domtbl/Stool_14_asr_B.domtblout
k141_181087_11/35-253,k141_181087_11,258,65.5,1.1e-16,1.5,219,64.0,2.3e-19,3.1e-16,1.5,workflow/out/asr_HMMER/domtbl/Stool_14_asr_B.domtblout
k141_167735_42/29-255,k141_167735_42,262,65.3,1.2e-16,0.9,227,63.6,3.1e-19,4.2e-16,0.9,workflow/out/asr_HMMER/domtbl/Stool_14_asr_B.domtblout
k141_219237_2/30-252,k141_219237_2,259,65.3,1.3e-16,0.1,223,64.3,1.9e-19,2.5e-16,0.1,workflow/out/asr_HMMER/domtbl/Stool_14_asr_B.domtblout
k141_241412_36/31-250,k141_241412_36,257,65.3,1.3e-16,4.0,220,62.2,8.4e-19,1.1e-15,4.0,workflow/out/asr_HMMER/domtbl/Stool_14_asr_B.domtblout
k141_202138_7/27-243,k141_202138_7,780,65.2,1.3e-16,1.7,217,65.2,9.7e-20,1.3e-16,1.7,workflow/out/asr_HMMER/domtbl/Stool_14_asr_B.domtblout
k141_472428_2/39-258,k141_472428_2,265,65.1,1.4e-16,0.0,220,64.8,1.3e-19,1.8e-16,0.0,workflow/out/asr_HMMER/domtbl/Stool_14_asr_B.domtblout
k141_39300_1/38-257,k141_39300_1,294,65.1,1.5e-16,3.2,220,64.7,1.4e-19,1.9e-16,3.2,workflow/out/asr_HMMER/domtbl/Stool_14_asr_B.domtblout
k141_213259_130/31-261,k141_213259_130,267,65.1,1.5e-16,1.5,231,63.3,3.8e-19,5.1e-16,1.5,workflow/out/asr_HMMER/domtbl/Stool_14_asr_B.domtblout
k141_312547_2/35-252,k141_312547_2,257,65.0,1.5e-16,1.3,218,61.9,9.9e-19,1.3e-15,1.3,workflow/out/asr_HMMER/domtbl/Stool_14_asr_B.domtblout
k141_11509_2/30-251,k141_11509_2,258,64.9,1.7e-16,0.0,222,64.5,1.7e-19,2.3e-16,0.0,workflow/out/asr_HMMER/domtbl/Stool_14_asr_B.domtblout
k141_183835_14/29-245,k141_183835_14,284,64.7,1.9e-16,0.5,217,64.3,1.9e-19,2.6e-16,0.5,workflow/out/asr_HMMER/domtbl/Stool_14_asr_B.domtblout
k141_115092_2/26-244,k141_115092_2,281,64.7,1.9e-16,1.2,219,64.3,1.9e-19,2.6e-16,1.2,workflow/out/asr_HMMER/domtbl/Stool_14_asr_B.domtblout
k141_54648_201/25-248,k141_54648_201,298,64.7,1.9e-16,1.4,224,64.2,2e-19,2.7e-16,1.4,workflow/out/asr_HMMER/domtbl/Stool_14_asr_B.domtblout
k141_312013_3/29-254,k141_312013_3,261,64.6,2e-16,1.0,226,63.0,4.8e-19,6.5e-16,1.0,workflow/out/asr_HMMER/domtbl/Stool_14_asr_B.domtblout
k141_264197_2/26-243,k141_264197_2,783,64.5,2.1e-16,2.9,218,64.5,1.6e-19,2.1e-16,2.9,workflow/out/asr_HMMER/domtbl/Stool_14_asr_B.domtblout
k141_166744_5/27-243,k141_166744_5,782,64.5,2.2e-16,3.5,217,63.5,3.3e-19,4.5e-16,3.5,workflow/out/asr_HMMER/domtbl/Stool_14_asr_B.domtblout
k141_429111_20/26-244,k141_429111_20,280,64.4,2.3e-16,1.4,219,64.1,2.1e-19,2.9e-16,1.4,workflow/out/asr_HMMER/domtbl/Stool_14_asr_B.domtblout
k141_54194_3/18-172,k141_54194_3,179,64.4,2.4e-16,0.0,155,64.1,2.2e-19,2.9e-16,0.0,workflow/out/asr_HMMER/domtbl/Stool_14_asr_B.domtblout
k141_383173_42/33-251,k141_383173_42,258,64.3,2.5e-16,0.0,219,63.9,2.4e-19,3.3e-16,0.0,workflow/out/asr_HMMER/domtbl/Stool_14_asr_B.domtblout
k141_350664_2/34-250,k141_350664_2,256,64.3,2.6e-16,0.3,217,63.9,2.5e-19,3.5e-16,0.3,workflow/out/asr_HMMER/domtbl/Stool_14_asr_B.domtblout
k141_384167_2/26-244,k141_384167_2,281,64.2,2.6e-16,1.1,219,63.9,2.5e-19,3.4e-16,1.1,workflow/out/asr_HMMER/domtbl/Stool_14_asr_B.domtblout
k141_363763_34/26-244,k141_363763_34,281,64.1,2.9e-16,1.1,219,63.7,2.8e-19,3.8e-16,1.1,workflow/out/asr_HMMER/domtbl/Stool_14_asr_B.domtblout
k141_474371_15/34-251,k141_474371_15,257,63.9,3.4e-16,0.0,218,63.6,3.2e-19,4.3e-16,0.0,workflow/out/asr_HMMER/domtbl/Stool_14_asr_B.domtblout
k141_321726_41/25-245,k141_321726_41,282,63.7,3.7e-16,0.9,221,63.3,3.7e-19,5e-16,0.9,workflow/out/asr_HMMER/domtbl/Stool_14_asr_B.domtblout
k141_457517_30/37-254,k141_457517_30,260,63.7,3.8e-16,0.0,218,63.4,3.6e-19,4.9e-16,0.0,workflow/out/asr_HMMER/domtbl/Stool_14_asr_B.domtblout
k141_384399_25/38-258,k141_384399_25,265,63.5,4.3e-16,0.4,221,62.2,8.1e-19,1.1e-15,0.4,workflow/out/asr_HMMER/domtbl/Stool_14_asr_B.domtblout
k141_299286_7/11-243,k141_299286_7,783,63.5,4.3e-16,1.2,233,63.5,3.2e-19,4.3e-16,1.2,workflow/out/asr_HMMER/domtbl/Stool_14_asr_B.domtblout
k141_47680_36/41-259,k141_47680_36,265,63.3,5.1e-16,0.0,219,62.9,4.8e-19,6.6e-16,0.0,workflow/out/asr_HMMER/domtbl/Stool_14_asr_B.domtblout
k141_346330_4/27-245,k141_346330_4,284,63.2,5.5e-16,1.1,219,62.9,4.9e-19,6.6e-16,0.8,workflow/out/asr_HMMER/domtbl/Stool_14_asr_B.domtblout
k141_360658_2/35-255,k141_360658_2,261,63.2,5.6e-16,0.0,221,62.6,6e-19,8.2e-16,0.0,workflow/out/asr_HMMER/domtbl/Stool_14_asr_B.domtblout
k141_12168_33/26-245,k141_12168_33,277,62.8,7.1e-16,1.2,220,62.4,7.1e-19,9.6e-16,1.2,workflow/out/asr_HMMER/domtbl/Stool_14_asr_B.domtblout
k141_299800_2/31-254,k141_299800_2,261,62.6,8.3e-16,1.7,224,61.1,1.8e-18,2.4e-15,1.7,workflow/out/asr_HMMER/domtbl/Stool_14_asr_B.domtblout
k141_303806_8/56-248,k141_303806_8,257,62.6,8.4e-16,1.5,193,61.2,1.7e-18,2.3e-15,1.5,workflow/out/asr_HMMER/domtbl/Stool_14_asr_B.domtblout
k141_223113_74/28-243,k141_223113_74,758,62.3,1.1e-15,5.7,216,61.7,1.2e-18,1.6e-15,4.5,workflow/out/asr_HMMER/domtbl/Stool_14_asr_B.domtblout
k141_312156_2/16-248,k141_312156_2,258,62.2,1.1e-15,0.0,233,61.7,1.1e-18,1.5e-15,0.0,workflow/out/asr_HMMER/domtbl/Stool_14_asr_B.domtblout
k141_32147_25/32-235,k141_32147_25,245,62.2,1.1e-15,2.0,204,59.1,7.2e-18,9.7e-15,2.0,workflow/out/asr_HMMER/domtbl/Stool_14_asr_B.domtblout
k141_227013_1/34-253,k141_227013_1,255,62.2,1.1e-15,0.3,220,60.8,2.2e-18,2.9e-15,0.3,workflow/out/asr_HMMER/domtbl/Stool_14_asr_B.domtblout
k141_224594_4/28-246,k141_224594_4,280,62.2,1.1e-15,0.1,219,61.8,1.1e-18,1.5e-15,0.1,workflow/out/asr_HMMER/domtbl/Stool_14_asr_B.domtblout
k141_260825_14/30-251,k141_260825_14,258,62.2,1.1e-15,1.2,222,60.2,3.3e-18,4.4e-15,1.2,workflow/out/asr_HMMER/domtbl/Stool_14_asr_B.domtblout
k141_20345_13/26-245,k141_20345_13,278,62.2,1.1e-15,1.6,220,61.8,1.1e-18,1.5e-15,1.6,workflow/out/asr_HMMER/domtbl/Stool_14_asr_B.domtblout
k141_283598_24/39-256,k141_283598_24,291,62.2,1.1e-15,2.3,218,61.8,1.1e-18,1.5e-15,2.3,workflow/out/asr_HMMER/domtbl/Stool_14_asr_B.domtblout
k141_27505_4/33-250,k141_27505_4,256,62.1,1.2e-15,0.1,218,61.8,1e-18,1.4e-15,0.1,workflow/out/asr_HMMER/domtbl/Stool_14_asr_B.domtblout
k141_300646_62/42-264,k141_300646_62,273,62.1,1.2e-15,0.3,223,59.2,6.7e-18,9.1e-15,0.3,workflow/out/asr_HMMER/domtbl/Stool_14_asr_B.domtblout
k141_235293_1/15-234,k141_235293_1,276,62.0,1.3e-15,0.5,220,61.5,1.3e-18,1.8e-15,0.5,workflow/out/asr_HMMER/domtbl/Stool_14_asr_B.domtblout
k141_271727_2/15-234,k141_271727_2,271,61.9,1.4e-15,0.8,220,61.4,1.4e-18,1.9e-15,0.8,workflow/out/asr_HMMER/domtbl/Stool_14_asr_B.domtblout
k141_335427_16/26-244,k141_335427_16,281,61.9,1.4e-15,2.5,219,61.5,1.4e-18,1.8e-15,2.5,workflow/out/asr_HMMER/domtbl/Stool_14_asr_B.domtblout
k141_442746_4/27-244,k141_442746_4,281,61.8,1.5e-15,1.9,218,61.3,1.5e-18,2e-15,1.9,workflow/out/asr_HMMER/domtbl/Stool_14_asr_B.domtblout
k141_296525_8/31-250,k141_296525_8,257,61.8,1.5e-15,0.5,220,60.2,3.3e-18,4.5e-15,0.5,workflow/out/asr_HMMER/domtbl/Stool_14_asr_B.domtblout
k141_139579_3/34-252,k141_139579_3,259,61.8,1.5e-15,0.1,219,61.4,1.4e-18,1.9e-15,0.1,workflow/out/asr_HMMER/domtbl/Stool_14_asr_B.domtblout
k141_178277_3/26-243,k141_178277_3,465,61.8,1.5e-15,1.9,218,61.2,1.6e-18,2.2e-15,1.9,workflow/out/asr_HMMER/domtbl/Stool_14_asr_B.domtblout
k141_117768_13/29-244,k141_117768_13,259,61.6,1.7e-15,2.2,216,61.2,1.6e-18,2.2e-15,2.2,workflow/out/asr_HMMER/domtbl/Stool_14_asr_B.domtblout
k141_204850_109/26-244,k141_204850_109,281,61.4,2e-15,3.2,219,61.0,1.9e-18,2.5e-15,3.2,workflow/out/asr_HMMER/domtbl/Stool_14_asr_B.domtblout
k141_336597_14/31-249,k141_336597_14,256,61.3,2.1e-15,0.8,219,59.4,5.9e-18,8e-15,0.8,workflow/out/asr_HMMER/domtbl/Stool_14_asr_B.domtblout
k141_176239_13/55-251,k141_176239_13,257,61.2,2.2e-15,2.7,197,60.4,2.9e-18,4e-15,2.7,workflow/out/asr_HMMER/domtbl/Stool_14_asr_B.domtblout
k141_337055_2/31-243,k141_337055_2,253,60.8,2.9e-15,0.0,213,60.1,3.5e-18,4.7e-15,0.0,workflow/out/asr_HMMER/domtbl/Stool_14_asr_B.domtblout
k141_454917_29/34-257,k141_454917_29,264,60.7,3.1e-15,0.3,224,59.9,4e-18,5.4e-15,0.3,workflow/out/asr_HMMER/domtbl/Stool_14_asr_B.domtblout
k141_90516_1/11-229,k141_90516_1,270,60.6,3.4e-15,1.7,219,60.2,3.3e-18,4.4e-15,1.7,workflow/out/asr_HMMER/domtbl/Stool_14_asr_B.domtblout
k141_144246_11/33-243,k141_144246_11,253,60.6,3.4e-15,0.2,211,59.9,4e-18,5.4e-15,0.2,workflow/out/asr_HMMER/domtbl/Stool_14_asr_B.domtblout
k141_107233_2/27-244,k141_107233_2,281,60.5,3.7e-15,1.9,218,60.1,3.6e-18,4.9e-15,1.9,workflow/out/asr_HMMER/domtbl/Stool_14_asr_B.domtblout
k141_76451_38/30-247,k141_76451_38,255,60.4,3.9e-15,0.4,218,59.4,5.7e-18,7.7e-15,0.4,workflow/out/asr_HMMER/domtbl/Stool_14_asr_B.domtblout
k141_66778_1/25-244,k141_66778_1,285,60.3,4.1e-15,3.0,220,60.0,3.9e-18,5.3e-15,3.0,workflow/out/asr_HMMER/domtbl/Stool_14_asr_B.domtblout
k141_297462_27/25-244,k141_297462_27,285,60.3,4.3e-15,3.1,220,59.9,4.1e-18,5.6e-15,3.1,workflow/out/asr_HMMER/domtbl/Stool_14_asr_B.domtblout
k141_38051_6/29-250,k141_38051_6,258,60.1,4.9e-15,0.0,222,59.8,4.5e-18,6.1e-15,0.0,workflow/out/asr_HMMER/domtbl/Stool_14_asr_B.domtblout
k141_451890_12/19-235,k141_451890_12,243,59.9,5.7e-15,2.9,217,56.5,4.6e-17,6.2e-14,2.9,workflow/out/asr_HMMER/domtbl/Stool_14_asr_B.domtblout
k141_129573_10/37-261,k141_129573_10,268,59.4,8.2e-15,0.8,225,58.9,8.5e-18,1.1e-14,0.8,workflow/out/asr_HMMER/domtbl/Stool_14_asr_B.domtblout
k141_346742_2/33-272,k141_346742_2,279,59.3,8.6e-15,0.9,240,57.6,2e-17,2.8e-14,0.9,workflow/out/asr_HMMER/domtbl/Stool_14_asr_B.domtblout
k141_243422_76/33-254,k141_243422_76,261,59.2,8.9e-15,0.0,222,58.6,9.9e-18,1.3e-14,0.0,workflow/out/asr_HMMER/domtbl/Stool_14_asr_B.domtblout
k141_276182_2/27-244,k141_276182_2,281,59.2,9.2e-15,1.7,218,58.8,9.2e-18,1.2e-14,1.7,workflow/out/asr_HMMER/domtbl/Stool_14_asr_B.domtblout
k141_463182_2/26-243,k141_463182_2,281,59.1,9.8e-15,0.6,218,58.7,9.5e-18,1.3e-14,0.6,workflow/out/asr_HMMER/domtbl/Stool_14_asr_B.domtblout
k141_78725_32/31-255,k141_78725_32,262,59.1,9.8e-15,2.2,225,58.0,1.6e-17,2.1e-14,2.2,workflow/out/asr_HMMER/domtbl/Stool_14_asr_B.domtblout
k141_418775_4/30-238,k141_418775_4,246,59.1,9.9e-15,0.1,209,58.0,1.5e-17,2.1e-14,0.1,workflow/out/asr_HMMER/domtbl/Stool_14_asr_B.domtblout
k141_356816_5/33-252,k141_356816_5,259,59.0,1.1e-14,0.8,220,56.5,4.4e-17,5.9e-14,0.8,workflow/out/asr_HMMER/domtbl/Stool_14_asr_B.domtblout
k141_433876_5/25-253,k141_433876_5,294,58.7,1.3e-14,2.5,229,58.4,1.2e-17,1.6e-14,2.5,workflow/out/asr_HMMER/domtbl/Stool_14_asr_B.domtblout
k141_85648_1/17-234,k141_85648_1,271,58.6,1.4e-14,3.3,218,58.2,1.4e-17,1.9e-14,3.3,workflow/out/asr_HMMER/domtbl/Stool_14_asr_B.domtblout
k141_408918_18/32-254,k141_408918_18,261,58.3,1.7e-14,0.8,223,56.6,4.2e-17,5.7e-14,0.8,workflow/out/asr_HMMER/domtbl/Stool_14_asr_B.domtblout
k141_377535_2/27-243,k141_377535_2,516,58.3,1.7e-14,2.1,217,57.7,2e-17,2.7e-14,2.1,workflow/out/asr_HMMER/domtbl/Stool_14_asr_B.domtblout
k141_291934_7/18-174,k141_291934_7,247,58.2,1.9e-14,0.1,157,42.2,1e-12,1.4e-09,0.0,workflow/out/asr_HMMER/domtbl/Stool_14_asr_B.domtblout
k141_291934_7/201-236,k141_291934_7,247,58.2,1.9e-14,0.1,36,13.8,0.00047,0.64,0.5,workflow/out/asr_HMMER/domtbl/Stool_14_asr_B.domtblout
k141_164018_19/35-251,k141_164018_19,259,58.1,2e-14,1.2,217,56.0,6.5e-17,8.9e-14,1.2,workflow/out/asr_HMMER/domtbl/Stool_14_asr_B.domtblout
k141_323591_4/35-253,k141_323591_4,259,58.1,2e-14,0.1,219,57.6,2.1e-17,2.8e-14,0.1,workflow/out/asr_HMMER/domtbl/Stool_14_asr_B.domtblout
k141_27443_2/31-246,k141_27443_2,253,57.9,2.2e-14,0.2,216,57.4,2.4e-17,3.2e-14,0.2,workflow/out/asr_HMMER/domtbl/Stool_14_asr_B.domtblout
k141_288311_1/22-245,k141_288311_1,253,57.8,2.5e-14,0.1,224,56.8,3.7e-17,5e-14,0.1,workflow/out/asr_HMMER/domtbl/Stool_14_asr_B.domtblout
k141_334333_2/41-257,k141_334333_2,286,57.8,2.5e-14,0.0,217,56.9,3.3e-17,4.5e-14,0.0,workflow/out/asr_HMMER/domtbl/Stool_14_asr_B.domtblout
k141_112013_10/32-258,k141_112013_10,265,57.7,2.7e-14,0.6,227,57.3,2.6e-17,3.6e-14,0.6,workflow/out/asr_HMMER/domtbl/Stool_14_asr_B.domtblout
k141_192678_20/29-264,k141_192678_20,270,57.6,2.7e-14,3.5,236,54.9,1.3e-16,1.8e-13,3.5,workflow/out/asr_HMMER/domtbl/Stool_14_asr_B.domtblout
k141_169336_16/33-248,k141_169336_16,256,57.1,3.9e-14,4.6,216,55.4,1e-16,1.4e-13,4.6,workflow/out/asr_HMMER/domtbl/Stool_14_asr_B.domtblout
k141_244939_6/34-254,k141_244939_6,260,57.1,3.9e-14,0.5,221,56.6,4.3e-17,5.8e-14,0.5,workflow/out/asr_HMMER/domtbl/Stool_14_asr_B.domtblout
k141_386052_2/33-249,k141_386052_2,278,57.0,4.3e-14,0.7,217,56.1,5.7e-17,7.8e-14,0.7,workflow/out/asr_HMMER/domtbl/Stool_14_asr_B.domtblout
k141_408752_11/35-231,k141_408752_11,237,56.9,4.5e-14,2.7,197,55.6,8.2e-17,1.1e-13,2.7,workflow/out/asr_HMMER/domtbl/Stool_14_asr_B.domtblout
k141_216280_5/26-244,k141_216280_5,283,56.9,4.5e-14,2.6,219,56.4,4.9e-17,6.7e-14,2.6,workflow/out/asr_HMMER/domtbl/Stool_14_asr_B.domtblout
k141_337897_11/32-248,k141_337897_11,255,56.9,4.6e-14,0.4,217,56.0,6.5e-17,8.8e-14,0.4,workflow/out/asr_HMMER/domtbl/Stool_14_asr_B.domtblout
k141_388292_9/35-253,k141_388292_9,261,56.6,5.5e-14,0.0,219,56.1,6e-17,8.1e-14,0.0,workflow/out/asr_HMMER/domtbl/Stool_14_asr_B.domtblout
k141_276809_12/26-244,k141_276809_12,281,56.6,5.7e-14,3.4,219,56.2,5.5e-17,7.5e-14,3.4,workflow/out/asr_HMMER/domtbl/Stool_14_asr_B.domtblout
k141_457666_5/37-259,k141_457666_5,264,56.5,6.1e-14,0.0,223,56.1,5.8e-17,7.9e-14,0.0,workflow/out/asr_HMMER/domtbl/Stool_14_asr_B.domtblout
k141_185567_13/34-258,k141_185567_13,264,56.0,8.6e-14,0.0,225,55.6,8.4e-17,1.1e-13,0.0,workflow/out/asr_HMMER/domtbl/Stool_14_asr_B.domtblout
k141_475585_25/27-244,k141_475585_25,274,55.9,9.4e-14,2.2,218,55.5,9.1e-17,1.2e-13,2.2,workflow/out/asr_HMMER/domtbl/Stool_14_asr_B.domtblout
k141_5379_2/2-197,k141_5379_2,201,55.7,1e-13,0.0,196,55.5,9e-17,1.2e-13,0.0,workflow/out/asr_HMMER/domtbl/Stool_14_asr_B.domtblout
k141_179206_178/29-247,k141_179206_178,255,55.5,1.3e-13,1.2,219,54.1,2.4e-16,3.2e-13,1.2,workflow/out/asr_HMMER/domtbl/Stool_14_asr_B.domtblout
k141_110765_9/33-135,k141_110765_9,261,55.3,1.4e-13,1.1,103,28.3,1.8e-08,2.5e-05,0.0,workflow/out/asr_HMMER/domtbl/Stool_14_asr_B.domtblout
k141_110765_9/193-254,k141_110765_9,261,55.3,1.4e-13,1.1,62,24.7,2.3e-07,0.00031,1.5,workflow/out/asr_HMMER/domtbl/Stool_14_asr_B.domtblout
k141_430468_9/255-420,k141_430468_9,427,55.3,1.4e-13,0.0,166,53.7,3.1e-16,4.3e-13,0.0,workflow/out/asr_HMMER/domtbl/Stool_14_asr_B.domtblout
k141_420431_2/8-202,k141_420431_2,247,55.3,1.4e-13,2.7,195,54.9,1.3e-16,1.8e-13,2.7,workflow/out/asr_HMMER/domtbl/Stool_14_asr_B.domtblout
k141_75316_3/44-262,k141_75316_3,292,55.2,1.5e-13,3.6,219,54.9,1.4e-16,1.9e-13,3.6,workflow/out/asr_HMMER/domtbl/Stool_14_asr_B.domtblout
k141_36179_2/14-195,k141_36179_2,198,55.2,1.5e-13,0.7,182,55.0,1.3e-16,1.7e-13,0.7,workflow/out/asr_HMMER/domtbl/Stool_14_asr_B.domtblout
k141_334801_37/57-150,k141_334801_37,317,54.8,2e-13,6.2,94,29.8,6.4e-09,8.7e-06,0.1,workflow/out/asr_HMMER/domtbl/Stool_14_asr_B.domtblout
k141_334801_37/185-311,k141_334801_37,317,54.8,2e-13,6.2,127,25.0,1.8e-07,0.00025,3.1,workflow/out/asr_HMMER/domtbl/Stool_14_asr_B.domtblout
k141_79894_9/36-253,k141_79894_9,262,54.7,2.1e-13,0.0,218,54.2,2.2e-16,3e-13,0.0,workflow/out/asr_HMMER/domtbl/Stool_14_asr_B.domtblout
k141_424250_1/3-183,k141_424250_1,190,54.6,2.3e-13,0.6,181,52.9,5.5e-16,7.4e-13,0.6,workflow/out/asr_HMMER/domtbl/Stool_14_asr_B.domtblout
k141_23281_12/249-415,k141_23281_12,421,54.6,2.4e-13,0.8,167,53.3,4.3e-16,5.8e-13,0.0,workflow/out/asr_HMMER/domtbl/Stool_14_asr_B.domtblout
k141_318752_1/27-148,k141_318752_1,152,54.5,2.5e-13,0.0,122,54.4,2e-16,2.7e-13,0.0,workflow/out/asr_HMMER/domtbl/Stool_14_asr_B.domtblout
k141_426112_40/29-265,k141_426112_40,272,54.5,2.5e-13,0.0,237,54.0,2.7e-16,3.6e-13,0.0,workflow/out/asr_HMMER/domtbl/Stool_14_asr_B.domtblout
k141_20857_7/28-199,k141_20857_7,214,54.3,2.9e-13,0.7,172,54.0,2.6e-16,3.5e-13,0.7,workflow/out/asr_HMMER/domtbl/Stool_14_asr_B.domtblout
k141_441630_2/14-195,k141_441630_2,198,54.3,2.9e-13,0.7,182,54.1,2.5e-16,3.4e-13,0.7,workflow/out/asr_HMMER/domtbl/Stool_14_asr_B.domtblout
k141_437829_6/30-235,k141_437829_6,250,54.2,3e-13,0.0,206,53.9,2.9e-16,3.9e-13,0.0,workflow/out/asr_HMMER/domtbl/Stool_14_asr_B.domtblout
k141_226692_1/26-200,k141_226692_1,222,53.5,5e-13,0.0,175,53.3,4.3e-16,5.8e-13,0.0,workflow/out/asr_HMMER/domtbl/Stool_14_asr_B.domtblout
k141_170862_1/23-212,k141_170862_1,249,53.4,5.5e-13,2.7,190,53.0,5.3e-16,7.1e-13,2.7,workflow/out/asr_HMMER/domtbl/Stool_14_asr_B.domtblout
k141_410161_1/11-169,k141_410161_1,209,52.6,9.2e-13,1.6,159,52.3,8.5e-16,1.1e-12,1.6,workflow/out/asr_HMMER/domtbl/Stool_14_asr_B.domtblout
k141_438851_4/250-415,k141_438851_4,423,52.6,9.5e-13,0.3,166,50.7,2.6e-15,3.6e-12,0.0,workflow/out/asr_HMMER/domtbl/Stool_14_asr_B.domtblout
k141_59298_2/27-244,k141_59298_2,281,52.1,1.3e-12,4.1,218,51.7,1.3e-15,1.7e-12,4.1,workflow/out/asr_HMMER/domtbl/Stool_14_asr_B.domtblout
k141_463106_5/28-243,k141_463106_5,787,52.0,1.4e-12,1.8,216,50.8,2.5e-15,3.3e-12,1.8,workflow/out/asr_HMMER/domtbl/Stool_14_asr_B.domtblout
k141_468518_2/2-198,k141_468518_2,213,52.0,1.5e-12,0.0,197,51.8,1.3e-15,1.7e-12,0.0,workflow/out/asr_HMMER/domtbl/Stool_14_asr_B.domtblout
k141_190579_49/255-419,k141_190579_49,426,51.8,1.6e-12,0.1,165,50.1,3.9e-15,5.3e-12,0.0,workflow/out/asr_HMMER/domtbl/Stool_14_asr_B.domtblout
k141_235972_54/34-253,k141_235972_54,260,51.3,2.4e-12,0.5,220,49.3,7e-15,9.5e-12,0.5,workflow/out/asr_HMMER/domtbl/Stool_14_asr_B.domtblout
k141_263194_1/34-231,k141_263194_1,231,51.1,2.8e-12,0.0,198,50.8,2.5e-15,3.4e-12,0.0,workflow/out/asr_HMMER/domtbl/Stool_14_asr_B.domtblout
k141_36960_2/54-271,k141_36960_2,279,51.0,2.8e-12,4.0,218,48.7,1.1e-14,1.5e-11,4.1,workflow/out/asr_HMMER/domtbl/Stool_14_asr_B.domtblout
k141_98955_511/31-248,k141_98955_511,255,50.7,3.5e-12,2.1,218,48.0,1.7e-14,2.4e-11,2.1,workflow/out/asr_HMMER/domtbl/Stool_14_asr_B.domtblout
k141_306515_3/24-155,k141_306515_3,162,50.6,3.8e-12,0.1,132,50.3,3.4e-15,4.6e-12,0.1,workflow/out/asr_HMMER/domtbl/Stool_14_asr_B.domtblout
k141_60031_1/25-180,k141_60031_1,184,50.6,3.9e-12,0.2,156,50.3,3.5e-15,4.8e-12,0.2,workflow/out/asr_HMMER/domtbl/Stool_14_asr_B.domtblout
k141_148219_1/196-359,k141_148219_1,367,50.4,4.3e-12,0.2,164,47.5,2.5e-14,3.4e-11,0.0,workflow/out/asr_HMMER/domtbl/Stool_14_asr_B.domtblout
k141_180330_19/29-248,k141_180330_19,257,50.3,4.7e-12,0.2,220,46.5,4.9e-14,6.7e-11,0.2,workflow/out/asr_HMMER/domtbl/Stool_14_asr_B.domtblout
k141_409006_2/208-372,k141_409006_2,378,49.7,7.2e-12,0.2,165,48.8,1e-14,1.4e-11,0.0,workflow/out/asr_HMMER/domtbl/Stool_14_asr_B.domtblout
k141_277481_1/254-418,k141_277481_1,424,49.3,9.9e-12,0.2,165,48.4,1.3e-14,1.8e-11,0.0,workflow/out/asr_HMMER/domtbl/Stool_14_asr_B.domtblout
k141_125785_15/255-419,k141_125785_15,425,49.2,1e-11,0.2,165,48.4,1.3e-14,1.8e-11,0.0,workflow/out/asr_HMMER/domtbl/Stool_14_asr_B.domtblout
k141_132352_22/255-419,k141_132352_22,425,49.2,1e-11,0.2,165,48.4,1.3e-14,1.8e-11,0.0,workflow/out/asr_HMMER/domtbl/Stool_14_asr_B.domtblout
k141_363352_2/37-260,k141_363352_2,265,49.2,1e-11,0.0,224,48.8,1e-14,1.4e-11,0.0,workflow/out/asr_HMMER/domtbl/Stool_14_asr_B.domtblout
k141_441453_2/254-418,k141_441453_2,424,49.1,1.1e-11,0.2,165,48.3,1.5e-14,2e-11,0.0,workflow/out/asr_HMMER/domtbl/Stool_14_asr_B.domtblout
k141_96183_12/254-418,k141_96183_12,424,49.0,1.2e-11,0.2,165,48.1,1.7e-14,2.3e-11,0.0,workflow/out/asr_HMMER/domtbl/Stool_14_asr_B.domtblout
k141_347375_6/254-418,k141_347375_6,424,49.0,1.2e-11,0.2,165,48.1,1.7e-14,2.3e-11,0.0,workflow/out/asr_HMMER/domtbl/Stool_14_asr_B.domtblout
k141_29583_4/252-416,k141_29583_4,423,48.9,1.3e-11,1.5,165,48.3,1.4e-14,1.9e-11,0.0,workflow/out/asr_HMMER/domtbl/Stool_14_asr_B.domtblout
k141_353992_8/252-416,k141_353992_8,423,48.7,1.5e-11,0.7,165,47.7,2.1e-14,2.9e-11,0.0,workflow/out/asr_HMMER/domtbl/Stool_14_asr_B.domtblout
k141_43213_3/212-376,k141_43213_3,383,48.6,1.5e-11,0.2,165,46.4,5.6e-14,7.6e-11,0.0,workflow/out/asr_HMMER/domtbl/Stool_14_asr_B.domtblout
k141_320583_6/258-422,k141_320583_6,428,48.4,1.9e-11,0.0,165,45.9,7.6e-14,1e-10,0.0,workflow/out/asr_HMMER/domtbl/Stool_14_asr_B.domtblout
k141_3093_9/30-248,k141_3093_9,257,48.2,2.1e-11,0.5,219,43.5,4.2e-13,5.7e-10,0.5,workflow/out/asr_HMMER/domtbl/Stool_14_asr_B.domtblout
k141_313917_36/252-416,k141_313917_36,423,48.1,2.3e-11,0.4,165,46.4,5.5e-14,7.5e-11,0.0,workflow/out/asr_HMMER/domtbl/Stool_14_asr_B.domtblout
k141_173830_1/2-144,k141_173830_1,181,48.0,2.4e-11,2.0,143,47.7,2.2e-14,3e-11,2.0,workflow/out/asr_HMMER/domtbl/Stool_14_asr_B.domtblout
k141_193762_10/251-415,k141_193762_10,422,47.7,2.9e-11,0.4,165,47.1,3.4e-14,4.6e-11,0.0,workflow/out/asr_HMMER/domtbl/Stool_14_asr_B.domtblout
k141_212703_8/256-418,k141_212703_8,424,47.7,2.9e-11,0.1,163,46.7,4.4e-14,6e-11,0.0,workflow/out/asr_HMMER/domtbl/Stool_14_asr_B.domtblout
k141_369418_1/13-208,k141_369418_1,217,47.7,3e-11,0.1,196,46.7,4.4e-14,6e-11,0.1,workflow/out/asr_HMMER/domtbl/Stool_14_asr_B.domtblout
k141_421041_4/255-417,k141_421041_4,423,47.5,3.3e-11,0.3,163,46.6,4.7e-14,6.3e-11,0.0,workflow/out/asr_HMMER/domtbl/Stool_14_asr_B.domtblout
k141_60949_1/6-164,k141_60949_1,168,46.2,8.4e-11,1.6,159,44.7,1.8e-13,2.4e-10,1.6,workflow/out/asr_HMMER/domtbl/Stool_14_asr_B.domtblout
k141_434861_1/112-278,k141_434861_1,398,45.9,1.1e-10,0.0,167,44.7,1.8e-13,2.4e-10,0.0,workflow/out/asr_HMMER/domtbl/Stool_14_asr_B.domtblout
k141_231782_1/14-177,k141_231782_1,185,45.7,1.2e-10,0.0,164,45.5,1e-13,1.4e-10,0.0,workflow/out/asr_HMMER/domtbl/Stool_14_asr_B.domtblout
k141_164242_2/32-263,k141_164242_2,269,44.5,2.8e-10,0.0,232,44.1,2.7e-13,3.7e-10,0.0,workflow/out/asr_HMMER/domtbl/Stool_14_asr_B.domtblout
k141_158665_1/4-159,k141_158665_1,163,44.3,3.2e-10,1.2,156,43.1,5.4e-13,7.3e-10,1.2,workflow/out/asr_HMMER/domtbl/Stool_14_asr_B.domtblout
k141_346647_29/254-417,k141_346647_29,425,44.3,3.2e-10,0.0,164,43.0,6.1e-13,8.3e-10,0.0,workflow/out/asr_HMMER/domtbl/Stool_14_asr_B.domtblout
k141_251316_2/258-389,k141_251316_2,397,44.2,3.3e-10,0.3,132,41.3,1.9e-12,2.6e-09,0.0,workflow/out/asr_HMMER/domtbl/Stool_14_asr_B.domtblout
k141_239578_2/26-120,k141_239578_2,129,43.4,6.2e-10,0.0,95,43.2,5e-13,6.8e-10,0.0,workflow/out/asr_HMMER/domtbl/Stool_14_asr_B.domtblout
k141_43428_28/255-420,k141_43428_28,431,43.0,8e-10,0.0,166,40.7,2.9e-12,4e-09,0.0,workflow/out/asr_HMMER/domtbl/Stool_14_asr_B.domtblout
k141_251081_38/32-263,k141_251081_38,269,42.9,8.5e-10,0.0,232,42.5,8.5e-13,1.2e-09,0.0,workflow/out/asr_HMMER/domtbl/Stool_14_asr_B.domtblout
k141_12894_7/24-129,k141_12894_7,139,42.7,1e-09,0.1,106,42.6,7.7e-13,1e-09,0.1,workflow/out/asr_HMMER/domtbl/Stool_14_asr_B.domtblout
k141_368029_5/123-281,k141_368029_5,404,42.1,1.5e-09,0.0,159,41.6,1.6e-12,2.2e-09,0.0,workflow/out/asr_HMMER/domtbl/Stool_14_asr_B.domtblout
k141_158666_1/4-159,k141_158666_1,163,41.1,3e-09,1.5,156,39.4,7.5e-12,1e-08,1.5,workflow/out/asr_HMMER/domtbl/Stool_14_asr_B.domtblout
k141_269414_1/36-142,k141_269414_1,163,40.5,4.5e-09,0.0,107,40.3,4e-12,5.4e-09,0.0,workflow/out/asr_HMMER/domtbl/Stool_14_asr_B.domtblout
k141_206860_3/26-171,k141_206860_3,172,39.8,7.7e-09,0.1,146,39.6,6.6e-12,8.9e-09,0.1,workflow/out/asr_HMMER/domtbl/Stool_14_asr_B.domtblout
k141_196898_3/26-160,k141_196898_3,182,38.8,1.5e-08,0.0,135,38.5,1.4e-11,1.9e-08,0.0,workflow/out/asr_HMMER/domtbl/Stool_14_asr_B.domtblout
k141_10878_1/3-172,k141_10878_1,180,38.8,1.5e-08,1.8,170,36.7,5.1e-11,6.9e-08,1.8,workflow/out/asr_HMMER/domtbl/Stool_14_asr_B.domtblout
k141_381240_2/60-237,k141_381240_2,272,38.6,1.8e-08,0.1,178,36.9,4.3e-11,5.9e-08,0.1,workflow/out/asr_HMMER/domtbl/Stool_14_asr_B.domtblout
k141_341597_1/208-355,k141_341597_1,355,38.2,2.3e-08,0.2,148,37.4,3e-11,4e-08,0.0,workflow/out/asr_HMMER/domtbl/Stool_14_asr_B.domtblout
k141_361788_3/29-120,k141_361788_3,127,38.0,2.6e-08,0.0,92,37.9,2.2e-11,2.9e-08,0.0,workflow/out/asr_HMMER/domtbl/Stool_14_asr_B.domtblout
k141_14502_15/40-236,k141_14502_15,270,37.4,4.1e-08,0.1,197,33.3,5.5e-10,7.5e-07,0.1,workflow/out/asr_HMMER/domtbl/Stool_14_asr_B.domtblout
k141_181565_1/2-139,k141_181565_1,145,34.1,4.1e-07,1.3,138,33.8,3.7e-10,5e-07,1.3,workflow/out/asr_HMMER/domtbl/Stool_14_asr_B.domtblout
k141_40589_3/57-277,k141_40589_3,397,32.9,9.8e-07,0.0,221,31.4,2e-09,2.7e-06,0.0,workflow/out/asr_HMMER/domtbl/Stool_14_asr_B.domtblout
k141_274503_38/54-277,k141_274503_38,386,32.1,1.7e-06,0.0,224,31.6,1.7e-09,2.4e-06,0.0,workflow/out/asr_HMMER/domtbl/Stool_14_asr_B.domtblout
k141_342700_1/28-127,k141_342700_1,138,31.7,2.2e-06,0.5,100,31.4,2e-09,2.7e-06,0.5,workflow/out/asr_HMMER/domtbl/Stool_14_asr_B.domtblout
k141_12894_8/11-101,k141_12894_8,145,30.3,6.2e-06,1.3,91,29.9,6e-09,8.2e-06,1.3,workflow/out/asr_HMMER/domtbl/Stool_14_asr_B.domtblout
k141_364604_1/26-118,k141_364604_1,118,30.1,7.1e-06,0.0,93,29.9,5.7e-09,7.7e-06,0.0,workflow/out/asr_HMMER/domtbl/Stool_14_asr_B.domtblout
k141_380737_1/4-85,k141_380737_1,124,29.8,8.4e-06,0.4,82,29.5,7.5e-09,1e-05,0.4,workflow/out/asr_HMMER/domtbl/Stool_14_asr_B.domtblout
k141_392899_1/8-84,k141_392899_1,89,29.5,1.1e-05,2.0,77,28.0,2.2e-08,3e-05,2.0,workflow/out/asr_HMMER/domtbl/Stool_14_asr_B.domtblout
k141_108985_1/28-147,k141_108985_1,151,29.1,1.4e-05,0.1,120,29.0,1.1e-08,1.5e-05,0.1,workflow/out/asr_HMMER/domtbl/Stool_14_asr_B.domtblout
k141_95228_2/19-106,k141_95228_2,645,28.4,2.3e-05,2.5,88,27.9,2.5e-08,3.3e-05,0.6,workflow/out/asr_HMMER/domtbl/Stool_14_asr_B.domtblout
k141_263027_3/27-245,k141_263027_3,282,28.1,2.8e-05,0.0,219,27.6,3e-08,4e-05,0.0,workflow/out/asr_HMMER/domtbl/Stool_14_asr_B.domtblout
k141_134684_1/3-92,k141_134684_1,126,28.0,3e-05,0.1,90,27.7,2.7e-08,3.6e-05,0.1,workflow/out/asr_HMMER/domtbl/Stool_14_asr_B.domtblout
k141_387976_1/12-97,k141_387976_1,97,28.0,3.1e-05,0.0,86,27.8,2.5e-08,3.4e-05,0.0,workflow/out/asr_HMMER/domtbl/Stool_14_asr_B.domtblout
k141_171034_4/6-92,k141_171034_4,631,27.8,3.4e-05,1.1,87,27.8,2.5e-08,3.4e-05,1.1,workflow/out/asr_HMMER/domtbl/Stool_14_asr_B.domtblout
k141_134688_1/3-90,k141_134688_1,125,26.5,8.5e-05,0.1,88,26.2,7.6e-08,0.0001,0.1,workflow/out/asr_HMMER/domtbl/Stool_14_asr_B.domtblout
k141_423785_1/68-168,k141_423785_1,339,25.9,0.00013,0.0,101,24.7,2.2e-07,0.0003,0.0,workflow/out/asr_HMMER/domtbl/Stool_14_asr_B.domtblout
k141_79167_1/13-97,k141_79167_1,104,25.8,0.00014,1.9,85,24.6,2.4e-07,0.00033,1.9,workflow/out/asr_HMMER/domtbl/Stool_14_asr_B.domtblout
k141_426738_7/68-166,k141_426738_7,288,24.4,0.00038,0.0,99,24.2,3.2e-07,0.00044,0.0,workflow/out/asr_HMMER/domtbl/Stool_14_asr_B.domtblout
k141_386273_1/13-56,k141_386273_1,62,23.5,0.00073,1.7,44,23.4,5.6e-07,0.00075,1.7,workflow/out/asr_HMMER/domtbl/Stool_14_asr_B.domtblout
k141_278322_1/42-131,k141_278322_1,138,22.8,0.0012,3.3,90,20.8,3.6e-06,0.0049,3.5,workflow/out/asr_HMMER/domtbl/Stool_14_asr_B.domtblout
k141_355173_1/3-25,k141_355173_1,25,22.6,0.0013,0.2,23,22.5,1e-06,0.0014,0.2,workflow/out/asr_HMMER/domtbl/Stool_14_asr_B.domtblout
k141_129595_1/20-102,k141_129595_1,104,22.5,0.0014,0.1,83,22.3,1.2e-06,0.0016,0.1,workflow/out/asr_HMMER/domtbl/Stool_14_asr_B.domtblout
k141_77103_2/11-70,k141_77103_2,115,21.9,0.0022,1.9,60,21.5,2.2e-06,0.0029,1.9,workflow/out/asr_HMMER/domtbl/Stool_14_asr_B.domtblout
k141_229059_2/16-86,k141_229059_2,123,21.5,0.0029,0.4,71,21.2,2.6e-06,0.0036,0.4,workflow/out/asr_HMMER/domtbl/Stool_14_asr_B.domtblout
k141_116856_2/33-105,k141_116856_2,111,21.0,0.0042,0.0,73,20.8,3.5e-06,0.0047,0.0,workflow/out/asr_HMMER/domtbl/Stool_14_asr_B.domtblout
k141_287687_27/3-262,k141_287687_27,263,434.5,1.4e-129,0.3,260,434.3,1.1e-132,1.5e-129,0.3,workflow/out/asr_HMMER/domtbl/Capsule_13_asr_B.domtblout
k141_120626_2/2-263,k141_120626_2,264,418.5,1.1e-124,3.2,262,418.3,8.6e-128,1.2e-124,3.2,workflow/out/asr_HMMER/domtbl/Capsule_13_asr_B.domtblout
k141_217634_15/33-299,k141_217634_15,304,240.9,1.6e-70,0.0,267,240.7,1.3e-73,1.8e-70,0.0,workflow/out/asr_HMMER/domtbl/Capsule_13_asr_B.domtblout
k141_168541_3/12-278,k141_168541_3,283,234.1,1.9e-68,0.0,267,233.9,1.6e-71,2.2e-68,0.0,workflow/out/asr_HMMER/domtbl/Capsule_13_asr_B.domtblout
k141_221329_2/12-278,k141_221329_2,283,231.8,9.6e-68,0.0,267,231.6,7.8e-71,1.1e-67,0.0,workflow/out/asr_HMMER/domtbl/Capsule_13_asr_B.domtblout
k141_143735_24/15-276,k141_143735_24,285,188.4,1.7e-54,0.3,262,188.1,1.5e-57,2.1e-54,0.3,workflow/out/asr_HMMER/domtbl/Capsule_13_asr_B.domtblout
k141_179928_5/15-274,k141_179928_5,286,185.6,1.2e-53,0.1,260,185.2,1.1e-56,1.6e-53,0.1,workflow/out/asr_HMMER/domtbl/Capsule_13_asr_B.domtblout
k141_104194_9/15-273,k141_104194_9,285,185.0,1.8e-53,0.1,259,184.7,1.6e-56,2.2e-53,0.1,workflow/out/asr_HMMER/domtbl/Capsule_13_asr_B.domtblout
k141_99912_2/16-279,k141_99912_2,285,179.8,7e-52,0.4,264,179.3,7.1e-55,9.9e-52,0.4,workflow/out/asr_HMMER/domtbl/Capsule_13_asr_B.domtblout
k141_258049_6/39-279,k141_258049_6,291,164.9,2.5e-47,0.0,241,164.6,2.2e-50,3e-47,0.0,workflow/out/asr_HMMER/domtbl/Capsule_13_asr_B.domtblout
k141_198980_43/25-251,k141_198980_43,296,89.5,2.5e-24,2.1,227,89.1,2.3e-27,3.2e-24,2.1,workflow/out/asr_HMMER/domtbl/Capsule_13_asr_B.domtblout
k141_202580_10/25-251,k141_202580_10,296,87.9,7.6e-24,2.6,227,87.5,7.1e-27,9.9e-24,2.6,workflow/out/asr_HMMER/domtbl/Capsule_13_asr_B.domtblout
k141_191429_1/25-251,k141_191429_1,296,87.4,1.1e-23,2.9,227,86.7,1.2e-26,1.7e-23,2.9,workflow/out/asr_HMMER/domtbl/Capsule_13_asr_B.domtblout
k141_135172_2/31-249,k141_135172_2,256,86.5,2e-23,1.0,219,86.1,1.9e-26,2.6e-23,1.0,workflow/out/asr_HMMER/domtbl/Capsule_13_asr_B.domtblout
k141_254551_33/25-252,k141_254551_33,295,85.5,4.2e-23,0.3,228,85.1,3.9e-26,5.4e-23,0.3,workflow/out/asr_HMMER/domtbl/Capsule_13_asr_B.domtblout
k141_79069_5/27-251,k141_79069_5,296,84.6,7.9e-23,1.6,225,84.2,7.5e-26,1e-22,1.6,workflow/out/asr_HMMER/domtbl/Capsule_13_asr_B.domtblout
k141_173739_2/26-251,k141_173739_2,293,84.3,9.4e-23,2.1,226,84.0,8.6e-26,1.2e-22,2.1,workflow/out/asr_HMMER/domtbl/Capsule_13_asr_B.domtblout
k141_43887_112/34-246,k141_43887_112,254,83.6,1.6e-22,1.6,213,83.2,1.4e-25,2e-22,1.6,workflow/out/asr_HMMER/domtbl/Capsule_13_asr_B.domtblout
k141_127450_3/22-250,k141_127450_3,257,83.4,1.7e-22,2.2,229,81.2,6.1e-25,8.5e-22,2.2,workflow/out/asr_HMMER/domtbl/Capsule_13_asr_B.domtblout
k141_33958_2/26-251,k141_33958_2,296,80.6,1.3e-21,1.6,226,80.1,1.3e-24,1.8e-21,1.6,workflow/out/asr_HMMER/domtbl/Capsule_13_asr_B.domtblout
k141_62872_5/26-251,k141_62872_5,296,79.8,2.3e-21,2.5,226,79.8,1.6e-24,2.3e-21,2.5,workflow/out/asr_HMMER/domtbl/Capsule_13_asr_B.domtblout
k141_103490_21/3-251,k141_103490_21,296,78.4,6e-21,2.8,249,78.1,5.4e-24,7.5e-21,2.8,workflow/out/asr_HMMER/domtbl/Capsule_13_asr_B.domtblout
k141_168511_25/24-251,k141_168511_25,296,78.1,7.4e-21,2.3,228,78.1,5.3e-24,7.4e-21,2.3,workflow/out/asr_HMMER/domtbl/Capsule_13_asr_B.domtblout
k141_62242_74/27-251,k141_62242_74,293,77.0,1.6e-20,2.0,225,76.5,1.6e-23,2.2e-20,2.0,workflow/out/asr_HMMER/domtbl/Capsule_13_asr_B.domtblout
k141_169983_91/25-251,k141_169983_91,296,76.6,2.1e-20,2.2,227,76.3,1.9e-23,2.6e-20,2.2,workflow/out/asr_HMMER/domtbl/Capsule_13_asr_B.domtblout
k141_248241_2/34-255,k141_248241_2,262,75.3,5.1e-20,0.1,222,74.9,4.9e-23,6.8e-20,0.1,workflow/out/asr_HMMER/domtbl/Capsule_13_asr_B.domtblout
k141_181322_1/5-223,k141_181322_1,230,72.8,3.1e-19,0.0,219,72.4,3e-22,4.2e-19,0.0,workflow/out/asr_HMMER/domtbl/Capsule_13_asr_B.domtblout
k141_103622_54/26-244,k141_103622_54,288,71.9,5.6e-19,0.0,219,71.5,5.3e-22,7.4e-19,0.0,workflow/out/asr_HMMER/domtbl/Capsule_13_asr_B.domtblout
k141_189514_3/27-251,k141_189514_3,296,71.8,6.1e-19,1.8,225,71.1,7.1e-22,9.9e-19,1.8,workflow/out/asr_HMMER/domtbl/Capsule_13_asr_B.domtblout
k141_30736_21/30-249,k141_30736_21,255,71.4,8.2e-19,2.0,220,70.2,1.4e-21,1.9e-18,2.0,workflow/out/asr_HMMER/domtbl/Capsule_13_asr_B.domtblout
k141_278637_19/32-256,k141_278637_19,263,70.8,1.2e-18,0.6,225,69.1,2.9e-21,4.1e-18,0.6,workflow/out/asr_HMMER/domtbl/Capsule_13_asr_B.domtblout
k141_286178_2/26-243,k141_286178_2,282,70.5,1.6e-18,2.2,218,70.1,1.5e-21,2.1e-18,2.2,workflow/out/asr_HMMER/domtbl/Capsule_13_asr_B.domtblout
k141_233846_1/26-243,k141_233846_1,281,70.4,1.7e-18,2.3,218,70.0,1.6e-21,2.3e-18,2.3,workflow/out/asr_HMMER/domtbl/Capsule_13_asr_B.domtblout
k141_177793_4/31-254,k141_177793_4,261,70.3,1.8e-18,0.8,224,69.0,3.3e-21,4.6e-18,0.8,workflow/out/asr_HMMER/domtbl/Capsule_13_asr_B.domtblout
k141_263208_396/40-262,k141_263208_396,269,70.2,1.9e-18,0.2,223,69.8,1.8e-21,2.5e-18,0.2,workflow/out/asr_HMMER/domtbl/Capsule_13_asr_B.domtblout
k141_133976_10/4-249,k141_133976_10,256,70.1,2.1e-18,3.1,246,68.9,3.3e-21,4.6e-18,3.1,workflow/out/asr_HMMER/domtbl/Capsule_13_asr_B.domtblout
k141_9888_11/20-240,k141_9888_11,248,70.0,2.2e-18,3.3,221,67.2,1.2e-20,1.6e-17,3.3,workflow/out/asr_HMMER/domtbl/Capsule_13_asr_B.domtblout
k141_74755_2/27-245,k141_74755_2,284,69.7,2.7e-18,1.9,219,69.7,1.9e-21,2.7e-18,1.9,workflow/out/asr_HMMER/domtbl/Capsule_13_asr_B.domtblout
k141_114022_120/27-252,k141_114022_120,297,69.2,3.8e-18,1.6,226,68.7,3.9e-21,5.4e-18,1.6,workflow/out/asr_HMMER/domtbl/Capsule_13_asr_B.domtblout
k141_236882_116/29-254,k141_236882_116,261,68.5,6.1e-18,0.3,226,66.9,1.3e-20,1.9e-17,0.3,workflow/out/asr_HMMER/domtbl/Capsule_13_asr_B.domtblout
k141_32414_3/31-254,k141_32414_3,261,67.6,1.2e-17,0.5,224,66.3,2.2e-20,3e-17,0.4,workflow/out/asr_HMMER/domtbl/Capsule_13_asr_B.domtblout
k141_59599_9/34-256,k141_59599_9,262,66.9,1.9e-17,0.1,223,66.6,1.7e-20,2.4e-17,0.1,workflow/out/asr_HMMER/domtbl/Capsule_13_asr_B.domtblout
k141_4016_11/39-262,k141_4016_11,269,66.9,2e-17,0.1,224,66.5,1.8e-20,2.5e-17,0.1,workflow/out/asr_HMMER/domtbl/Capsule_13_asr_B.domtblout
k141_212018_4/28-243,k141_212018_4,266,66.8,2.1e-17,3.3,216,66.3,2.1e-20,2.9e-17,3.3,workflow/out/asr_HMMER/domtbl/Capsule_13_asr_B.domtblout
k141_95993_2/29-246,k141_95993_2,255,66.7,2.2e-17,3.8,218,66.4,2e-20,2.7e-17,3.8,workflow/out/asr_HMMER/domtbl/Capsule_13_asr_B.domtblout
k141_267586_3/35-252,k141_267586_3,257,66.6,2.3e-17,2.1,218,63.8,1.2e-19,1.7e-16,2.1,workflow/out/asr_HMMER/domtbl/Capsule_13_asr_B.domtblout
k141_20025_4/31-256,k141_20025_4,261,66.6,2.3e-17,0.1,226,65.2,4.6e-20,6.4e-17,0.1,workflow/out/asr_HMMER/domtbl/Capsule_13_asr_B.domtblout
k141_161703_7/34-254,k141_161703_7,261,66.3,2.9e-17,0.1,221,65.1,4.8e-20,6.7e-17,0.1,workflow/out/asr_HMMER/domtbl/Capsule_13_asr_B.domtblout
k141_150469_2/21-245,k141_150469_2,253,66.3,3e-17,0.1,225,65.8,2.9e-20,4e-17,0.1,workflow/out/asr_HMMER/domtbl/Capsule_13_asr_B.domtblout
k141_10256_2/34-252,k141_10256_2,260,66.2,3.3e-17,0.0,219,65.7,3.3e-20,4.6e-17,0.0,workflow/out/asr_HMMER/domtbl/Capsule_13_asr_B.domtblout
k141_251530_95/26-244,k141_251530_95,281,66.0,3.6e-17,1.6,219,65.6,3.4e-20,4.8e-17,1.6,workflow/out/asr_HMMER/domtbl/Capsule_13_asr_B.domtblout
k141_40889_1/31-250,k141_40889_1,257,65.3,6e-17,4.0,220,62.2,3.9e-19,5.4e-16,4.0,workflow/out/asr_HMMER/domtbl/Capsule_13_asr_B.domtblout
k141_126267_3/29-254,k141_126267_3,261,65.2,6.2e-17,0.5,226,64.3,8.4e-20,1.2e-16,0.5,workflow/out/asr_HMMER/domtbl/Capsule_13_asr_B.domtblout
k141_180065_1/34-252,k141_180065_1,256,65.1,7e-17,0.3,219,64.6,6.8e-20,9.5e-17,0.3,workflow/out/asr_HMMER/domtbl/Capsule_13_asr_B.domtblout
k141_102873_9/29-254,k141_102873_9,261,64.5,1e-16,0.9,226,62.9,2.3e-19,3.3e-16,0.9,workflow/out/asr_HMMER/domtbl/Capsule_13_asr_B.domtblout
k141_105513_41/6-252,k141_105513_41,259,64.1,1.4e-16,0.9,247,62.0,4.3e-19,6e-16,0.9,workflow/out/asr_HMMER/domtbl/Capsule_13_asr_B.domtblout
k141_30263_2/38-258,k141_30263_2,265,63.5,2e-16,0.4,221,62.2,3.7e-19,5.2e-16,0.4,workflow/out/asr_HMMER/domtbl/Capsule_13_asr_B.domtblout
k141_153182_87/29-255,k141_153182_87,262,63.4,2.3e-16,1.0,227,61.7,5.3e-19,7.4e-16,1.0,workflow/out/asr_HMMER/domtbl/Capsule_13_asr_B.domtblout
k141_90487_2/26-245,k141_90487_2,278,62.9,3.3e-16,1.5,220,62.5,3.1e-19,4.3e-16,1.5,workflow/out/asr_HMMER/domtbl/Capsule_13_asr_B.domtblout
k141_58453_3/15-124,k141_58453_3,231,62.2,5.2e-16,8.7,110,43.6,1.7e-13,2.4e-10,0.4,workflow/out/asr_HMMER/domtbl/Capsule_13_asr_B.domtblout
k141_58453_3/152-221,k141_58453_3,231,62.2,5.2e-16,8.7,70,22.0,6.9e-07,0.00096,3.3,workflow/out/asr_HMMER/domtbl/Capsule_13_asr_B.domtblout
k141_135743_23/42-264,k141_135743_23,273,61.6,8.2e-16,0.4,223,57.9,7.7e-18,1.1e-14,0.4,workflow/out/asr_HMMER/domtbl/Capsule_13_asr_B.domtblout
k141_173822_116/31-255,k141_173822_116,262,61.4,9.5e-16,1.6,225,60.3,1.5e-18,2e-15,1.6,workflow/out/asr_HMMER/domtbl/Capsule_13_asr_B.domtblout
k141_59697_25/33-243,k141_59697_25,253,60.6,1.6e-15,0.2,211,59.9,1.8e-18,2.6e-15,0.2,workflow/out/asr_HMMER/domtbl/Capsule_13_asr_B.domtblout
k141_136424_8/26-252,k141_136424_8,297,59.9,2.7e-15,2.1,227,59.9,1.9e-18,2.7e-15,2.1,workflow/out/asr_HMMER/domtbl/Capsule_13_asr_B.domtblout
k141_195328_18/32-254,k141_195328_18,261,59.8,2.9e-15,0.7,223,58.2,6.3e-18,8.8e-15,0.7,workflow/out/asr_HMMER/domtbl/Capsule_13_asr_B.domtblout
k141_239606_5/33-272,k141_239606_5,279,59.4,3.7e-15,1.3,240,57.8,8.5e-18,1.2e-14,1.3,workflow/out/asr_HMMER/domtbl/Capsule_13_asr_B.domtblout
k141_280917_76/37-261,k141_280917_76,268,59.4,3.7e-15,1.0,225,58.9,3.8e-18,5.2e-15,1.0,workflow/out/asr_HMMER/domtbl/Capsule_13_asr_B.domtblout
k141_84438_5/2-179,k141_84438_5,184,58.2,8.4e-15,5.6,178,56.6,1.9e-17,2.6e-14,5.6,workflow/out/asr_HMMER/domtbl/Capsule_13_asr_B.domtblout
k141_72515_2/35-251,k141_72515_2,259,58.1,9.3e-15,1.2,217,56.0,3e-17,4.2e-14,1.2,workflow/out/asr_HMMER/domtbl/Capsule_13_asr_B.domtblout
k141_201763_2/29-247,k141_201763_2,255,58.0,1e-14,1.6,219,56.8,1.7e-17,2.3e-14,1.6,workflow/out/asr_HMMER/domtbl/Capsule_13_asr_B.domtblout
k141_31320_27/26-244,k141_31320_27,281,57.6,1.3e-14,3.3,219,57.2,1.3e-17,1.7e-14,3.3,workflow/out/asr_HMMER/domtbl/Capsule_13_asr_B.domtblout
k141_95960_146/35-231,k141_95960_146,237,57.6,1.4e-14,3.5,197,56.3,2.3e-17,3.2e-14,3.5,workflow/out/asr_HMMER/domtbl/Capsule_13_asr_B.domtblout
k141_247694_51/33-248,k141_247694_51,256,57.1,1.8e-14,4.6,216,55.4,4.6e-17,6.4e-14,4.6,workflow/out/asr_HMMER/domtbl/Capsule_13_asr_B.domtblout
k141_74399_10/34-254,k141_74399_10,260,57.1,1.9e-14,0.5,221,56.6,2e-17,2.7e-14,0.5,workflow/out/asr_HMMER/domtbl/Capsule_13_asr_B.domtblout
k141_81156_10/27-244,k141_81156_10,274,56.9,2.1e-14,2.0,218,56.6,2e-17,2.7e-14,2.0,workflow/out/asr_HMMER/domtbl/Capsule_13_asr_B.domtblout
k141_77078_13/26-244,k141_77078_13,283,56.9,2.2e-14,2.6,219,56.4,2.3e-17,3.2e-14,2.6,workflow/out/asr_HMMER/domtbl/Capsule_13_asr_B.domtblout
k141_238310_45/37-261,k141_238310_45,268,56.8,2.3e-14,1.1,225,56.3,2.4e-17,3.4e-14,1.1,workflow/out/asr_HMMER/domtbl/Capsule_13_asr_B.domtblout
k141_178988_2/37-259,k141_178988_2,264,56.6,2.7e-14,0.0,223,56.2,2.6e-17,3.6e-14,0.0,workflow/out/asr_HMMER/domtbl/Capsule_13_asr_B.domtblout
k141_72817_3/40-260,k141_72817_3,260,56.5,3e-14,0.0,221,55.9,3.1e-17,4.3e-14,0.0,workflow/out/asr_HMMER/domtbl/Capsule_13_asr_B.domtblout
k141_173122_85/41-264,k141_173122_85,273,56.1,3.9e-14,0.5,224,54.2,1e-16,1.5e-13,0.5,workflow/out/asr_HMMER/domtbl/Capsule_13_asr_B.domtblout
k141_277280_5/37-259,k141_277280_5,264,55.5,5.7e-14,0.0,223,55.1,5.3e-17,7.4e-14,0.0,workflow/out/asr_HMMER/domtbl/Capsule_13_asr_B.domtblout
k141_199837_2/33-135,k141_199837_2,261,55.3,6.7e-14,1.1,103,28.3,8.4e-09,1.2e-05,0.0,workflow/out/asr_HMMER/domtbl/Capsule_13_asr_B.domtblout
k141_199837_2/193-254,k141_199837_2,261,55.3,6.7e-14,1.1,62,24.7,1e-07,0.00015,1.5,workflow/out/asr_HMMER/domtbl/Capsule_13_asr_B.domtblout
k141_101247_25/31-256,k141_101247_25,264,55.3,6.7e-14,0.2,226,53.5,1.8e-16,2.4e-13,0.2,workflow/out/asr_HMMER/domtbl/Capsule_13_asr_B.domtblout
k141_4595_10/249-415,k141_4595_10,421,54.8,9.5e-14,0.6,167,53.5,1.7e-16,2.3e-13,0.0,workflow/out/asr_HMMER/domtbl/Capsule_13_asr_B.domtblout
k141_218772_3/117-328,k141_218772_3,339,54.5,1.2e-13,0.0,212,52.0,4.9e-16,6.8e-13,0.0,workflow/out/asr_HMMER/domtbl/Capsule_13_asr_B.domtblout
k141_161532_3/11-201,k141_161532_3,236,54.4,1.3e-13,0.0,191,54.1,1.1e-16,1.6e-13,0.0,workflow/out/asr_HMMER/domtbl/Capsule_13_asr_B.domtblout
k141_244482_7/27-266,k141_244482_7,275,54.2,1.5e-13,0.0,240,52.9,2.6e-16,3.7e-13,0.0,workflow/out/asr_HMMER/domtbl/Capsule_13_asr_B.domtblout
k141_285290_41/250-415,k141_285290_41,423,52.6,4.5e-13,0.3,166,50.7,1.2e-15,1.7e-12,0.0,workflow/out/asr_HMMER/domtbl/Capsule_13_asr_B.domtblout
k141_174016_2/27-244,k141_174016_2,281,52.1,6.3e-13,4.1,218,51.7,5.9e-16,8.2e-13,4.1,workflow/out/asr_HMMER/domtbl/Capsule_13_asr_B.domtblout
k141_176194_3/118-328,k141_176194_3,339,50.5,1.9e-12,0.0,211,48.0,8e-15,1.1e-11,0.0,workflow/out/asr_HMMER/domtbl/Capsule_13_asr_B.domtblout
k141_54963_2/136-300,k141_54963_2,307,50.2,2.5e-12,0.0,165,49.5,2.9e-15,4e-12,0.0,workflow/out/asr_HMMER/domtbl/Capsule_13_asr_B.domtblout
k141_247937_1/258-421,k141_247937_1,429,49.8,3.1e-12,0.3,164,47.1,1.6e-14,2.2e-11,0.0,workflow/out/asr_HMMER/domtbl/Capsule_13_asr_B.domtblout
k141_215941_1/26-197,k141_215941_1,198,48.8,6.4e-12,0.1,172,48.6,5.4e-15,7.5e-12,0.1,workflow/out/asr_HMMER/domtbl/Capsule_13_asr_B.domtblout
k141_32563_1/245-406,k141_32563_1,411,48.2,9.8e-12,0.0,162,46.4,2.4e-14,3.4e-11,0.0,workflow/out/asr_HMMER/domtbl/Capsule_13_asr_B.domtblout
k141_110317_6/59-220,k141_110317_6,225,48.0,1.1e-11,0.0,162,47.6,1.1e-14,1.5e-11,0.0,workflow/out/asr_HMMER/domtbl/Capsule_13_asr_B.domtblout
k141_2876_6/242-403,k141_2876_6,408,47.7,1.4e-11,0.0,162,45.9,3.5e-14,4.8e-11,0.0,workflow/out/asr_HMMER/domtbl/Capsule_13_asr_B.domtblout
k141_69446_46/254-418,k141_69446_46,425,47.7,1.4e-11,1.1,165,46.9,1.7e-14,2.4e-11,0.0,workflow/out/asr_HMMER/domtbl/Capsule_13_asr_B.domtblout
k141_63151_4/242-403,k141_63151_4,408,47.7,1.4e-11,0.0,162,45.9,3.5e-14,4.9e-11,0.0,workflow/out/asr_HMMER/domtbl/Capsule_13_asr_B.domtblout
k141_253529_2/2-190,k141_253529_2,197,47.6,1.5e-11,0.9,189,46.7,2e-14,2.8e-11,0.9,workflow/out/asr_HMMER/domtbl/Capsule_13_asr_B.domtblout
k141_235700_7/242-403,k141_235700_7,408,46.9,2.4e-11,0.0,162,45.2,5.8e-14,8.1e-11,0.0,workflow/out/asr_HMMER/domtbl/Capsule_13_asr_B.domtblout
k141_39228_2/201-398,k141_39228_2,405,46.9,2.5e-11,2.9,198,45.8,3.7e-14,5.2e-11,0.5,workflow/out/asr_HMMER/domtbl/Capsule_13_asr_B.domtblout
k141_127688_1/2-144,k141_127688_1,189,46.8,2.5e-11,1.8,143,46.5,2.3e-14,3.3e-11,1.8,workflow/out/asr_HMMER/domtbl/Capsule_13_asr_B.domtblout
k141_23224_6/242-403,k141_23224_6,408,46.5,3.2e-11,0.0,162,44.8,7.5e-14,1e-10,0.0,workflow/out/asr_HMMER/domtbl/Capsule_13_asr_B.domtblout
k141_283201_5/242-403,k141_283201_5,408,46.5,3.2e-11,0.0,162,44.8,7.5e-14,1e-10,0.0,workflow/out/asr_HMMER/domtbl/Capsule_13_asr_B.domtblout
k141_260090_1/216-377,k141_260090_1,382,45.6,6.1e-11,0.0,162,43.9,1.5e-13,2e-10,0.0,workflow/out/asr_HMMER/domtbl/Capsule_13_asr_B.domtblout
k141_62359_18/242-403,k141_62359_18,408,45.4,7.2e-11,0.0,162,43.7,1.7e-13,2.4e-10,0.0,workflow/out/asr_HMMER/domtbl/Capsule_13_asr_B.domtblout
k141_76257_14/237-423,k141_76257_14,429,44.1,1.7e-10,0.0,187,43.3,2.1e-13,3e-10,0.0,workflow/out/asr_HMMER/domtbl/Capsule_13_asr_B.domtblout
k141_95666_8/112-328,k141_95666_8,339,43.2,3.4e-10,0.0,217,40.7,1.4e-12,1.9e-09,0.0,workflow/out/asr_HMMER/domtbl/Capsule_13_asr_B.domtblout
k141_62116_2/112-328,k141_62116_2,339,43.1,3.5e-10,0.0,217,40.6,1.5e-12,2.1e-09,0.0,workflow/out/asr_HMMER/domtbl/Capsule_13_asr_B.domtblout
k141_105648_2/25-128,k141_105648_2,133,42.6,5.1e-10,0.0,104,42.5,3.9e-13,5.4e-10,0.0,workflow/out/asr_HMMER/domtbl/Capsule_13_asr_B.domtblout
k141_222972_5/8-218,k141_222972_5,323,41.4,1.2e-09,0.6,211,40.5,1.6e-12,2.2e-09,0.0,workflow/out/asr_HMMER/domtbl/Capsule_13_asr_B.domtblout
k141_118529_6/8-208,k141_118529_6,323,40.9,1.7e-09,0.2,201,39.0,4.6e-12,6.4e-09,0.0,workflow/out/asr_HMMER/domtbl/Capsule_13_asr_B.domtblout
k141_166194_5/32-263,k141_166194_5,269,40.9,1.7e-09,0.0,232,40.4,1.6e-12,2.3e-09,0.0,workflow/out/asr_HMMER/domtbl/Capsule_13_asr_B.domtblout
k141_72694_12/117-327,k141_72694_12,338,40.7,1.9e-09,0.0,211,38.2,8.2e-12,1.1e-08,0.0,workflow/out/asr_HMMER/domtbl/Capsule_13_asr_B.domtblout
k141_252687_11/8-215,k141_252687_11,323,40.3,2.6e-09,0.2,208,38.4,6.9e-12,9.6e-09,0.0,workflow/out/asr_HMMER/domtbl/Capsule_13_asr_B.domtblout
k141_1274_5/8-210,k141_1274_5,323,39.5,4.6e-09,0.1,203,37.6,1.2e-11,1.7e-08,0.0,workflow/out/asr_HMMER/domtbl/Capsule_13_asr_B.domtblout
k141_199900_31/8-219,k141_199900_31,323,39.1,6e-09,0.0,212,36.9,2e-11,2.7e-08,0.0,workflow/out/asr_HMMER/domtbl/Capsule_13_asr_B.domtblout
k141_14558_8/8-212,k141_14558_8,323,38.8,7.5e-09,0.0,205,37.1,1.7e-11,2.4e-08,0.0,workflow/out/asr_HMMER/domtbl/Capsule_13_asr_B.domtblout
k141_58836_2/8-209,k141_58836_2,323,38.3,1e-08,0.1,202,36.5,2.5e-11,3.5e-08,0.0,workflow/out/asr_HMMER/domtbl/Capsule_13_asr_B.domtblout
k141_90693_8/8-219,k141_90693_8,323,38.0,1.3e-08,0.1,212,36.3,3e-11,4.1e-08,0.0,workflow/out/asr_HMMER/domtbl/Capsule_13_asr_B.domtblout
k141_144146_1/32-260,k141_144146_1,260,37.4,1.9e-08,0.0,229,37.0,1.9e-11,2.6e-08,0.0,workflow/out/asr_HMMER/domtbl/Capsule_13_asr_B.domtblout
k141_130076_1/9-219,k141_130076_1,313,36.7,3.1e-08,0.1,211,34.6,1e-10,1.4e-07,0.0,workflow/out/asr_HMMER/domtbl/Capsule_13_asr_B.domtblout
k141_59034_4/20-178,k141_59034_4,285,35.9,5.6e-08,0.4,159,34.7,9.5e-11,1.3e-07,0.0,workflow/out/asr_HMMER/domtbl/Capsule_13_asr_B.domtblout
k141_285597_3/41-135,k141_285597_3,150,35.5,7.6e-08,0.0,95,35.3,6.2e-11,8.7e-08,0.0,workflow/out/asr_HMMER/domtbl/Capsule_13_asr_B.domtblout
k141_199633_1/176-297,k141_199633_1,386,35.3,8.3e-08,0.1,122,34.9,7.8e-11,1.1e-07,0.1,workflow/out/asr_HMMER/domtbl/Capsule_13_asr_B.domtblout
k141_87346_14/75-307,k141_87346_14,313,35.0,1e-07,0.0,233,34.2,1.3e-10,1.9e-07,0.0,workflow/out/asr_HMMER/domtbl/Capsule_13_asr_B.domtblout
k141_234271_1/9-161,k141_234271_1,265,33.5,2.9e-07,0.3,153,31.8,6.9e-10,9.5e-07,0.0,workflow/out/asr_HMMER/domtbl/Capsule_13_asr_B.domtblout
k141_205931_2/2-143,k141_205931_2,147,29.8,3.9e-06,1.2,142,28.1,9.3e-09,1.3e-05,1.2,workflow/out/asr_HMMER/domtbl/Capsule_13_asr_B.domtblout
k141_223864_21/193-334,k141_223864_21,398,29.7,4.2e-06,0.1,142,29.2,4.3e-09,5.9e-06,0.1,workflow/out/asr_HMMER/domtbl/Capsule_13_asr_B.domtblout
k141_276788_3/168-301,k141_276788_3,359,28.9,7.5e-06,0.0,134,27.4,1.6e-08,2.2e-05,0.0,workflow/out/asr_HMMER/domtbl/Capsule_13_asr_B.domtblout
k141_233987_2/3-132,k141_233987_2,237,27.2,2.6e-05,0.8,130,26.0,4.1e-08,5.6e-05,0.0,workflow/out/asr_HMMER/domtbl/Capsule_13_asr_B.domtblout
k141_210907_9/3-142,k141_210907_9,149,26.9,3.1e-05,2.2,140,25.5,5.9e-08,8.2e-05,2.2,workflow/out/asr_HMMER/domtbl/Capsule_13_asr_B.domtblout
k141_54387_12/16-236,k141_54387_12,249,26.3,4.8e-05,0.0,221,25.9,4.3e-08,6.1e-05,0.0,workflow/out/asr_HMMER/domtbl/Capsule_13_asr_B.domtblout
k141_279663_4/86-242,k141_279663_4,357,24.9,0.00013,0.0,157,24.4,1.3e-07,0.00018,0.0,workflow/out/asr_HMMER/domtbl/Capsule_13_asr_B.domtblout
k141_250529_1/1-116,k141_250529_1,127,24.1,0.00021,0.0,116,23.9,1.8e-07,0.00026,0.0,workflow/out/asr_HMMER/domtbl/Capsule_13_asr_B.domtblout
k141_88148_6/86-243,k141_88148_6,357,24.1,0.00022,0.0,158,23.7,2.2e-07,0.0003,0.0,workflow/out/asr_HMMER/domtbl/Capsule_13_asr_B.domtblout
k141_177180_1/74-236,k141_177180_1,247,24.1,0.00022,0.0,163,23.1,3.1e-07,0.00044,0.0,workflow/out/asr_HMMER/domtbl/Capsule_13_asr_B.domtblout
k141_219681_1/74-236,k141_219681_1,247,23.5,0.00034,0.0,163,22.6,4.6e-07,0.00064,0.0,workflow/out/asr_HMMER/domtbl/Capsule_13_asr_B.domtblout
k141_21892_6/12-219,k141_21892_6,263,23.2,0.00043,1.4,208,22.7,4.1e-07,0.00057,1.4,workflow/out/asr_HMMER/domtbl/Capsule_13_asr_B.domtblout
k141_33427_16/104-243,k141_33427_16,357,22.9,0.0005,0.0,140,22.3,5.7e-07,0.0008,0.0,workflow/out/asr_HMMER/domtbl/Capsule_13_asr_B.domtblout
k141_262603_4/104-260,k141_262603_4,357,22.8,0.00054,0.0,157,22.0,6.8e-07,0.00094,0.0,workflow/out/asr_HMMER/domtbl/Capsule_13_asr_B.domtblout
k141_68012_2/7-131,k141_68012_2,158,22.7,0.00057,0.0,125,22.5,5e-07,0.0007,0.0,workflow/out/asr_HMMER/domtbl/Capsule_13_asr_B.domtblout
k141_50853_1/5-184,k141_50853_1,207,22.2,0.00085,9.3,180,15.9,5.1e-05,0.071,9.3,workflow/out/asr_HMMER/domtbl/Capsule_13_asr_B.domtblout
k141_251562_2/2-82,k141_251562_2,91,22.2,0.00086,0.0,81,22.0,7e-07,0.00098,0.0,workflow/out/asr_HMMER/domtbl/Capsule_13_asr_B.domtblout
k141_33116_2/2-82,k141_33116_2,91,22.2,0.00086,0.0,81,22.0,7e-07,0.00098,0.0,workflow/out/asr_HMMER/domtbl/Capsule_13_asr_B.domtblout
k141_220368_4/88-242,k141_220368_4,357,22.0,0.00097,0.0,155,21.4,1e-06,0.0015,0.0,workflow/out/asr_HMMER/domtbl/Capsule_13_asr_B.domtblout
k141_219305_53/100-242,k141_219305_53,357,21.8,0.0011,0.0,143,21.1,1.3e-06,0.0019,0.0,workflow/out/asr_HMMER/domtbl/Capsule_13_asr_B.domtblout
k141_194634_14/263-427,k141_194634_14,438,21.6,0.0013,0.0,165,20.8,1.6e-06,0.0022,0.0,workflow/out/asr_HMMER/domtbl/Capsule_13_asr_B.domtblout
k141_29332_2/7-184,k141_29332_2,234,21.4,0.0015,0.0,178,21.1,1.3e-06,0.0018,0.0,workflow/out/asr_HMMER/domtbl/Capsule_13_asr_B.domtblout
k141_255529_2/99-242,k141_255529_2,357,21.0,0.002,0.0,144,20.2,2.4e-06,0.0034,0.0,workflow/out/asr_HMMER/domtbl/Capsule_13_asr_B.domtblout
k141_123724_1/189-352,k141_123724_1,363,20.6,0.0025,0.0,164,19.4,4.3e-06,0.0059,0.0,workflow/out/asr_HMMER/domtbl/Capsule_13_asr_B.domtblout
k141_248586_1/11-119,k141_248586_1,124,20.4,0.0029,0.0,109,20.3,2.3e-06,0.0032,0.0,workflow/out/asr_HMMER/domtbl/Capsule_13_asr_B.domtblout
k141_193671_7/7-182,k141_193671_7,234,20.3,0.0033,0.0,176,19.9,3e-06,0.0041,0.0,workflow/out/asr_HMMER/domtbl/Capsule_13_asr_B.domtblout
k141_158215_2/7-182,k141_158215_2,234,19.8,0.0047,0.0,176,19.4,4.2e-06,0.0058,0.0,workflow/out/asr_HMMER/domtbl/Capsule_13_asr_B.domtblout
k141_143208_12/104-241,k141_143208_12,357,19.7,0.005,0.0,138,18.9,6e-06,0.0083,0.0,workflow/out/asr_HMMER/domtbl/Capsule_13_asr_B.domtblout
k141_240577_3/104-241,k141_240577_3,357,19.7,0.005,0.0,138,19.0,5.8e-06,0.008,0.0,workflow/out/asr_HMMER/domtbl/Capsule_13_asr_B.domtblout
k141_88992_4/224-386,k141_88992_4,397,19.5,0.0055,0.0,163,18.3,9.4e-06,0.013,0.0,workflow/out/asr_HMMER/domtbl/Capsule_13_asr_B.domtblout
k141_141508_9/5-60,k141_141508_9,115,19.2,0.0068,0.0,56,17.1,2.2e-05,0.031,0.0,workflow/out/asr_HMMER/domtbl/Capsule_13_asr_B.domtblout
k141_250351_3/7-183,k141_250351_3,234,19.0,0.0082,0.0,177,18.6,7.3e-06,0.01,0.0,workflow/out/asr_HMMER/domtbl/Capsule_13_asr_B.domtblout
k141_74580_2/7-183,k141_74580_2,234,18.7,0.0097,0.0,177,18.4,8.8e-06,0.012,0.0,workflow/out/asr_HMMER/domtbl/Capsule_13_asr_B.domtblout
k141_208550_3/3-262,k141_208550_3,263,433.8,2.3e-129,0.4,260,433.7,1.8e-132,2.6e-129,0.4,workflow/out/asr_HMMER/domtbl/Stool_3_asr_B.domtblout
k141_272800_23/12-278,k141_272800_23,283,235.3,8.4e-69,0.0,267,235.2,6.6e-72,9.4e-69,0.0,workflow/out/asr_HMMER/domtbl/Stool_3_asr_B.domtblout
k141_107401_2/34-300,k141_107401_2,305,231.9,9e-68,0.0,267,231.8,7.2e-71,1e-67,0.0,workflow/out/asr_HMMER/domtbl/Stool_3_asr_B.domtblout
k141_86994_20/13-273,k141_86994_20,285,193.7,4.3e-56,0.3,261,193.4,3.6e-59,5.1e-56,0.3,workflow/out/asr_HMMER/domtbl/Stool_3_asr_B.domtblout
k141_170339_3/35-272,k141_170339_3,278,188.1,2.1e-54,0.1,238,188.0,1.6e-57,2.3e-54,0.1,workflow/out/asr_HMMER/domtbl/Stool_3_asr_B.domtblout
k141_40009_3/15-273,k141_40009_3,285,187.3,3.8e-54,0.2,259,186.9,3.4e-57,4.8e-54,0.2,workflow/out/asr_HMMER/domtbl/Stool_3_asr_B.domtblout
k141_283381_38/15-274,k141_283381_38,286,185.6,1.3e-53,0.1,260,185.2,1.2e-56,1.6e-53,0.1,workflow/out/asr_HMMER/domtbl/Stool_3_asr_B.domtblout
k141_2601_2/15-273,k141_2601_2,285,185.0,1.9e-53,0.1,259,184.7,1.6e-56,2.3e-53,0.1,workflow/out/asr_HMMER/domtbl/Stool_3_asr_B.domtblout
k141_198222_1/6-265,k141_198222_1,265,181.9,1.7e-52,0.2,260,181.7,1.3e-55,1.9e-52,0.2,workflow/out/asr_HMMER/domtbl/Stool_3_asr_B.domtblout
k141_259071_3/15-279,k141_259071_3,285,180.9,3.4e-52,0.4,265,180.4,3.3e-55,4.7e-52,0.4,workflow/out/asr_HMMER/domtbl/Stool_3_asr_B.domtblout
k141_304422_4/5-210,k141_304422_4,219,180.7,3.8e-52,0.1,206,180.5,3.1e-55,4.4e-52,0.1,workflow/out/asr_HMMER/domtbl/Stool_3_asr_B.domtblout
k141_168260_5/6-277,k141_168260_5,287,179.8,7.2e-52,0.1,272,179.4,6.8e-55,9.7e-52,0.1,workflow/out/asr_HMMER/domtbl/Stool_3_asr_B.domtblout
k141_336744_2/15-273,k141_336744_2,285,179.3,1e-51,0.0,259,179.0,8.8e-55,1.3e-51,0.0,workflow/out/asr_HMMER/domtbl/Stool_3_asr_B.domtblout
k141_292924_23/18-276,k141_292924_23,285,162.5,1.4e-46,0.0,259,162.2,1.2e-49,1.7e-46,0.0,workflow/out/asr_HMMER/domtbl/Stool_3_asr_B.domtblout
k141_89911_2/74-324,k141_89911_2,324,137.7,5.1e-39,0.0,251,137.5,4.1e-42,5.9e-39,0.0,workflow/out/asr_HMMER/domtbl/Stool_3_asr_B.domtblout
k141_278442_1/15-227,k141_278442_1,229,120.3,1.1e-33,0.0,213,120.1,8.6e-37,1.2e-33,0.0,workflow/out/asr_HMMER/domtbl/Stool_3_asr_B.domtblout
k141_107976_88/4-249,k141_107976_88,269,105.3,3.9e-29,0.9,246,104.9,3.7e-32,5.2e-29,0.9,workflow/out/asr_HMMER/domtbl/Stool_3_asr_B.domtblout
k141_147608_25/23-239,k141_147608_25,244,94.4,8.3e-26,0.6,217,93.9,8.2e-29,1.2e-25,0.6,workflow/out/asr_HMMER/domtbl/Stool_3_asr_B.domtblout
k141_310302_1/1-92,k141_310302_1,103,89.2,3.1e-24,0.3,92,89.2,2.3e-27,3.2e-24,0.3,workflow/out/asr_HMMER/domtbl/Stool_3_asr_B.domtblout
k141_142851_2/25-251,k141_142851_2,296,88.6,4.8e-24,2.3,227,88.3,4.3e-27,6.2e-24,2.3,workflow/out/asr_HMMER/domtbl/Stool_3_asr_B.domtblout
k141_87940_6/25-251,k141_87940_6,296,87.6,9.7e-24,2.8,227,87.0,1.1e-26,1.5e-23,2.8,workflow/out/asr_HMMER/domtbl/Stool_3_asr_B.domtblout
k141_123585_2/25-251,k141_123585_2,296,87.2,1.3e-23,2.3,227,86.9,1.2e-26,1.6e-23,2.3,workflow/out/asr_HMMER/domtbl/Stool_3_asr_B.domtblout
k141_65811_2/12-246,k141_65811_2,254,86.6,1.9e-23,0.0,235,86.3,1.8e-26,2.5e-23,0.0,workflow/out/asr_HMMER/domtbl/Stool_3_asr_B.domtblout
k141_278457_4/31-249,k141_278457_4,256,86.5,2.1e-23,1.0,219,86.1,2e-26,2.8e-23,1.0,workflow/out/asr_HMMER/domtbl/Stool_3_asr_B.domtblout
k141_92790_50/25-252,k141_92790_50,295,85.5,4.4e-23,0.3,228,85.1,4e-26,5.7e-23,0.3,workflow/out/asr_HMMER/domtbl/Stool_3_asr_B.domtblout
k141_37103_167/2-251,k141_37103_167,296,85.3,5e-23,1.5,250,85.3,3.5e-26,5e-23,1.5,workflow/out/asr_HMMER/domtbl/Stool_3_asr_B.domtblout
k141_65853_1/26-251,k141_65853_1,264,84.5,8.5e-23,5.1,226,84.3,7.3e-26,1e-22,5.1,workflow/out/asr_HMMER/domtbl/Stool_3_asr_B.domtblout
k141_20559_29/34-246,k141_20559_29,254,83.8,1.4e-22,1.8,213,83.4,1.3e-25,1.8e-22,1.8,workflow/out/asr_HMMER/domtbl/Stool_3_asr_B.domtblout
k141_175451_1/9-235,k141_175451_1,242,82.8,2.8e-22,2.5,227,80.5,1e-24,1.5e-21,2.5,workflow/out/asr_HMMER/domtbl/Stool_3_asr_B.domtblout
k141_57994_2/26-251,k141_57994_2,296,81.8,5.9e-22,2.1,226,81.8,4.1e-25,5.9e-22,2.1,workflow/out/asr_HMMER/domtbl/Stool_3_asr_B.domtblout
k141_248495_68/26-251,k141_248495_68,296,81.3,8e-22,2.5,226,81.3,5.7e-25,8e-22,2.5,workflow/out/asr_HMMER/domtbl/Stool_3_asr_B.domtblout
k141_119985_13/26-251,k141_119985_13,296,81.3,8e-22,2.9,226,80.6,9.8e-25,1.4e-21,2.9,workflow/out/asr_HMMER/domtbl/Stool_3_asr_B.domtblout
k141_40791_50/26-251,k141_40791_50,293,81.3,8.1e-22,3.9,226,80.9,7.7e-25,1.1e-21,3.9,workflow/out/asr_HMMER/domtbl/Stool_3_asr_B.domtblout
k141_9080_2/26-251,k141_9080_2,296,81.1,9.6e-22,1.8,226,80.7,9e-25,1.3e-21,1.8,workflow/out/asr_HMMER/domtbl/Stool_3_asr_B.domtblout
k141_166449_1/4-86,k141_166449_1,95,80.9,1.1e-21,0.3,83,80.7,8.8e-25,1.2e-21,0.3,workflow/out/asr_HMMER/domtbl/Stool_3_asr_B.domtblout
k141_130038_2/3-251,k141_130038_2,296,80.8,1.2e-21,1.0,249,80.2,1.2e-24,1.7e-21,1.0,workflow/out/asr_HMMER/domtbl/Stool_3_asr_B.domtblout
k141_102926_1/27-251,k141_102926_1,272,80.7,1.2e-21,2.0,225,80.3,1.1e-24,1.6e-21,2.0,workflow/out/asr_HMMER/domtbl/Stool_3_asr_B.domtblout
k141_233506_2/26-251,k141_233506_2,294,80.7,1.3e-21,0.0,226,80.2,1.2e-24,1.8e-21,0.0,workflow/out/asr_HMMER/domtbl/Stool_3_asr_B.domtblout
k141_315327_5/12-234,k141_315327_5,241,80.5,1.4e-21,0.2,223,79.6,1.9e-24,2.7e-21,0.2,workflow/out/asr_HMMER/domtbl/Stool_3_asr_B.domtblout
k141_223795_6/31-249,k141_223795_6,258,79.9,2.2e-21,3.3,219,79.5,2.1e-24,3e-21,3.3,workflow/out/asr_HMMER/domtbl/Stool_3_asr_B.domtblout
k141_313202_67/27-251,k141_313202_67,281,78.9,4.3e-21,0.3,225,78.5,4.1e-24,5.7e-21,0.3,workflow/out/asr_HMMER/domtbl/Stool_3_asr_B.domtblout
k141_208532_2/27-253,k141_208532_2,298,77.0,1.7e-20,2.7,227,76.6,1.6e-23,2.3e-20,2.7,workflow/out/asr_HMMER/domtbl/Stool_3_asr_B.domtblout
k141_207446_3/25-251,k141_207446_3,296,76.6,2.2e-20,2.2,227,76.3,1.9e-23,2.7e-20,2.2,workflow/out/asr_HMMER/domtbl/Stool_3_asr_B.domtblout
k141_308588_25/24-251,k141_308588_25,296,76.6,2.2e-20,2.7,228,76.6,1.5e-23,2.2e-20,2.7,workflow/out/asr_HMMER/domtbl/Stool_3_asr_B.domtblout
k141_258026_3/26-252,k141_258026_3,295,75.5,4.7e-20,0.1,227,75.1,4.5e-23,6.4e-20,0.1,workflow/out/asr_HMMER/domtbl/Stool_3_asr_B.domtblout
k141_206097_21/51-276,k141_206097_21,321,75.4,5.2e-20,2.7,226,75.0,5e-23,7.1e-20,2.7,workflow/out/asr_HMMER/domtbl/Stool_3_asr_B.domtblout
k141_62588_15/28-244,k141_62588_15,789,74.5,1e-19,2.3,217,73.4,1.5e-22,2.1e-19,2.3,workflow/out/asr_HMMER/domtbl/Stool_3_asr_B.domtblout
k141_309738_179/10-241,k141_309738_179,249,73.7,1.7e-19,0.3,232,72.7,2.5e-22,3.5e-19,0.3,workflow/out/asr_HMMER/domtbl/Stool_3_asr_B.domtblout
k141_169805_7/27-244,k141_169805_7,248,73.2,2.4e-19,2.2,218,72.0,4e-22,5.6e-19,2.2,workflow/out/asr_HMMER/domtbl/Stool_3_asr_B.domtblout
k141_267312_2/23-247,k141_267312_2,292,72.8,3.2e-19,2.0,225,72.3,3.3e-22,4.6e-19,2.0,workflow/out/asr_HMMER/domtbl/Stool_3_asr_B.domtblout
k141_67212_4/32-250,k141_67212_4,287,72.4,4.2e-19,0.7,219,72.0,3.9e-22,5.5e-19,0.7,workflow/out/asr_HMMER/domtbl/Stool_3_asr_B.domtblout
k141_43617_30/2-247,k141_43617_30,281,71.3,9.2e-19,0.0,246,71.0,8.1e-22,1.2e-18,0.0,workflow/out/asr_HMMER/domtbl/Stool_3_asr_B.domtblout
k141_310847_3/26-251,k141_310847_3,296,71.2,9.9e-19,1.8,226,70.8,9e-22,1.3e-18,1.8,workflow/out/asr_HMMER/domtbl/Stool_3_asr_B.domtblout
k141_43139_1/26-243,k141_43139_1,282,71.1,1.1e-18,2.0,218,70.7,1e-21,1.4e-18,2.0,workflow/out/asr_HMMER/domtbl/Stool_3_asr_B.domtblout
k141_210020_7/26-243,k141_210020_7,281,71.0,1.1e-18,2.5,218,70.6,1.1e-21,1.5e-18,2.5,workflow/out/asr_HMMER/domtbl/Stool_3_asr_B.domtblout
k141_226589_2/7-236,k141_226589_2,244,71.0,1.1e-18,2.2,230,67.4,9.9e-21,1.4e-17,2.2,workflow/out/asr_HMMER/domtbl/Stool_3_asr_B.domtblout
k141_329260_16/32-256,k141_329260_16,263,70.8,1.3e-18,0.6,225,69.1,3e-21,4.3e-18,0.6,workflow/out/asr_HMMER/domtbl/Stool_3_asr_B.domtblout
k141_213504_14/20-240,k141_213504_14,248,70.3,1.8e-18,3.5,221,67.3,1.1e-20,1.6e-17,3.5,workflow/out/asr_HMMER/domtbl/Stool_3_asr_B.domtblout
k141_79464_3/14-262,k141_79464_3,269,70.1,2.2e-18,3.6,249,68.9,3.5e-21,4.9e-18,3.6,workflow/out/asr_HMMER/domtbl/Stool_3_asr_B.domtblout
k141_5581_15/27-245,k141_5581_15,284,69.8,2.7e-18,1.9,219,69.8,1.9e-21,2.7e-18,1.9,workflow/out/asr_HMMER/domtbl/Stool_3_asr_B.domtblout
k141_199759_2/7-239,k141_199759_2,247,69.7,2.8e-18,0.2,233,68.1,6.4e-21,9e-18,0.2,workflow/out/asr_HMMER/domtbl/Stool_3_asr_B.domtblout
k141_71155_2/25-244,k141_71155_2,279,69.5,3.3e-18,0.3,220,69.1,3.1e-21,4.4e-18,0.3,workflow/out/asr_HMMER/domtbl/Stool_3_asr_B.domtblout
k141_58932_5/26-244,k141_58932_5,281,69.3,3.7e-18,0.4,219,68.9,3.4e-21,4.8e-18,0.4,workflow/out/asr_HMMER/domtbl/Stool_3_asr_B.domtblout
k141_256858_2/26-243,k141_256858_2,282,69.1,4.3e-18,1.6,218,68.7,4.1e-21,5.7e-18,1.6,workflow/out/asr_HMMER/domtbl/Stool_3_asr_B.domtblout
k141_162699_2/32-249,k141_162699_2,256,69.0,4.7e-18,0.1,218,68.7,4.1e-21,5.8e-18,0.1,workflow/out/asr_HMMER/domtbl/Stool_3_asr_B.domtblout
k141_2600_1/2-245,k141_2600_1,266,69.0,4.8e-18,0.0,244,68.7,4.1e-21,5.8e-18,0.0,workflow/out/asr_HMMER/domtbl/Stool_3_asr_B.domtblout
k141_172848_27/27-252,k141_172848_27,297,68.8,5.4e-18,1.3,226,68.3,5.5e-21,7.8e-18,1.3,workflow/out/asr_HMMER/domtbl/Stool_3_asr_B.domtblout
k141_116622_1/27-245,k141_116622_1,284,68.6,6.1e-18,0.9,219,68.6,4.3e-21,6.1e-18,0.9,workflow/out/asr_HMMER/domtbl/Stool_3_asr_B.domtblout
k141_38969_2/32-256,k141_38969_2,263,68.6,6.2e-18,0.5,225,66.9,1.4e-20,2e-17,0.5,workflow/out/asr_HMMER/domtbl/Stool_3_asr_B.domtblout
k141_14575_4/24-237,k141_14575_4,243,68.6,6.2e-18,5.0,214,64.5,7.6e-20,1.1e-16,5.0,workflow/out/asr_HMMER/domtbl/Stool_3_asr_B.domtblout
k141_68487_2/33-253,k141_68487_2,260,68.2,8e-18,0.3,221,67.1,1.3e-20,1.8e-17,0.3,workflow/out/asr_HMMER/domtbl/Stool_3_asr_B.domtblout
k141_276499_4/27-246,k141_276499_4,285,67.9,1e-17,2.4,220,67.5,9.6e-21,1.4e-17,2.4,workflow/out/asr_HMMER/domtbl/Stool_3_asr_B.domtblout
k141_110063_9/26-243,k141_110063_9,282,67.9,1e-17,2.4,218,67.5,9.6e-21,1.4e-17,2.4,workflow/out/asr_HMMER/domtbl/Stool_3_asr_B.domtblout
k141_38476_9/31-254,k141_38476_9,261,67.5,1.3e-17,0.4,224,66.1,2.6e-20,3.7e-17,0.4,workflow/out/asr_HMMER/domtbl/Stool_3_asr_B.domtblout
k141_300893_3/29-255,k141_300893_3,262,67.5,1.3e-17,1.1,227,65.9,2.9e-20,4.1e-17,1.1,workflow/out/asr_HMMER/domtbl/Stool_3_asr_B.domtblout
k141_309671_3/29-246,k141_309671_3,255,67.1,1.8e-17,4.2,218,66.8,1.6e-20,2.2e-17,4.2,workflow/out/asr_HMMER/domtbl/Stool_3_asr_B.domtblout
k141_188336_2/34-254,k141_188336_2,261,67.1,1.8e-17,0.1,221,65.8,3e-20,4.2e-17,0.1,workflow/out/asr_HMMER/domtbl/Stool_3_asr_B.domtblout
k141_251894_2/19-255,k141_251894_2,261,67.1,1.8e-17,0.2,237,66.7,1.7e-20,2.4e-17,0.2,workflow/out/asr_HMMER/domtbl/Stool_3_asr_B.domtblout
k141_248080_11/26-244,k141_248080_11,281,67.0,1.9e-17,1.8,219,66.6,1.8e-20,2.5e-17,1.8,workflow/out/asr_HMMER/domtbl/Stool_3_asr_B.domtblout
k141_280014_2/28-246,k141_280014_2,258,66.9,2e-17,0.1,219,66.5,1.9e-20,2.7e-17,0.1,workflow/out/asr_HMMER/domtbl/Stool_3_asr_B.domtblout
k141_290800_4/33-248,k141_290800_4,256,66.8,2.1e-17,1.2,216,65.7,3.3e-20,4.7e-17,1.2,workflow/out/asr_HMMER/domtbl/Stool_3_asr_B.domtblout
k141_18220_43/21-245,k141_18220_43,253,66.4,2.9e-17,0.0,225,66.0,2.7e-20,3.8e-17,0.0,workflow/out/asr_HMMER/domtbl/Stool_3_asr_B.domtblout
k141_255560_4/35-253,k141_255560_4,258,66.4,3e-17,2.1,219,64.6,7.3e-20,1e-16,2.1,workflow/out/asr_HMMER/domtbl/Stool_3_asr_B.domtblout
k141_84038_66/25-256,k141_84038_66,264,66.3,3.1e-17,0.0,232,65.1,5.2e-20,7.3e-17,0.0,workflow/out/asr_HMMER/domtbl/Stool_3_asr_B.domtblout
k141_28554_16/38-258,k141_28554_16,265,66.1,3.6e-17,0.9,221,64.7,6.6e-20,9.3e-17,0.9,workflow/out/asr_HMMER/domtbl/Stool_3_asr_B.domtblout
k141_137524_11/26-243,k141_137524_11,282,66.0,3.7e-17,2.4,218,65.6,3.5e-20,5e-17,2.4,workflow/out/asr_HMMER/domtbl/Stool_3_asr_B.domtblout
k141_334433_189/26-244,k141_334433_189,281,66.0,3.8e-17,1.6,219,65.6,3.5e-20,5e-17,1.6,workflow/out/asr_HMMER/domtbl/Stool_3_asr_B.domtblout
k141_22902_5/35-253,k141_22902_5,258,65.9,4.2e-17,1.6,219,63.8,1.2e-19,1.7e-16,1.6,workflow/out/asr_HMMER/domtbl/Stool_3_asr_B.domtblout
k141_6476_2/35-253,k141_6476_2,258,65.8,4.3e-17,2.1,219,64.1,1e-19,1.4e-16,2.1,workflow/out/asr_HMMER/domtbl/Stool_3_asr_B.domtblout
k141_137945_33/31-250,k141_137945_33,257,65.7,4.7e-17,4.0,220,62.6,3e-19,4.2e-16,4.0,workflow/out/asr_HMMER/domtbl/Stool_3_asr_B.domtblout
k141_227986_2/34-254,k141_227986_2,261,65.5,5.3e-17,0.1,221,64.2,9.3e-20,1.3e-16,0.1,workflow/out/asr_HMMER/domtbl/Stool_3_asr_B.domtblout
k141_329883_27/20-159,k141_329883_27,243,65.4,5.6e-17,9.0,140,58.4,5.5e-18,7.8e-15,0.7,workflow/out/asr_HMMER/domtbl/Stool_3_asr_B.domtblout
k141_329883_27/202-235,k141_329883_27,243,65.4,5.6e-17,9.0,34,11.5,0.0012,1.7,2.0,workflow/out/asr_HMMER/domtbl/Stool_3_asr_B.domtblout
k141_4362_19/29-255,k141_4362_19,262,65.4,5.7e-17,0.9,227,63.8,1.3e-19,1.8e-16,0.9,workflow/out/asr_HMMER/domtbl/Stool_3_asr_B.domtblout
k141_150219_1/1-36,k141_150219_1,37,65.0,7.6e-17,4.7,36,64.9,5.7e-20,8.1e-17,4.7,workflow/out/asr_HMMER/domtbl/Stool_3_asr_B.domtblout
k141_207417_1/31-249,k141_207417_1,257,64.9,8e-17,0.2,219,64.5,7.7e-20,1.1e-16,0.2,workflow/out/asr_HMMER/domtbl/Stool_3_asr_B.domtblout
k141_81364_28/25-248,k141_81364_28,298,64.7,9.6e-17,1.4,224,64.2,9.5e-20,1.3e-16,1.4,workflow/out/asr_HMMER/domtbl/Stool_3_asr_B.domtblout
k141_240474_1/24-246,k141_240474_1,286,64.6,1e-16,0.2,223,64.2,9.9e-20,1.4e-16,0.2,workflow/out/asr_HMMER/domtbl/Stool_3_asr_B.domtblout
k141_188420_3/42-267,k141_188420_3,274,64.4,1.2e-16,0.8,226,62.7,2.8e-19,3.9e-16,0.9,workflow/out/asr_HMMER/domtbl/Stool_3_asr_B.domtblout
k141_184591_3/24-244,k141_184591_3,281,64.3,1.3e-16,3.7,221,63.9,1.2e-19,1.7e-16,3.7,workflow/out/asr_HMMER/domtbl/Stool_3_asr_B.domtblout
k141_269208_23/31-236,k141_269208_23,244,64.2,1.4e-16,0.9,206,61.0,8.8e-19,1.3e-15,0.9,workflow/out/asr_HMMER/domtbl/Stool_3_asr_B.domtblout
k141_91895_9/41-259,k141_91895_9,265,64.1,1.4e-16,0.0,219,63.7,1.3e-19,1.9e-16,0.0,workflow/out/asr_HMMER/domtbl/Stool_3_asr_B.domtblout
k141_15724_2/32-249,k141_15724_2,255,64.0,1.5e-16,0.0,218,63.6,1.5e-19,2.1e-16,0.0,workflow/out/asr_HMMER/domtbl/Stool_3_asr_B.domtblout
k141_63816_3/7-222,k141_63816_3,230,63.8,1.8e-16,9.7,216,61.8,5e-19,7.1e-16,9.7,workflow/out/asr_HMMER/domtbl/Stool_3_asr_B.domtblout
k141_37611_6/34-251,k141_37611_6,257,63.7,2e-16,0.0,218,63.3,1.9e-19,2.6e-16,0.0,workflow/out/asr_HMMER/domtbl/Stool_3_asr_B.domtblout
k141_195734_21/26-244,k141_195734_21,281,63.4,2.4e-16,0.9,219,63.0,2.2e-19,3.1e-16,0.9,workflow/out/asr_HMMER/domtbl/Stool_3_asr_B.domtblout
k141_7628_3/31-231,k141_7628_3,242,62.9,3.3e-16,0.0,201,62.2,3.8e-19,5.4e-16,0.0,workflow/out/asr_HMMER/domtbl/Stool_3_asr_B.domtblout
k141_154988_13/26-245,k141_154988_13,278,62.9,3.4e-16,1.5,220,62.5,3.2e-19,4.5e-16,1.5,workflow/out/asr_HMMER/domtbl/Stool_3_asr_B.domtblout
k141_326094_18/24-254,k141_326094_18,261,62.8,3.5e-16,0.7,231,61.7,5.6e-19,7.9e-16,0.7,workflow/out/asr_HMMER/domtbl/Stool_3_asr_B.domtblout
k141_310049_141/42-264,k141_310049_141,273,62.7,3.8e-16,0.3,223,59.9,2e-18,2.8e-15,0.3,workflow/out/asr_HMMER/domtbl/Stool_3_asr_B.domtblout
k141_147663_2/17-238,k141_147663_2,245,62.2,5.3e-16,2.9,222,58.5,5.3e-18,7.5e-15,2.9,workflow/out/asr_HMMER/domtbl/Stool_3_asr_B.domtblout
k141_67865_5/55-251,k141_67865_5,256,61.9,6.6e-16,1.7,197,61.1,8.6e-19,1.2e-15,1.7,workflow/out/asr_HMMER/domtbl/Stool_3_asr_B.domtblout
k141_118536_10/30-255,k141_118536_10,262,61.5,9.1e-16,1.6,226,60.5,1.3e-18,1.9e-15,1.6,workflow/out/asr_HMMER/domtbl/Stool_3_asr_B.domtblout
k141_257465_19/33-243,k141_257465_19,253,61.3,1e-15,0.2,211,60.6,1.2e-18,1.7e-15,0.2,workflow/out/asr_HMMER/domtbl/Stool_3_asr_B.domtblout
k141_207354_30/26-244,k141_207354_30,283,61.2,1.1e-15,0.1,219,60.9,1e-18,1.4e-15,0.1,workflow/out/asr_HMMER/domtbl/Stool_3_asr_B.domtblout
k141_54665_28/2-243,k141_54665_28,279,60.3,2.1e-15,0.1,242,60.0,1.8e-18,2.6e-15,0.1,workflow/out/asr_HMMER/domtbl/Stool_3_asr_B.domtblout
k141_109895_13/32-254,k141_109895_13,261,59.9,2.9e-15,1.7,223,58.0,7.3e-18,1e-14,1.7,workflow/out/asr_HMMER/domtbl/Stool_3_asr_B.domtblout
k141_174439_5/35-231,k141_174439_5,237,59.7,3.3e-15,2.5,197,58.8,4.2e-18,5.9e-15,2.5,workflow/out/asr_HMMER/domtbl/Stool_3_asr_B.domtblout
k141_104528_8/27-244,k141_104528_8,281,59.5,3.7e-15,2.0,218,59.1,3.4e-18,4.9e-15,2.0,workflow/out/asr_HMMER/domtbl/Stool_3_asr_B.domtblout
k141_88859_27/37-256,k141_88859_27,263,58.8,5.9e-15,0.0,220,58.4,5.8e-18,8.2e-15,0.0,workflow/out/asr_HMMER/domtbl/Stool_3_asr_B.domtblout
k141_177005_96/18-174,k141_177005_96,247,58.4,8e-15,0.0,157,42.2,4.9e-13,7e-10,0.0,workflow/out/asr_HMMER/domtbl/Stool_3_asr_B.domtblout
k141_177005_96/201-236,k141_177005_96,247,58.4,8e-15,0.0,36,14.1,0.00018,0.26,0.5,workflow/out/asr_HMMER/domtbl/Stool_3_asr_B.domtblout
k141_144786_24/33-253,k141_144786_24,285,57.8,1.2e-14,1.2,221,57.4,1.1e-17,1.6e-14,1.2,workflow/out/asr_HMMER/domtbl/Stool_3_asr_B.domtblout
k141_64035_2/34-256,k141_64035_2,263,57.7,1.3e-14,0.1,223,56.3,2.5e-17,3.6e-14,0.1,workflow/out/asr_HMMER/domtbl/Stool_3_asr_B.domtblout
k141_21173_4/26-244,k141_21173_4,281,57.6,1.4e-14,3.3,219,57.2,1.3e-17,1.8e-14,3.3,workflow/out/asr_HMMER/domtbl/Stool_3_asr_B.domtblout
k141_142253_2/26-244,k141_142253_2,281,57.6,1.4e-14,3.7,219,57.2,1.3e-17,1.8e-14,3.7,workflow/out/asr_HMMER/domtbl/Stool_3_asr_B.domtblout
k141_7820_40/33-248,k141_7820_40,256,57.1,1.9e-14,4.6,216,55.4,4.8e-17,6.8e-14,4.6,workflow/out/asr_HMMER/domtbl/Stool_3_asr_B.domtblout
k141_11904_102/249-415,k141_11904_102,421,57.0,2.1e-14,1.2,167,56.5,2.2e-17,3.1e-14,0.0,workflow/out/asr_HMMER/domtbl/Stool_3_asr_B.domtblout
k141_119977_10/26-244,k141_119977_10,283,56.9,2.3e-14,2.6,219,56.4,2.4e-17,3.3e-14,2.6,workflow/out/asr_HMMER/domtbl/Stool_3_asr_B.domtblout
k141_28860_1/26-245,k141_28860_1,278,56.7,2.6e-14,3.0,220,56.3,2.5e-17,3.5e-14,3.0,workflow/out/asr_HMMER/domtbl/Stool_3_asr_B.domtblout
k141_19363_2/37-259,k141_19363_2,264,56.4,3.2e-14,0.0,223,56.0,3e-17,4.3e-14,0.0,workflow/out/asr_HMMER/domtbl/Stool_3_asr_B.domtblout
k141_255095_2/32-224,k141_255095_2,237,56.0,4.3e-14,0.9,193,54.9,6.4e-17,9e-14,0.9,workflow/out/asr_HMMER/domtbl/Stool_3_asr_B.domtblout
k141_259024_13/39-260,k141_259024_13,268,55.5,6e-14,0.0,222,54.6,8.1e-17,1.1e-13,0.0,workflow/out/asr_HMMER/domtbl/Stool_3_asr_B.domtblout
k141_130756_2/3-218,k141_130756_2,225,55.5,6.2e-14,0.8,216,54.5,8.7e-17,1.2e-13,0.8,workflow/out/asr_HMMER/domtbl/Stool_3_asr_B.domtblout
k141_224996_2/37-259,k141_224996_2,264,55.3,6.8e-14,0.0,223,54.9,6.4e-17,9e-14,0.0,workflow/out/asr_HMMER/domtbl/Stool_3_asr_B.domtblout
k141_11599_10/33-135,k141_11599_10,261,55.3,7.1e-14,1.1,103,28.3,8.7e-09,1.2e-05,0.0,workflow/out/asr_HMMER/domtbl/Stool_3_asr_B.domtblout
k141_11599_10/193-254,k141_11599_10,261,55.3,7.1e-14,1.1,62,24.7,1.1e-07,0.00015,1.5,workflow/out/asr_HMMER/domtbl/Stool_3_asr_B.domtblout
k141_216402_2/38-233,k141_216402_2,241,55.3,7.1e-14,1.0,196,54.3,9.9e-17,1.4e-13,1.0,workflow/out/asr_HMMER/domtbl/Stool_3_asr_B.domtblout
k141_128734_41/249-415,k141_128734_41,421,54.8,1e-13,0.6,167,53.5,1.7e-16,2.4e-13,0.0,workflow/out/asr_HMMER/domtbl/Stool_3_asr_B.domtblout
k141_3854_41/29-265,k141_3854_41,272,54.5,1.2e-13,0.0,237,54.1,1.2e-16,1.6e-13,0.0,workflow/out/asr_HMMER/domtbl/Stool_3_asr_B.domtblout
k141_273286_2/34-253,k141_273286_2,260,54.4,1.3e-13,0.4,220,53.9,1.3e-16,1.9e-13,0.4,workflow/out/asr_HMMER/domtbl/Stool_3_asr_B.domtblout
k141_65889_2/15-130,k141_65889_2,130,54.1,1.6e-13,0.0,116,53.9,1.3e-16,1.9e-13,0.0,workflow/out/asr_HMMER/domtbl/Stool_3_asr_B.domtblout
k141_37231_2/29-245,k141_37231_2,252,53.4,2.7e-13,0.7,217,52.8,3e-16,4.2e-13,0.7,workflow/out/asr_HMMER/domtbl/Stool_3_asr_B.domtblout
k141_137190_54/19-237,k141_137190_54,245,53.0,3.5e-13,1.7,219,49.1,3.8e-15,5.4e-12,1.7,workflow/out/asr_HMMER/domtbl/Stool_3_asr_B.domtblout
k141_123924_29/253-417,k141_123924_29,423,53.0,3.6e-13,0.1,165,51.5,7e-16,9.9e-13,0.0,workflow/out/asr_HMMER/domtbl/Stool_3_asr_B.domtblout
k141_6695_1/138-303,k141_6695_1,311,52.5,5e-13,0.0,166,51.8,5.8e-16,8.2e-13,0.0,workflow/out/asr_HMMER/domtbl/Stool_3_asr_B.domtblout
k141_123072_3/31-242,k141_123072_3,252,52.0,7e-13,0.0,212,50.8,1.2e-15,1.7e-12,0.0,workflow/out/asr_HMMER/domtbl/Stool_3_asr_B.domtblout
k141_77756_89/33-280,k141_77756_89,287,51.9,7.7e-13,5.3,248,46.3,2.8e-14,3.9e-11,5.3,workflow/out/asr_HMMER/domtbl/Stool_3_asr_B.domtblout
k141_8534_2/31-248,k141_8534_2,255,51.7,8.6e-13,1.3,218,48.9,4.4e-15,6.3e-12,1.3,workflow/out/asr_HMMER/domtbl/Stool_3_asr_B.domtblout
k141_122570_3/249-415,k141_122570_3,421,51.6,9.2e-13,0.4,167,49.9,2.1e-15,3e-12,0.0,workflow/out/asr_HMMER/domtbl/Stool_3_asr_B.domtblout
k141_160579_2/33-217,k141_160579_2,218,51.6,9.5e-13,0.0,185,47.2,1.5e-14,2.1e-11,0.0,workflow/out/asr_HMMER/domtbl/Stool_3_asr_B.domtblout
k141_287734_17/34-253,k141_287734_17,260,51.3,1.2e-12,0.5,220,49.3,3.3e-15,4.7e-12,0.5,workflow/out/asr_HMMER/domtbl/Stool_3_asr_B.domtblout
k141_282128_4/25-150,k141_282128_4,163,51.3,1.2e-12,0.2,126,51.1,9.2e-16,1.3e-12,0.2,workflow/out/asr_HMMER/domtbl/Stool_3_asr_B.domtblout
k141_325532_4/27-244,k141_325532_4,281,51.1,1.4e-12,4.2,218,50.7,1.3e-15,1.8e-12,4.2,workflow/out/asr_HMMER/domtbl/Stool_3_asr_B.domtblout
k141_279430_2/26-164,k141_279430_2,169,50.7,1.8e-12,0.1,139,50.5,1.4e-15,2e-12,0.1,workflow/out/asr_HMMER/domtbl/Stool_3_asr_B.domtblout
k141_62588_5/251-415,k141_62588_5,422,49.8,3.3e-12,0.5,165,49.3,3.3e-15,4.7e-12,0.0,workflow/out/asr_HMMER/domtbl/Stool_3_asr_B.domtblout
k141_163420_26/44-268,k141_163420_26,277,49.4,4.6e-12,0.0,225,48.7,5.3e-15,7.5e-12,0.0,workflow/out/asr_HMMER/domtbl/Stool_3_asr_B.domtblout
k141_330680_2/27-245,k141_330680_2,285,49.1,5.5e-12,0.3,219,48.6,5.5e-15,7.8e-12,0.3,workflow/out/asr_HMMER/domtbl/Stool_3_asr_B.domtblout
k141_4669_2/27-121,k141_4669_2,142,47.1,2.2e-11,0.0,95,47.1,1.6e-14,2.3e-11,0.0,workflow/out/asr_HMMER/domtbl/Stool_3_asr_B.domtblout
k141_207976_2/4-182,k141_207976_2,219,46.6,3.1e-11,2.8,179,46.4,2.6e-14,3.7e-11,2.8,workflow/out/asr_HMMER/domtbl/Stool_3_asr_B.domtblout
k141_71958_1/8-195,k141_71958_1,225,46.2,4.2e-11,1.9,188,45.8,3.9e-14,5.5e-11,1.9,workflow/out/asr_HMMER/domtbl/Stool_3_asr_B.domtblout
k141_283365_46/33-248,k141_283365_46,255,44.0,1.9e-10,6.3,216,41.4,8.6e-13,1.2e-09,6.3,workflow/out/asr_HMMER/domtbl/Stool_3_asr_B.domtblout
k141_34632_5/33-251,k141_34632_5,258,43.6,2.6e-10,1.4,219,41.1,1.1e-12,1.5e-09,1.4,workflow/out/asr_HMMER/domtbl/Stool_3_asr_B.domtblout
k141_268653_1/27-228,k141_268653_1,228,43.1,3.8e-10,0.0,202,42.7,3.4e-13,4.9e-10,0.0,workflow/out/asr_HMMER/domtbl/Stool_3_asr_B.domtblout
k141_308898_21/8-218,k141_308898_21,323,41.3,1.3e-09,0.6,211,40.4,1.8e-12,2.5e-09,0.0,workflow/out/asr_HMMER/domtbl/Stool_3_asr_B.domtblout
k141_261819_3/2-166,k141_261819_3,174,40.4,2.5e-09,0.0,165,40.1,2.1e-12,3e-09,0.0,workflow/out/asr_HMMER/domtbl/Stool_3_asr_B.domtblout
k141_272784_1/2-166,k141_272784_1,174,39.8,3.7e-09,0.0,165,39.6,3.1e-12,4.4e-09,0.0,workflow/out/asr_HMMER/domtbl/Stool_3_asr_B.domtblout
k141_53749_12/36-259,k141_53749_12,265,37.9,1.4e-08,0.0,224,37.3,1.5e-11,2.2e-08,0.0,workflow/out/asr_HMMER/domtbl/Stool_3_asr_B.domtblout
k141_290125_2/39-238,k141_290125_2,270,36.0,5.4e-08,0.3,200,31.8,7.5e-10,1.1e-06,0.3,workflow/out/asr_HMMER/domtbl/Stool_3_asr_B.domtblout
k141_211014_1/24-126,k141_211014_1,129,35.5,7.5e-08,0.1,103,35.5,5.3e-11,7.6e-08,0.1,workflow/out/asr_HMMER/domtbl/Stool_3_asr_B.domtblout
k141_8951_2/2-118,k141_8951_2,153,34.2,1.9e-07,0.0,117,33.9,1.6e-10,2.3e-07,0.0,workflow/out/asr_HMMER/domtbl/Stool_3_asr_B.domtblout
k141_169575_1/36-166,k141_169575_1,189,31.6,1.2e-06,0.0,131,31.3,1e-09,1.5e-06,0.0,workflow/out/asr_HMMER/domtbl/Stool_3_asr_B.domtblout
k141_84432_3/26-173,k141_84432_3,181,30.0,3.7e-06,0.0,148,29.7,3.1e-09,4.4e-06,0.0,workflow/out/asr_HMMER/domtbl/Stool_3_asr_B.domtblout
k141_271867_25/54-277,k141_271867_25,397,29.8,4.3e-06,0.0,224,28.4,8e-09,1.1e-05,0.0,workflow/out/asr_HMMER/domtbl/Stool_3_asr_B.domtblout
k141_64564_2/2-88,k141_64564_2,111,29.0,7.4e-06,0.3,87,28.7,6.4e-09,9.1e-06,0.3,workflow/out/asr_HMMER/domtbl/Stool_3_asr_B.domtblout
k141_262909_3/51-133,k141_262909_3,216,26.7,3.8e-05,0.0,83,26.4,3.3e-08,4.7e-05,0.0,workflow/out/asr_HMMER/domtbl/Stool_3_asr_B.domtblout
k141_194335_1/16-55,k141_194335_1,65,23.0,0.00049,0.7,40,23.0,3.5e-07,0.00049,0.7,workflow/out/asr_HMMER/domtbl/Stool_3_asr_B.domtblout
k141_227006_1/6-72,k141_227006_1,79,22.5,0.00069,0.3,67,22.2,6.4e-07,0.00091,0.3,workflow/out/asr_HMMER/domtbl/Stool_3_asr_B.domtblout
k141_17726_96/7-184,k141_17726_96,234,21.4,0.0016,0.0,178,21.1,1.4e-06,0.0019,0.0,workflow/out/asr_HMMER/domtbl/Stool_3_asr_B.domtblout
k141_283329_1/26-97,k141_283329_1,142,20.2,0.0036,0.4,72,19.8,3.3e-06,0.0047,0.4,workflow/out/asr_HMMER/domtbl/Stool_3_asr_B.domtblout
k141_163400_90/225-386,k141_163400_90,397,18.7,0.01,0.0,162,17.0,2.4e-05,0.034,0.0,workflow/out/asr_HMMER/domtbl/Stool_3_asr_B.domtblout
k141_9401_15/3-270,k141_9401_15,271,387.9,6e-116,0.2,268,387.7,4.7e-119,6.8e-116,0.2,workflow/out/asr_HMMER/domtbl/Capsule_3_asr_B.domtblout
k141_30505_25/8-272,k141_30505_25,279,180.6,1.1e-52,0.0,265,180.3,9.1e-56,1.3e-52,0.0,workflow/out/asr_HMMER/domtbl/Capsule_3_asr_B.domtblout
k141_14201_46/404-663,k141_14201_46,672,151.6,7.4e-44,0.0,260,151.0,7.9e-47,1.1e-43,0.0,workflow/out/asr_HMMER/domtbl/Capsule_3_asr_B.domtblout
k141_12097_32/31-249,k141_12097_32,256,86.5,5.5e-24,1.0,219,86.1,4.9e-27,7e-24,1.0,workflow/out/asr_HMMER/domtbl/Capsule_3_asr_B.domtblout
k141_39555_74/25-252,k141_39555_74,295,85.5,1.1e-23,0.3,228,85.1,1e-26,1.4e-23,0.3,workflow/out/asr_HMMER/domtbl/Capsule_3_asr_B.domtblout
k141_9249_3/26-252,k141_9249_3,295,75.5,1.2e-20,0.1,227,75.1,1.1e-23,1.6e-20,0.1,workflow/out/asr_HMMER/domtbl/Capsule_3_asr_B.domtblout
k141_43039_30/10-241,k141_43039_30,249,73.7,4.2e-20,0.3,232,72.7,6.3e-23,9e-20,0.3,workflow/out/asr_HMMER/domtbl/Capsule_3_asr_B.domtblout
k141_42069_82/69-289,k141_42069_82,295,72.7,8.9e-20,0.4,221,72.3,8.1e-23,1.2e-19,0.4,workflow/out/asr_HMMER/domtbl/Capsule_3_asr_B.domtblout
k141_42656_6/30-247,k141_42656_6,256,71.1,2.8e-19,0.0,218,70.7,2.5e-22,3.6e-19,0.0,workflow/out/asr_HMMER/domtbl/Capsule_3_asr_B.domtblout
k141_4532_194/20-240,k141_4532_194,248,70.3,4.7e-19,3.5,221,67.3,2.8e-21,4e-18,3.5,workflow/out/asr_HMMER/domtbl/Capsule_3_asr_B.domtblout
k141_33937_83/24-249,k141_33937_83,257,69.0,1.2e-18,0.0,226,68.6,1.1e-21,1.5e-18,0.0,workflow/out/asr_HMMER/domtbl/Capsule_3_asr_B.domtblout
k141_21498_1/7-205,k141_21498_1,212,68.0,2.3e-18,0.2,199,67.6,2.2e-21,3.1e-18,0.2,workflow/out/asr_HMMER/domtbl/Capsule_3_asr_B.domtblout
k141_18176_1/28-243,k141_18176_1,266,67.6,3.1e-18,3.4,216,67.2,2.9e-21,4.2e-18,3.4,workflow/out/asr_HMMER/domtbl/Capsule_3_asr_B.domtblout
k141_29790_3/28-243,k141_29790_3,266,67.4,3.7e-18,3.5,216,67.0,3.4e-21,4.9e-18,3.5,workflow/out/asr_HMMER/domtbl/Capsule_3_asr_B.domtblout
k141_13631_93/28-246,k141_13631_93,284,67.1,4.6e-18,0.3,219,66.7,4.3e-21,6.1e-18,0.3,workflow/out/asr_HMMER/domtbl/Capsule_3_asr_B.domtblout
k141_15216_2/27-249,k141_15216_2,255,66.9,5.1e-18,0.1,223,66.5,4.6e-21,6.6e-18,0.1,workflow/out/asr_HMMER/domtbl/Capsule_3_asr_B.domtblout
k141_20621_1/34-252,k141_20621_1,260,65.5,1.4e-17,0.0,219,65.0,1.4e-20,1.9e-17,0.0,workflow/out/asr_HMMER/domtbl/Capsule_3_asr_B.domtblout
k141_27554_4/34-253,k141_27554_4,259,65.1,1.8e-17,0.0,220,64.6,1.8e-20,2.5e-17,0.0,workflow/out/asr_HMMER/domtbl/Capsule_3_asr_B.domtblout
k141_2796_39/26-243,k141_2796_39,783,64.4,3e-17,2.9,218,64.4,2.1e-20,3e-17,2.9,workflow/out/asr_HMMER/domtbl/Capsule_3_asr_B.domtblout
k141_4603_2/25-245,k141_4603_2,281,62.3,1.3e-16,0.5,221,61.9,1.2e-19,1.7e-16,0.5,workflow/out/asr_HMMER/domtbl/Capsule_3_asr_B.domtblout
k141_33277_3/29-245,k141_33277_3,286,57.9,2.8e-15,0.1,217,57.5,2.7e-18,3.8e-15,0.1,workflow/out/asr_HMMER/domtbl/Capsule_3_asr_B.domtblout
k141_2789_6/34-254,k141_2789_6,260,57.1,5e-15,0.5,221,56.6,5.1e-18,7.3e-15,0.5,workflow/out/asr_HMMER/domtbl/Capsule_3_asr_B.domtblout
k141_17774_4/249-415,k141_17774_4,421,57.0,5.3e-15,1.2,167,56.5,5.5e-18,7.9e-15,0.0,workflow/out/asr_HMMER/domtbl/Capsule_3_asr_B.domtblout
k141_39462_31/34-254,k141_39462_31,260,56.1,1e-14,0.6,221,55.7,9.6e-18,1.4e-14,0.6,workflow/out/asr_HMMER/domtbl/Capsule_3_asr_B.domtblout
k141_171_77/26-242,k141_171_77,249,56.0,1.1e-14,0.6,217,54.9,1.7e-17,2.4e-14,0.6,workflow/out/asr_HMMER/domtbl/Capsule_3_asr_B.domtblout
k141_7980_162/249-415,k141_7980_162,421,54.8,2.5e-14,0.6,167,53.5,4.3e-17,6.2e-14,0.0,workflow/out/asr_HMMER/domtbl/Capsule_3_asr_B.domtblout
k141_24624_40/34-251,k141_24624_40,259,53.3,7.4e-14,2.4,218,51.5,1.8e-16,2.5e-13,2.4,workflow/out/asr_HMMER/domtbl/Capsule_3_asr_B.domtblout
k141_40537_16/250-415,k141_40537_16,423,52.6,1.2e-13,0.3,166,50.7,3.1e-16,4.5e-13,0.0,workflow/out/asr_HMMER/domtbl/Capsule_3_asr_B.domtblout
k141_6406_5/259-422,k141_6406_5,430,50.4,5.5e-13,0.0,164,47.0,4.3e-15,6.1e-12,0.0,workflow/out/asr_HMMER/domtbl/Capsule_3_asr_B.domtblout
k141_27426_2/258-421,k141_27426_2,429,49.8,8.3e-13,0.3,164,47.1,4.1e-15,5.8e-12,0.0,workflow/out/asr_HMMER/domtbl/Capsule_3_asr_B.domtblout
k141_26892_22/255-419,k141_26892_22,425,49.1,1.4e-12,0.3,165,48.3,1.7e-15,2.4e-12,0.0,workflow/out/asr_HMMER/domtbl/Capsule_3_asr_B.domtblout
k141_36906_1/202-366,k141_36906_1,373,48.8,1.7e-12,2.0,165,48.6,1.4e-15,2e-12,0.0,workflow/out/asr_HMMER/domtbl/Capsule_3_asr_B.domtblout
k141_24255_64/250-414,k141_24255_64,421,48.6,2e-12,0.1,165,45.9,8.9e-15,1.3e-11,0.0,workflow/out/asr_HMMER/domtbl/Capsule_3_asr_B.domtblout
k141_28498_22/242-403,k141_28498_22,408,47.7,3.8e-12,0.0,162,45.9,9e-15,1.3e-11,0.0,workflow/out/asr_HMMER/domtbl/Capsule_3_asr_B.domtblout
k141_28126_33/112-328,k141_28126_33,339,41.7,2.5e-10,0.0,217,39.3,9.6e-13,1.4e-09,0.0,workflow/out/asr_HMMER/domtbl/Capsule_3_asr_B.domtblout
k141_20915_20/8-218,k141_20915_20,323,41.3,3.3e-10,0.6,211,40.4,4.5e-13,6.5e-10,0.0,workflow/out/asr_HMMER/domtbl/Capsule_3_asr_B.domtblout
k141_10184_39/8-215,k141_10184_39,323,39.1,1.6e-09,0.2,208,37.2,4.1e-12,5.9e-09,0.0,workflow/out/asr_HMMER/domtbl/Capsule_3_asr_B.domtblout
k141_38651_4/60-237,k141_38651_4,272,38.8,1.9e-09,0.0,178,37.5,3.3e-12,4.7e-09,0.0,workflow/out/asr_HMMER/domtbl/Capsule_3_asr_B.domtblout
k141_28490_3/30-116,k141_28490_3,117,23.9,6.8e-05,0.0,87,23.8,4.9e-08,7.1e-05,0.0,workflow/out/asr_HMMER/domtbl/Capsule_3_asr_B.domtblout
k141_41885_5/59-146,k141_41885_5,215,22.2,0.00022,0.0,88,21.8,2.1e-07,0.0003,0.0,workflow/out/asr_HMMER/domtbl/Capsule_3_asr_B.domtblout
k141_45750_145/263-427,k141_45750_145,438,22.0,0.00027,0.0,165,21.1,3.4e-07,0.00049,0.0,workflow/out/asr_HMMER/domtbl/Capsule_3_asr_B.domtblout
k141_25629_7/7-184,k141_25629_7,234,21.4,0.0004,0.0,178,21.1,3.4e-07,0.00049,0.0,workflow/out/asr_HMMER/domtbl/Capsule_3_asr_B.domtblout
k141_28126_156/104-241,k141_28126_156,357,19.7,0.0013,0.0,138,19.0,1.5e-06,0.0021,0.0,workflow/out/asr_HMMER/domtbl/Capsule_3_asr_B.domtblout
k141_38143_61/225-386,k141_38143_61,397,18.7,0.0025,0.0,162,17.0,6e-06,0.0086,0.0,workflow/out/asr_HMMER/domtbl/Capsule_3_asr_B.domtblout
k141_6822_79/7-135,k141_6822_79,234,18.5,0.003,0.0,129,18.3,2.4e-06,0.0035,0.0,workflow/out/asr_HMMER/domtbl/Capsule_3_asr_B.domtblout
k141_21498_2/82-124,k141_21498_2,131,18.0,0.0043,0.1,43,17.5,4.2e-06,0.006,0.1,workflow/out/asr_HMMER/domtbl/Capsule_3_asr_B.domtblout
k141_60828_3/3-262,k141_60828_3,263,434.0,4.5e-130,0.5,260,433.9,3.3e-133,5.1e-130,0.5,workflow/out/asr_HMMER/domtbl/Stool_5_asr_B.domtblout
k141_11813_32/13-273,k141_11813_32,285,193.7,9.7e-57,0.3,261,193.4,7.5e-60,1.2e-56,0.3,workflow/out/asr_HMMER/domtbl/Stool_5_asr_B.domtblout
k141_36303_23/15-273,k141_36303_23,285,189.8,1.4e-55,0.3,259,189.5,1.2e-58,1.8e-55,0.3,workflow/out/asr_HMMER/domtbl/Stool_5_asr_B.domtblout
k141_28361_1/3-133,k141_28361_1,145,100.5,2.5e-28,0.1,131,100.4,1.8e-31,2.8e-28,0.1,workflow/out/asr_HMMER/domtbl/Stool_5_asr_B.domtblout
k141_28884_7/15-186,k141_28884_7,186,91.8,1.2e-25,0.0,172,91.5,9e-29,1.4e-25,0.0,workflow/out/asr_HMMER/domtbl/Stool_5_asr_B.domtblout
k141_25577_1/25-251,k141_25577_1,284,88.6,1.1e-24,2.4,227,88.2,9.3e-28,1.4e-24,2.4,workflow/out/asr_HMMER/domtbl/Stool_5_asr_B.domtblout
k141_57870_1/25-251,k141_57870_1,296,87.4,2.6e-24,2.9,227,86.7,2.6e-27,4.1e-24,2.9,workflow/out/asr_HMMER/domtbl/Stool_5_asr_B.domtblout
k141_18589_102/26-251,k141_18589_102,296,81.8,1.3e-22,2.1,226,81.8,8.6e-26,1.3e-22,2.1,workflow/out/asr_HMMER/domtbl/Stool_5_asr_B.domtblout
k141_66179_3/25-244,k141_66179_3,284,71.6,1.7e-19,0.9,220,71.2,1.4e-22,2.2e-19,0.9,workflow/out/asr_HMMER/domtbl/Stool_5_asr_B.domtblout
k141_36791_3/26-251,k141_36791_3,296,71.2,2.3e-19,1.8,226,70.8,1.9e-22,2.9e-19,1.8,workflow/out/asr_HMMER/domtbl/Stool_5_asr_B.domtblout
k141_56369_4/4-249,k141_56369_4,256,71.0,2.6e-19,3.4,246,70.0,3.4e-22,5.3e-19,3.4,workflow/out/asr_HMMER/domtbl/Stool_5_asr_B.domtblout
k141_7721_16/32-256,k141_7721_16,263,70.8,2.9e-19,0.6,225,69.1,6.3e-22,9.8e-19,0.6,workflow/out/asr_HMMER/domtbl/Stool_5_asr_B.domtblout
k141_12228_7/31-254,k141_12228_7,261,70.3,4.2e-19,0.8,224,69.0,7.1e-22,1.1e-18,0.8,workflow/out/asr_HMMER/domtbl/Stool_5_asr_B.domtblout
k141_70135_2/4-249,k141_70135_2,256,69.8,6.1e-19,3.8,246,68.7,8.4e-22,1.3e-18,3.8,workflow/out/asr_HMMER/domtbl/Stool_5_asr_B.domtblout
k141_23769_3/27-245,k141_23769_3,284,69.7,6.4e-19,1.9,219,69.7,4.2e-22,6.4e-19,1.9,workflow/out/asr_HMMER/domtbl/Stool_5_asr_B.domtblout
k141_55571_3/27-252,k141_55571_3,297,68.8,1.2e-18,1.5,226,68.3,1.1e-21,1.7e-18,1.5,workflow/out/asr_HMMER/domtbl/Stool_5_asr_B.domtblout
k141_53060_18/38-258,k141_53060_18,265,68.2,1.8e-18,1.0,221,66.9,3e-21,4.6e-18,1.0,workflow/out/asr_HMMER/domtbl/Stool_5_asr_B.domtblout
k141_45818_7/29-246,k141_45818_7,255,66.9,4.6e-18,4.1,218,66.6,3.7e-21,5.7e-18,4.1,workflow/out/asr_HMMER/domtbl/Stool_5_asr_B.domtblout
k141_7683_5/54-273,k141_7683_5,280,65.1,1.7e-17,3.7,220,62.0,9.4e-20,1.5e-16,3.7,workflow/out/asr_HMMER/domtbl/Stool_5_asr_B.domtblout
k141_69765_1/16-234,k141_69765_1,240,64.6,2.4e-17,0.2,219,64.2,2e-20,3.2e-17,0.2,workflow/out/asr_HMMER/domtbl/Stool_5_asr_B.domtblout
k141_22891_6/53-258,k141_22891_6,265,60.2,5.1e-16,1.7,206,59.2,6.5e-19,1e-15,1.7,workflow/out/asr_HMMER/domtbl/Stool_5_asr_B.domtblout
k141_28430_6/33-272,k141_28430_6,279,57.7,3e-15,1.4,240,56.0,6.2e-18,9.6e-15,1.4,workflow/out/asr_HMMER/domtbl/Stool_5_asr_B.domtblout
k141_55061_8/41-264,k141_55061_8,273,57.6,3.1e-15,0.2,224,56.5,4.5e-18,7e-15,0.2,workflow/out/asr_HMMER/domtbl/Stool_5_asr_B.domtblout
k141_5143_5/35-231,k141_5143_5,237,57.6,3.3e-15,3.5,197,56.3,5e-18,7.7e-15,3.5,workflow/out/asr_HMMER/domtbl/Stool_5_asr_B.domtblout
k141_58178_5/26-244,k141_58178_5,281,56.9,5.3e-15,3.6,219,56.5,4.5e-18,7e-15,3.6,workflow/out/asr_HMMER/domtbl/Stool_5_asr_B.domtblout
k141_15978_25/27-244,k141_15978_25,274,55.9,1.1e-14,2.2,218,55.5,9e-18,1.4e-14,2.2,workflow/out/asr_HMMER/domtbl/Stool_5_asr_B.domtblout
k141_3224_21/33-248,k141_3224_21,256,55.7,1.2e-14,4.8,216,53.9,2.8e-17,4.3e-14,4.8,workflow/out/asr_HMMER/domtbl/Stool_5_asr_B.domtblout
k141_15349_5/44-262,k141_15349_5,292,55.2,1.7e-14,3.6,219,54.9,1.4e-17,2.1e-14,3.6,workflow/out/asr_HMMER/domtbl/Stool_5_asr_B.domtblout
k141_29989_5/35-226,k141_29989_5,229,53.9,4.3e-14,0.2,192,52.9,5.5e-17,8.6e-14,0.2,workflow/out/asr_HMMER/domtbl/Stool_5_asr_B.domtblout
k141_21305_22/27-266,k141_21305_22,275,53.9,4.4e-14,0.0,240,52.5,7.3e-17,1.1e-13,0.0,workflow/out/asr_HMMER/domtbl/Stool_5_asr_B.domtblout
k141_53007_7/30-241,k141_53007_7,251,52.0,1.6e-13,7.3,212,49.5,5.9e-16,9.2e-13,7.3,workflow/out/asr_HMMER/domtbl/Stool_5_asr_B.domtblout
k141_58678_12/26-244,k141_58678_12,283,50.0,6.4e-13,1.1,219,49.6,5.5e-16,8.6e-13,1.1,workflow/out/asr_HMMER/domtbl/Stool_5_asr_B.domtblout
k141_29883_2/3-189,k141_29883_2,228,48.5,1.9e-12,1.6,187,48.4,1.4e-15,2.1e-12,1.1,workflow/out/asr_HMMER/domtbl/Stool_5_asr_B.domtblout
k141_69446_1/23-199,k141_69446_1,206,46.2,9.7e-12,1.9,177,45.2,1.3e-14,2e-11,1.9,workflow/out/asr_HMMER/domtbl/Stool_5_asr_B.domtblout
k141_67413_1/1-139,k141_67413_1,172,41.2,3.1e-10,0.5,139,41.0,2.4e-13,3.8e-10,0.5,workflow/out/asr_HMMER/domtbl/Stool_5_asr_B.domtblout
k141_60815_3/6-124,k141_60815_3,161,38.5,2.2e-09,1.0,119,38.3,1.6e-12,2.5e-09,1.0,workflow/out/asr_HMMER/domtbl/Stool_5_asr_B.domtblout
k141_17857_2/4-120,k141_17857_2,165,33.4,7.8e-08,1.2,117,32.8,7.5e-11,1.2e-07,1.2,workflow/out/asr_HMMER/domtbl/Stool_5_asr_B.domtblout
k141_110745_149/4-264,k141_110745_149,265,421.2,1.2e-125,0.0,261,421.0,9.7e-129,1.3e-125,0.0,workflow/out/asr_HMMER/domtbl/Stool_7_asr_B.domtblout
k141_123579_2/6-263,k141_123579_2,264,316.6,9.7e-94,0.0,258,316.4,7.9e-97,1.1e-93,0.0,workflow/out/asr_HMMER/domtbl/Stool_7_asr_B.domtblout
k141_129157_2/18-277,k141_129157_2,289,185.5,9.5e-54,0.2,260,185.1,9e-57,1.3e-53,0.2,workflow/out/asr_HMMER/domtbl/Stool_7_asr_B.domtblout
k141_98478_4/8-272,k141_98478_4,282,185.4,1.1e-53,0.0,265,185.0,9.8e-57,1.4e-53,0.0,workflow/out/asr_HMMER/domtbl/Stool_7_asr_B.domtblout
k141_108532_6/15-273,k141_108532_6,285,185.0,1.4e-53,0.1,259,184.7,1.2e-56,1.7e-53,0.1,workflow/out/asr_HMMER/domtbl/Stool_7_asr_B.domtblout
k141_85470_6/3-185,k141_85470_6,190,180.8,2.7e-52,0.1,183,180.6,2.1e-55,2.9e-52,0.1,workflow/out/asr_HMMER/domtbl/Stool_7_asr_B.domtblout
k141_61385_1/9-217,k141_61385_1,223,169.7,6.3e-49,0.1,209,169.6,4.8e-52,6.7e-49,0.1,workflow/out/asr_HMMER/domtbl/Stool_7_asr_B.domtblout
k141_27173_1/15-223,k141_27173_1,223,112.3,2.1e-31,0.1,209,112.1,1.8e-34,2.5e-31,0.1,workflow/out/asr_HMMER/domtbl/Stool_7_asr_B.domtblout
k141_116594_1/13-203,k141_116594_1,203,106.4,1.3e-29,0.0,191,106.2,1.1e-32,1.5e-29,0.0,workflow/out/asr_HMMER/domtbl/Stool_7_asr_B.domtblout
k141_24086_41/4-249,k141_24086_41,269,98.1,4.7e-27,0.5,246,97.6,4.6e-30,6.5e-27,0.5,workflow/out/asr_HMMER/domtbl/Stool_7_asr_B.domtblout
k141_65813_2/25-252,k141_65813_2,297,89.9,1.4e-24,1.5,228,89.5,1.3e-27,1.9e-24,1.5,workflow/out/asr_HMMER/domtbl/Stool_7_asr_B.domtblout
k141_115934_8/25-251,k141_115934_8,296,87.4,8.3e-24,2.9,227,86.7,9.5e-27,1.3e-23,2.9,workflow/out/asr_HMMER/domtbl/Stool_7_asr_B.domtblout
k141_122564_22/25-252,k141_122564_22,295,85.5,3.3e-23,0.3,228,85.1,3e-26,4.2e-23,0.3,workflow/out/asr_HMMER/domtbl/Stool_7_asr_B.domtblout
k141_166126_3/11-246,k141_166126_3,254,85.2,3.9e-23,0.0,236,84.7,3.8e-26,5.3e-23,0.0,workflow/out/asr_HMMER/domtbl/Stool_7_asr_B.domtblout
k141_63000_2/26-251,k141_63000_2,296,84.9,4.8e-23,4.7,226,84.9,3.5e-26,4.8e-23,4.7,workflow/out/asr_HMMER/domtbl/Stool_7_asr_B.domtblout
k141_218365_2/30-250,k141_218365_2,256,83.6,1.2e-22,2.1,221,82.4,2e-25,2.7e-22,2.1,workflow/out/asr_HMMER/domtbl/Stool_7_asr_B.domtblout
k141_80900_13/15-239,k141_80900_13,284,81.4,5.6e-22,2.3,225,81.0,5.5e-25,7.6e-22,2.3,workflow/out/asr_HMMER/domtbl/Stool_7_asr_B.domtblout
k141_88607_174/26-252,k141_88607_174,294,81.1,6.9e-22,1.7,227,80.8,6.2e-25,8.6e-22,1.7,workflow/out/asr_HMMER/domtbl/Stool_7_asr_B.domtblout
k141_17866_10/31-251,k141_17866_10,256,80.7,8.9e-22,0.2,221,79.6,1.4e-24,2e-21,0.2,workflow/out/asr_HMMER/domtbl/Stool_7_asr_B.domtblout
k141_116442_116/34-246,k141_116442_116,254,80.6,9.5e-22,1.4,213,80.3,8.8e-25,1.2e-21,1.4,workflow/out/asr_HMMER/domtbl/Stool_7_asr_B.domtblout
k141_197207_8/24-251,k141_197207_8,261,79.5,2.1e-21,1.8,228,79.2,1.9e-24,2.6e-21,1.8,workflow/out/asr_HMMER/domtbl/Stool_7_asr_B.domtblout
k141_127737_2/26-251,k141_127737_2,261,79.4,2.2e-21,2.2,226,79.1,2.1e-24,2.9e-21,2.2,workflow/out/asr_HMMER/domtbl/Stool_7_asr_B.domtblout
k141_132804_16/25-251,k141_132804_16,293,78.8,3.5e-21,2.8,227,78.5,3.1e-24,4.3e-21,2.8,workflow/out/asr_HMMER/domtbl/Stool_7_asr_B.domtblout
k141_188094_22/29-251,k141_188094_22,258,76.4,1.9e-20,1.5,223,75.9,1.9e-23,2.7e-20,1.5,workflow/out/asr_HMMER/domtbl/Stool_7_asr_B.domtblout
k141_2813_10/25-250,k141_2813_10,295,76.2,2.2e-20,1.7,226,75.6,2.3e-23,3.2e-20,1.7,workflow/out/asr_HMMER/domtbl/Stool_7_asr_B.domtblout
k141_105821_4/26-252,k141_105821_4,297,75.3,4.2e-20,3.1,227,74.8,4.2e-23,5.8e-20,3.1,workflow/out/asr_HMMER/domtbl/Stool_7_asr_B.domtblout
k141_218996_1/9-71,k141_218996_1,83,73.8,1.2e-19,1.0,63,73.7,9.2e-23,1.3e-19,1.0,workflow/out/asr_HMMER/domtbl/Stool_7_asr_B.domtblout
k141_60255_3/29-250,k141_60255_3,256,73.4,1.5e-19,0.5,222,73.1,1.4e-22,1.9e-19,0.5,workflow/out/asr_HMMER/domtbl/Stool_7_asr_B.domtblout
k141_98330_1/28-251,k141_98330_1,289,72.7,2.4e-19,1.9,224,72.3,2.3e-22,3.3e-19,1.9,workflow/out/asr_HMMER/domtbl/Stool_7_asr_B.domtblout
k141_75266_2/28-250,k141_75266_2,257,72.3,3.3e-19,1.3,223,70.5,8.5e-22,1.2e-18,1.3,workflow/out/asr_HMMER/domtbl/Stool_7_asr_B.domtblout
k141_6325_61/28-235,k141_6325_61,243,72.1,3.8e-19,6.2,208,68.9,2.6e-21,3.7e-18,6.2,workflow/out/asr_HMMER/domtbl/Stool_7_asr_B.domtblout
k141_65291_3/26-252,k141_65291_3,297,71.5,5.9e-19,1.5,227,71.0,6.2e-22,8.6e-19,1.5,workflow/out/asr_HMMER/domtbl/Stool_7_asr_B.domtblout
k141_138123_16/32-256,k141_138123_16,263,70.8,9.3e-19,0.6,225,69.1,2.3e-21,3.2e-18,0.6,workflow/out/asr_HMMER/domtbl/Stool_7_asr_B.domtblout
k141_121455_1/26-243,k141_121455_1,282,70.2,1.4e-18,1.9,218,69.8,1.4e-21,1.9e-18,1.9,workflow/out/asr_HMMER/domtbl/Stool_7_asr_B.domtblout
k141_166526_8/29-252,k141_166526_8,259,70.1,1.5e-18,0.5,224,69.1,2.4e-21,3.3e-18,0.5,workflow/out/asr_HMMER/domtbl/Stool_7_asr_B.domtblout
k141_82642_3/4-249,k141_82642_3,256,70.1,1.6e-18,3.1,246,68.9,2.6e-21,3.6e-18,3.1,workflow/out/asr_HMMER/domtbl/Stool_7_asr_B.domtblout
k141_154213_42/40-260,k141_154213_42,267,70.1,1.6e-18,0.7,221,69.2,2.1e-21,2.9e-18,0.7,workflow/out/asr_HMMER/domtbl/Stool_7_asr_B.domtblout
k141_216470_11/20-240,k141_216470_11,248,70.0,1.7e-18,3.3,221,67.2,8.9e-21,1.2e-17,3.3,workflow/out/asr_HMMER/domtbl/Stool_7_asr_B.domtblout
k141_34795_1/26-243,k141_34795_1,281,69.9,1.8e-18,2.9,218,69.5,1.7e-21,2.4e-18,2.9,workflow/out/asr_HMMER/domtbl/Stool_7_asr_B.domtblout
k141_69413_33/27-245,k141_69413_33,284,69.7,2.1e-18,1.9,219,69.7,1.5e-21,2.1e-18,1.9,workflow/out/asr_HMMER/domtbl/Stool_7_asr_B.domtblout
k141_82816_2/27-252,k141_82816_2,297,68.8,3.9e-18,1.5,226,68.3,4e-21,5.5e-18,1.5,workflow/out/asr_HMMER/domtbl/Stool_7_asr_B.domtblout
k141_36717_20/2-245,k141_36717_20,280,68.7,4.2e-18,0.0,244,68.4,3.7e-21,5.2e-18,0.0,workflow/out/asr_HMMER/domtbl/Stool_7_asr_B.domtblout
k141_166027_1/26-243,k141_166027_1,282,68.6,4.6e-18,1.3,218,68.2,4.4e-21,6.1e-18,1.3,workflow/out/asr_HMMER/domtbl/Stool_7_asr_B.domtblout
k141_105100_4/31-254,k141_105100_4,261,68.2,6.1e-18,0.4,224,66.7,1.3e-20,1.7e-17,0.4,workflow/out/asr_HMMER/domtbl/Stool_7_asr_B.domtblout
k141_14271_71/31-249,k141_14271_71,258,68.2,6.1e-18,0.2,219,67.8,5.7e-21,7.9e-18,0.2,workflow/out/asr_HMMER/domtbl/Stool_7_asr_B.domtblout
k141_86673_6/7-236,k141_86673_6,246,68.0,6.9e-18,3.2,230,66.4,1.5e-20,2.1e-17,3.2,workflow/out/asr_HMMER/domtbl/Stool_7_asr_B.domtblout
k141_14954_3/62-289,k141_14954_3,296,67.9,7.2e-18,1.2,228,66.4,1.5e-20,2.1e-17,1.2,workflow/out/asr_HMMER/domtbl/Stool_7_asr_B.domtblout
k141_198458_2/26-243,k141_198458_2,282,67.8,8.2e-18,1.5,218,67.3,7.9e-21,1.1e-17,1.5,workflow/out/asr_HMMER/domtbl/Stool_7_asr_B.domtblout
k141_214231_2/27-244,k141_214231_2,284,67.7,8.3e-18,2.5,218,67.4,7.5e-21,1e-17,2.5,workflow/out/asr_HMMER/domtbl/Stool_7_asr_B.domtblout
k141_57068_1/26-243,k141_57068_1,282,67.7,8.6e-18,2.2,218,67.3,8.3e-21,1.1e-17,2.2,workflow/out/asr_HMMER/domtbl/Stool_7_asr_B.domtblout
k141_91245_2/34-253,k141_91245_2,258,67.6,8.9e-18,1.2,220,66.1,1.9e-20,2.6e-17,1.2,workflow/out/asr_HMMER/domtbl/Stool_7_asr_B.domtblout
k141_187602_2/34-253,k141_187602_2,258,67.4,1.1e-17,1.5,220,65.8,2.3e-20,3.2e-17,1.5,workflow/out/asr_HMMER/domtbl/Stool_7_asr_B.domtblout
k141_113108_6/26-244,k141_113108_6,285,66.6,1.9e-17,0.5,219,66.2,1.8e-20,2.4e-17,0.5,workflow/out/asr_HMMER/domtbl/Stool_7_asr_B.domtblout
k141_194013_11/29-246,k141_194013_11,255,66.3,2.2e-17,3.9,218,66.0,2e-20,2.7e-17,3.9,workflow/out/asr_HMMER/domtbl/Stool_7_asr_B.domtblout
k141_123095_37/26-244,k141_123095_37,279,66.3,2.3e-17,2.1,219,65.9,2.2e-20,3e-17,2.1,workflow/out/asr_HMMER/domtbl/Stool_7_asr_B.domtblout
k141_189123_5/35-253,k141_189123_5,258,66.2,2.5e-17,2.1,219,64.5,5.6e-20,7.8e-17,2.1,workflow/out/asr_HMMER/domtbl/Stool_7_asr_B.domtblout
k141_51025_10/35-252,k141_51025_10,257,66.1,2.7e-17,2.1,218,63.2,1.5e-19,2e-16,2.1,workflow/out/asr_HMMER/domtbl/Stool_7_asr_B.domtblout
k141_101636_5/26-244,k141_101636_5,281,66.0,2.8e-17,1.6,219,65.6,2.6e-20,3.7e-17,1.6,workflow/out/asr_HMMER/domtbl/Stool_7_asr_B.domtblout
k141_185143_1/26-234,k141_185143_1,237,65.7,3.4e-17,1.1,209,65.5,2.9e-20,4.1e-17,1.1,workflow/out/asr_HMMER/domtbl/Stool_7_asr_B.domtblout
k141_101686_8/8-248,k141_101686_8,257,65.5,3.9e-17,0.0,241,65.0,4e-20,5.6e-17,0.0,workflow/out/asr_HMMER/domtbl/Stool_7_asr_B.domtblout
k141_106930_43/34-251,k141_106930_43,257,65.4,4.2e-17,0.1,218,65.0,4.2e-20,5.8e-17,0.1,workflow/out/asr_HMMER/domtbl/Stool_7_asr_B.domtblout
k141_182032_32/25-245,k141_182032_32,281,65.4,4.3e-17,0.8,221,64.9,4.3e-20,5.9e-17,0.8,workflow/out/asr_HMMER/domtbl/Stool_7_asr_B.domtblout
k141_17250_98/26-243,k141_17250_98,286,64.9,6e-17,1.4,218,64.4,6e-20,8.3e-17,1.4,workflow/out/asr_HMMER/domtbl/Stool_7_asr_B.domtblout
k141_23756_2/56-274,k141_23756_2,280,64.5,8.2e-17,0.0,219,63.9,8.5e-20,1.2e-16,0.0,workflow/out/asr_HMMER/domtbl/Stool_7_asr_B.domtblout
k141_136804_6/24-246,k141_136804_6,286,64.4,8.5e-17,0.2,223,64.0,8.4e-20,1.2e-16,0.2,workflow/out/asr_HMMER/domtbl/Stool_7_asr_B.domtblout
k141_186413_3/26-244,k141_186413_3,281,64.4,8.6e-17,0.6,219,64.0,8e-20,1.1e-16,0.6,workflow/out/asr_HMMER/domtbl/Stool_7_asr_B.domtblout
k141_39139_2/35-253,k141_39139_2,258,64.2,1e-16,2.0,219,62.0,3.4e-19,4.8e-16,2.0,workflow/out/asr_HMMER/domtbl/Stool_7_asr_B.domtblout
k141_191151_2/17-238,k141_191151_2,245,63.7,1.5e-16,2.1,222,59.9,1.5e-18,2.1e-15,2.1,workflow/out/asr_HMMER/domtbl/Stool_7_asr_B.domtblout
k141_112876_3/31-248,k141_112876_3,256,63.3,1.9e-16,1.8,218,61.7,4.2e-19,5.9e-16,1.8,workflow/out/asr_HMMER/domtbl/Stool_7_asr_B.domtblout
k141_132966_1/125-341,k141_132966_1,347,62.8,2.6e-16,0.2,217,62.3,2.8e-19,3.9e-16,0.2,workflow/out/asr_HMMER/domtbl/Stool_7_asr_B.domtblout
k141_126514_4/39-256,k141_126514_4,291,62.6,3e-16,2.3,218,62.2,2.9e-19,4e-16,2.3,workflow/out/asr_HMMER/domtbl/Stool_7_asr_B.domtblout
k141_131125_1/4-192,k141_131125_1,237,62.4,3.4e-16,1.8,189,62.1,3.2e-19,4.4e-16,1.8,workflow/out/asr_HMMER/domtbl/Stool_7_asr_B.domtblout
k141_23468_17/26-245,k141_23468_17,278,62.3,3.8e-16,0.9,220,61.9,3.7e-19,5.1e-16,0.9,workflow/out/asr_HMMER/domtbl/Stool_7_asr_B.domtblout
k141_106930_52/27-245,k141_106930_52,276,62.3,3.9e-16,3.7,219,61.8,4e-19,5.5e-16,3.7,workflow/out/asr_HMMER/domtbl/Stool_7_asr_B.domtblout
k141_39282_4/55-251,k141_39282_4,257,61.9,4.8e-16,1.7,197,61.1,6.5e-19,9e-16,1.7,workflow/out/asr_HMMER/domtbl/Stool_7_asr_B.domtblout
k141_213801_4/29-247,k141_213801_4,287,61.8,5.3e-16,0.4,219,61.5,4.9e-19,6.8e-16,0.4,workflow/out/asr_HMMER/domtbl/Stool_7_asr_B.domtblout
k141_93162_2/28-243,k141_93162_2,612,61.6,6.4e-16,4.0,216,61.5,4.8e-19,6.6e-16,2.6,workflow/out/asr_HMMER/domtbl/Stool_7_asr_B.domtblout
k141_176643_4/32-254,k141_176643_4,261,60.6,1.3e-15,0.4,223,59.3,2.3e-18,3.1e-15,0.4,workflow/out/asr_HMMER/domtbl/Stool_7_asr_B.domtblout
k141_2646_15/33-248,k141_2646_15,256,60.3,1.6e-15,3.1,216,58.7,3.5e-18,4.9e-15,3.1,workflow/out/asr_HMMER/domtbl/Stool_7_asr_B.domtblout
k141_208685_9/26-244,k141_208685_9,281,59.8,2.1e-15,2.0,219,59.4,2e-18,2.8e-15,2.0,workflow/out/asr_HMMER/domtbl/Stool_7_asr_B.domtblout
k141_146118_10/35-253,k141_146118_10,259,58.1,7.2e-15,0.1,219,57.6,7.4e-18,1e-14,0.1,workflow/out/asr_HMMER/domtbl/Stool_7_asr_B.domtblout
k141_183223_2/26-244,k141_183223_2,281,57.6,1e-14,3.3,219,57.2,9.7e-18,1.3e-14,3.3,workflow/out/asr_HMMER/domtbl/Stool_7_asr_B.domtblout
k141_115025_2/35-231,k141_115025_2,237,57.6,1.1e-14,3.5,197,56.3,1.8e-17,2.5e-14,3.5,workflow/out/asr_HMMER/domtbl/Stool_7_asr_B.domtblout
k141_144604_6/55-249,k141_144604_6,257,57.3,1.2e-14,0.4,195,56.6,1.5e-17,2.1e-14,0.4,workflow/out/asr_HMMER/domtbl/Stool_7_asr_B.domtblout
k141_190831_3/37-261,k141_190831_3,268,57.3,1.3e-14,1.0,225,56.7,1.4e-17,1.9e-14,1.0,workflow/out/asr_HMMER/domtbl/Stool_7_asr_B.domtblout
k141_136029_2/31-258,k141_136029_2,265,57.2,1.3e-14,0.1,228,56.2,1.9e-17,2.7e-14,0.1,workflow/out/asr_HMMER/domtbl/Stool_7_asr_B.domtblout
k141_30130_2/26-244,k141_30130_2,281,56.8,1.9e-14,2.8,219,56.4,1.7e-17,2.4e-14,2.8,workflow/out/asr_HMMER/domtbl/Stool_7_asr_B.domtblout
k141_25612_2/26-244,k141_25612_2,281,56.6,2.1e-14,3.4,219,56.2,2e-17,2.7e-14,3.4,workflow/out/asr_HMMER/domtbl/Stool_7_asr_B.domtblout
k141_160193_3/32-248,k141_160193_3,256,56.0,3.1e-14,2.8,217,54.0,9.3e-17,1.3e-13,2.8,workflow/out/asr_HMMER/domtbl/Stool_7_asr_B.domtblout
k141_78007_3/32-125,k141_78007_3,292,56.0,3.1e-14,5.5,94,30.2,1.7e-09,2.4e-06,0.0,workflow/out/asr_HMMER/domtbl/Stool_7_asr_B.domtblout
k141_78007_3/160-286,k141_78007_3,292,56.0,3.1e-14,5.5,127,25.6,4.3e-08,6e-05,2.8,workflow/out/asr_HMMER/domtbl/Stool_7_asr_B.domtblout
k141_140422_4/33-135,k141_140422_4,261,55.6,4.2e-14,1.1,103,28.5,5.5e-09,7.7e-06,0.0,workflow/out/asr_HMMER/domtbl/Stool_7_asr_B.domtblout
k141_140422_4/193-254,k141_140422_4,261,55.6,4.2e-14,1.1,62,24.7,8.1e-08,0.00011,1.5,workflow/out/asr_HMMER/domtbl/Stool_7_asr_B.domtblout
k141_128484_72/29-251,k141_128484_72,256,55.5,4.4e-14,0.0,223,55.2,4.1e-17,5.6e-14,0.0,workflow/out/asr_HMMER/domtbl/Stool_7_asr_B.domtblout
k141_126734_13/44-262,k141_126734_13,292,55.2,5.4e-14,3.6,219,54.9,4.9e-17,6.8e-14,3.6,workflow/out/asr_HMMER/domtbl/Stool_7_asr_B.domtblout
k141_100395_2/25-243,k141_100395_2,280,55.1,5.8e-14,2.6,219,54.7,5.6e-17,7.8e-14,2.6,workflow/out/asr_HMMER/domtbl/Stool_7_asr_B.domtblout
k141_215160_5/249-415,k141_215160_5,421,54.8,7.3e-14,0.6,167,53.5,1.3e-16,1.8e-13,0.0,workflow/out/asr_HMMER/domtbl/Stool_7_asr_B.domtblout
k141_145803_2/36-253,k141_145803_2,262,54.8,7.4e-14,0.0,218,54.3,7.6e-17,1.1e-13,0.0,workflow/out/asr_HMMER/domtbl/Stool_7_asr_B.domtblout
k141_121305_2/40-261,k141_121305_2,268,54.3,1e-13,0.0,222,53.7,1.2e-16,1.6e-13,0.0,workflow/out/asr_HMMER/domtbl/Stool_7_asr_B.domtblout
k141_196029_1/130-295,k141_196029_1,303,52.6,3.5e-13,0.0,166,51.9,4.1e-16,5.6e-13,0.0,workflow/out/asr_HMMER/domtbl/Stool_7_asr_B.domtblout
k141_77999_2/30-241,k141_77999_2,251,52.3,4.2e-13,7.3,212,49.8,1.7e-15,2.4e-12,7.3,workflow/out/asr_HMMER/domtbl/Stool_7_asr_B.domtblout
k141_53688_4/27-244,k141_53688_4,281,52.1,4.8e-13,4.1,218,51.7,4.6e-16,6.3e-13,4.1,workflow/out/asr_HMMER/domtbl/Stool_7_asr_B.domtblout
k141_136822_2/31-149,k141_136822_2,164,51.5,7.4e-13,0.0,119,51.3,6.1e-16,8.4e-13,0.0,workflow/out/asr_HMMER/domtbl/Stool_7_asr_B.domtblout
k141_182871_6/27-244,k141_182871_6,281,51.2,9.5e-13,2.9,218,50.7,9.2e-16,1.3e-12,2.9,workflow/out/asr_HMMER/domtbl/Stool_7_asr_B.domtblout
k141_149308_5/243-418,k141_149308_5,425,50.6,1.4e-12,0.4,176,48.8,3.6e-15,5.1e-12,0.0,workflow/out/asr_HMMER/domtbl/Stool_7_asr_B.domtblout
k141_202732_11/24-154,k141_202732_11,159,50.4,1.6e-12,0.0,131,50.1,1.4e-15,1.9e-12,0.0,workflow/out/asr_HMMER/domtbl/Stool_7_asr_B.domtblout
k141_216879_6/26-244,k141_216879_6,283,50.0,2.1e-12,1.1,219,49.6,2e-15,2.8e-12,1.1,workflow/out/asr_HMMER/domtbl/Stool_7_asr_B.domtblout
k141_35256_33/252-416,k141_35256_33,423,49.2,3.8e-12,1.2,165,48.3,5.1e-15,7e-12,0.0,workflow/out/asr_HMMER/domtbl/Stool_7_asr_B.domtblout
k141_161047_16/27-244,k141_161047_16,281,49.2,3.8e-12,3.0,218,48.7,3.7e-15,5.1e-12,3.0,workflow/out/asr_HMMER/domtbl/Stool_7_asr_B.domtblout
k141_68548_2/2-168,k141_68548_2,179,45.2,6.1e-11,7.5,167,42.1,3.8e-13,5.3e-10,7.5,workflow/out/asr_HMMER/domtbl/Stool_7_asr_B.domtblout
k141_451_10/2-157,k141_451_10,164,44.7,8.8e-11,2.3,156,43.9,1.1e-13,1.5e-10,2.3,workflow/out/asr_HMMER/domtbl/Stool_7_asr_B.domtblout
k141_102490_1/24-141,k141_102490_1,179,44.1,1.3e-10,0.6,118,43.9,1.1e-13,1.5e-10,0.6,workflow/out/asr_HMMER/domtbl/Stool_7_asr_B.domtblout
k141_58977_3/118-281,k141_58977_3,404,43.6,1.9e-10,0.0,164,43.0,2.2e-13,3e-10,0.0,workflow/out/asr_HMMER/domtbl/Stool_7_asr_B.domtblout
k141_182379_1/5-169,k141_182379_1,169,43.3,2.4e-10,2.5,165,42.7,2.6e-13,3.6e-10,2.5,workflow/out/asr_HMMER/domtbl/Stool_7_asr_B.domtblout
k141_164259_1/32-111,k141_164259_1,120,40.8,1.3e-09,0.9,80,40.6,1.1e-12,1.5e-09,0.9,workflow/out/asr_HMMER/domtbl/Stool_7_asr_B.domtblout
k141_75704_4/31-121,k141_75704_4,170,39.4,3.7e-09,0.0,91,39.1,3.2e-12,4.5e-09,0.0,workflow/out/asr_HMMER/domtbl/Stool_7_asr_B.domtblout
k141_145845_1/29-120,k141_145845_1,121,36.6,2.5e-08,0.0,92,36.5,2.1e-11,2.9e-08,0.0,workflow/out/asr_HMMER/domtbl/Stool_7_asr_B.domtblout
k141_211605_1/29-130,k141_211605_1,141,36.2,3.5e-08,0.0,102,36.0,2.9e-11,4e-08,0.0,workflow/out/asr_HMMER/domtbl/Stool_7_asr_B.domtblout
k141_143289_1/4-122,k141_143289_1,164,35.0,7.9e-08,1.0,119,35.0,5.7e-11,7.9e-08,1.0,workflow/out/asr_HMMER/domtbl/Stool_7_asr_B.domtblout
k141_123777_1/11-79,k141_123777_1,86,32.7,3.9e-07,4.4,69,32.5,3.3e-10,4.6e-07,4.4,workflow/out/asr_HMMER/domtbl/Stool_7_asr_B.domtblout
k141_151013_3/114-276,k141_151013_3,389,32.0,6.7e-07,0.0,163,31.3,7.9e-10,1.1e-06,0.0,workflow/out/asr_HMMER/domtbl/Stool_7_asr_B.domtblout
k141_158120_2/2-134,k141_158120_2,141,31.4,1e-06,0.9,133,30.3,1.6e-09,2.2e-06,0.9,workflow/out/asr_HMMER/domtbl/Stool_7_asr_B.domtblout
k141_35500_1/35-131,k141_35500_1,199,29.5,3.9e-06,0.0,97,29.2,3.5e-09,4.8e-06,0.0,workflow/out/asr_HMMER/domtbl/Stool_7_asr_B.domtblout
k141_28952_6/114-268,k141_28952_6,388,28.9,6e-06,0.0,155,28.2,7.1e-09,9.8e-06,0.0,workflow/out/asr_HMMER/domtbl/Stool_7_asr_B.domtblout
k141_173834_3/34-131,k141_173834_3,199,28.8,6.3e-06,0.0,98,28.5,5.6e-09,7.8e-06,0.0,workflow/out/asr_HMMER/domtbl/Stool_7_asr_B.domtblout
k141_158101_2/2-138,k141_158101_2,147,28.5,7.5e-06,0.3,137,28.3,6.4e-09,9e-06,0.3,workflow/out/asr_HMMER/domtbl/Stool_7_asr_B.domtblout
k141_125460_16/26-117,k141_125460_16,124,25.0,9.4e-05,0.9,92,23.1,2.5e-07,0.00035,0.9,workflow/out/asr_HMMER/domtbl/Stool_7_asr_B.domtblout
k141_36900_3/5-92,k141_36900_3,131,24.6,0.00012,1.0,88,24.3,1.1e-07,0.00015,1.0,workflow/out/asr_HMMER/domtbl/Stool_7_asr_B.domtblout
k141_23004_1/37-124,k141_23004_1,126,24.2,0.00015,0.0,88,24.0,1.3e-07,0.00018,0.0,workflow/out/asr_HMMER/domtbl/Stool_7_asr_B.domtblout
k141_217997_2/11-55,k141_217997_2,62,23.4,0.00029,5.5,45,20.8,1.3e-06,0.0018,5.5,workflow/out/asr_HMMER/domtbl/Stool_7_asr_B.domtblout
k141_57088_3/46-105,k141_57088_3,114,22.2,0.00066,0.1,60,22.0,5.2e-07,0.00073,0.1,workflow/out/asr_HMMER/domtbl/Stool_7_asr_B.domtblout
k141_85470_5/12-69,k141_85470_5,78,18.8,0.0071,0.0,58,18.6,5.8e-06,0.008,0.0,workflow/out/asr_HMMER/domtbl/Stool_7_asr_B.domtblout
k141_140389_3/3-262,k141_140389_3,263,433.8,4.9e-129,0.4,260,433.7,4.1e-132,5.5e-129,0.4,workflow/out/asr_HMMER/domtbl/Stool_9_asr_B.domtblout
k141_485383_2/3-262,k141_485383_2,263,427.5,4.1e-127,0.4,260,427.3,3.5e-130,4.6e-127,0.4,workflow/out/asr_HMMER/domtbl/Stool_9_asr_B.domtblout
k141_112706_3/3-270,k141_112706_3,271,387.9,5e-115,0.2,268,387.7,4.3e-118,5.7e-115,0.2,workflow/out/asr_HMMER/domtbl/Stool_9_asr_B.domtblout
k141_262224_2/4-263,k141_262224_2,264,348.9,4e-103,0.4,260,348.7,3.5e-106,4.6e-103,0.4,workflow/out/asr_HMMER/domtbl/Stool_9_asr_B.domtblout
k141_51852_3/3-262,k141_51852_3,263,334.3,1.1e-98,0.0,260,334.1,9.5e-102,1.3e-98,0.0,workflow/out/asr_HMMER/domtbl/Stool_9_asr_B.domtblout
k141_150705_4/7-263,k141_150705_4,264,297.1,2.4e-87,0.0,257,297.0,2.1e-90,2.7e-87,0.0,workflow/out/asr_HMMER/domtbl/Stool_9_asr_B.domtblout
k141_388853_3/1-200,k141_388853_3,201,285.5,9e-84,0.0,200,285.3,7.5e-87,1e-83,0.0,workflow/out/asr_HMMER/domtbl/Stool_9_asr_B.domtblout
k141_473839_12/30-296,k141_473839_12,301,232.0,1.8e-67,0.0,267,231.8,1.6e-70,2.1e-67,0.0,workflow/out/asr_HMMER/domtbl/Stool_9_asr_B.domtblout
k141_213318_27/34-299,k141_213318_27,304,230.8,4.3e-67,0.0,266,230.6,3.7e-70,4.8e-67,0.0,workflow/out/asr_HMMER/domtbl/Stool_9_asr_B.domtblout
k141_51129_1/5-205,k141_51129_1,205,215.1,2.6e-62,0.0,201,214.9,2.2e-65,3e-62,0.0,workflow/out/asr_HMMER/domtbl/Stool_9_asr_B.domtblout
k141_413747_25/19-280,k141_413747_25,289,196.3,1.5e-56,0.0,262,196.0,1.3e-59,1.8e-56,0.0,workflow/out/asr_HMMER/domtbl/Stool_9_asr_B.domtblout
k141_533723_15/13-273,k141_533723_15,285,193.7,9.1e-56,0.3,261,193.4,8.2e-59,1.1e-55,0.3,workflow/out/asr_HMMER/domtbl/Stool_9_asr_B.domtblout
k141_370850_210/6-267,k141_370850_210,276,193.6,9.3e-56,0.3,262,193.5,7.8e-59,1e-55,0.3,workflow/out/asr_HMMER/domtbl/Stool_9_asr_B.domtblout
k141_222666_3/7-268,k141_222666_3,276,190.3,9.8e-55,0.2,262,190.1,8.3e-58,1.1e-54,0.2,workflow/out/asr_HMMER/domtbl/Stool_9_asr_B.domtblout
k141_511053_1/38-298,k141_511053_1,308,190.1,1.1e-54,0.0,261,189.9,1e-57,1.3e-54,0.0,workflow/out/asr_HMMER/domtbl/Stool_9_asr_B.domtblout
k141_288717_28/6-267,k141_288717_28,276,189.6,1.5e-54,0.0,262,189.5,1.3e-57,1.7e-54,0.0,workflow/out/asr_HMMER/domtbl/Stool_9_asr_B.domtblout
k141_475467_10/7-270,k141_475467_10,276,189.3,2e-54,0.0,264,189.2,1.6e-57,2.2e-54,0.0,workflow/out/asr_HMMER/domtbl/Stool_9_asr_B.domtblout
k141_264731_7/15-276,k141_264731_7,285,188.9,2.7e-54,0.3,262,188.6,2.5e-57,3.3e-54,0.3,workflow/out/asr_HMMER/domtbl/Stool_9_asr_B.domtblout
k141_221058_13/37-271,k141_221058_13,276,188.6,3.1e-54,0.0,235,188.4,2.7e-57,3.6e-54,0.0,workflow/out/asr_HMMER/domtbl/Stool_9_asr_B.domtblout
k141_145980_12/7-265,k141_145980_12,277,188.6,3.2e-54,0.3,259,188.4,2.9e-57,3.8e-54,0.3,workflow/out/asr_HMMER/domtbl/Stool_9_asr_B.domtblout
k141_499026_4/4-177,k141_499026_4,178,188.6,3.2e-54,0.0,174,188.4,2.7e-57,3.6e-54,0.0,workflow/out/asr_HMMER/domtbl/Stool_9_asr_B.domtblout
k141_552524_2/15-276,k141_552524_2,285,188.0,4.8e-54,0.1,262,187.7,4.5e-57,5.9e-54,0.1,workflow/out/asr_HMMER/domtbl/Stool_9_asr_B.domtblout
k141_387922_3/9-266,k141_387922_3,278,187.8,5.5e-54,0.2,258,187.6,4.9e-57,6.4e-54,0.2,workflow/out/asr_HMMER/domtbl/Stool_9_asr_B.domtblout
k141_532939_2/15-276,k141_532939_2,285,187.4,7.2e-54,0.2,262,187.1,6.8e-57,9.1e-54,0.2,workflow/out/asr_HMMER/domtbl/Stool_9_asr_B.domtblout
k141_260305_2/8-274,k141_260305_2,283,187.3,8.2e-54,0.0,267,186.9,7.7e-57,1e-53,0.0,workflow/out/asr_HMMER/domtbl/Stool_9_asr_B.domtblout
k141_4529_16/6-271,k141_4529_16,281,186.9,1.1e-53,0.0,266,186.7,9.4e-57,1.2e-53,0.0,workflow/out/asr_HMMER/domtbl/Stool_9_asr_B.domtblout
k141_182219_2/10-268,k141_182219_2,280,186.7,1.2e-53,0.2,259,186.5,1.1e-56,1.4e-53,0.2,workflow/out/asr_HMMER/domtbl/Stool_9_asr_B.domtblout
k141_372248_12/15-274,k141_372248_12,286,185.6,2.7e-53,0.1,260,185.2,2.6e-56,3.5e-53,0.1,workflow/out/asr_HMMER/domtbl/Stool_9_asr_B.domtblout
k141_264077_3/8-272,k141_264077_3,282,185.5,2.8e-53,0.0,265,185.2,2.6e-56,3.5e-53,0.0,workflow/out/asr_HMMER/domtbl/Stool_9_asr_B.domtblout
k141_491801_8/10-267,k141_491801_8,278,185.3,3.2e-53,0.1,258,185.2,2.7e-56,3.5e-53,0.1,workflow/out/asr_HMMER/domtbl/Stool_9_asr_B.domtblout
k141_119589_2/15-273,k141_119589_2,285,185.0,4e-53,0.1,259,184.7,3.7e-56,4.9e-53,0.1,workflow/out/asr_HMMER/domtbl/Stool_9_asr_B.domtblout
k141_426661_3/7-268,k141_426661_3,276,184.8,4.8e-53,0.0,262,184.6,4e-56,5.3e-53,0.0,workflow/out/asr_HMMER/domtbl/Stool_9_asr_B.domtblout
k141_337825_2/9-272,k141_337825_2,278,184.4,6.2e-53,0.1,264,184.2,5.3e-56,7e-53,0.1,workflow/out/asr_HMMER/domtbl/Stool_9_asr_B.domtblout
k141_202963_1/5-270,k141_202963_1,280,181.5,4.6e-52,0.0,266,181.2,4.3e-55,5.7e-52,0.0,workflow/out/asr_HMMER/domtbl/Stool_9_asr_B.domtblout
k141_134215_7/15-279,k141_134215_7,285,180.3,1.1e-51,0.3,265,179.8,1.2e-54,1.6e-51,0.3,workflow/out/asr_HMMER/domtbl/Stool_9_asr_B.domtblout
k141_107565_4/15-279,k141_107565_4,285,180.3,1.1e-51,0.3,265,179.8,1.2e-54,1.6e-51,0.3,workflow/out/asr_HMMER/domtbl/Stool_9_asr_B.domtblout
k141_582413_7/15-273,k141_582413_7,285,179.3,2.1e-51,0.0,259,179.0,2e-54,2.7e-51,0.0,workflow/out/asr_HMMER/domtbl/Stool_9_asr_B.domtblout
k141_321661_15/15-273,k141_321661_15,285,177.2,9.3e-51,0.1,259,177.0,8.7e-54,1.1e-50,0.1,workflow/out/asr_HMMER/domtbl/Stool_9_asr_B.domtblout
k141_258285_18/160-426,k141_258285_18,431,165.2,4.3e-47,0.0,267,164.9,4.1e-50,5.4e-47,0.0,workflow/out/asr_HMMER/domtbl/Stool_9_asr_B.domtblout
k141_63317_9/405-631,k141_63317_9,640,160.5,1.2e-45,0.0,227,160.0,1.3e-48,1.8e-45,0.0,workflow/out/asr_HMMER/domtbl/Stool_9_asr_B.domtblout
k141_575319_7/4-253,k141_575319_7,254,159.6,2.2e-45,0.0,250,159.5,1.9e-48,2.5e-45,0.0,workflow/out/asr_HMMER/domtbl/Stool_9_asr_B.domtblout
k141_533055_2/15-206,k141_533055_2,208,100.6,2.3e-27,0.0,192,100.3,2.1e-30,2.7e-27,0.0,workflow/out/asr_HMMER/domtbl/Stool_9_asr_B.domtblout
k141_557495_3/8-144,k141_557495_3,145,97.6,1.9e-26,0.0,137,97.4,1.6e-29,2.1e-26,0.0,workflow/out/asr_HMMER/domtbl/Stool_9_asr_B.domtblout
k141_192788_1/1-97,k141_192788_1,106,97.0,2.8e-26,0.1,97,96.9,2.2e-29,3e-26,0.1,workflow/out/asr_HMMER/domtbl/Stool_9_asr_B.domtblout
k141_372146_2/25-252,k141_372146_2,295,91.6,1.3e-24,0.3,228,91.2,1.3e-27,1.7e-24,0.3,workflow/out/asr_HMMER/domtbl/Stool_9_asr_B.domtblout
k141_131305_5/24-251,k141_131305_5,296,89.2,6.6e-24,2.1,228,88.7,7.1e-27,9.4e-24,2.1,workflow/out/asr_HMMER/domtbl/Stool_9_asr_B.domtblout
k141_327932_2/25-251,k141_327932_2,296,88.6,1e-23,2.3,227,88.3,9.9e-27,1.3e-23,2.3,workflow/out/asr_HMMER/domtbl/Stool_9_asr_B.domtblout
k141_382751_2/25-251,k141_382751_2,296,88.4,1.2e-23,2.4,227,88.0,1.2e-26,1.6e-23,2.4,workflow/out/asr_HMMER/domtbl/Stool_9_asr_B.domtblout
k141_381975_2/4-233,k141_381975_2,241,88.4,1.2e-23,0.1,230,87.6,1.6e-26,2.1e-23,0.1,workflow/out/asr_HMMER/domtbl/Stool_9_asr_B.domtblout
k141_32161_16/25-251,k141_32161_16,296,87.6,2.1e-23,2.8,227,87.0,2.5e-26,3.3e-23,2.8,workflow/out/asr_HMMER/domtbl/Stool_9_asr_B.domtblout
k141_162583_2/29-252,k141_162583_2,259,87.3,2.6e-23,1.0,224,86.0,4.7e-26,6.2e-23,1.0,workflow/out/asr_HMMER/domtbl/Stool_9_asr_B.domtblout
k141_179285_2/7-252,k141_179285_2,297,87.2,2.8e-23,3.0,246,86.6,3.2e-26,4.3e-23,3.0,workflow/out/asr_HMMER/domtbl/Stool_9_asr_B.domtblout
k141_446908_2/25-251,k141_446908_2,296,87.0,3.3e-23,2.6,227,86.6,3.2e-26,4.3e-23,2.6,workflow/out/asr_HMMER/domtbl/Stool_9_asr_B.domtblout
k141_576456_31/25-252,k141_576456_31,295,85.5,9.5e-23,0.3,228,85.1,9.1e-26,1.2e-22,0.3,workflow/out/asr_HMMER/domtbl/Stool_9_asr_B.domtblout
k141_143707_11/32-249,k141_143707_11,256,84.8,1.5e-22,0.6,218,84.4,1.5e-25,2e-22,0.6,workflow/out/asr_HMMER/domtbl/Stool_9_asr_B.domtblout
k141_580218_5/27-251,k141_580218_5,296,84.6,1.8e-22,1.6,225,84.2,1.8e-25,2.3e-22,1.6,workflow/out/asr_HMMER/domtbl/Stool_9_asr_B.domtblout
k141_540291_3/33-244,k141_540291_3,251,83.8,3e-22,1.2,212,83.4,3e-25,3.9e-22,1.2,workflow/out/asr_HMMER/domtbl/Stool_9_asr_B.domtblout
k141_298051_78/26-251,k141_298051_78,296,83.8,3e-22,4.9,226,83.8,2.3e-25,3e-22,4.9,workflow/out/asr_HMMER/domtbl/Stool_9_asr_B.domtblout
k141_562060_16/30-250,k141_562060_16,256,83.6,3.5e-22,2.1,221,82.4,6e-25,7.9e-22,2.1,workflow/out/asr_HMMER/domtbl/Stool_9_asr_B.domtblout
k141_10518_1/11-237,k141_10518_1,280,82.4,7.9e-22,3.1,227,82.0,8e-25,1.1e-21,3.1,workflow/out/asr_HMMER/domtbl/Stool_9_asr_B.domtblout
k141_325669_33/6-233,k141_325669_33,241,82.4,8.1e-22,0.2,228,81.2,1.5e-24,1.9e-21,0.2,workflow/out/asr_HMMER/domtbl/Stool_9_asr_B.domtblout
k141_549733_3/27-252,k141_549733_3,297,82.3,8.5e-22,3.0,226,81.9,8.5e-25,1.1e-21,3.0,workflow/out/asr_HMMER/domtbl/Stool_9_asr_B.domtblout
k141_30436_2/25-251,k141_30436_2,294,82.1,9.8e-22,2.4,227,81.7,1e-24,1.3e-21,2.4,workflow/out/asr_HMMER/domtbl/Stool_9_asr_B.domtblout
k141_208432_1/33-249,k141_208432_1,255,81.8,1.3e-21,0.5,217,81.5,1.2e-24,1.6e-21,0.5,workflow/out/asr_HMMER/domtbl/Stool_9_asr_B.domtblout
k141_461053_24/26-251,k141_461053_24,296,81.3,1.7e-21,2.5,226,81.3,1.3e-24,1.7e-21,2.5,workflow/out/asr_HMMER/domtbl/Stool_9_asr_B.domtblout
k141_42062_29/26-251,k141_42062_29,293,81.2,1.8e-21,4.1,226,80.8,1.9e-24,2.5e-21,4.1,workflow/out/asr_HMMER/domtbl/Stool_9_asr_B.domtblout
k141_140280_2/32-244,k141_140280_2,251,81.2,1.9e-21,0.0,213,80.9,1.8e-24,2.4e-21,0.0,workflow/out/asr_HMMER/domtbl/Stool_9_asr_B.domtblout
k141_64053_97/26-252,k141_64053_97,294,81.1,2e-21,1.7,227,80.8,1.9e-24,2.5e-21,1.7,workflow/out/asr_HMMER/domtbl/Stool_9_asr_B.domtblout
k141_253369_2/32-280,k141_253369_2,325,81.0,2.2e-21,2.9,249,80.6,2.2e-24,3e-21,2.9,workflow/out/asr_HMMER/domtbl/Stool_9_asr_B.domtblout
k141_69891_4/26-252,k141_69891_4,295,80.7,2.7e-21,2.1,227,80.3,2.7e-24,3.5e-21,2.1,workflow/out/asr_HMMER/domtbl/Stool_9_asr_B.domtblout
k141_520369_10/19-236,k141_520369_10,243,80.4,3.2e-21,0.0,218,78.0,1.4e-23,1.8e-20,0.0,workflow/out/asr_HMMER/domtbl/Stool_9_asr_B.domtblout
k141_459412_49/31-249,k141_459412_49,258,80.3,3.6e-21,3.3,219,79.9,3.6e-24,4.8e-21,3.3,workflow/out/asr_HMMER/domtbl/Stool_9_asr_B.domtblout
k141_224592_8/26-251,k141_224592_8,296,80.2,3.9e-21,1.7,226,79.7,3.9e-24,5.2e-21,1.7,workflow/out/asr_HMMER/domtbl/Stool_9_asr_B.domtblout
k141_541731_5/27-251,k141_541731_5,294,79.7,5.3e-21,1.8,225,79.3,5.4e-24,7.1e-21,1.8,workflow/out/asr_HMMER/domtbl/Stool_9_asr_B.domtblout
k141_297011_25/25-244,k141_297011_25,281,79.7,5.3e-21,0.6,220,79.4,5.2e-24,6.8e-21,0.6,workflow/out/asr_HMMER/domtbl/Stool_9_asr_B.domtblout
k141_529077_2/26-244,k141_529077_2,283,79.2,7.6e-21,0.3,219,78.8,7.8e-24,1e-20,0.3,workflow/out/asr_HMMER/domtbl/Stool_9_asr_B.domtblout
k141_543068_20/25-251,k141_543068_20,293,78.8,1e-20,2.8,227,78.5,9.4e-24,1.3e-20,2.8,workflow/out/asr_HMMER/domtbl/Stool_9_asr_B.domtblout
k141_566811_28/26-251,k141_566811_28,293,78.6,1.2e-20,2.8,226,78.2,1.2e-23,1.6e-20,2.8,workflow/out/asr_HMMER/domtbl/Stool_9_asr_B.domtblout
k141_508072_4/26-252,k141_508072_4,295,78.4,1.3e-20,0.0,227,78.0,1.3e-23,1.8e-20,0.0,workflow/out/asr_HMMER/domtbl/Stool_9_asr_B.domtblout
k141_109681_2/29-256,k141_109681_2,262,78.3,1.4e-20,0.5,228,77.4,2e-23,2.7e-20,0.5,workflow/out/asr_HMMER/domtbl/Stool_9_asr_B.domtblout
k141_510789_2/65-291,k141_510789_2,336,78.2,1.5e-20,2.1,227,77.8,1.6e-23,2.1e-20,2.1,workflow/out/asr_HMMER/domtbl/Stool_9_asr_B.domtblout
k141_468828_9/27-251,k141_468828_9,293,78.0,1.7e-20,1.3,225,77.6,1.7e-23,2.3e-20,1.3,workflow/out/asr_HMMER/domtbl/Stool_9_asr_B.domtblout
k141_149372_5/18-156,k141_149372_5,244,78.0,1.8e-20,1.9,139,64.6,1.7e-19,2.2e-16,0.0,workflow/out/asr_HMMER/domtbl/Stool_9_asr_B.domtblout
k141_149372_5/202-236,k141_149372_5,244,78.0,1.8e-20,1.9,35,13.2,0.00078,1.0,0.5,workflow/out/asr_HMMER/domtbl/Stool_9_asr_B.domtblout
k141_140744_6/27-253,k141_140744_6,298,77.8,2.1e-20,2.3,227,77.4,2.1e-23,2.8e-20,2.3,workflow/out/asr_HMMER/domtbl/Stool_9_asr_B.domtblout
k141_172361_3/26-252,k141_172361_3,297,77.6,2.3e-20,2.7,227,77.2,2.3e-23,3e-20,2.7,workflow/out/asr_HMMER/domtbl/Stool_9_asr_B.domtblout
k141_514957_16/25-251,k141_514957_16,296,76.6,4.7e-20,2.2,227,76.3,4.4e-23,5.8e-20,2.2,workflow/out/asr_HMMER/domtbl/Stool_9_asr_B.domtblout
k141_139250_3/24-251,k141_139250_3,296,76.6,4.7e-20,2.7,228,76.6,3.5e-23,4.7e-20,2.7,workflow/out/asr_HMMER/domtbl/Stool_9_asr_B.domtblout
k141_265820_3/3-88,k141_265820_3,94,76.6,4.7e-20,0.2,86,76.6,3.7e-23,4.9e-20,0.2,workflow/out/asr_HMMER/domtbl/Stool_9_asr_B.domtblout
k141_265296_18/3-251,k141_265296_18,296,76.6,4.9e-20,2.6,249,76.2,4.6e-23,6.1e-20,2.6,workflow/out/asr_HMMER/domtbl/Stool_9_asr_B.domtblout
k141_298237_2/25-251,k141_298237_2,293,76.1,7e-20,2.6,227,75.8,6.4e-23,8.5e-20,2.6,workflow/out/asr_HMMER/domtbl/Stool_9_asr_B.domtblout
k141_341637_2/27-251,k141_341637_2,296,76.0,7.3e-20,1.8,225,75.6,7.4e-23,9.8e-20,1.8,workflow/out/asr_HMMER/domtbl/Stool_9_asr_B.domtblout
k141_134095_2/25-252,k141_134095_2,294,76.0,7.4e-20,3.6,228,76.0,5.6e-23,7.4e-20,3.6,workflow/out/asr_HMMER/domtbl/Stool_9_asr_B.domtblout
k141_242191_2/31-245,k141_242191_2,252,75.9,7.7e-20,1.0,215,75.5,7.8e-23,1e-19,1.0,workflow/out/asr_HMMER/domtbl/Stool_9_asr_B.domtblout
k141_287395_6/7-236,k141_287395_6,243,75.9,7.9e-20,0.0,230,75.0,1.1e-22,1.5e-19,0.0,workflow/out/asr_HMMER/domtbl/Stool_9_asr_B.domtblout
k141_35573_2/30-255,k141_35573_2,262,75.6,9.8e-20,0.3,226,73.9,2.4e-22,3.2e-19,0.3,workflow/out/asr_HMMER/domtbl/Stool_9_asr_B.domtblout
k141_200446_4/29-251,k141_200446_4,258,75.5,1.1e-19,1.4,223,75.0,1.1e-22,1.5e-19,1.4,workflow/out/asr_HMMER/domtbl/Stool_9_asr_B.domtblout
k141_399105_2/25-244,k141_399105_2,279,75.2,1.3e-19,1.7,220,74.9,1.2e-22,1.6e-19,1.7,workflow/out/asr_HMMER/domtbl/Stool_9_asr_B.domtblout
k141_20186_2/16-239,k141_20186_2,247,75.2,1.3e-19,1.4,224,73.1,4.1e-22,5.4e-19,1.4,workflow/out/asr_HMMER/domtbl/Stool_9_asr_B.domtblout
k141_139148_18/37-256,k141_139148_18,260,75.0,1.4e-19,0.0,220,74.5,1.5e-22,2e-19,0.0,workflow/out/asr_HMMER/domtbl/Stool_9_asr_B.domtblout
k141_583449_21/25-251,k141_583449_21,296,75.0,1.5e-19,3.4,227,74.7,1.4e-22,1.9e-19,3.4,workflow/out/asr_HMMER/domtbl/Stool_9_asr_B.domtblout
k141_574941_2/23-244,k141_574941_2,282,74.7,1.8e-19,0.6,222,74.3,1.8e-22,2.4e-19,0.6,workflow/out/asr_HMMER/domtbl/Stool_9_asr_B.domtblout
k141_110720_25/29-243,k141_110720_25,252,74.5,2.1e-19,0.0,215,74.0,2.2e-22,2.9e-19,0.0,workflow/out/asr_HMMER/domtbl/Stool_9_asr_B.domtblout
k141_225296_4/4-252,k141_225296_4,297,74.5,2.1e-19,0.6,249,74.2,2e-22,2.6e-19,0.6,workflow/out/asr_HMMER/domtbl/Stool_9_asr_B.domtblout
k141_29735_16/25-244,k141_29735_16,296,74.0,3e-19,0.1,220,73.6,3e-22,4e-19,0.1,workflow/out/asr_HMMER/domtbl/Stool_9_asr_B.domtblout
k141_403395_4/25-244,k141_403395_4,280,73.9,3.1e-19,0.5,220,73.6,3e-22,4e-19,0.5,workflow/out/asr_HMMER/domtbl/Stool_9_asr_B.domtblout
k141_12378_9/26-244,k141_12378_9,248,73.9,3.2e-19,1.8,219,72.9,4.9e-22,6.5e-19,1.8,workflow/out/asr_HMMER/domtbl/Stool_9_asr_B.domtblout
k141_59608_9/34-251,k141_59608_9,259,73.6,3.9e-19,0.3,218,73.2,3.8e-22,5.1e-19,0.3,workflow/out/asr_HMMER/domtbl/Stool_9_asr_B.domtblout
k141_426352_25/18-267,k141_426352_25,312,73.4,4.4e-19,5.2,250,73.0,4.5e-22,5.9e-19,5.2,workflow/out/asr_HMMER/domtbl/Stool_9_asr_B.domtblout
k141_254066_2/28-246,k141_254066_2,273,73.1,5.6e-19,1.0,219,72.6,5.8e-22,7.7e-19,1.0,workflow/out/asr_HMMER/domtbl/Stool_9_asr_B.domtblout
k141_365154_145/28-251,k141_365154_145,289,73.1,5.8e-19,1.8,224,72.6,5.8e-22,7.7e-19,1.8,workflow/out/asr_HMMER/domtbl/Stool_9_asr_B.domtblout
k141_514220_2/32-264,k141_514220_2,271,72.7,7.5e-19,0.7,233,70.8,2.1e-21,2.8e-18,0.7,workflow/out/asr_HMMER/domtbl/Stool_9_asr_B.domtblout
k141_554741_3/32-243,k141_554741_3,252,72.3,9.7e-19,0.2,212,71.8,1e-21,1.3e-18,0.2,workflow/out/asr_HMMER/domtbl/Stool_9_asr_B.domtblout
k141_468989_1/26-251,k141_468989_1,296,72.3,9.7e-19,1.1,226,71.9,1e-21,1.3e-18,1.1,workflow/out/asr_HMMER/domtbl/Stool_9_asr_B.domtblout
k141_133302_3/27-251,k141_133302_3,296,72.3,9.8e-19,1.9,225,71.9,9.8e-22,1.3e-18,1.9,workflow/out/asr_HMMER/domtbl/Stool_9_asr_B.domtblout
k141_328798_28/2-245,k141_328798_28,280,72.3,9.8e-19,0.1,244,72.0,9e-22,1.2e-18,0.1,workflow/out/asr_HMMER/domtbl/Stool_9_asr_B.domtblout
k141_323476_3/25-251,k141_323476_3,287,72.3,9.9e-19,0.0,227,71.8,1e-21,1.4e-18,0.0,workflow/out/asr_HMMER/domtbl/Stool_9_asr_B.domtblout
k141_421193_60/21-239,k141_421193_60,247,72.1,1.1e-18,1.8,219,70.6,2.5e-21,3.3e-18,1.8,workflow/out/asr_HMMER/domtbl/Stool_9_asr_B.domtblout
k141_493962_37/32-250,k141_493962_37,257,72.1,1.1e-18,0.1,219,71.7,1.1e-21,1.4e-18,0.1,workflow/out/asr_HMMER/domtbl/Stool_9_asr_B.domtblout
k141_458615_4/33-250,k141_458615_4,254,71.9,1.3e-18,0.1,218,71.5,1.3e-21,1.7e-18,0.1,workflow/out/asr_HMMER/domtbl/Stool_9_asr_B.domtblout
k141_530930_2/27-251,k141_530930_2,296,71.8,1.4e-18,1.8,225,71.1,1.7e-21,2.2e-18,1.8,workflow/out/asr_HMMER/domtbl/Stool_9_asr_B.domtblout
k141_336135_16/8-239,k141_336135_16,247,71.8,1.4e-18,1.4,232,70.1,3.5e-21,4.6e-18,1.4,workflow/out/asr_HMMER/domtbl/Stool_9_asr_B.domtblout
k141_544716_100/14-151,k141_544716_100,246,71.5,1.7e-18,6.6,138,62.3,8.4e-19,1.1e-15,0.6,workflow/out/asr_HMMER/domtbl/Stool_9_asr_B.domtblout
k141_544716_100/204-238,k141_544716_100,246,71.5,1.7e-18,6.6,35,12.8,0.001,1.4,0.8,workflow/out/asr_HMMER/domtbl/Stool_9_asr_B.domtblout
k141_132292_22/26-247,k141_132292_22,282,71.4,1.8e-18,0.8,222,71.1,1.8e-21,2.3e-18,0.8,workflow/out/asr_HMMER/domtbl/Stool_9_asr_B.domtblout
k141_349449_12/26-255,k141_349449_12,263,71.4,1.9e-18,0.1,230,70.8,2.1e-21,2.8e-18,0.1,workflow/out/asr_HMMER/domtbl/Stool_9_asr_B.domtblout
k141_570467_51/26-252,k141_570467_51,295,71.3,1.9e-18,0.0,227,70.9,2e-21,2.7e-18,0.0,workflow/out/asr_HMMER/domtbl/Stool_9_asr_B.domtblout
k141_577888_2/26-244,k141_577888_2,276,71.3,1.9e-18,1.9,219,70.9,1.9e-21,2.5e-18,1.9,workflow/out/asr_HMMER/domtbl/Stool_9_asr_B.domtblout
k141_563777_19/26-251,k141_563777_19,296,71.2,2.1e-18,1.8,226,70.8,2.1e-21,2.7e-18,1.8,workflow/out/asr_HMMER/domtbl/Stool_9_asr_B.domtblout
k141_251525_8/29-252,k141_251525_8,259,71.2,2.2e-18,0.2,224,70.2,3.3e-21,4.3e-18,0.2,workflow/out/asr_HMMER/domtbl/Stool_9_asr_B.domtblout
k141_88983_28/24-244,k141_88983_28,281,71.0,2.4e-18,2.5,221,70.6,2.4e-21,3.1e-18,2.5,workflow/out/asr_HMMER/domtbl/Stool_9_asr_B.domtblout
k141_12850_2/26-243,k141_12850_2,281,71.0,2.4e-18,2.5,218,70.6,2.4e-21,3.2e-18,2.5,workflow/out/asr_HMMER/domtbl/Stool_9_asr_B.domtblout
k141_71136_1/26-243,k141_71136_1,282,70.9,2.5e-18,2.2,218,70.5,2.5e-21,3.4e-18,2.2,workflow/out/asr_HMMER/domtbl/Stool_9_asr_B.domtblout
k141_434546_6/32-256,k141_434546_6,263,70.8,2.7e-18,0.6,225,69.1,6.9e-21,9.2e-18,0.6,workflow/out/asr_HMMER/domtbl/Stool_9_asr_B.domtblout
k141_563303_2/32-254,k141_563303_2,262,70.8,2.8e-18,0.1,223,69.5,5.1e-21,6.8e-18,0.1,workflow/out/asr_HMMER/domtbl/Stool_9_asr_B.domtblout
k141_327369_11/20-171,k141_327369_11,244,70.7,3.1e-18,2.7,152,57.0,3.3e-17,4.4e-14,0.1,workflow/out/asr_HMMER/domtbl/Stool_9_asr_B.domtblout
k141_327369_11/203-237,k141_327369_11,244,70.7,3.1e-18,2.7,35,14.0,0.00045,0.59,0.4,workflow/out/asr_HMMER/domtbl/Stool_9_asr_B.domtblout
k141_529834_4/30-250,k141_529834_4,257,70.7,3.1e-18,1.3,221,69.4,5.5e-21,7.3e-18,1.3,workflow/out/asr_HMMER/domtbl/Stool_9_asr_B.domtblout
k141_349080_1/17-235,k141_349080_1,272,70.4,3.7e-18,2.8,219,70.0,3.6e-21,4.8e-18,2.8,workflow/out/asr_HMMER/domtbl/Stool_9_asr_B.domtblout
k141_488225_7/31-254,k141_488225_7,261,70.3,3.9e-18,0.8,224,69.0,7.7e-21,1e-17,0.8,workflow/out/asr_HMMER/domtbl/Stool_9_asr_B.domtblout
k141_261222_6/26-252,k141_261222_6,294,70.3,4e-18,3.8,227,69.9,4e-21,5.3e-18,3.8,workflow/out/asr_HMMER/domtbl/Stool_9_asr_B.domtblout
k141_128663_50/27-252,k141_128663_50,297,70.3,4e-18,3.4,226,69.6,5e-21,6.7e-18,3.4,workflow/out/asr_HMMER/domtbl/Stool_9_asr_B.domtblout
k141_529949_7/24-244,k141_529949_7,281,70.2,4.2e-18,3.4,221,69.8,4.1e-21,5.5e-18,3.4,workflow/out/asr_HMMER/domtbl/Stool_9_asr_B.domtblout
k141_178162_2/16-230,k141_178162_2,240,70.1,4.5e-18,6.2,215,63.7,3.1e-19,4.1e-16,6.2,workflow/out/asr_HMMER/domtbl/Stool_9_asr_B.domtblout
k141_40692_26/40-260,k141_40692_26,267,70.1,4.5e-18,0.7,221,69.3,6.2e-21,8.2e-18,0.7,workflow/out/asr_HMMER/domtbl/Stool_9_asr_B.domtblout
k141_38319_3/4-249,k141_38319_3,256,70.1,4.7e-18,3.1,246,68.9,7.9e-21,1e-17,3.1,workflow/out/asr_HMMER/domtbl/Stool_9_asr_B.domtblout
k141_349903_23/28-250,k141_349903_23,256,70.1,4.7e-18,2.4,223,68.0,1.5e-20,2e-17,2.4,workflow/out/asr_HMMER/domtbl/Stool_9_asr_B.domtblout
k141_32450_144/20-240,k141_32450_144,248,70.0,4.9e-18,3.3,221,67.2,2.7e-20,3.6e-17,3.3,workflow/out/asr_HMMER/domtbl/Stool_9_asr_B.domtblout
k141_300216_2/26-244,k141_300216_2,281,69.9,5.3e-18,1.1,219,69.5,5.3e-21,7.1e-18,1.1,workflow/out/asr_HMMER/domtbl/Stool_9_asr_B.domtblout
k141_358327_33/27-245,k141_358327_33,284,69.7,6e-18,1.9,219,69.7,4.5e-21,6e-18,1.9,workflow/out/asr_HMMER/domtbl/Stool_9_asr_B.domtblout
k141_276648_5/33-254,k141_276648_5,262,69.7,6e-18,0.1,222,68.5,1e-20,1.4e-17,0.1,workflow/out/asr_HMMER/domtbl/Stool_9_asr_B.domtblout
k141_520101_3/31-254,k141_520101_3,261,69.7,6.3e-18,0.6,224,68.0,1.5e-20,2e-17,0.6,workflow/out/asr_HMMER/domtbl/Stool_9_asr_B.domtblout
k141_288368_100/30-249,k141_288368_100,255,69.4,7.6e-18,2.4,220,68.1,1.4e-20,1.8e-17,2.4,workflow/out/asr_HMMER/domtbl/Stool_9_asr_B.domtblout
k141_12356_4/31-256,k141_12356_4,261,69.3,7.9e-18,0.1,226,68.0,1.5e-20,2e-17,0.1,workflow/out/asr_HMMER/domtbl/Stool_9_asr_B.domtblout
k141_365120_92/40-252,k141_365120_92,260,69.2,8.7e-18,0.0,213,68.8,8.9e-21,1.2e-17,0.0,workflow/out/asr_HMMER/domtbl/Stool_9_asr_B.domtblout
k141_337493_2/34-253,k141_337493_2,257,69.2,8.9e-18,1.1,220,67.5,2.1e-20,2.8e-17,1.1,workflow/out/asr_HMMER/domtbl/Stool_9_asr_B.domtblout
k141_54646_68/19-237,k141_54646_68,246,69.0,9.8e-18,3.8,219,68.0,1.5e-20,2e-17,3.8,workflow/out/asr_HMMER/domtbl/Stool_9_asr_B.domtblout
k141_4362_40/29-254,k141_4362_40,261,69.0,1e-17,0.9,226,67.4,2.3e-20,3.1e-17,0.9,workflow/out/asr_HMMER/domtbl/Stool_9_asr_B.domtblout
k141_30877_1/24-201,k141_30877_1,201,69.0,1e-17,0.3,178,68.8,8.7e-21,1.2e-17,0.3,workflow/out/asr_HMMER/domtbl/Stool_9_asr_B.domtblout
k141_117349_2/26-246,k141_117349_2,285,68.9,1.1e-17,1.6,221,68.5,1.1e-20,1.4e-17,1.6,workflow/out/asr_HMMER/domtbl/Stool_9_asr_B.domtblout
k141_60104_25/27-252,k141_60104_25,297,68.8,1.1e-17,1.5,226,68.3,1.2e-20,1.6e-17,1.5,workflow/out/asr_HMMER/domtbl/Stool_9_asr_B.domtblout
k141_179401_1/26-243,k141_179401_1,282,68.8,1.1e-17,1.4,218,68.4,1.1e-20,1.5e-17,1.4,workflow/out/asr_HMMER/domtbl/Stool_9_asr_B.domtblout
k141_519080_2/20-159,k141_519080_2,243,68.8,1.1e-17,3.4,140,57.0,3.4e-17,4.6e-14,0.0,workflow/out/asr_HMMER/domtbl/Stool_9_asr_B.domtblout
k141_519080_2/202-235,k141_519080_2,243,68.8,1.1e-17,3.4,34,12.2,0.0016,2.1,1.1,workflow/out/asr_HMMER/domtbl/Stool_9_asr_B.domtblout
k141_338000_1/29-251,k141_338000_1,289,68.8,1.2e-17,1.0,223,68.4,1.2e-20,1.5e-17,1.0,workflow/out/asr_HMMER/domtbl/Stool_9_asr_B.domtblout
k141_322450_12/24-244,k141_322450_12,281,68.8,1.2e-17,2.7,221,68.4,1.1e-20,1.5e-17,2.7,workflow/out/asr_HMMER/domtbl/Stool_9_asr_B.domtblout
k141_416578_19/33-257,k141_416578_19,264,68.7,1.2e-17,0.4,225,67.1,2.8e-20,3.7e-17,0.4,workflow/out/asr_HMMER/domtbl/Stool_9_asr_B.domtblout
k141_206812_2/2-245,k141_206812_2,280,68.7,1.2e-17,0.0,244,68.4,1.1e-20,1.5e-17,0.0,workflow/out/asr_HMMER/domtbl/Stool_9_asr_B.domtblout
k141_18232_1/28-243,k141_18232_1,266,68.6,1.3e-17,3.4,216,68.2,1.3e-20,1.7e-17,3.4,workflow/out/asr_HMMER/domtbl/Stool_9_asr_B.domtblout
k141_561289_9/28-251,k141_561289_9,259,68.5,1.4e-17,0.1,224,67.4,2.3e-20,3.1e-17,0.1,workflow/out/asr_HMMER/domtbl/Stool_9_asr_B.domtblout
k141_424035_34/38-261,k141_424035_34,268,68.4,1.5e-17,0.7,224,67.3,2.4e-20,3.2e-17,0.7,workflow/out/asr_HMMER/domtbl/Stool_9_asr_B.domtblout
k141_488067_19/31-254,k141_488067_19,261,68.1,1.9e-17,0.5,224,66.6,4e-20,5.3e-17,0.5,workflow/out/asr_HMMER/domtbl/Stool_9_asr_B.domtblout
k141_180544_2/28-243,k141_180544_2,266,68.1,1.9e-17,3.7,216,67.7,1.9e-20,2.5e-17,3.7,workflow/out/asr_HMMER/domtbl/Stool_9_asr_B.domtblout
k141_540291_58/26-244,k141_540291_58,281,67.9,2.1e-17,1.6,219,67.5,2.1e-20,2.8e-17,1.6,workflow/out/asr_HMMER/domtbl/Stool_9_asr_B.domtblout
k141_34920_2/8-251,k141_34920_2,260,67.7,2.4e-17,0.0,244,67.5,2.2e-20,2.9e-17,0.0,workflow/out/asr_HMMER/domtbl/Stool_9_asr_B.domtblout
k141_220416_2/26-245,k141_220416_2,281,67.7,2.4e-17,0.6,220,67.2,2.6e-20,3.4e-17,0.6,workflow/out/asr_HMMER/domtbl/Stool_9_asr_B.domtblout
k141_214549_77/18-172,k141_214549_77,243,67.7,2.5e-17,0.0,155,51.1,2.2e-15,2.9e-12,0.0,workflow/out/asr_HMMER/domtbl/Stool_9_asr_B.domtblout
k141_214549_77/202-236,k141_214549_77,243,67.7,2.5e-17,0.0,35,14.5,0.00032,0.42,0.3,workflow/out/asr_HMMER/domtbl/Stool_9_asr_B.domtblout
k141_526791_17/24-244,k141_526791_17,281,67.5,2.9e-17,3.4,221,67.1,2.9e-20,3.8e-17,3.4,workflow/out/asr_HMMER/domtbl/Stool_9_asr_B.domtblout
k141_213672_12/7-237,k141_213672_12,245,67.5,2.9e-17,0.5,231,66.2,5.3e-20,7.1e-17,0.5,workflow/out/asr_HMMER/domtbl/Stool_9_asr_B.domtblout
k141_286671_3/31-256,k141_286671_3,263,67.4,3e-17,0.2,226,65.8,7e-20,9.3e-17,0.2,workflow/out/asr_HMMER/domtbl/Stool_9_asr_B.domtblout
k141_452569_2/31-237,k141_452569_2,245,67.4,3e-17,5.1,207,65.6,8.4e-20,1.1e-16,5.1,workflow/out/asr_HMMER/domtbl/Stool_9_asr_B.domtblout
k141_220499_1/34-254,k141_220499_1,261,67.4,3.1e-17,0.1,221,66.2,5.4e-20,7.2e-17,0.1,workflow/out/asr_HMMER/domtbl/Stool_9_asr_B.domtblout
k141_562966_30/28-243,k141_562966_30,266,67.4,3.1e-17,3.5,216,66.9,3.2e-20,4.2e-17,3.5,workflow/out/asr_HMMER/domtbl/Stool_9_asr_B.domtblout
k141_259843_1/31-261,k141_259843_1,267,67.3,3.2e-17,1.3,231,66.1,5.7e-20,7.6e-17,1.3,workflow/out/asr_HMMER/domtbl/Stool_9_asr_B.domtblout
k141_2951_3/13-178,k141_2951_3,182,67.1,3.9e-17,0.0,166,66.7,3.7e-20,4.9e-17,0.0,workflow/out/asr_HMMER/domtbl/Stool_9_asr_B.domtblout
k141_542584_6/7-238,k141_542584_6,246,66.9,4.2e-17,0.0,232,66.1,5.8e-20,7.6e-17,0.0,workflow/out/asr_HMMER/domtbl/Stool_9_asr_B.domtblout
k141_88262_11/29-246,k141_88262_11,255,66.9,4.3e-17,4.1,218,66.6,4e-20,5.3e-17,4.1,workflow/out/asr_HMMER/domtbl/Stool_9_asr_B.domtblout
k141_231936_2/33-248,k141_231936_2,256,66.9,4.5e-17,1.4,216,65.8,7.3e-20,9.7e-17,1.4,workflow/out/asr_HMMER/domtbl/Stool_9_asr_B.domtblout
k141_339661_14/32-258,k141_339661_14,264,66.8,4.7e-17,0.1,227,64.5,1.8e-19,2.4e-16,0.1,workflow/out/asr_HMMER/domtbl/Stool_9_asr_B.domtblout
k141_413810_2/36-258,k141_413810_2,264,66.7,5.1e-17,0.1,223,66.3,5e-20,6.6e-17,0.1,workflow/out/asr_HMMER/domtbl/Stool_9_asr_B.domtblout
k141_221074_2/26-243,k141_221074_2,282,66.7,5.1e-17,2.3,218,66.2,5.2e-20,6.9e-17,2.3,workflow/out/asr_HMMER/domtbl/Stool_9_asr_B.domtblout
k141_397958_3/29-254,k141_397958_3,261,66.6,5.4e-17,0.8,226,65.7,7.8e-20,1e-16,0.8,workflow/out/asr_HMMER/domtbl/Stool_9_asr_B.domtblout
k141_518880_2/34-249,k141_518880_2,257,66.5,5.6e-17,1.3,216,65.1,1.1e-19,1.5e-16,1.3,workflow/out/asr_HMMER/domtbl/Stool_9_asr_B.domtblout
k141_331313_4/35-253,k141_331313_4,258,66.5,5.8e-17,1.5,219,64.6,1.6e-19,2.2e-16,1.5,workflow/out/asr_HMMER/domtbl/Stool_9_asr_B.domtblout
k141_460295_6/26-244,k141_460295_6,285,66.5,5.8e-17,0.5,219,66.1,5.7e-20,7.5e-17,0.5,workflow/out/asr_HMMER/domtbl/Stool_9_asr_B.domtblout
k141_284306_2/34-252,k141_284306_2,260,66.5,5.8e-17,0.1,219,66.0,6.2e-20,8.2e-17,0.1,workflow/out/asr_HMMER/domtbl/Stool_9_asr_B.domtblout
k141_169960_6/30-248,k141_169960_6,256,66.2,6.9e-17,0.2,219,64.9,1.4e-19,1.8e-16,0.2,workflow/out/asr_HMMER/domtbl/Stool_9_asr_B.domtblout
k141_537896_2/2-215,k141_537896_2,224,66.2,7.1e-17,0.3,214,65.9,6.6e-20,8.7e-17,0.3,workflow/out/asr_HMMER/domtbl/Stool_9_asr_B.domtblout
k141_552076_19/29-255,k141_552076_19,262,66.1,7.4e-17,1.1,227,64.5,1.8e-19,2.3e-16,1.1,workflow/out/asr_HMMER/domtbl/Stool_9_asr_B.domtblout
k141_561322_18/35-253,k141_561322_18,258,66.1,7.4e-17,1.9,219,64.1,2.3e-19,3.1e-16,1.9,workflow/out/asr_HMMER/domtbl/Stool_9_asr_B.domtblout
k141_329866_2/34-247,k141_329866_2,256,66.0,8.2e-17,0.1,214,65.6,8.3e-20,1.1e-16,0.1,workflow/out/asr_HMMER/domtbl/Stool_9_asr_B.domtblout
k141_562652_3/32-249,k141_562652_3,257,65.9,8.6e-17,2.2,218,64.6,1.7e-19,2.2e-16,2.2,workflow/out/asr_HMMER/domtbl/Stool_9_asr_B.domtblout
k141_504591_2/11-227,k141_504591_2,246,65.9,8.6e-17,1.1,217,65.5,8.8e-20,1.2e-16,1.1,workflow/out/asr_HMMER/domtbl/Stool_9_asr_B.domtblout
k141_450408_10/35-252,k141_450408_10,257,65.9,8.8e-17,2.3,218,62.9,5.5e-19,7.3e-16,2.3,workflow/out/asr_HMMER/domtbl/Stool_9_asr_B.domtblout
k141_398883_1/26-214,k141_398883_1,225,65.9,8.8e-17,0.0,189,65.5,8.7e-20,1.2e-16,0.0,workflow/out/asr_HMMER/domtbl/Stool_9_asr_B.domtblout
k141_193529_2/19-149,k141_193529_2,238,65.5,1.1e-16,4.0,131,50.2,4.2e-15,5.5e-12,0.0,workflow/out/asr_HMMER/domtbl/Stool_9_asr_B.domtblout
k141_193529_2/192-227,k141_193529_2,238,65.5,1.1e-16,4.0,36,15.4,0.00017,0.23,2.0,workflow/out/asr_HMMER/domtbl/Stool_9_asr_B.domtblout
k141_549184_2/29-254,k141_549184_2,261,65.5,1.2e-16,0.9,226,64.0,2.4e-19,3.2e-16,0.9,workflow/out/asr_HMMER/domtbl/Stool_9_asr_B.domtblout
k141_467524_4/15-233,k141_467524_4,238,65.4,1.2e-16,2.9,219,62.5,7e-19,9.2e-16,2.9,workflow/out/asr_HMMER/domtbl/Stool_9_asr_B.domtblout
k141_49115_1/27-206,k141_49115_1,229,65.4,1.2e-16,0.2,180,65.1,1.2e-19,1.6e-16,0.2,workflow/out/asr_HMMER/domtbl/Stool_9_asr_B.domtblout
k141_376813_23/30-246,k141_376813_23,278,65.4,1.3e-16,1.3,217,65.0,1.2e-19,1.6e-16,1.3,workflow/out/asr_HMMER/domtbl/Stool_9_asr_B.domtblout
k141_412208_50/31-250,k141_412208_50,257,65.3,1.3e-16,4.0,220,62.2,9.1e-19,1.2e-15,4.0,workflow/out/asr_HMMER/domtbl/Stool_9_asr_B.domtblout
k141_419199_9/32-249,k141_419199_9,256,65.2,1.4e-16,1.1,218,63.9,2.6e-19,3.5e-16,1.1,workflow/out/asr_HMMER/domtbl/Stool_9_asr_B.domtblout
k141_278736_2/26-243,k141_278736_2,282,65.2,1.4e-16,2.5,218,64.8,1.5e-19,1.9e-16,2.5,workflow/out/asr_HMMER/domtbl/Stool_9_asr_B.domtblout
k141_90122_139/20-159,k141_90122_139,243,65.1,1.5e-16,8.4,140,57.7,2e-17,2.7e-14,0.5,workflow/out/asr_HMMER/domtbl/Stool_9_asr_B.domtblout
k141_90122_139/202-235,k141_90122_139,243,65.1,1.5e-16,8.4,34,11.5,0.0027,3.6,2.0,workflow/out/asr_HMMER/domtbl/Stool_9_asr_B.domtblout
k141_469093_6/25-244,k141_469093_6,281,65.1,1.5e-16,1.0,220,64.7,1.5e-19,2.1e-16,1.0,workflow/out/asr_HMMER/domtbl/Stool_9_asr_B.domtblout
k141_425463_20/7-236,k141_425463_20,246,65.0,1.6e-16,2.0,230,63.5,3.6e-19,4.7e-16,2.0,workflow/out/asr_HMMER/domtbl/Stool_9_asr_B.domtblout
k141_34313_94/26-243,k141_34313_94,782,65.0,1.7e-16,2.8,218,65.0,1.3e-19,1.7e-16,2.8,workflow/out/asr_HMMER/domtbl/Stool_9_asr_B.domtblout
k141_229000_1/26-244,k141_229000_1,281,64.9,1.7e-16,0.7,219,64.5,1.7e-19,2.3e-16,0.7,workflow/out/asr_HMMER/domtbl/Stool_9_asr_B.domtblout
k141_564988_108/55-251,k141_564988_108,257,64.9,1.7e-16,0.0,197,64.3,2e-19,2.7e-16,0.0,workflow/out/asr_HMMER/domtbl/Stool_9_asr_B.domtblout
k141_503015_2/29-252,k141_503015_2,259,64.9,1.8e-16,0.6,224,63.7,3.2e-19,4.2e-16,0.6,workflow/out/asr_HMMER/domtbl/Stool_9_asr_B.domtblout
k141_463144_2/26-254,k141_463144_2,261,64.7,2e-16,0.5,229,63.3,4.1e-19,5.5e-16,0.5,workflow/out/asr_HMMER/domtbl/Stool_9_asr_B.domtblout
k141_475898_30/25-248,k141_475898_30,298,64.7,2e-16,1.4,224,64.2,2.1e-19,2.8e-16,1.4,workflow/out/asr_HMMER/domtbl/Stool_9_asr_B.domtblout
k141_276089_8/27-235,k141_276089_8,245,64.7,2e-16,3.4,209,62.6,6.6e-19,8.7e-16,3.4,workflow/out/asr_HMMER/domtbl/Stool_9_asr_B.domtblout
k141_9501_2/25-248,k141_9501_2,298,64.7,2e-16,1.4,224,64.2,2.2e-19,2.9e-16,1.4,workflow/out/asr_HMMER/domtbl/Stool_9_asr_B.domtblout
k141_413353_2/24-244,k141_413353_2,281,64.7,2.1e-16,3.3,221,64.3,2e-19,2.7e-16,3.3,workflow/out/asr_HMMER/domtbl/Stool_9_asr_B.domtblout
k141_435779_3/14-232,k141_435779_3,240,64.6,2.3e-16,9.4,219,62.5,7.2e-19,9.6e-16,9.4,workflow/out/asr_HMMER/domtbl/Stool_9_asr_B.domtblout
k141_411389_3/26-244,k141_411389_3,281,64.5,2.3e-16,1.1,219,64.1,2.4e-19,3.1e-16,1.1,workflow/out/asr_HMMER/domtbl/Stool_9_asr_B.domtblout
k141_248664_4/28-246,k141_248664_4,280,64.5,2.4e-16,0.1,219,64.0,2.4e-19,3.2e-16,0.1,workflow/out/asr_HMMER/domtbl/Stool_9_asr_B.domtblout
k141_472554_2/14-239,k141_472554_2,247,64.4,2.5e-16,0.5,226,63.2,4.3e-19,5.7e-16,0.5,workflow/out/asr_HMMER/domtbl/Stool_9_asr_B.domtblout
k141_145980_22/27-244,k141_145980_22,283,64.4,2.6e-16,0.1,218,64.0,2.6e-19,3.4e-16,0.1,workflow/out/asr_HMMER/domtbl/Stool_9_asr_B.domtblout
k141_475357_7/26-244,k141_475357_7,281,64.3,2.7e-16,1.0,219,63.9,2.7e-19,3.6e-16,1.0,workflow/out/asr_HMMER/domtbl/Stool_9_asr_B.domtblout
k141_144518_60/31-236,k141_144518_60,244,64.2,2.9e-16,0.9,206,61.0,2e-18,2.7e-15,0.9,workflow/out/asr_HMMER/domtbl/Stool_9_asr_B.domtblout
k141_228744_5/35-253,k141_228744_5,259,64.0,3.3e-16,0.0,219,63.6,3.4e-19,4.5e-16,0.0,workflow/out/asr_HMMER/domtbl/Stool_9_asr_B.domtblout
k141_304198_2/29-245,k141_304198_2,253,63.9,3.6e-16,0.0,217,63.5,3.7e-19,4.9e-16,0.0,workflow/out/asr_HMMER/domtbl/Stool_9_asr_B.domtblout
k141_452326_3/38-257,k141_452326_3,257,63.8,3.9e-16,0.7,220,62.5,7.3e-19,9.6e-16,0.7,workflow/out/asr_HMMER/domtbl/Stool_9_asr_B.domtblout
k141_423412_4/37-248,k141_423412_4,257,63.6,4.4e-16,1.5,212,62.0,1e-18,1.4e-15,1.5,workflow/out/asr_HMMER/domtbl/Stool_9_asr_B.domtblout
k141_517390_1/6-238,k141_517390_1,246,63.6,4.5e-16,2.6,233,63.0,5.1e-19,6.8e-16,2.6,workflow/out/asr_HMMER/domtbl/Stool_9_asr_B.domtblout
k141_439279_4/28-243,k141_439279_4,769,63.5,4.6e-16,2.3,216,61.9,1.1e-18,1.4e-15,2.3,workflow/out/asr_HMMER/domtbl/Stool_9_asr_B.domtblout
k141_411064_6/27-246,k141_411064_6,283,63.5,4.8e-16,0.1,220,63.0,5e-19,6.6e-16,0.1,workflow/out/asr_HMMER/domtbl/Stool_9_asr_B.domtblout
k141_389232_2/24-243,k141_389232_2,282,63.5,4.9e-16,3.4,220,63.1,4.7e-19,6.2e-16,3.4,workflow/out/asr_HMMER/domtbl/Stool_9_asr_B.domtblout
k141_529747_4/35-253,k141_529747_4,258,63.4,5.2e-16,1.7,219,61.3,1.6e-18,2.2e-15,1.7,workflow/out/asr_HMMER/domtbl/Stool_9_asr_B.domtblout
k141_201674_1/26-244,k141_201674_1,281,63.3,5.5e-16,1.0,219,62.9,5.4e-19,7.2e-16,1.0,workflow/out/asr_HMMER/domtbl/Stool_9_asr_B.domtblout
k141_233095_164/25-245,k141_233095_164,282,63.3,5.6e-16,0.6,221,62.9,5.6e-19,7.4e-16,0.6,workflow/out/asr_HMMER/domtbl/Stool_9_asr_B.domtblout
k141_378028_1/124-341,k141_378028_1,347,63.3,5.6e-16,0.3,218,62.7,6.2e-19,8.2e-16,0.3,workflow/out/asr_HMMER/domtbl/Stool_9_asr_B.domtblout
k141_155671_3/41-261,k141_155671_3,268,63.2,5.7e-16,0.2,221,62.0,1e-18,1.4e-15,0.2,workflow/out/asr_HMMER/domtbl/Stool_9_asr_B.domtblout
k141_302872_1/26-244,k141_302872_1,282,63.2,5.8e-16,1.8,219,62.8,6e-19,7.9e-16,1.8,workflow/out/asr_HMMER/domtbl/Stool_9_asr_B.domtblout
k141_391385_1/27-238,k141_391385_1,280,63.2,5.9e-16,5.7,212,62.7,6.1e-19,8.1e-16,5.7,workflow/out/asr_HMMER/domtbl/Stool_9_asr_B.domtblout
k141_73766_30/26-245,k141_73766_30,278,62.9,7.3e-16,1.5,220,62.5,7.3e-19,9.7e-16,1.5,workflow/out/asr_HMMER/domtbl/Stool_9_asr_B.domtblout
k141_61534_2/26-244,k141_61534_2,267,62.8,7.8e-16,1.3,219,62.4,7.9e-19,1.1e-15,1.3,workflow/out/asr_HMMER/domtbl/Stool_9_asr_B.domtblout
k141_400880_64/26-248,k141_400880_64,285,62.5,9.8e-16,1.1,223,62.0,1e-18,1.3e-15,1.1,workflow/out/asr_HMMER/domtbl/Stool_9_asr_B.domtblout
k141_314288_45/32-258,k141_314288_45,264,62.4,1e-15,0.0,227,62.2,9e-19,1.2e-15,0.0,workflow/out/asr_HMMER/domtbl/Stool_9_asr_B.domtblout
k141_172838_17/28-243,k141_172838_17,266,62.4,1e-15,2.6,216,62.0,1e-18,1.3e-15,2.6,workflow/out/asr_HMMER/domtbl/Stool_9_asr_B.domtblout
k141_515113_2/5-223,k141_515113_2,260,62.4,1e-15,1.3,219,62.0,1e-18,1.3e-15,1.3,workflow/out/asr_HMMER/domtbl/Stool_9_asr_B.domtblout
k141_39964_18/42-264,k141_39964_18,273,62.4,1.1e-15,0.2,223,59.6,5.5e-18,7.3e-15,0.2,workflow/out/asr_HMMER/domtbl/Stool_9_asr_B.domtblout
k141_486239_96/26-245,k141_486239_96,285,62.3,1.1e-15,0.3,220,61.8,1.1e-18,1.5e-15,0.3,workflow/out/asr_HMMER/domtbl/Stool_9_asr_B.domtblout
k141_370485_2/27-244,k141_370485_2,279,62.2,1.2e-15,2.2,218,61.8,1.2e-18,1.6e-15,2.2,workflow/out/asr_HMMER/domtbl/Stool_9_asr_B.domtblout
k141_105746_3/3-208,k141_105746_3,249,62.0,1.4e-15,5.1,206,61.6,1.3e-18,1.8e-15,5.1,workflow/out/asr_HMMER/domtbl/Stool_9_asr_B.domtblout
k141_178291_1/23-269,k141_178291_1,274,62.0,1.4e-15,0.0,247,61.6,1.4e-18,1.8e-15,0.0,workflow/out/asr_HMMER/domtbl/Stool_9_asr_B.domtblout
k141_216800_72/26-244,k141_216800_72,281,62.0,1.4e-15,1.7,219,61.5,1.4e-18,1.9e-15,1.7,workflow/out/asr_HMMER/domtbl/Stool_9_asr_B.domtblout
k141_506681_2/34-253,k141_506681_2,259,61.9,1.4e-15,0.0,220,61.5,1.4e-18,1.9e-15,0.0,workflow/out/asr_HMMER/domtbl/Stool_9_asr_B.domtblout
k141_185878_5/26-244,k141_185878_5,281,61.9,1.5e-15,2.3,219,61.4,1.5e-18,2e-15,2.3,workflow/out/asr_HMMER/domtbl/Stool_9_asr_B.domtblout
k141_426683_2/31-235,k141_426683_2,243,61.7,1.7e-15,4.9,205,58.0,1.7e-17,2.3e-14,4.9,workflow/out/asr_HMMER/domtbl/Stool_9_asr_B.domtblout
k141_246921_2/31-171,k141_246921_2,243,61.3,2.2e-15,0.9,141,46.0,7.8e-14,1e-10,0.0,workflow/out/asr_HMMER/domtbl/Stool_9_asr_B.domtblout
k141_246921_2/201-235,k141_246921_2,243,61.3,2.2e-15,0.9,35,13.9,0.00049,0.64,0.4,workflow/out/asr_HMMER/domtbl/Stool_9_asr_B.domtblout
k141_504865_6/31-249,k141_504865_6,256,61.3,2.3e-15,0.8,219,59.4,6.4e-18,8.4e-15,0.8,workflow/out/asr_HMMER/domtbl/Stool_9_asr_B.domtblout
k141_134275_10/26-244,k141_134275_10,285,61.1,2.5e-15,1.2,219,60.7,2.5e-18,3.3e-15,1.2,workflow/out/asr_HMMER/domtbl/Stool_9_asr_B.domtblout
k141_503931_5/26-244,k141_503931_5,283,61.1,2.5e-15,0.2,219,60.8,2.4e-18,3.1e-15,0.2,workflow/out/asr_HMMER/domtbl/Stool_9_asr_B.domtblout
k141_19628_14/31-255,k141_19628_14,262,61.1,2.6e-15,1.8,225,60.0,4.1e-18,5.5e-15,1.8,workflow/out/asr_HMMER/domtbl/Stool_9_asr_B.domtblout
k141_131250_81/26-252,k141_131250_81,297,61.1,2.6e-15,2.7,227,60.3,3.3e-18,4.4e-15,2.7,workflow/out/asr_HMMER/domtbl/Stool_9_asr_B.domtblout
k141_521030_4/24-246,k141_521030_4,283,61.0,2.8e-15,0.1,223,60.4,3.1e-18,4e-15,0.1,workflow/out/asr_HMMER/domtbl/Stool_9_asr_B.domtblout
k141_274010_3/33-258,k141_274010_3,265,60.9,3e-15,0.0,226,60.5,2.9e-18,3.8e-15,0.0,workflow/out/asr_HMMER/domtbl/Stool_9_asr_B.domtblout
k141_96400_2/30-247,k141_96400_2,255,60.7,3.5e-15,0.3,218,59.6,5.4e-18,7.1e-15,0.3,workflow/out/asr_HMMER/domtbl/Stool_9_asr_B.domtblout
k141_560463_8/33-243,k141_560463_8,253,60.6,3.6e-15,0.2,211,59.9,4.3e-18,5.7e-15,0.2,workflow/out/asr_HMMER/domtbl/Stool_9_asr_B.domtblout
k141_321470_154/39-258,k141_321470_154,265,60.6,3.7e-15,0.0,220,60.2,3.6e-18,4.8e-15,0.0,workflow/out/asr_HMMER/domtbl/Stool_9_asr_B.domtblout
k141_530100_2/26-244,k141_530100_2,281,60.3,4.6e-15,1.4,219,59.9,4.5e-18,5.9e-15,1.4,workflow/out/asr_HMMER/domtbl/Stool_9_asr_B.domtblout
k141_177397_2/34-253,k141_177397_2,259,60.0,5.5e-15,0.0,220,59.6,5.6e-18,7.3e-15,0.0,workflow/out/asr_HMMER/domtbl/Stool_9_asr_B.domtblout
k141_481158_39/26-252,k141_481158_39,297,59.9,6e-15,2.1,227,59.9,4.5e-18,6e-15,2.1,workflow/out/asr_HMMER/domtbl/Stool_9_asr_B.domtblout
k141_1717_2/9-203,k141_1717_2,248,59.9,6.1e-15,2.0,195,59.6,5.6e-18,7.4e-15,2.0,workflow/out/asr_HMMER/domtbl/Stool_9_asr_B.domtblout
k141_497476_2/32-254,k141_497476_2,261,59.8,6.6e-15,0.7,223,58.2,1.5e-17,2e-14,0.7,workflow/out/asr_HMMER/domtbl/Stool_9_asr_B.domtblout
k141_410035_2/26-244,k141_410035_2,284,59.8,6.6e-15,1.8,219,59.4,6.5e-18,8.6e-15,1.8,workflow/out/asr_HMMER/domtbl/Stool_9_asr_B.domtblout
k141_185753_3/14-236,k141_185753_3,244,59.5,7.8e-15,4.8,223,56.4,5.2e-17,6.9e-14,4.8,workflow/out/asr_HMMER/domtbl/Stool_9_asr_B.domtblout
k141_444811_4/30-250,k141_444811_4,257,59.2,9.5e-15,1.1,221,57.3,2.8e-17,3.7e-14,1.1,workflow/out/asr_HMMER/domtbl/Stool_9_asr_B.domtblout
k141_249227_2/22-240,k141_249227_2,277,59.1,1e-14,2.6,219,58.7,1e-17,1.3e-14,2.6,workflow/out/asr_HMMER/domtbl/Stool_9_asr_B.domtblout
k141_128848_28/32-254,k141_128848_28,261,59.1,1e-14,0.0,223,58.7,1.1e-17,1.4e-14,0.0,workflow/out/asr_HMMER/domtbl/Stool_9_asr_B.domtblout
k141_446448_59/33-252,k141_446448_59,259,59.0,1.1e-14,0.8,220,56.5,4.7e-17,6.3e-14,0.8,workflow/out/asr_HMMER/domtbl/Stool_9_asr_B.domtblout
k141_574745_3/11-228,k141_574745_3,265,58.9,1.2e-14,1.9,218,58.5,1.2e-17,1.6e-14,1.9,workflow/out/asr_HMMER/domtbl/Stool_9_asr_B.domtblout
k141_344209_2/34-255,k141_344209_2,261,58.8,1.3e-14,0.1,222,58.3,1.4e-17,1.9e-14,0.1,workflow/out/asr_HMMER/domtbl/Stool_9_asr_B.domtblout
k141_139577_16/32-256,k141_139577_16,263,58.8,1.3e-14,0.4,225,57.5,2.5e-17,3.3e-14,0.4,workflow/out/asr_HMMER/domtbl/Stool_9_asr_B.domtblout
k141_451326_3/25-244,k141_451326_3,285,58.8,1.3e-14,2.9,220,58.4,1.3e-17,1.7e-14,2.9,workflow/out/asr_HMMER/domtbl/Stool_9_asr_B.domtblout
k141_338129_2/66-261,k141_338129_2,268,58.7,1.3e-14,1.5,196,57.3,2.9e-17,3.8e-14,1.5,workflow/out/asr_HMMER/domtbl/Stool_9_asr_B.domtblout
k141_159188_2/26-244,k141_159188_2,284,58.7,1.4e-14,0.2,219,58.3,1.4e-17,1.8e-14,0.2,workflow/out/asr_HMMER/domtbl/Stool_9_asr_B.domtblout
k141_69894_17/26-244,k141_69894_17,281,58.5,1.6e-14,3.1,219,58.1,1.6e-17,2.1e-14,3.1,workflow/out/asr_HMMER/domtbl/Stool_9_asr_B.domtblout
k141_470545_2/35-253,k141_470545_2,259,58.1,2.1e-14,0.1,219,57.6,2.3e-17,3e-14,0.1,workflow/out/asr_HMMER/domtbl/Stool_9_asr_B.domtblout
k141_1135_1/9-226,k141_1135_1,267,57.8,2.6e-14,1.2,218,57.3,2.8e-17,3.7e-14,1.2,workflow/out/asr_HMMER/domtbl/Stool_9_asr_B.domtblout
k141_364486_3/27-244,k141_364486_3,283,57.7,2.8e-14,1.7,218,57.2,3e-17,4e-14,1.7,workflow/out/asr_HMMER/domtbl/Stool_9_asr_B.domtblout
k141_391138_1/37-260,k141_391138_1,269,57.7,2.8e-14,0.3,224,56.6,4.6e-17,6.1e-14,0.3,workflow/out/asr_HMMER/domtbl/Stool_9_asr_B.domtblout
k141_448298_1/2-218,k141_448298_1,255,57.6,2.9e-14,1.5,217,57.3,2.7e-17,3.6e-14,1.5,workflow/out/asr_HMMER/domtbl/Stool_9_asr_B.domtblout
k141_534454_2/37-259,k141_534454_2,264,57.6,3e-14,0.0,223,57.2,2.9e-17,3.9e-14,0.0,workflow/out/asr_HMMER/domtbl/Stool_9_asr_B.domtblout
k141_39023_1/35-231,k141_39023_1,237,57.6,3.1e-14,3.5,197,56.3,5.4e-17,7.2e-14,3.5,workflow/out/asr_HMMER/domtbl/Stool_9_asr_B.domtblout
k141_402635_2/30-183,k141_402635_2,226,57.4,3.4e-14,1.7,154,57.1,3.2e-17,4.2e-14,1.7,workflow/out/asr_HMMER/domtbl/Stool_9_asr_B.domtblout
k141_224105_10/18-236,k141_224105_10,247,57.3,3.7e-14,0.0,219,53.9,3.1e-16,4.1e-13,0.0,workflow/out/asr_HMMER/domtbl/Stool_9_asr_B.domtblout
k141_444226_3/31-258,k141_444226_3,265,57.3,3.7e-14,0.2,228,56.3,5.8e-17,7.6e-14,0.2,workflow/out/asr_HMMER/domtbl/Stool_9_asr_B.domtblout
k141_278447_51/33-248,k141_278447_51,256,57.1,4.1e-14,4.6,216,55.4,1.1e-16,1.4e-13,4.6,workflow/out/asr_HMMER/domtbl/Stool_9_asr_B.domtblout
k141_385501_3/35-253,k141_385501_3,261,57.0,4.6e-14,0.0,219,56.4,5.2e-17,6.8e-14,0.0,workflow/out/asr_HMMER/domtbl/Stool_9_asr_B.domtblout
k141_140542_12/26-244,k141_140542_12,283,56.9,4.8e-14,2.6,219,56.4,5.4e-17,7.1e-14,2.6,workflow/out/asr_HMMER/domtbl/Stool_9_asr_B.domtblout
k141_285146_5/33-276,k141_285146_5,283,56.9,5e-14,0.7,244,50.0,4.8e-15,6.4e-12,0.6,workflow/out/asr_HMMER/domtbl/Stool_9_asr_B.domtblout
k141_427685_25/25-248,k141_427685_25,285,56.7,5.6e-14,0.7,224,56.3,5.8e-17,7.6e-14,0.7,workflow/out/asr_HMMER/domtbl/Stool_9_asr_B.domtblout
k141_342084_11/29-251,k141_342084_11,256,56.6,6.2e-14,0.0,223,56.1,6.3e-17,8.4e-14,0.0,workflow/out/asr_HMMER/domtbl/Stool_9_asr_B.domtblout
k141_206786_28/31-256,k141_206786_28,264,56.5,6.3e-14,0.3,226,54.7,1.7e-16,2.3e-13,0.3,workflow/out/asr_HMMER/domtbl/Stool_9_asr_B.domtblout
k141_40718_3/19-236,k141_40718_3,244,56.4,6.7e-14,0.4,218,55.0,1.4e-16,1.9e-13,0.4,workflow/out/asr_HMMER/domtbl/Stool_9_asr_B.domtblout
k141_2083_32/26-245,k141_2083_32,278,56.3,7.3e-14,2.3,220,55.9,7.6e-17,1e-13,2.3,workflow/out/asr_HMMER/domtbl/Stool_9_asr_B.domtblout
k141_162075_28/32-248,k141_162075_28,256,56.2,7.9e-14,2.7,217,54.3,2.3e-16,3e-13,2.7,workflow/out/asr_HMMER/domtbl/Stool_9_asr_B.domtblout
k141_474281_53/27-244,k141_474281_53,282,56.1,8.3e-14,0.2,218,55.7,8.3e-17,1.1e-13,0.2,workflow/out/asr_HMMER/domtbl/Stool_9_asr_B.domtblout
k141_141884_1/1-194,k141_141884_1,202,56.0,8.9e-14,2.3,194,54.3,2.3e-16,3e-13,2.3,workflow/out/asr_HMMER/domtbl/Stool_9_asr_B.domtblout
k141_63858_6/32-248,k141_63858_6,255,55.9,9.7e-14,0.6,217,54.8,1.6e-16,2.1e-13,0.6,workflow/out/asr_HMMER/domtbl/Stool_9_asr_B.domtblout
k141_82316_20/33-275,k141_82316_20,282,55.4,1.4e-13,2.6,243,52.7,7e-16,9.2e-13,2.6,workflow/out/asr_HMMER/domtbl/Stool_9_asr_B.domtblout
k141_444564_4/33-135,k141_444564_4,261,55.3,1.5e-13,1.1,103,28.3,2e-08,2.6e-05,0.0,workflow/out/asr_HMMER/domtbl/Stool_9_asr_B.domtblout
k141_444564_4/193-254,k141_444564_4,261,55.3,1.5e-13,1.1,62,24.7,2.5e-07,0.00033,1.5,workflow/out/asr_HMMER/domtbl/Stool_9_asr_B.domtblout
k141_21871_8/44-262,k141_21871_8,292,55.2,1.6e-13,3.6,219,54.9,1.5e-16,2e-13,3.6,workflow/out/asr_HMMER/domtbl/Stool_9_asr_B.domtblout
k141_284436_6/7-235,k141_284436_6,245,54.9,2e-13,5.6,229,51.7,1.4e-15,1.9e-12,5.6,workflow/out/asr_HMMER/domtbl/Stool_9_asr_B.domtblout
k141_68145_9/31-251,k141_68145_9,258,54.9,2e-13,0.5,221,51.7,1.4e-15,1.9e-12,0.0,workflow/out/asr_HMMER/domtbl/Stool_9_asr_B.domtblout
k141_567944_137/249-415,k141_567944_137,421,54.8,2.1e-13,0.6,167,53.5,3.9e-16,5.2e-13,0.0,workflow/out/asr_HMMER/domtbl/Stool_9_asr_B.domtblout
k141_551007_2/26-244,k141_551007_2,284,54.6,2.4e-13,1.6,219,54.2,2.5e-16,3.3e-13,1.6,workflow/out/asr_HMMER/domtbl/Stool_9_asr_B.domtblout
k141_190593_24/249-415,k141_190593_24,421,54.6,2.5e-13,0.8,167,53.3,4.6e-16,6.1e-13,0.0,workflow/out/asr_HMMER/domtbl/Stool_9_asr_B.domtblout
k141_112308_5/16-237,k141_112308_5,244,54.5,2.6e-13,3.7,222,53.3,4.5e-16,5.9e-13,3.7,workflow/out/asr_HMMER/domtbl/Stool_9_asr_B.domtblout
k141_330307_121/243-404,k141_330307_121,409,54.5,2.7e-13,0.0,162,51.5,1.7e-15,2.2e-12,0.0,workflow/out/asr_HMMER/domtbl/Stool_9_asr_B.domtblout
k141_479074_2/26-196,k141_479074_2,198,54.2,3.3e-13,0.3,171,54.1,2.7e-16,3.6e-13,0.3,workflow/out/asr_HMMER/domtbl/Stool_9_asr_B.domtblout
k141_307679_25/249-415,k141_307679_25,421,54.2,3.3e-13,0.1,167,52.0,1.1e-15,1.5e-12,0.0,workflow/out/asr_HMMER/domtbl/Stool_9_asr_B.domtblout
k141_130410_15/17-246,k141_130410_15,284,53.9,4e-13,1.1,230,53.5,4.1e-16,5.4e-13,1.1,workflow/out/asr_HMMER/domtbl/Stool_9_asr_B.domtblout
k141_280576_26/27-266,k141_280576_26,275,53.9,4.2e-13,0.0,240,52.5,8e-16,1.1e-12,0.0,workflow/out/asr_HMMER/domtbl/Stool_9_asr_B.domtblout
k141_205958_1/48-267,k141_205958_1,269,53.7,4.7e-13,2.4,220,53.0,5.7e-16,7.5e-13,2.4,workflow/out/asr_HMMER/domtbl/Stool_9_asr_B.domtblout
k141_392123_1/3-187,k141_392123_1,225,53.4,5.6e-13,1.4,185,53.1,5.2e-16,6.9e-13,1.4,workflow/out/asr_HMMER/domtbl/Stool_9_asr_B.domtblout
k141_125992_8/249-409,k141_125992_8,415,53.3,6.2e-13,0.0,161,53.3,4.7e-16,6.2e-13,0.0,workflow/out/asr_HMMER/domtbl/Stool_9_asr_B.domtblout
k141_295919_42/26-244,k141_295919_42,281,53.0,7.8e-13,1.1,219,52.5,7.9e-16,1e-12,1.1,workflow/out/asr_HMMER/domtbl/Stool_9_asr_B.domtblout
k141_175596_1/26-248,k141_175596_1,285,52.8,8.5e-13,1.1,223,52.4,8.8e-16,1.2e-12,1.1,workflow/out/asr_HMMER/domtbl/Stool_9_asr_B.domtblout
k141_239946_7/250-415,k141_239946_7,423,52.6,1e-12,0.3,166,50.7,2.9e-15,3.8e-12,0.0,workflow/out/asr_HMMER/domtbl/Stool_9_asr_B.domtblout
k141_175647_2/30-249,k141_175647_2,252,52.4,1.2e-12,6.5,220,51.0,2.3e-15,3e-12,6.5,workflow/out/asr_HMMER/domtbl/Stool_9_asr_B.domtblout
k141_317743_29/33-248,k141_317743_29,255,52.3,1.2e-12,3.4,216,51.1,2.2e-15,2.9e-12,3.4,workflow/out/asr_HMMER/domtbl/Stool_9_asr_B.domtblout
k141_303994_2/10-167,k141_303994_2,207,52.2,1.3e-12,1.6,158,51.9,1.2e-15,1.6e-12,1.6,workflow/out/asr_HMMER/domtbl/Stool_9_asr_B.domtblout
k141_476802_4/27-244,k141_476802_4,281,52.1,1.4e-12,4.1,218,51.7,1.4e-15,1.8e-12,4.1,workflow/out/asr_HMMER/domtbl/Stool_9_asr_B.domtblout
k141_206019_2/25-123,k141_206019_2,253,52.1,1.4e-12,0.1,99,33.4,5.4e-10,7.1e-07,0.0,workflow/out/asr_HMMER/domtbl/Stool_9_asr_B.domtblout
k141_206019_2/203-242,k141_206019_2,253,52.1,1.4e-12,0.1,40,16.4,8.2e-05,0.11,0.4,workflow/out/asr_HMMER/domtbl/Stool_9_asr_B.domtblout
k141_344149_2/30-234,k141_344149_2,235,52.0,1.5e-12,0.1,205,50.9,2.5e-15,3.3e-12,0.1,workflow/out/asr_HMMER/domtbl/Stool_9_asr_B.domtblout
k141_486627_13/34-253,k141_486627_13,260,51.8,1.8e-12,0.5,220,49.8,5.5e-15,7.3e-12,0.5,workflow/out/asr_HMMER/domtbl/Stool_9_asr_B.domtblout
k141_545575_2/26-196,k141_545575_2,219,51.7,1.8e-12,0.7,171,51.4,1.7e-15,2.3e-12,0.7,workflow/out/asr_HMMER/domtbl/Stool_9_asr_B.domtblout
k141_562152_112/32-248,k141_562152_112,255,51.6,2.1e-12,1.3,217,48.5,1.4e-14,1.8e-11,1.3,workflow/out/asr_HMMER/domtbl/Stool_9_asr_B.domtblout
k141_503231_5/30-247,k141_503231_5,256,51.4,2.3e-12,0.7,218,46.7,4.8e-14,6.3e-11,0.7,workflow/out/asr_HMMER/domtbl/Stool_9_asr_B.domtblout
k141_78706_6/33-259,k141_78706_6,267,50.9,3.4e-12,0.0,227,49.3,7.9e-15,1e-11,0.0,workflow/out/asr_HMMER/domtbl/Stool_9_asr_B.domtblout
k141_159774_49/243-418,k141_159774_49,425,50.5,4.3e-12,0.5,176,48.8,1.1e-14,1.4e-11,0.0,workflow/out/asr_HMMER/domtbl/Stool_9_asr_B.domtblout
k141_179755_12/11-249,k141_179755_12,258,49.9,6.7e-12,0.0,239,45.0,1.6e-13,2.2e-10,0.0,workflow/out/asr_HMMER/domtbl/Stool_9_asr_B.domtblout
k141_305868_8/258-421,k141_305868_8,429,49.8,7e-12,0.3,164,47.1,3.7e-14,4.9e-11,0.0,workflow/out/asr_HMMER/domtbl/Stool_9_asr_B.domtblout
k141_516708_10/29-248,k141_516708_10,257,49.8,7e-12,0.2,220,45.5,1.1e-13,1.5e-10,0.2,workflow/out/asr_HMMER/domtbl/Stool_9_asr_B.domtblout
k141_88488_5/255-419,k141_88488_5,425,49.2,1.1e-11,0.2,165,48.4,1.4e-14,1.9e-11,0.0,workflow/out/asr_HMMER/domtbl/Stool_9_asr_B.domtblout
k141_277059_2/259-422,k141_277059_2,430,49.0,1.3e-11,0.1,164,47.1,3.5e-14,4.7e-11,0.0,workflow/out/asr_HMMER/domtbl/Stool_9_asr_B.domtblout
k141_511949_10/252-416,k141_511949_10,423,48.9,1.4e-11,1.5,165,48.3,1.5e-14,2e-11,0.0,workflow/out/asr_HMMER/domtbl/Stool_9_asr_B.domtblout
k141_181509_38/27-245,k141_181509_38,284,48.8,1.5e-11,0.5,219,48.3,1.6e-14,2.1e-11,0.5,workflow/out/asr_HMMER/domtbl/Stool_9_asr_B.domtblout
k141_326231_1/2-42,k141_326231_1,49,48.6,1.7e-11,0.4,41,48.6,1.3e-14,1.7e-11,0.4,workflow/out/asr_HMMER/domtbl/Stool_9_asr_B.domtblout
k141_291998_2/254-418,k141_291998_2,425,48.4,1.9e-11,0.5,165,46.9,4e-14,5.3e-11,0.0,workflow/out/asr_HMMER/domtbl/Stool_9_asr_B.domtblout
k141_152094_5/254-418,k141_152094_5,425,48.4,2e-11,0.5,165,47.0,3.8e-14,5.1e-11,0.0,workflow/out/asr_HMMER/domtbl/Stool_9_asr_B.domtblout
k141_27237_2/30-225,k141_27237_2,227,48.3,2.1e-11,0.0,196,48.0,1.9e-14,2.6e-11,0.0,workflow/out/asr_HMMER/domtbl/Stool_9_asr_B.domtblout
k141_446388_46/252-416,k141_446388_46,423,48.1,2.3e-11,0.3,165,46.4,5.8e-14,7.7e-11,0.0,workflow/out/asr_HMMER/domtbl/Stool_9_asr_B.domtblout
k141_326434_15/30-248,k141_326434_15,257,48.1,2.4e-11,0.6,219,43.4,4.8e-13,6.4e-10,0.6,workflow/out/asr_HMMER/domtbl/Stool_9_asr_B.domtblout
k141_49518_2/254-416,k141_49518_2,423,48.0,2.4e-11,0.0,163,48.0,1.8e-14,2.4e-11,0.0,workflow/out/asr_HMMER/domtbl/Stool_9_asr_B.domtblout
k141_144661_36/252-416,k141_144661_36,423,47.9,2.7e-11,0.0,165,47.1,3.6e-14,4.7e-11,0.0,workflow/out/asr_HMMER/domtbl/Stool_9_asr_B.domtblout
k141_317413_1/27-193,k141_317413_1,193,47.2,4.6e-11,0.0,167,46.9,4.1e-14,5.5e-11,0.0,workflow/out/asr_HMMER/domtbl/Stool_9_asr_B.domtblout
k141_245855_1/26-195,k141_245855_1,196,46.6,7e-11,0.3,170,46.3,6.3e-14,8.4e-11,0.3,workflow/out/asr_HMMER/domtbl/Stool_9_asr_B.domtblout
k141_273046_21/34-247,k141_273046_21,256,46.4,7.6e-11,1.4,214,40.1,5.1e-12,6.7e-09,1.4,workflow/out/asr_HMMER/domtbl/Stool_9_asr_B.domtblout
k141_144389_2/2-111,k141_144389_2,112,43.9,4.4e-10,0.1,110,43.8,3.6e-13,4.7e-10,0.1,workflow/out/asr_HMMER/domtbl/Stool_9_asr_B.domtblout
k141_282035_17/54-278,k141_282035_17,388,43.8,5e-10,0.3,225,41.3,2e-12,2.7e-09,0.0,workflow/out/asr_HMMER/domtbl/Stool_9_asr_B.domtblout
k141_63401_3/89-281,k141_63401_3,404,43.6,5.6e-10,0.0,193,43.0,6.6e-13,8.8e-10,0.0,workflow/out/asr_HMMER/domtbl/Stool_9_asr_B.domtblout
k141_283574_2/16-112,k141_283574_2,112,42.1,1.6e-09,0.0,97,42.1,1.2e-12,1.6e-09,0.0,workflow/out/asr_HMMER/domtbl/Stool_9_asr_B.domtblout
k141_470942_1/26-152,k141_470942_1,187,41.3,2.7e-09,0.0,127,41.1,2.4e-12,3.2e-09,0.0,workflow/out/asr_HMMER/domtbl/Stool_9_asr_B.domtblout
k141_179755_24/30-251,k141_179755_24,257,41.2,3e-09,3.0,222,36.2,7.6e-11,1e-07,3.0,workflow/out/asr_HMMER/domtbl/Stool_9_asr_B.domtblout
k141_437537_1/1-113,k141_437537_1,150,40.8,3.9e-09,0.2,113,40.5,3.7e-12,4.9e-09,0.2,workflow/out/asr_HMMER/domtbl/Stool_9_asr_B.domtblout
k141_515875_2/36-155,k141_515875_2,187,40.5,4.8e-09,0.1,120,40.2,4.4e-12,5.9e-09,0.1,workflow/out/asr_HMMER/domtbl/Stool_9_asr_B.domtblout
k141_410391_1/34-208,k141_410391_1,217,40.3,5.7e-09,0.0,175,38.9,1.1e-11,1.5e-08,0.0,workflow/out/asr_HMMER/domtbl/Stool_9_asr_B.domtblout
k141_373639_1/10-155,k141_373639_1,196,40.2,5.9e-09,0.9,146,39.9,5.5e-12,7.3e-09,0.9,workflow/out/asr_HMMER/domtbl/Stool_9_asr_B.domtblout
k141_273046_11/51-133,k141_273046_11,256,39.6,9e-09,0.1,83,25.8,1.2e-07,0.00015,0.0,workflow/out/asr_HMMER/domtbl/Stool_9_asr_B.domtblout
k141_273046_11/208-250,k141_273046_11,256,39.6,9e-09,0.1,43,11.5,0.0026,3.5,0.5,workflow/out/asr_HMMER/domtbl/Stool_9_asr_B.domtblout
k141_457085_2/1-138,k141_457085_2,174,39.6,9.3e-09,0.1,138,39.1,9.7e-12,1.3e-08,0.1,workflow/out/asr_HMMER/domtbl/Stool_9_asr_B.domtblout
k141_450269_3/28-127,k141_450269_3,257,39.4,1e-08,1.3,100,26.1,9.3e-08,0.00012,0.0,workflow/out/asr_HMMER/domtbl/Stool_9_asr_B.domtblout
k141_450269_3/208-251,k141_450269_3,257,39.4,1e-08,1.3,44,11.3,0.003,4.0,1.2,workflow/out/asr_HMMER/domtbl/Stool_9_asr_B.domtblout
k141_470236_1/18-99,k141_470236_1,130,38.8,1.6e-08,0.1,82,38.6,1.4e-11,1.8e-08,0.1,workflow/out/asr_HMMER/domtbl/Stool_9_asr_B.domtblout
k141_109198_1/7-144,k141_109198_1,152,37.6,3.7e-08,0.4,138,37.3,3.4e-11,4.6e-08,0.4,workflow/out/asr_HMMER/domtbl/Stool_9_asr_B.domtblout
k141_383350_6/40-236,k141_383350_6,270,37.4,4.3e-08,0.1,197,33.3,6e-10,8e-07,0.1,workflow/out/asr_HMMER/domtbl/Stool_9_asr_B.domtblout
k141_117317_17/9-152,k141_117317_17,159,36.9,6.2e-08,0.1,144,35.8,1e-10,1.4e-07,0.1,workflow/out/asr_HMMER/domtbl/Stool_9_asr_B.domtblout
k141_466115_2/26-131,k141_466115_2,135,36.5,8.2e-08,0.2,106,36.4,6.6e-11,8.8e-08,0.2,workflow/out/asr_HMMER/domtbl/Stool_9_asr_B.domtblout
k141_34259_1/19-137,k141_34259_1,182,36.1,1.1e-07,0.7,119,35.8,1e-10,1.3e-07,0.7,workflow/out/asr_HMMER/domtbl/Stool_9_asr_B.domtblout
k141_335303_1/35-131,k141_335303_1,177,35.7,1.4e-07,0.0,97,35.4,1.3e-10,1.7e-07,0.0,workflow/out/asr_HMMER/domtbl/Stool_9_asr_B.domtblout
k141_93927_1/18-82,k141_93927_1,87,33.3,7.8e-07,1.5,65,33.0,7e-10,9.3e-07,1.5,workflow/out/asr_HMMER/domtbl/Stool_9_asr_B.domtblout
k141_449464_2/31-149,k141_449464_2,158,33.1,9.1e-07,0.0,119,32.8,8.4e-10,1.1e-06,0.0,workflow/out/asr_HMMER/domtbl/Stool_9_asr_B.domtblout
k141_327990_52/141-248,k141_327990_52,404,32.7,1.1e-06,0.2,108,31.7,1.8e-09,2.4e-06,0.0,workflow/out/asr_HMMER/domtbl/Stool_9_asr_B.domtblout
k141_203322_2/17-135,k141_203322_2,180,32.6,1.2e-06,0.4,119,32.3,1.2e-09,1.6e-06,0.4,workflow/out/asr_HMMER/domtbl/Stool_9_asr_B.domtblout
k141_160850_9/81-277,k141_160850_9,397,32.0,2e-06,0.0,197,30.5,4.1e-09,5.5e-06,0.0,workflow/out/asr_HMMER/domtbl/Stool_9_asr_B.domtblout
k141_151696_4/113-274,k141_151696_4,388,31.5,2.8e-06,0.0,162,30.7,3.6e-09,4.7e-06,0.0,workflow/out/asr_HMMER/domtbl/Stool_9_asr_B.domtblout
k141_574715_1/42-131,k141_574715_1,160,30.0,7.8e-06,0.0,90,29.9,6.3e-09,8.3e-06,0.0,workflow/out/asr_HMMER/domtbl/Stool_9_asr_B.domtblout
k141_421523_32/54-277,k141_421523_32,397,29.8,9e-06,0.0,224,28.4,1.8e-08,2.4e-05,0.0,workflow/out/asr_HMMER/domtbl/Stool_9_asr_B.domtblout
k141_440273_3/26-144,k141_440273_3,151,29.7,9.4e-06,1.6,119,28.5,1.7e-08,2.2e-05,1.6,workflow/out/asr_HMMER/domtbl/Stool_9_asr_B.domtblout
k141_400207_1/27-126,k141_400207_1,139,28.5,2.2e-05,0.0,100,28.3,1.9e-08,2.5e-05,0.0,workflow/out/asr_HMMER/domtbl/Stool_9_asr_B.domtblout
k141_291585_7/27-245,k141_291585_7,282,28.1,2.9e-05,0.0,219,27.6,3.3e-08,4.3e-05,0.0,workflow/out/asr_HMMER/domtbl/Stool_9_asr_B.domtblout
k141_281277_2/56-117,k141_281277_2,123,28.0,3.3e-05,0.3,62,27.8,2.8e-08,3.7e-05,0.3,workflow/out/asr_HMMER/domtbl/Stool_9_asr_B.domtblout
k141_543311_1/9-73,k141_543311_1,81,27.2,5.6e-05,2.0,65,27.0,4.7e-08,6.3e-05,2.0,workflow/out/asr_HMMER/domtbl/Stool_9_asr_B.domtblout
k141_255116_2/29-100,k141_255116_2,107,23.6,0.0007,1.8,72,22.6,1e-06,0.0014,1.8,workflow/out/asr_HMMER/domtbl/Stool_9_asr_B.domtblout
k141_332329_2/7-45,k141_332329_2,51,23.4,0.00079,2.8,39,23.2,6.9e-07,0.00091,2.8,workflow/out/asr_HMMER/domtbl/Stool_9_asr_B.domtblout
k141_560503_1/24-59,k141_560503_1,66,20.9,0.0047,1.3,36,20.9,3.6e-06,0.0047,1.3,workflow/out/asr_HMMER/domtbl/Stool_9_asr_B.domtblout
k141_269420_1/7-82,k141_269420_1,83,20.0,0.0091,0.0,76,19.8,7.6e-06,0.01,0.0,workflow/out/asr_HMMER/domtbl/Stool_9_asr_B.domtblout
k141_118093_4/3-262,k141_118093_4,263,421.0,1.1e-125,0.5,260,420.8,8.1e-129,1.3e-125,0.5,workflow/out/asr_HMMER/domtbl/Stool_1_asr_B.domtblout
k141_44571_2/3-263,k141_44571_2,264,420.0,2.3e-125,1.3,261,419.8,1.6e-128,2.6e-125,1.3,workflow/out/asr_HMMER/domtbl/Stool_1_asr_B.domtblout
k141_154804_1/7-272,k141_154804_1,278,200.1,2.7e-58,0.0,266,200.0,2e-61,3.1e-58,0.0,workflow/out/asr_HMMER/domtbl/Stool_1_asr_B.domtblout
k141_100052_7/13-273,k141_100052_7,285,193.7,2.5e-56,0.3,261,193.4,2e-59,3.1e-56,0.3,workflow/out/asr_HMMER/domtbl/Stool_1_asr_B.domtblout
k141_31105_7/15-273,k141_31105_7,285,187.9,1.5e-54,0.2,259,187.6,1.2e-57,1.8e-54,0.2,workflow/out/asr_HMMER/domtbl/Stool_1_asr_B.domtblout
k141_173438_3/10-272,k141_173438_3,278,184.5,1.7e-53,0.1,263,184.3,1.2e-56,1.8e-53,0.1,workflow/out/asr_HMMER/domtbl/Stool_1_asr_B.domtblout
k141_169401_2/15-273,k141_169401_2,285,183.6,3e-53,0.2,259,183.3,2.3e-56,3.6e-53,0.2,workflow/out/asr_HMMER/domtbl/Stool_1_asr_B.domtblout
k141_173663_8/15-279,k141_173663_8,285,180.4,2.9e-52,0.3,265,179.8,2.9e-55,4.5e-52,0.3,workflow/out/asr_HMMER/domtbl/Stool_1_asr_B.domtblout
k141_177655_2/17-247,k141_177655_2,259,165.5,1e-47,0.0,231,165.3,7.5e-51,1.2e-47,0.0,workflow/out/asr_HMMER/domtbl/Stool_1_asr_B.domtblout
k141_175574_1/4-162,k141_175574_1,174,136.4,7.4e-39,0.2,159,136.1,6e-42,9.3e-39,0.2,workflow/out/asr_HMMER/domtbl/Stool_1_asr_B.domtblout
k141_137433_3/15-225,k141_137433_3,226,121.1,3.5e-34,0.1,211,120.9,2.6e-37,4.1e-34,0.1,workflow/out/asr_HMMER/domtbl/Stool_1_asr_B.domtblout
k141_125204_3/25-251,k141_125204_3,296,87.6,5.8e-24,2.8,227,87.0,5.9e-27,9.2e-24,2.8,workflow/out/asr_HMMER/domtbl/Stool_1_asr_B.domtblout
k141_187699_2/25-251,k141_187699_2,296,87.2,7.9e-24,2.4,227,86.5,8.4e-27,1.3e-23,2.4,workflow/out/asr_HMMER/domtbl/Stool_1_asr_B.domtblout
k141_79612_2/27-251,k141_79612_2,296,84.7,4.4e-23,1.8,225,84.3,3.8e-26,5.9e-23,1.8,workflow/out/asr_HMMER/domtbl/Stool_1_asr_B.domtblout
k141_159886_19/26-251,k141_159886_19,293,84.3,5.9e-23,2.1,226,84.0,4.8e-26,7.5e-23,2.1,workflow/out/asr_HMMER/domtbl/Stool_1_asr_B.domtblout
k141_139805_44/26-251,k141_139805_44,296,82.4,2.3e-22,1.5,226,82.0,2e-25,3.1e-22,1.5,workflow/out/asr_HMMER/domtbl/Stool_1_asr_B.domtblout
k141_147722_1/26-251,k141_147722_1,295,80.7,7.5e-22,1.8,226,80.3,6.4e-25,9.9e-22,1.8,workflow/out/asr_HMMER/domtbl/Stool_1_asr_B.domtblout
k141_64897_3/31-249,k141_64897_3,258,79.9,1.3e-21,3.4,219,79.5,1.2e-24,1.8e-21,3.4,workflow/out/asr_HMMER/domtbl/Stool_1_asr_B.domtblout
k141_6060_2/19-236,k141_6060_2,244,78.6,3.2e-21,2.9,218,76.2,1.1e-23,1.8e-20,2.9,workflow/out/asr_HMMER/domtbl/Stool_1_asr_B.domtblout
k141_10617_2/26-252,k141_10617_2,297,78.2,4.2e-21,2.0,227,77.9,3.5e-24,5.4e-21,2.0,workflow/out/asr_HMMER/domtbl/Stool_1_asr_B.domtblout
k141_66466_6/24-251,k141_66466_6,296,76.6,1.3e-20,2.7,228,76.6,8.4e-24,1.3e-20,2.7,workflow/out/asr_HMMER/domtbl/Stool_1_asr_B.domtblout
k141_79481_2/25-251,k141_79481_2,293,76.0,2e-20,2.5,227,75.7,1.6e-23,2.5e-20,2.5,workflow/out/asr_HMMER/domtbl/Stool_1_asr_B.domtblout
k141_34966_44/34-251,k141_34966_44,259,73.6,1.1e-19,0.3,218,73.2,9.2e-23,1.4e-19,0.3,workflow/out/asr_HMMER/domtbl/Stool_1_asr_B.domtblout
k141_96401_8/5-249,k141_96401_8,256,71.4,5e-19,2.9,245,70.4,6.9e-22,1.1e-18,2.9,workflow/out/asr_HMMER/domtbl/Stool_1_asr_B.domtblout
k141_495_2/30-249,k141_495_2,255,71.2,5.7e-19,1.4,220,70.1,8.2e-22,1.3e-18,1.4,workflow/out/asr_HMMER/domtbl/Stool_1_asr_B.domtblout
k141_180899_12/26-251,k141_180899_12,296,71.2,6e-19,1.8,226,70.8,4.9e-22,7.7e-19,1.8,workflow/out/asr_HMMER/domtbl/Stool_1_asr_B.domtblout
k141_123761_16/32-256,k141_123761_16,263,70.8,7.6e-19,0.6,225,69.1,1.7e-21,2.6e-18,0.6,workflow/out/asr_HMMER/domtbl/Stool_1_asr_B.domtblout
k141_53441_2/31-254,k141_53441_2,261,70.3,1.1e-18,0.8,224,69.0,1.8e-21,2.9e-18,0.8,workflow/out/asr_HMMER/domtbl/Stool_1_asr_B.domtblout
k141_194742_1/26-243,k141_194742_1,281,70.1,1.3e-18,2.2,218,69.7,1.1e-21,1.7e-18,2.2,workflow/out/asr_HMMER/domtbl/Stool_1_asr_B.domtblout
k141_96588_5/14-262,k141_96588_5,269,70.1,1.3e-18,3.6,249,68.9,1.9e-21,2.9e-18,3.6,workflow/out/asr_HMMER/domtbl/Stool_1_asr_B.domtblout
k141_24888_4/26-243,k141_24888_4,282,69.9,1.4e-18,1.4,218,69.5,1.2e-21,1.9e-18,1.4,workflow/out/asr_HMMER/domtbl/Stool_1_asr_B.domtblout
k141_89614_2/27-245,k141_89614_2,284,69.7,1.7e-18,1.9,219,69.7,1.1e-21,1.7e-18,1.9,workflow/out/asr_HMMER/domtbl/Stool_1_asr_B.domtblout
k141_174712_1/26-243,k141_174712_1,282,69.1,2.6e-18,1.6,218,68.7,2.2e-21,3.4e-18,1.6,workflow/out/asr_HMMER/domtbl/Stool_1_asr_B.domtblout
k141_188020_5/34-253,k141_188020_5,257,68.9,3.1e-18,1.3,220,67.1,6.7e-21,1e-17,1.3,workflow/out/asr_HMMER/domtbl/Stool_1_asr_B.domtblout
k141_194619_1/26-243,k141_194619_1,282,68.8,3.2e-18,1.4,218,68.4,2.7e-21,4.2e-18,1.4,workflow/out/asr_HMMER/domtbl/Stool_1_asr_B.domtblout
k141_126069_10/29-243,k141_126069_10,266,68.8,3.2e-18,2.3,215,68.4,2.8e-21,4.3e-18,2.3,workflow/out/asr_HMMER/domtbl/Stool_1_asr_B.domtblout
k141_190806_29/2-245,k141_190806_29,280,68.7,3.4e-18,0.0,244,68.4,2.7e-21,4.2e-18,0.0,workflow/out/asr_HMMER/domtbl/Stool_1_asr_B.domtblout
k141_87291_5/27-252,k141_87291_5,297,68.7,3.5e-18,1.4,226,68.2,3.2e-21,5e-18,1.4,workflow/out/asr_HMMER/domtbl/Stool_1_asr_B.domtblout
k141_99857_1/25-204,k141_99857_1,212,68.4,4.4e-18,0.2,180,68.0,3.6e-21,5.7e-18,0.2,workflow/out/asr_HMMER/domtbl/Stool_1_asr_B.domtblout
k141_44224_1/13-236,k141_44224_1,243,68.3,4.4e-18,0.7,224,67.0,7.5e-21,1.2e-17,0.7,workflow/out/asr_HMMER/domtbl/Stool_1_asr_B.domtblout
k141_81947_80/26-243,k141_81947_80,782,68.3,4.5e-18,2.6,218,67.1,6.7e-21,1e-17,2.6,workflow/out/asr_HMMER/domtbl/Stool_1_asr_B.domtblout
k141_112096_2/29-254,k141_112096_2,261,67.9,5.9e-18,0.7,226,66.3,1.2e-20,1.8e-17,0.7,workflow/out/asr_HMMER/domtbl/Stool_1_asr_B.domtblout
k141_197067_39/28-244,k141_197067_39,248,67.5,8e-18,2.3,217,65.9,1.6e-20,2.5e-17,2.3,workflow/out/asr_HMMER/domtbl/Stool_1_asr_B.domtblout
k141_150014_4/29-246,k141_150014_4,255,66.7,1.4e-17,3.8,218,66.4,1.1e-20,1.7e-17,3.8,workflow/out/asr_HMMER/domtbl/Stool_1_asr_B.domtblout
k141_135684_1/26-243,k141_135684_1,282,66.7,1.4e-17,2.3,218,66.2,1.2e-20,1.9e-17,2.3,workflow/out/asr_HMMER/domtbl/Stool_1_asr_B.domtblout
k141_175534_9/35-253,k141_175534_9,258,66.4,1.8e-17,2.1,219,64.6,4e-20,6.2e-17,2.1,workflow/out/asr_HMMER/domtbl/Stool_1_asr_B.domtblout
k141_33369_6/35-253,k141_33369_6,258,66.0,2.3e-17,2.1,219,64.4,4.7e-20,7.2e-17,2.1,workflow/out/asr_HMMER/domtbl/Stool_1_asr_B.domtblout
k141_164136_5/29-254,k141_164136_5,261,65.6,3.1e-17,0.9,226,63.9,6.3e-20,9.8e-17,0.9,workflow/out/asr_HMMER/domtbl/Stool_1_asr_B.domtblout
k141_152225_2/35-252,k141_152225_2,257,65.5,3.3e-17,1.6,218,62.4,1.8e-19,2.8e-16,1.6,workflow/out/asr_HMMER/domtbl/Stool_1_asr_B.domtblout
k141_81743_1/25-244,k141_81743_1,247,65.4,3.6e-17,0.9,220,65.1,2.7e-20,4.2e-17,0.9,workflow/out/asr_HMMER/domtbl/Stool_1_asr_B.domtblout
k141_4793_4/31-250,k141_4793_4,257,65.3,3.8e-17,4.0,220,62.2,2.2e-19,3.4e-16,4.0,workflow/out/asr_HMMER/domtbl/Stool_1_asr_B.domtblout
k141_32055_4/29-255,k141_32055_4,262,65.2,4e-17,0.8,227,63.6,8.1e-20,1.3e-16,0.8,workflow/out/asr_HMMER/domtbl/Stool_1_asr_B.domtblout
k141_121636_3/55-251,k141_121636_3,257,65.2,4.1e-17,0.0,197,64.6,3.9e-20,6.1e-17,0.0,workflow/out/asr_HMMER/domtbl/Stool_1_asr_B.domtblout
k141_34132_10/35-253,k141_34132_10,258,65.2,4.1e-17,1.3,219,62.9,1.3e-19,2e-16,1.3,workflow/out/asr_HMMER/domtbl/Stool_1_asr_B.domtblout
k141_203173_1/6-243,k141_203173_1,787,65.0,4.6e-17,3.6,238,64.0,5.8e-20,9e-17,3.6,workflow/out/asr_HMMER/domtbl/Stool_1_asr_B.domtblout
k141_189631_4/31-261,k141_189631_4,267,64.5,6.6e-17,1.6,231,63.3,1e-19,1.6e-16,1.6,workflow/out/asr_HMMER/domtbl/Stool_1_asr_B.domtblout
k141_165480_20/34-254,k141_165480_20,261,63.7,1.2e-16,0.1,221,62.5,1.7e-19,2.7e-16,0.1,workflow/out/asr_HMMER/domtbl/Stool_1_asr_B.domtblout
k141_81946_110/38-258,k141_81946_110,265,63.3,1.6e-16,0.5,221,61.8,2.7e-19,4.3e-16,0.5,workflow/out/asr_HMMER/domtbl/Stool_1_asr_B.domtblout
k141_149835_1/2-199,k141_149835_1,204,63.2,1.6e-16,2.9,198,61.3,4e-19,6.3e-16,2.9,workflow/out/asr_HMMER/domtbl/Stool_1_asr_B.domtblout
k141_210136_72/42-264,k141_210136_72,273,63.0,1.9e-16,0.1,223,61.4,3.8e-19,5.9e-16,0.1,workflow/out/asr_HMMER/domtbl/Stool_1_asr_B.domtblout
k141_60481_70/115-332,k141_60481_70,338,63.0,1.9e-16,0.1,218,62.2,2.1e-19,3.3e-16,0.1,workflow/out/asr_HMMER/domtbl/Stool_1_asr_B.domtblout
k141_72882_3/26-245,k141_72882_3,278,62.9,2e-16,1.5,220,62.5,1.7e-19,2.7e-16,1.5,workflow/out/asr_HMMER/domtbl/Stool_1_asr_B.domtblout
k141_104588_2/24-240,k141_104588_2,248,62.7,2.3e-16,3.3,217,61.1,4.5e-19,7e-16,3.3,workflow/out/asr_HMMER/domtbl/Stool_1_asr_B.domtblout
k141_165410_4/26-252,k141_165410_4,297,61.8,4.2e-16,2.1,227,61.8,2.7e-19,4.2e-16,2.1,workflow/out/asr_HMMER/domtbl/Stool_1_asr_B.domtblout
k141_131833_7/26-244,k141_131833_7,281,60.9,8e-16,1.4,219,60.6,6.6e-19,1e-15,1.4,workflow/out/asr_HMMER/domtbl/Stool_1_asr_B.domtblout
k141_205426_11/110-336,k141_205426_11,339,60.5,1.1e-15,0.0,227,60.0,1e-18,1.6e-15,0.0,workflow/out/asr_HMMER/domtbl/Stool_1_asr_B.domtblout
k141_169106_2/34-253,k141_169106_2,259,60.0,1.5e-15,0.0,220,59.6,1.3e-18,2.1e-15,0.0,workflow/out/asr_HMMER/domtbl/Stool_1_asr_B.domtblout
k141_114962_4/37-261,k141_114962_4,268,59.3,2.5e-15,0.8,225,58.9,2.2e-18,3.5e-15,0.8,workflow/out/asr_HMMER/domtbl/Stool_1_asr_B.domtblout
k141_212743_3/11-212,k141_212743_3,221,58.7,3.8e-15,2.3,202,57.0,8.2e-18,1.3e-14,2.3,workflow/out/asr_HMMER/domtbl/Stool_1_asr_B.domtblout
k141_22174_3/40-261,k141_22174_3,268,58.4,4.7e-15,0.0,222,57.8,4.6e-18,7.2e-15,0.0,workflow/out/asr_HMMER/domtbl/Stool_1_asr_B.domtblout
k141_22689_21/29-264,k141_22689_21,270,57.6,8.2e-15,3.5,236,54.9,3.5e-17,5.4e-14,3.5,workflow/out/asr_HMMER/domtbl/Stool_1_asr_B.domtblout
k141_66317_25/29-251,k141_66317_25,256,57.6,8.6e-15,0.0,223,57.2,7.1e-18,1.1e-14,0.0,workflow/out/asr_HMMER/domtbl/Stool_1_asr_B.domtblout
k141_26097_11/35-231,k141_26097_11,237,57.6,8.7e-15,3.5,197,56.3,1.3e-17,2e-14,3.5,workflow/out/asr_HMMER/domtbl/Stool_1_asr_B.domtblout
k141_51758_41/33-248,k141_51758_41,256,57.2,1.1e-14,5.2,216,55.2,2.9e-17,4.5e-14,5.2,workflow/out/asr_HMMER/domtbl/Stool_1_asr_B.domtblout
k141_184768_81/41-264,k141_184768_81,273,57.1,1.2e-14,0.2,224,56.0,1.7e-17,2.7e-14,0.2,workflow/out/asr_HMMER/domtbl/Stool_1_asr_B.domtblout
k141_86186_2/26-245,k141_86186_2,278,56.3,2e-14,2.3,220,55.9,1.8e-17,2.8e-14,2.3,workflow/out/asr_HMMER/domtbl/Stool_1_asr_B.domtblout
k141_53913_11/31-256,k141_53913_11,264,56.3,2.1e-14,0.2,226,54.5,4.8e-17,7.4e-14,0.2,workflow/out/asr_HMMER/domtbl/Stool_1_asr_B.domtblout
k141_4317_12/29-247,k141_4317_12,277,55.7,3.2e-14,3.4,219,55.4,2.6e-17,4e-14,3.4,workflow/out/asr_HMMER/domtbl/Stool_1_asr_B.domtblout
k141_205099_2/33-135,k141_205099_2,261,55.3,4.2e-14,1.1,103,28.3,4.7e-09,7.3e-06,0.0,workflow/out/asr_HMMER/domtbl/Stool_1_asr_B.domtblout
k141_205099_2/193-254,k141_205099_2,261,55.3,4.2e-14,1.1,62,24.7,5.9e-08,9.1e-05,1.5,workflow/out/asr_HMMER/domtbl/Stool_1_asr_B.domtblout
k141_5134_4/44-262,k141_5134_4,292,55.2,4.4e-14,3.6,219,54.9,3.5e-17,5.5e-14,3.6,workflow/out/asr_HMMER/domtbl/Stool_1_asr_B.domtblout
k141_22049_8/1-152,k141_22049_8,194,54.3,8.5e-14,2.9,152,54.0,6.8e-17,1.1e-13,2.9,workflow/out/asr_HMMER/domtbl/Stool_1_asr_B.domtblout
k141_180836_1/29-122,k141_180836_1,135,54.3,8.7e-14,0.0,94,54.1,6.3e-17,9.7e-14,0.0,workflow/out/asr_HMMER/domtbl/Stool_1_asr_B.domtblout
k141_55436_3/30-241,k141_55436_3,251,52.3,3.5e-13,7.3,212,49.8,1.2e-15,1.9e-12,7.3,workflow/out/asr_HMMER/domtbl/Stool_1_asr_B.domtblout
k141_58822_13/255-419,k141_58822_13,426,51.4,6.4e-13,0.1,165,49.7,1.4e-15,2.1e-12,0.0,workflow/out/asr_HMMER/domtbl/Stool_1_asr_B.domtblout
k141_14877_1/26-244,k141_14877_1,283,50.0,1.7e-12,1.1,219,49.6,1.4e-15,2.3e-12,1.1,workflow/out/asr_HMMER/domtbl/Stool_1_asr_B.domtblout
k141_108207_4/252-416,k141_108207_4,423,49.6,2.3e-12,0.1,165,47.3,7.2e-15,1.1e-11,0.0,workflow/out/asr_HMMER/domtbl/Stool_1_asr_B.domtblout
k141_192634_3/255-419,k141_192634_3,425,49.2,3e-12,0.2,165,48.4,3.4e-15,5.3e-12,0.0,workflow/out/asr_HMMER/domtbl/Stool_1_asr_B.domtblout
k141_108034_2/254-418,k141_108034_2,425,48.8,4e-12,0.5,165,47.2,8e-15,1.2e-11,0.0,workflow/out/asr_HMMER/domtbl/Stool_1_asr_B.domtblout
k141_143732_3/30-246,k141_143732_3,256,47.2,1.2e-11,0.5,217,44.7,4.5e-14,7e-11,0.5,workflow/out/asr_HMMER/domtbl/Stool_1_asr_B.domtblout
k141_168814_1/3-37,k141_168814_1,46,43.9,1.3e-10,0.5,35,43.8,8.7e-14,1.4e-10,0.5,workflow/out/asr_HMMER/domtbl/Stool_1_asr_B.domtblout
k141_200198_1/33-178,k141_200198_1,216,43.7,1.5e-10,0.0,146,43.4,1.2e-13,1.8e-10,0.0,workflow/out/asr_HMMER/domtbl/Stool_1_asr_B.domtblout
k141_44016_1/13-58,k141_44016_1,225,41.0,9.7e-10,7.4,46,16.0,2.6e-05,0.04,0.2,workflow/out/asr_HMMER/domtbl/Stool_1_asr_B.domtblout
k141_44016_1/94-219,k141_44016_1,225,41.0,9.7e-10,7.4,126,26.5,1.6e-08,2.6e-05,2.6,workflow/out/asr_HMMER/domtbl/Stool_1_asr_B.domtblout
k141_157569_2/7-174,k141_157569_2,211,40.9,1e-09,3.3,168,40.6,8.4e-13,1.3e-09,3.3,workflow/out/asr_HMMER/domtbl/Stool_1_asr_B.domtblout
k141_193161_1/34-174,k141_193161_1,203,40.2,1.7e-09,0.0,141,39.9,1.3e-12,2.1e-09,0.0,workflow/out/asr_HMMER/domtbl/Stool_1_asr_B.domtblout
k141_15679_2/6-159,k141_15679_2,167,37.9,8.5e-09,0.1,154,37.6,6.9e-12,1.1e-08,0.1,workflow/out/asr_HMMER/domtbl/Stool_1_asr_B.domtblout
k141_3453_1/33-126,k141_3453_1,237,34.5,9.3e-08,0.4,94,31.4,5.4e-10,8.4e-07,0.4,workflow/out/asr_HMMER/domtbl/Stool_1_asr_B.domtblout
k141_85529_1/7-96,k141_85529_1,103,31.3,8.6e-07,2.3,90,30.0,1.4e-09,2.1e-06,2.3,workflow/out/asr_HMMER/domtbl/Stool_1_asr_B.domtblout
k141_76762_2/28-100,k141_76762_2,101,22.7,0.00036,0.0,73,22.7,2.4e-07,0.00038,0.0,workflow/out/asr_HMMER/domtbl/Stool_1_asr_B.domtblout
k141_126024_4/17-90,k141_126024_4,97,21.8,0.0007,1.9,74,19.9,1.7e-06,0.0026,1.9,workflow/out/asr_HMMER/domtbl/Stool_1_asr_B.domtblout
k141_88217_7/17-90,k141_88217_7,97,21.8,0.00071,1.9,74,19.9,1.7e-06,0.0027,1.9,workflow/out/asr_HMMER/domtbl/Stool_1_asr_B.domtblout
k141_62569_1/26-85,k141_62569_1,113,19.9,0.0027,0.0,60,19.7,2e-06,0.0031,0.0,workflow/out/asr_HMMER/domtbl/Stool_1_asr_B.domtblout
k141_103486_3/3-262,k141_103486_3,263,434.5,1.1e-129,0.3,260,434.3,8.8e-133,1.3e-129,0.3,workflow/out/asr_HMMER/domtbl/Stool_2_asr_B.domtblout
k141_73288_3/3-262,k141_73288_3,263,429.3,4.4e-128,0.4,260,429.1,3.4e-131,4.9e-128,0.4,workflow/out/asr_HMMER/domtbl/Stool_2_asr_B.domtblout
k141_45771_3/30-296,k141_45771_3,301,231.6,8.8e-68,0.0,267,231.4,7e-71,1e-67,0.0,workflow/out/asr_HMMER/domtbl/Stool_2_asr_B.domtblout
k141_85809_9/7-267,k141_85809_9,276,196.0,6.7e-57,0.1,261,195.7,5.6e-60,8e-57,0.1,workflow/out/asr_HMMER/domtbl/Stool_2_asr_B.domtblout
k141_91243_2/15-275,k141_91243_2,285,187.9,2e-54,0.4,261,187.6,1.7e-57,2.4e-54,0.4,workflow/out/asr_HMMER/domtbl/Stool_2_asr_B.domtblout
k141_200439_7/15-273,k141_200439_7,285,187.3,3e-54,0.2,259,186.9,2.6e-57,3.8e-54,0.2,workflow/out/asr_HMMER/domtbl/Stool_2_asr_B.domtblout
k141_189578_4/15-274,k141_189578_4,286,185.6,9.8e-54,0.1,260,185.2,8.9e-57,1.3e-53,0.1,workflow/out/asr_HMMER/domtbl/Stool_2_asr_B.domtblout
k141_166206_3/15-273,k141_166206_3,285,185.2,1.3e-53,0.1,259,184.9,1.1e-56,1.6e-53,0.1,workflow/out/asr_HMMER/domtbl/Stool_2_asr_B.domtblout
k141_113245_1/1-153,k141_113245_1,154,183.2,5.2e-53,0.7,153,183.1,4e-56,5.7e-53,0.7,workflow/out/asr_HMMER/domtbl/Stool_2_asr_B.domtblout
k141_137565_8/16-279,k141_137565_8,285,179.8,5.8e-52,0.4,264,179.3,5.7e-55,8.1e-52,0.4,workflow/out/asr_HMMER/domtbl/Stool_2_asr_B.domtblout
k141_77667_1/3-204,k141_77667_1,214,170.4,4.3e-49,0.0,202,170.2,3.4e-52,4.8e-49,0.0,workflow/out/asr_HMMER/domtbl/Stool_2_asr_B.domtblout
k141_6795_12/4-249,k141_6795_12,269,105.1,3.5e-29,0.7,246,104.7,3.3e-32,4.8e-29,0.7,workflow/out/asr_HMMER/domtbl/Stool_2_asr_B.domtblout
k141_52928_1/1-186,k141_52928_1,367,94.7,5.3e-26,8.3,186,56.6,1.5e-17,2.2e-14,3.1,workflow/out/asr_HMMER/domtbl/Stool_2_asr_B.domtblout
k141_52928_1/213-366,k141_52928_1,367,94.7,5.3e-26,8.3,154,41.3,7.3e-13,1e-09,0.2,workflow/out/asr_HMMER/domtbl/Stool_2_asr_B.domtblout
k141_26795_14/25-251,k141_26795_14,296,87.4,8.9e-24,2.9,227,86.7,9.8e-27,1.4e-23,2.9,workflow/out/asr_HMMER/domtbl/Stool_2_asr_B.domtblout
k141_77846_4/12-246,k141_77846_4,254,85.7,2.9e-23,0.0,235,85.3,2.7e-26,3.8e-23,0.0,workflow/out/asr_HMMER/domtbl/Stool_2_asr_B.domtblout
k141_201782_2/25-252,k141_201782_2,297,85.5,3.3e-23,1.1,228,85.2,2.9e-26,4.2e-23,1.1,workflow/out/asr_HMMER/domtbl/Stool_2_asr_B.domtblout
k141_98731_11/25-252,k141_98731_11,295,85.5,3.5e-23,0.3,228,85.1,3.1e-26,4.4e-23,0.3,workflow/out/asr_HMMER/domtbl/Stool_2_asr_B.domtblout
k141_50073_2/26-251,k141_50073_2,296,84.5,6.6e-23,5.1,226,84.5,4.6e-26,6.6e-23,5.1,workflow/out/asr_HMMER/domtbl/Stool_2_asr_B.domtblout
k141_182366_2/26-251,k141_182366_2,296,81.8,4.6e-22,2.1,226,81.8,3.2e-25,4.6e-22,2.1,workflow/out/asr_HMMER/domtbl/Stool_2_asr_B.domtblout
k141_201107_2/14-216,k141_201107_2,225,81.0,7.7e-22,0.4,203,80.0,1.1e-24,1.6e-21,0.4,workflow/out/asr_HMMER/domtbl/Stool_2_asr_B.domtblout
k141_131901_5/24-254,k141_131901_5,261,80.6,1e-21,0.2,231,80.2,9.9e-25,1.4e-21,0.2,workflow/out/asr_HMMER/domtbl/Stool_2_asr_B.domtblout
k141_104120_2/26-251,k141_104120_2,293,79.9,1.7e-21,3.2,226,79.6,1.5e-24,2.1e-21,3.2,workflow/out/asr_HMMER/domtbl/Stool_2_asr_B.domtblout
k141_103924_1/30-254,k141_103924_1,297,79.8,1.8e-21,1.7,225,79.4,1.7e-24,2.5e-21,1.7,workflow/out/asr_HMMER/domtbl/Stool_2_asr_B.domtblout
k141_106925_2/25-251,k141_106925_2,293,78.8,3.8e-21,2.8,227,78.5,3.2e-24,4.6e-21,2.8,workflow/out/asr_HMMER/domtbl/Stool_2_asr_B.domtblout
k141_138966_2/26-251,k141_138966_2,296,78.7,3.9e-21,3.0,226,77.9,4.7e-24,6.8e-21,3.0,workflow/out/asr_HMMER/domtbl/Stool_2_asr_B.domtblout
k141_134171_17/27-251,k141_134171_17,293,77.2,1.1e-20,2.3,225,76.8,1.1e-23,1.5e-20,2.3,workflow/out/asr_HMMER/domtbl/Stool_2_asr_B.domtblout
k141_200862_8/26-252,k141_200862_8,295,76.5,1.9e-20,0.0,227,76.0,1.8e-23,2.6e-20,0.0,workflow/out/asr_HMMER/domtbl/Stool_2_asr_B.domtblout
k141_43700_19/29-251,k141_43700_19,258,76.4,2.1e-20,1.5,223,75.9,2e-23,2.8e-20,1.5,workflow/out/asr_HMMER/domtbl/Stool_2_asr_B.domtblout
k141_31067_23/25-251,k141_31067_23,293,76.1,2.6e-20,2.6,227,75.8,2.2e-23,3.1e-20,2.6,workflow/out/asr_HMMER/domtbl/Stool_2_asr_B.domtblout
k141_64363_2/26-252,k141_64363_2,295,76.0,2.7e-20,0.1,227,75.5,2.6e-23,3.7e-20,0.1,workflow/out/asr_HMMER/domtbl/Stool_2_asr_B.domtblout
k141_147934_27/37-256,k141_147934_27,260,75.2,4.6e-20,0.0,220,74.7,4.5e-23,6.4e-20,0.0,workflow/out/asr_HMMER/domtbl/Stool_2_asr_B.domtblout
k141_127223_2/21-239,k141_127223_2,247,73.7,1.4e-19,1.8,219,72.1,2.8e-22,4.1e-19,1.8,workflow/out/asr_HMMER/domtbl/Stool_2_asr_B.domtblout
k141_113423_8/24-244,k141_113423_8,281,71.9,4.9e-19,2.2,221,71.5,4.4e-22,6.3e-19,2.2,workflow/out/asr_HMMER/domtbl/Stool_2_asr_B.domtblout
k141_68089_2/21-239,k141_68089_2,247,71.8,4.9e-19,0.5,219,70.8,6.9e-22,9.9e-19,0.5,workflow/out/asr_HMMER/domtbl/Stool_2_asr_B.domtblout
k141_88004_2/27-251,k141_88004_2,296,71.8,5e-19,1.8,225,71.1,5.6e-22,8.1e-19,1.8,workflow/out/asr_HMMER/domtbl/Stool_2_asr_B.domtblout
k141_140838_73/8-239,k141_140838_73,247,71.4,6.8e-19,1.3,232,69.7,1.5e-21,2.2e-18,1.3,workflow/out/asr_HMMER/domtbl/Stool_2_asr_B.domtblout
k141_182636_11/29-252,k141_182636_11,259,71.2,7.6e-19,0.2,224,70.2,1.1e-21,1.5e-18,0.2,workflow/out/asr_HMMER/domtbl/Stool_2_asr_B.domtblout
k141_138540_3/26-243,k141_138540_3,281,71.0,8.8e-19,2.5,218,70.6,8.1e-22,1.2e-18,2.5,workflow/out/asr_HMMER/domtbl/Stool_2_asr_B.domtblout
k141_62130_20/32-256,k141_62130_20,263,70.8,9.9e-19,0.6,225,69.1,2.3e-21,3.4e-18,0.6,workflow/out/asr_HMMER/domtbl/Stool_2_asr_B.domtblout
k141_23464_1/26-243,k141_23464_1,265,70.8,1e-18,2.2,218,70.4,9.5e-22,1.4e-18,2.2,workflow/out/asr_HMMER/domtbl/Stool_2_asr_B.domtblout
k141_27030_1/24-243,k141_27030_1,283,70.6,1.2e-18,1.0,220,70.2,1.1e-21,1.6e-18,1.0,workflow/out/asr_HMMER/domtbl/Stool_2_asr_B.domtblout
k141_182102_8/31-254,k141_182102_8,261,70.3,1.4e-18,0.8,224,69.0,2.6e-21,3.8e-18,0.8,workflow/out/asr_HMMER/domtbl/Stool_2_asr_B.domtblout
k141_124444_11/4-249,k141_124444_11,256,70.1,1.7e-18,3.1,246,68.9,2.6e-21,3.8e-18,3.1,workflow/out/asr_HMMER/domtbl/Stool_2_asr_B.domtblout
k141_114124_4/20-240,k141_114124_4,248,70.0,1.8e-18,3.3,221,67.2,9.2e-21,1.3e-17,3.3,workflow/out/asr_HMMER/domtbl/Stool_2_asr_B.domtblout
k141_21280_3/30-252,k141_21280_3,259,69.6,2.3e-18,0.6,223,68.4,3.9e-21,5.6e-18,0.6,workflow/out/asr_HMMER/domtbl/Stool_2_asr_B.domtblout
k141_148400_1/26-243,k141_148400_1,282,68.8,4.1e-18,1.4,218,68.4,3.8e-21,5.5e-18,1.4,workflow/out/asr_HMMER/domtbl/Stool_2_asr_B.domtblout
k141_78245_4/27-243,k141_78245_4,256,68.8,4.2e-18,3.0,217,68.5,3.6e-21,5.2e-18,3.0,workflow/out/asr_HMMER/domtbl/Stool_2_asr_B.domtblout
k141_42298_2/27-256,k141_42298_2,261,68.6,4.9e-18,0.2,230,67.2,9e-21,1.3e-17,0.2,workflow/out/asr_HMMER/domtbl/Stool_2_asr_B.domtblout
k141_100855_1/27-252,k141_100855_1,297,68.0,7.4e-18,1.6,226,67.5,7.4e-21,1.1e-17,1.6,workflow/out/asr_HMMER/domtbl/Stool_2_asr_B.domtblout
k141_29165_1/27-244,k141_29165_1,280,67.7,8.7e-18,0.5,218,67.3,8.4e-21,1.2e-17,0.5,workflow/out/asr_HMMER/domtbl/Stool_2_asr_B.domtblout
k141_195809_8/31-261,k141_195809_8,267,67.7,9.2e-18,1.3,231,66.5,1.5e-20,2.1e-17,1.3,workflow/out/asr_HMMER/domtbl/Stool_2_asr_B.domtblout
k141_43649_4/28-243,k141_43649_4,266,67.4,1.1e-17,3.5,216,67.0,1e-20,1.5e-17,3.5,workflow/out/asr_HMMER/domtbl/Stool_2_asr_B.domtblout
k141_124479_4/34-253,k141_124479_4,258,67.3,1.2e-17,1.7,220,65.7,2.5e-20,3.6e-17,1.7,workflow/out/asr_HMMER/domtbl/Stool_2_asr_B.domtblout
k141_169600_5/28-243,k141_169600_5,266,66.7,1.9e-17,3.5,216,66.3,1.7e-20,2.5e-17,3.5,workflow/out/asr_HMMER/domtbl/Stool_2_asr_B.domtblout
k141_195412_50/26-243,k141_195412_50,764,66.6,1.9e-17,3.9,218,65.1,3.8e-20,5.4e-17,3.9,workflow/out/asr_HMMER/domtbl/Stool_2_asr_B.domtblout
k141_151896_68/6-159,k141_151896_68,243,66.2,2.6e-17,8.5,154,59.0,2.8e-18,4e-15,0.5,workflow/out/asr_HMMER/domtbl/Stool_2_asr_B.domtblout
k141_151896_68/202-235,k141_151896_68,243,66.2,2.6e-17,8.5,34,11.1,0.0011,1.7,2.2,workflow/out/asr_HMMER/domtbl/Stool_2_asr_B.domtblout
k141_42253_5/35-231,k141_42253_5,237,66.1,2.8e-17,0.0,197,65.6,2.8e-20,4.1e-17,0.0,workflow/out/asr_HMMER/domtbl/Stool_2_asr_B.domtblout
k141_160914_7/38-258,k141_160914_7,265,66.1,2.8e-17,0.9,221,64.7,5.1e-20,7.3e-17,0.9,workflow/out/asr_HMMER/domtbl/Stool_2_asr_B.domtblout
k141_191465_5/34-252,k141_191465_5,260,65.6,3.9e-17,0.1,219,65.1,3.8e-20,5.5e-17,0.1,workflow/out/asr_HMMER/domtbl/Stool_2_asr_B.domtblout
k141_183940_3/34-253,k141_183940_3,259,65.6,3.9e-17,0.0,220,65.2,3.7e-20,5.3e-17,0.0,workflow/out/asr_HMMER/domtbl/Stool_2_asr_B.domtblout
k141_165896_2/33-253,k141_165896_2,259,65.6,4e-17,0.0,221,65.2,3.7e-20,5.3e-17,0.0,workflow/out/asr_HMMER/domtbl/Stool_2_asr_B.domtblout
k141_127231_2/29-255,k141_127231_2,262,65.4,4.4e-17,0.9,227,63.8,9.7e-20,1.4e-16,0.9,workflow/out/asr_HMMER/domtbl/Stool_2_asr_B.domtblout
k141_42687_28/35-252,k141_42687_28,259,65.3,4.9e-17,0.0,218,64.9,4.6e-20,6.5e-17,0.0,workflow/out/asr_HMMER/domtbl/Stool_2_asr_B.domtblout
k141_48138_4/31-250,k141_48138_4,257,65.3,4.9e-17,4.0,220,62.2,3.1e-19,4.4e-16,4.0,workflow/out/asr_HMMER/domtbl/Stool_2_asr_B.domtblout
k141_125627_59/24-244,k141_125627_59,281,64.4,9e-17,3.5,221,64.0,8.2e-20,1.2e-16,3.5,workflow/out/asr_HMMER/domtbl/Stool_2_asr_B.domtblout
k141_71533_4/34-250,k141_71533_4,256,64.2,1.1e-16,0.2,217,63.8,9.8e-20,1.4e-16,0.2,workflow/out/asr_HMMER/domtbl/Stool_2_asr_B.domtblout
k141_155050_1/20-218,k141_155050_1,223,63.8,1.4e-16,3.5,199,61.2,6.2e-19,9e-16,3.5,workflow/out/asr_HMMER/domtbl/Stool_2_asr_B.domtblout
k141_195106_22/26-243,k141_195106_22,767,63.7,1.5e-16,4.2,218,62.5,2.4e-19,3.5e-16,4.2,workflow/out/asr_HMMER/domtbl/Stool_2_asr_B.domtblout
k141_15702_2/35-252,k141_15702_2,257,63.4,1.9e-16,1.8,218,61.1,6.4e-19,9.3e-16,1.8,workflow/out/asr_HMMER/domtbl/Stool_2_asr_B.domtblout
k141_160591_22/26-245,k141_160591_22,278,63.2,2.1e-16,0.8,220,62.8,1.9e-19,2.8e-16,0.8,workflow/out/asr_HMMER/domtbl/Stool_2_asr_B.domtblout
k141_191127_1/20-218,k141_191127_1,222,63.2,2.2e-16,2.9,199,60.2,1.2e-18,1.7e-15,2.9,workflow/out/asr_HMMER/domtbl/Stool_2_asr_B.domtblout
k141_70397_12/6-224,k141_70397_12,232,62.9,2.6e-16,0.9,219,61.6,4.5e-19,6.5e-16,0.9,workflow/out/asr_HMMER/domtbl/Stool_2_asr_B.domtblout
k141_167007_2/24-254,k141_167007_2,261,62.8,2.8e-16,0.7,231,61.7,4.3e-19,6.2e-16,0.7,workflow/out/asr_HMMER/domtbl/Stool_2_asr_B.domtblout
k141_48531_7/39-256,k141_48531_7,291,62.6,3.2e-16,2.3,218,62.2,2.9e-19,4.2e-16,2.3,workflow/out/asr_HMMER/domtbl/Stool_2_asr_B.domtblout
k141_143051_2/31-254,k141_143051_2,261,62.2,4.3e-16,1.5,224,60.7,8.7e-19,1.2e-15,1.5,workflow/out/asr_HMMER/domtbl/Stool_2_asr_B.domtblout
k141_76396_113/28-243,k141_76396_113,266,62.2,4.5e-16,2.6,216,61.7,4.1e-19,5.9e-16,2.6,workflow/out/asr_HMMER/domtbl/Stool_2_asr_B.domtblout
k141_131206_2/34-253,k141_131206_2,259,62.0,5e-16,0.0,220,61.6,4.6e-19,6.6e-16,0.0,workflow/out/asr_HMMER/domtbl/Stool_2_asr_B.domtblout
k141_43107_6/71-290,k141_43107_6,296,61.9,5.4e-16,0.0,220,61.3,5.6e-19,8.1e-16,0.0,workflow/out/asr_HMMER/domtbl/Stool_2_asr_B.domtblout
k141_39611_2/30-247,k141_39611_2,287,61.7,6.3e-16,0.8,218,61.2,6.1e-19,8.7e-16,0.8,workflow/out/asr_HMMER/domtbl/Stool_2_asr_B.domtblout
k141_61809_2/31-255,k141_61809_2,262,61.4,7.8e-16,1.6,225,60.3,1.2e-18,1.7e-15,1.6,workflow/out/asr_HMMER/domtbl/Stool_2_asr_B.domtblout
k141_79674_1/4-208,k141_79674_1,216,60.5,1.5e-15,2.0,205,57.9,6.1e-18,8.7e-15,2.0,workflow/out/asr_HMMER/domtbl/Stool_2_asr_B.domtblout
k141_109658_37/26-252,k141_109658_37,297,60.3,1.6e-15,2.1,227,60.3,1.1e-18,1.6e-15,2.1,workflow/out/asr_HMMER/domtbl/Stool_2_asr_B.domtblout
k141_10192_9/33-248,k141_10192_9,256,60.0,2e-15,3.1,216,58.4,4.3e-18,6.1e-15,3.1,workflow/out/asr_HMMER/domtbl/Stool_2_asr_B.domtblout
k141_20384_2/27-244,k141_20384_2,281,59.7,2.6e-15,1.5,218,59.2,2.5e-18,3.5e-15,1.5,workflow/out/asr_HMMER/domtbl/Stool_2_asr_B.domtblout
k141_57049_1/25-247,k141_57049_1,254,59.6,2.7e-15,1.0,223,58.0,5.9e-18,8.4e-15,1.0,workflow/out/asr_HMMER/domtbl/Stool_2_asr_B.domtblout
k141_120080_17/26-244,k141_120080_17,281,59.5,2.9e-15,3.2,219,59.1,2.6e-18,3.7e-15,3.2,workflow/out/asr_HMMER/domtbl/Stool_2_asr_B.domtblout
k141_115589_63/27-244,k141_115589_63,274,58.8,4.7e-15,2.3,218,58.4,4.4e-18,6.3e-15,2.3,workflow/out/asr_HMMER/domtbl/Stool_2_asr_B.domtblout
k141_135129_1/26-237,k141_135129_1,238,58.3,6.7e-15,3.7,212,58.1,5.4e-18,7.8e-15,3.7,workflow/out/asr_HMMER/domtbl/Stool_2_asr_B.domtblout
k141_144925_10/35-251,k141_144925_10,259,58.1,7.7e-15,1.2,217,56.0,2.4e-17,3.4e-14,1.2,workflow/out/asr_HMMER/domtbl/Stool_2_asr_B.domtblout
k141_72999_11/34-254,k141_72999_11,260,57.1,1.5e-14,0.5,221,56.6,1.6e-17,2.2e-14,0.5,workflow/out/asr_HMMER/domtbl/Stool_2_asr_B.domtblout
k141_95387_79/34-254,k141_95387_79,260,56.1,3.1e-14,0.6,221,55.7,2.9e-17,4.2e-14,0.6,workflow/out/asr_HMMER/domtbl/Stool_2_asr_B.domtblout
k141_11862_11/29-247,k141_11862_11,277,56.0,3.4e-14,3.0,219,55.6,3e-17,4.3e-14,3.0,workflow/out/asr_HMMER/domtbl/Stool_2_asr_B.domtblout
k141_203293_34/31-256,k141_203293_34,264,55.9,3.5e-14,0.2,226,54.1,8.6e-17,1.2e-13,0.2,workflow/out/asr_HMMER/domtbl/Stool_2_asr_B.domtblout
k141_173501_3/6-200,k141_173501_3,206,55.5,4.8e-14,0.2,195,55.2,4e-17,5.8e-14,0.2,workflow/out/asr_HMMER/domtbl/Stool_2_asr_B.domtblout
k141_30174_4/31-258,k141_30174_4,265,55.5,4.8e-14,0.2,228,54.6,6.2e-17,8.9e-14,0.2,workflow/out/asr_HMMER/domtbl/Stool_2_asr_B.domtblout
k141_115214_41/31-250,k141_115214_41,258,55.4,5.2e-14,0.2,220,54.1,8.9e-17,1.3e-13,0.2,workflow/out/asr_HMMER/domtbl/Stool_2_asr_B.domtblout
k141_88953_5/33-135,k141_88953_5,261,55.3,5.5e-14,1.1,103,28.3,6.7e-09,9.6e-06,0.0,workflow/out/asr_HMMER/domtbl/Stool_2_asr_B.domtblout
k141_88953_5/193-254,k141_88953_5,261,55.3,5.5e-14,1.1,62,24.7,8.3e-08,0.00012,1.5,workflow/out/asr_HMMER/domtbl/Stool_2_asr_B.domtblout
k141_14198_110/249-415,k141_14198_110,421,54.8,7.8e-14,0.6,167,53.5,1.3e-16,1.9e-13,0.0,workflow/out/asr_HMMER/domtbl/Stool_2_asr_B.domtblout
k141_122061_1/135-301,k141_122061_1,307,54.8,8.1e-14,0.0,167,53.1,1.8e-16,2.5e-13,0.0,workflow/out/asr_HMMER/domtbl/Stool_2_asr_B.domtblout
k141_92946_13/249-415,k141_92946_13,421,54.6,9.1e-14,0.8,167,53.3,1.6e-16,2.2e-13,0.0,workflow/out/asr_HMMER/domtbl/Stool_2_asr_B.domtblout
k141_180017_3/30-249,k141_180017_3,257,54.3,1.1e-13,6.1,220,52.9,2e-16,2.9e-13,6.1,workflow/out/asr_HMMER/domtbl/Stool_2_asr_B.domtblout
k141_13726_1/30-219,k141_13726_1,219,53.6,1.8e-13,0.0,190,53.3,1.6e-16,2.2e-13,0.0,workflow/out/asr_HMMER/domtbl/Stool_2_asr_B.domtblout
k141_184003_3/34-251,k141_184003_3,259,53.3,2.3e-13,2.4,218,51.5,5.4e-16,7.8e-13,2.4,workflow/out/asr_HMMER/domtbl/Stool_2_asr_B.domtblout
k141_112646_1/178-335,k141_112646_1,335,53.0,2.8e-13,0.0,158,49.9,1.7e-15,2.5e-12,0.0,workflow/out/asr_HMMER/domtbl/Stool_2_asr_B.domtblout
k141_20518_16/250-415,k141_20518_16,423,52.6,3.7e-13,0.3,166,50.7,9.6e-16,1.4e-12,0.0,workflow/out/asr_HMMER/domtbl/Stool_2_asr_B.domtblout
k141_188772_12/27-244,k141_188772_12,281,52.1,5.2e-13,4.1,218,51.7,4.7e-16,6.7e-13,4.1,workflow/out/asr_HMMER/domtbl/Stool_2_asr_B.domtblout
k141_174466_26/33-280,k141_174466_26,287,51.9,6e-13,5.3,248,46.3,2.1e-14,3e-11,5.3,workflow/out/asr_HMMER/domtbl/Stool_2_asr_B.domtblout
k141_5880_31/259-422,k141_5880_31,430,50.4,1.7e-12,0.0,164,47.0,1.3e-14,1.9e-11,0.0,workflow/out/asr_HMMER/domtbl/Stool_2_asr_B.domtblout
k141_63328_2/258-421,k141_63328_2,429,49.8,2.6e-12,0.3,164,47.1,1.2e-14,1.8e-11,0.0,workflow/out/asr_HMMER/domtbl/Stool_2_asr_B.domtblout
k141_35912_3/252-416,k141_35912_3,423,49.3,3.7e-12,0.5,165,47.9,7.1e-15,1e-11,0.0,workflow/out/asr_HMMER/domtbl/Stool_2_asr_B.domtblout
k141_152690_2/9-243,k141_152690_2,252,49.0,4.6e-12,5.7,235,46.4,2e-14,2.9e-11,5.7,workflow/out/asr_HMMER/domtbl/Stool_2_asr_B.domtblout
k141_73048_77/252-416,k141_73048_77,423,48.8,5.1e-12,0.5,165,47.2,1.1e-14,1.6e-11,0.0,workflow/out/asr_HMMER/domtbl/Stool_2_asr_B.domtblout
k141_52646_38/252-416,k141_52646_38,423,48.7,5.8e-12,0.8,165,47.2,1.1e-14,1.6e-11,0.0,workflow/out/asr_HMMER/domtbl/Stool_2_asr_B.domtblout
k141_11254_2/30-247,k141_11254_2,256,48.6,5.9e-12,0.3,218,46.2,2.2e-14,3.2e-11,0.3,workflow/out/asr_HMMER/domtbl/Stool_2_asr_B.domtblout
k141_170710_5/252-416,k141_170710_5,423,48.4,6.9e-12,0.1,165,45.8,3e-14,4.3e-11,0.0,workflow/out/asr_HMMER/domtbl/Stool_2_asr_B.domtblout
k141_8645_1/13-203,k141_8645_1,241,48.1,8.4e-12,1.7,191,47.7,7.9e-15,1.1e-11,1.7,workflow/out/asr_HMMER/domtbl/Stool_2_asr_B.domtblout
k141_72875_129/252-416,k141_72875_129,423,47.9,1e-11,0.0,165,47.1,1.2e-14,1.7e-11,0.0,workflow/out/asr_HMMER/domtbl/Stool_2_asr_B.domtblout
k141_111881_19/254-418,k141_111881_19,425,47.9,1e-11,0.5,165,46.5,1.9e-14,2.7e-11,0.0,workflow/out/asr_HMMER/domtbl/Stool_2_asr_B.domtblout
k141_14040_3/14-131,k141_14040_3,176,44.0,1.6e-10,1.1,118,43.5,1.5e-13,2.2e-10,1.1,workflow/out/asr_HMMER/domtbl/Stool_2_asr_B.domtblout
k141_192447_2/34-228,k141_192447_2,228,43.8,1.7e-10,0.0,195,43.5,1.5e-13,2.2e-10,0.0,workflow/out/asr_HMMER/domtbl/Stool_2_asr_B.domtblout
k141_18590_1/3-173,k141_18590_1,181,41.4,9.3e-10,2.1,171,37.2,1.3e-11,1.8e-08,2.1,workflow/out/asr_HMMER/domtbl/Stool_2_asr_B.domtblout
k141_144804_1/26-129,k141_144804_1,137,39.9,2.8e-09,0.0,104,39.7,2.1e-12,3.1e-09,0.0,workflow/out/asr_HMMER/domtbl/Stool_2_asr_B.domtblout
k141_35474_1/33-133,k141_35474_1,178,39.3,4.3e-09,0.0,101,39.1,3.3e-12,4.8e-09,0.0,workflow/out/asr_HMMER/domtbl/Stool_2_asr_B.domtblout
k141_79353_3/14-132,k141_79353_3,173,38.7,6.4e-09,0.2,119,38.3,6e-12,8.6e-09,0.2,workflow/out/asr_HMMER/domtbl/Stool_2_asr_B.domtblout
k141_123554_1/25-147,k141_123554_1,148,32.4,5.3e-07,0.0,123,32.1,4.6e-10,6.6e-07,0.0,workflow/out/asr_HMMER/domtbl/Stool_2_asr_B.domtblout
k141_76839_44/8-140,k141_76839_44,148,31.7,8.6e-07,0.0,133,31.4,7.5e-10,1.1e-06,0.0,workflow/out/asr_HMMER/domtbl/Stool_2_asr_B.domtblout
k141_36370_2/32-124,k141_36370_2,172,30.9,1.5e-06,0.0,93,30.7,1.2e-09,1.7e-06,0.0,workflow/out/asr_HMMER/domtbl/Stool_2_asr_B.domtblout
k141_97016_1/26-129,k141_97016_1,165,29.9,3e-06,0.0,104,29.7,2.5e-09,3.6e-06,0.0,workflow/out/asr_HMMER/domtbl/Stool_2_asr_B.domtblout
k141_13517_4/254-332,k141_13517_4,334,29.5,4.1e-06,0.0,79,29.5,2.9e-09,4.1e-06,0.0,workflow/out/asr_HMMER/domtbl/Stool_2_asr_B.domtblout
k141_201848_2/40-134,k141_201848_2,214,28.5,8.1e-06,0.0,95,28.4,6.3e-09,9e-06,0.0,workflow/out/asr_HMMER/domtbl/Stool_2_asr_B.domtblout
k141_103840_1/15-108,k141_103840_1,147,27.5,1.6e-05,0.6,94,27.3,1.3e-08,1.9e-05,0.6,workflow/out/asr_HMMER/domtbl/Stool_2_asr_B.domtblout
k141_85655_1/3-90,k141_85655_1,127,25.5,6.8e-05,0.3,88,25.3,5.6e-08,8.1e-05,0.3,workflow/out/asr_HMMER/domtbl/Stool_2_asr_B.domtblout
k141_79003_2/1-80,k141_79003_2,125,25.5,7e-05,1.6,80,25.3,5.6e-08,8e-05,1.6,workflow/out/asr_HMMER/domtbl/Stool_2_asr_B.domtblout
k141_28782_3/16-111,k141_28782_3,117,24.1,0.00018,0.5,96,23.9,1.4e-07,0.00021,0.5,workflow/out/asr_HMMER/domtbl/Stool_2_asr_B.domtblout
k141_54387_2/14-58,k141_54387_2,66,20.1,0.003,5.0,45,17.9,1e-05,0.014,5.0,workflow/out/asr_HMMER/domtbl/Stool_2_asr_B.domtblout
k141_25391_25/4-264,k141_25391_25,265,453.8,1.4e-135,0.7,261,453.6,1.1e-138,1.6e-135,0.7,workflow/out/asr_HMMER/domtbl/Capsule_15_asr_B.domtblout
k141_120776_7/4-264,k141_120776_7,265,450.4,1.6e-134,0.1,261,450.2,1.2e-137,1.8e-134,0.1,workflow/out/asr_HMMER/domtbl/Capsule_15_asr_B.domtblout
k141_105309_3/3-262,k141_105309_3,263,433.1,2.9e-129,0.5,260,432.9,2.2e-132,3.3e-129,0.5,workflow/out/asr_HMMER/domtbl/Capsule_15_asr_B.domtblout
k141_58394_8/5-264,k141_58394_8,265,427.7,1.3e-127,0.1,260,427.5,9.6e-131,1.4e-127,0.1,workflow/out/asr_HMMER/domtbl/Capsule_15_asr_B.domtblout
k141_114652_2/8-266,k141_114652_2,267,334.4,3.7e-99,0.2,259,334.2,2.8e-102,4.2e-99,0.2,workflow/out/asr_HMMER/domtbl/Capsule_15_asr_B.domtblout
k141_90809_5/4-263,k141_90809_5,264,331.5,2.9e-98,0.8,260,331.3,2.3e-101,3.4e-98,0.8,workflow/out/asr_HMMER/domtbl/Capsule_15_asr_B.domtblout
k141_111936_2/4-263,k141_111936_2,264,330.3,6.8e-98,0.2,260,330.1,5.2e-101,7.9e-98,0.2,workflow/out/asr_HMMER/domtbl/Capsule_15_asr_B.domtblout
k141_111914_7/4-263,k141_111914_7,264,328.6,2.2e-97,0.1,260,328.4,1.7e-100,2.5e-97,0.1,workflow/out/asr_HMMER/domtbl/Capsule_15_asr_B.domtblout
k141_85857_16/7-264,k141_85857_16,265,328.0,3.3e-97,0.5,258,327.8,2.5e-100,3.8e-97,0.5,workflow/out/asr_HMMER/domtbl/Capsule_15_asr_B.domtblout
k141_123211_87/4-263,k141_123211_87,264,328.0,3.4e-97,0.4,260,327.8,2.5e-100,3.8e-97,0.4,workflow/out/asr_HMMER/domtbl/Capsule_15_asr_B.domtblout
k141_88890_190/4-266,k141_88890_190,267,321.9,2.4e-95,0.0,263,321.7,1.9e-98,2.8e-95,0.0,workflow/out/asr_HMMER/domtbl/Capsule_15_asr_B.domtblout
k141_82309_51/4-266,k141_82309_51,267,321.0,4.5e-95,0.0,263,320.9,3.4e-98,5.2e-95,0.0,workflow/out/asr_HMMER/domtbl/Capsule_15_asr_B.domtblout
k141_41904_3/7-263,k141_41904_3,264,317.7,4.6e-94,0.0,257,317.6,3.5e-97,5.2e-94,0.0,workflow/out/asr_HMMER/domtbl/Capsule_15_asr_B.domtblout
k141_43479_28/6-263,k141_43479_28,264,313.2,1.1e-92,0.0,258,313.1,8.2e-96,1.2e-92,0.0,workflow/out/asr_HMMER/domtbl/Capsule_15_asr_B.domtblout
k141_99843_2/4-179,k141_99843_2,179,275.7,3.1e-81,0.4,176,275.5,2.3e-84,3.5e-81,0.4,workflow/out/asr_HMMER/domtbl/Capsule_15_asr_B.domtblout
k141_6492_88/33-299,k141_6492_88,304,239.6,3.2e-70,0.0,267,239.4,2.5e-73,3.7e-70,0.0,workflow/out/asr_HMMER/domtbl/Capsule_15_asr_B.domtblout
k141_25245_25/15-273,k141_25245_25,285,188.0,1.7e-54,0.2,259,187.7,1.4e-57,2.2e-54,0.2,workflow/out/asr_HMMER/domtbl/Capsule_15_asr_B.domtblout
k141_86007_9/15-273,k141_86007_9,285,185.7,8.6e-54,0.3,259,185.5,7e-57,1e-53,0.3,workflow/out/asr_HMMER/domtbl/Capsule_15_asr_B.domtblout
k141_94466_2/15-273,k141_94466_2,285,185.2,1.2e-53,0.1,259,184.9,1e-56,1.5e-53,0.1,workflow/out/asr_HMMER/domtbl/Capsule_15_asr_B.domtblout
k141_89896_7/14-274,k141_89896_7,285,184.7,1.8e-53,0.1,261,184.5,1.3e-56,2e-53,0.1,workflow/out/asr_HMMER/domtbl/Capsule_15_asr_B.domtblout
k141_112547_10/15-279,k141_112547_10,285,180.3,4e-52,0.3,265,179.8,3.7e-55,5.6e-52,0.3,workflow/out/asr_HMMER/domtbl/Capsule_15_asr_B.domtblout
k141_89124_4/1-61,k141_89124_4,62,94.1,8.1e-26,0.3,61,93.9,5.8e-29,8.7e-26,0.3,workflow/out/asr_HMMER/domtbl/Capsule_15_asr_B.domtblout
k141_87944_148/33-249,k141_87944_148,255,87.5,8.2e-24,0.7,217,87.1,7.1e-27,1.1e-23,0.7,workflow/out/asr_HMMER/domtbl/Capsule_15_asr_B.domtblout
k141_119088_17/25-251,k141_119088_17,296,87.4,8.7e-24,2.9,227,86.7,9.2e-27,1.4e-23,2.9,workflow/out/asr_HMMER/domtbl/Capsule_15_asr_B.domtblout
k141_74338_1/26-252,k141_74338_1,297,85.4,3.6e-23,3.6,227,85.4,2.4e-26,3.6e-23,3.6,workflow/out/asr_HMMER/domtbl/Capsule_15_asr_B.domtblout
k141_105786_20/26-252,k141_105786_20,297,84.9,5.1e-23,2.4,227,84.9,3.4e-26,5.1e-23,2.4,workflow/out/asr_HMMER/domtbl/Capsule_15_asr_B.domtblout
k141_92012_2/25-252,k141_92012_2,297,84.1,8.6e-23,1.8,228,84.1,5.7e-26,8.6e-23,1.8,workflow/out/asr_HMMER/domtbl/Capsule_15_asr_B.domtblout
k141_49647_15/25-252,k141_49647_15,295,82.8,2.2e-22,3.0,228,82.4,1.9e-25,2.9e-22,3.0,workflow/out/asr_HMMER/domtbl/Capsule_15_asr_B.domtblout
k141_99546_50/26-251,k141_99546_50,293,82.7,2.3e-22,2.1,226,82.4,2e-25,2.9e-22,2.1,workflow/out/asr_HMMER/domtbl/Capsule_15_asr_B.domtblout
k141_112460_20/3-251,k141_112460_20,296,82.6,2.5e-22,3.2,249,82.3,2.1e-25,3.2e-22,3.2,workflow/out/asr_HMMER/domtbl/Capsule_15_asr_B.domtblout
k141_27302_3/27-252,k141_27302_3,297,82.3,3e-22,3.0,226,81.9,2.7e-25,4e-22,3.0,workflow/out/asr_HMMER/domtbl/Capsule_15_asr_B.domtblout
k141_51334_27/25-252,k141_51334_27,297,81.9,4e-22,2.7,228,81.5,3.7e-25,5.5e-22,2.7,workflow/out/asr_HMMER/domtbl/Capsule_15_asr_B.domtblout
k141_28294_48/26-251,k141_28294_48,296,81.8,4.5e-22,2.1,226,81.8,3e-25,4.5e-22,2.1,workflow/out/asr_HMMER/domtbl/Capsule_15_asr_B.domtblout
k141_110741_5/26-251,k141_110741_5,296,81.3,6.1e-22,2.5,226,81.3,4.1e-25,6.1e-22,2.5,workflow/out/asr_HMMER/domtbl/Capsule_15_asr_B.domtblout
k141_36037_5/25-251,k141_36037_5,293,80.9,8.3e-22,3.1,227,80.6,7e-25,1.1e-21,3.1,workflow/out/asr_HMMER/domtbl/Capsule_15_asr_B.domtblout
k141_87200_3/31-252,k141_87200_3,259,80.2,1.4e-21,0.4,222,78.6,2.7e-24,4.1e-21,0.4,workflow/out/asr_HMMER/domtbl/Capsule_15_asr_B.domtblout
k141_7123_1/41-262,k141_7123_1,269,79.6,2.1e-21,0.2,222,79.2,1.8e-24,2.7e-21,0.2,workflow/out/asr_HMMER/domtbl/Capsule_15_asr_B.domtblout
k141_107387_39/26-251,k141_107387_39,296,79.2,2.8e-21,3.0,226,79.2,1.9e-24,2.8e-21,3.0,workflow/out/asr_HMMER/domtbl/Capsule_15_asr_B.domtblout
k141_7096_1/41-262,k141_7096_1,269,76.7,1.6e-20,0.2,222,76.3,1.4e-23,2.1e-20,0.2,workflow/out/asr_HMMER/domtbl/Capsule_15_asr_B.domtblout
k141_86973_72/25-251,k141_86973_72,296,76.6,1.7e-20,2.2,227,76.3,1.4e-23,2.1e-20,2.2,workflow/out/asr_HMMER/domtbl/Capsule_15_asr_B.domtblout
k141_108294_8/33-244,k141_108294_8,253,76.5,1.8e-20,0.1,212,76.2,1.5e-23,2.3e-20,0.1,workflow/out/asr_HMMER/domtbl/Capsule_15_asr_B.domtblout
k141_117961_18/27-252,k141_117961_18,297,75.6,3.6e-20,3.0,226,75.1,3.3e-23,4.9e-20,3.0,workflow/out/asr_HMMER/domtbl/Capsule_15_asr_B.domtblout
k141_41708_8/26-244,k141_41708_8,281,75.1,4.8e-20,3.3,219,74.7,4.2e-23,6.3e-20,3.3,workflow/out/asr_HMMER/domtbl/Capsule_15_asr_B.domtblout
k141_117582_34/25-244,k141_117582_34,294,74.5,7.7e-20,0.1,220,74.0,7.1e-23,1.1e-19,0.1,workflow/out/asr_HMMER/domtbl/Capsule_15_asr_B.domtblout
k141_6936_2/27-252,k141_6936_2,297,74.1,9.7e-20,2.7,226,73.4,1.1e-22,1.7e-19,2.7,workflow/out/asr_HMMER/domtbl/Capsule_15_asr_B.domtblout
k141_93104_2/27-252,k141_93104_2,297,73.5,1.5e-19,2.4,226,73.0,1.4e-22,2.1e-19,2.4,workflow/out/asr_HMMER/domtbl/Capsule_15_asr_B.domtblout
k141_60369_32/29-251,k141_60369_32,257,73.0,2.1e-19,2.1,223,72.6,1.9e-22,2.8e-19,2.1,workflow/out/asr_HMMER/domtbl/Capsule_15_asr_B.domtblout
k141_108345_7/23-243,k141_108345_7,249,72.6,2.9e-19,0.5,221,72.0,2.8e-22,4.2e-19,0.5,workflow/out/asr_HMMER/domtbl/Capsule_15_asr_B.domtblout
k141_116072_47/27-252,k141_116072_47,297,72.3,3.4e-19,2.3,226,71.8,3.3e-22,4.9e-19,2.3,workflow/out/asr_HMMER/domtbl/Capsule_15_asr_B.domtblout
k141_51056_2/27-252,k141_51056_2,297,72.2,3.7e-19,3.4,226,71.7,3.5e-22,5.2e-19,3.4,workflow/out/asr_HMMER/domtbl/Capsule_15_asr_B.domtblout
k141_115780_1/35-262,k141_115780_1,269,72.1,4e-19,0.1,228,71.8,3.4e-22,5.1e-19,0.1,workflow/out/asr_HMMER/domtbl/Capsule_15_asr_B.domtblout
k141_68589_29/27-251,k141_68589_29,296,71.8,4.9e-19,1.8,225,71.1,5.3e-22,7.9e-19,1.8,workflow/out/asr_HMMER/domtbl/Capsule_15_asr_B.domtblout
k141_112290_10/32-256,k141_112290_10,263,70.8,9.7e-19,0.6,225,69.1,2.2e-21,3.3e-18,0.6,workflow/out/asr_HMMER/domtbl/Capsule_15_asr_B.domtblout
k141_84288_10/31-256,k141_84288_10,261,69.8,2e-18,0.1,226,68.5,3.4e-21,5.1e-18,0.1,workflow/out/asr_HMMER/domtbl/Capsule_15_asr_B.domtblout
k141_92981_22/27-250,k141_92981_22,257,69.3,2.9e-18,0.5,224,67.8,5.5e-21,8.3e-18,0.5,workflow/out/asr_HMMER/domtbl/Capsule_15_asr_B.domtblout
k141_12540_146/27-252,k141_12540_146,297,68.8,4e-18,1.5,226,68.3,3.8e-21,5.8e-18,1.5,workflow/out/asr_HMMER/domtbl/Capsule_15_asr_B.domtblout
k141_113254_61/26-244,k141_113254_61,281,68.2,6e-18,2.9,219,67.8,5.5e-21,8.2e-18,2.9,workflow/out/asr_HMMER/domtbl/Capsule_15_asr_B.domtblout
k141_118201_10/33-258,k141_118201_10,265,67.1,1.3e-17,0.8,226,66.1,1.8e-20,2.7e-17,0.8,workflow/out/asr_HMMER/domtbl/Capsule_15_asr_B.domtblout
k141_4283_10/29-252,k141_4283_10,259,66.1,2.8e-17,0.2,224,64.9,4.4e-20,6.5e-17,0.2,workflow/out/asr_HMMER/domtbl/Capsule_15_asr_B.domtblout
k141_108813_19/38-258,k141_108813_19,265,66.1,2.8e-17,0.9,221,64.7,4.8e-20,7.1e-17,0.9,workflow/out/asr_HMMER/domtbl/Capsule_15_asr_B.domtblout
k141_41141_63/29-255,k141_41141_63,262,65.4,4.3e-17,0.9,227,63.8,9.1e-20,1.4e-16,0.9,workflow/out/asr_HMMER/domtbl/Capsule_15_asr_B.domtblout
k141_56416_72/26-244,k141_56416_72,283,64.6,7.8e-17,1.1,219,64.1,7.5e-20,1.1e-16,1.1,workflow/out/asr_HMMER/domtbl/Capsule_15_asr_B.domtblout
k141_56900_99/33-253,k141_56900_99,259,64.5,8.3e-17,0.0,221,64.1,7.2e-20,1.1e-16,0.0,workflow/out/asr_HMMER/domtbl/Capsule_15_asr_B.domtblout
k141_93093_11/31-254,k141_93093_11,261,64.2,1e-16,0.6,224,62.6,2.2e-19,3.2e-16,0.6,workflow/out/asr_HMMER/domtbl/Capsule_15_asr_B.domtblout
k141_74868_6/33-258,k141_74868_6,265,63.7,1.5e-16,1.2,226,62.5,2.3e-19,3.4e-16,1.2,workflow/out/asr_HMMER/domtbl/Capsule_15_asr_B.domtblout
k141_30965_17/30-249,k141_30965_17,256,63.6,1.6e-16,2.5,220,62.4,2.5e-19,3.7e-16,2.5,workflow/out/asr_HMMER/domtbl/Capsule_15_asr_B.domtblout
k141_64294_8/33-244,k141_64294_8,253,63.5,1.7e-16,3.3,212,62.0,3.2e-19,4.8e-16,3.2,workflow/out/asr_HMMER/domtbl/Capsule_15_asr_B.domtblout
k141_82712_8/32-248,k141_82712_8,256,63.4,1.8e-16,0.1,217,63.0,1.6e-19,2.4e-16,0.1,workflow/out/asr_HMMER/domtbl/Capsule_15_asr_B.domtblout
k141_64671_2/34-244,k141_64671_2,253,63.3,2e-16,3.1,211,61.3,5.2e-19,7.9e-16,3.1,workflow/out/asr_HMMER/domtbl/Capsule_15_asr_B.domtblout
k141_106971_115/26-245,k141_106971_115,278,63.2,2e-16,0.8,220,62.8,1.8e-19,2.7e-16,0.8,workflow/out/asr_HMMER/domtbl/Capsule_15_asr_B.domtblout
k141_10523_15/31-254,k141_10523_15,261,63.0,2.4e-16,0.4,224,61.5,4.6e-19,7e-16,0.4,workflow/out/asr_HMMER/domtbl/Capsule_15_asr_B.domtblout
k141_112344_64/33-249,k141_112344_64,256,62.4,3.6e-16,3.5,217,60.8,7.5e-19,1.1e-15,3.5,workflow/out/asr_HMMER/domtbl/Capsule_15_asr_B.domtblout
k141_31943_1/32-248,k141_31943_1,256,62.0,4.7e-16,0.1,217,61.6,4.3e-19,6.4e-16,0.1,workflow/out/asr_HMMER/domtbl/Capsule_15_asr_B.domtblout
k141_62378_52/31-255,k141_62378_52,262,62.0,4.8e-16,1.7,225,60.9,6.8e-19,1e-15,1.7,workflow/out/asr_HMMER/domtbl/Capsule_15_asr_B.domtblout
k141_4208_1/33-251,k141_4208_1,281,61.9,5.3e-16,2.6,219,61.5,4.5e-19,6.8e-16,2.6,workflow/out/asr_HMMER/domtbl/Capsule_15_asr_B.domtblout
k141_58629_2/26-245,k141_58629_2,287,61.6,6.6e-16,0.6,220,61.0,6.3e-19,9.5e-16,0.6,workflow/out/asr_HMMER/domtbl/Capsule_15_asr_B.domtblout
k141_121952_83/30-254,k141_121952_83,262,61.1,9.2e-16,0.1,225,59.4,2e-18,3.1e-15,0.1,workflow/out/asr_HMMER/domtbl/Capsule_15_asr_B.domtblout
k141_51814_2/27-246,k141_51814_2,278,60.9,1e-15,1.1,220,60.6,8.7e-19,1.3e-15,1.1,workflow/out/asr_HMMER/domtbl/Capsule_15_asr_B.domtblout
k141_45501_81/30-247,k141_45501_81,255,60.8,1.1e-15,0.4,218,59.8,1.5e-18,2.2e-15,0.4,workflow/out/asr_HMMER/domtbl/Capsule_15_asr_B.domtblout
k141_112600_32/26-252,k141_112600_32,297,60.1,1.9e-15,2.3,227,60.1,1.2e-18,1.9e-15,2.3,workflow/out/asr_HMMER/domtbl/Capsule_15_asr_B.domtblout
k141_39951_260/27-242,k141_39951_260,248,60.0,1.9e-15,3.4,216,58.6,3.7e-18,5.5e-15,3.4,workflow/out/asr_HMMER/domtbl/Capsule_15_asr_B.domtblout
k141_81081_5/12-228,k141_81081_5,238,60.0,1.9e-15,9.1,217,52.6,2.4e-16,3.6e-13,9.1,workflow/out/asr_HMMER/domtbl/Capsule_15_asr_B.domtblout
k141_54880_8/40-264,k141_54880_8,273,59.9,2.2e-15,0.1,225,58.4,4e-18,6e-15,0.1,workflow/out/asr_HMMER/domtbl/Capsule_15_asr_B.domtblout
k141_31695_72/33-272,k141_31695_72,279,59.6,2.6e-15,0.9,240,58.0,5.5e-18,8.2e-15,0.9,workflow/out/asr_HMMER/domtbl/Capsule_15_asr_B.domtblout
k141_81426_2/32-258,k141_81426_2,265,59.4,3e-15,0.0,227,58.1,5.1e-18,7.6e-15,0.0,workflow/out/asr_HMMER/domtbl/Capsule_15_asr_B.domtblout
k141_7282_2/37-261,k141_7282_2,268,59.4,3.1e-15,0.8,225,58.9,2.9e-18,4.4e-15,0.8,workflow/out/asr_HMMER/domtbl/Capsule_15_asr_B.domtblout
k141_39884_2/26-244,k141_39884_2,283,58.5,5.7e-15,2.1,219,58.3,4.3e-18,6.4e-15,1.6,workflow/out/asr_HMMER/domtbl/Capsule_15_asr_B.domtblout
k141_117268_13/33-249,k141_117268_13,278,58.4,5.9e-15,0.0,217,57.6,6.9e-18,1e-14,0.0,workflow/out/asr_HMMER/domtbl/Capsule_15_asr_B.domtblout
k141_28956_201/26-244,k141_28956_201,283,57.8,9.5e-15,2.3,219,57.7,6.5e-18,9.8e-15,1.3,workflow/out/asr_HMMER/domtbl/Capsule_15_asr_B.domtblout
k141_48769_6/32-248,k141_48769_6,256,57.6,1.1e-14,0.0,217,57.2,9.5e-18,1.4e-14,0.0,workflow/out/asr_HMMER/domtbl/Capsule_15_asr_B.domtblout
k141_9262_2/33-258,k141_9262_2,265,55.7,4e-14,0.1,226,54.1,8.5e-17,1.3e-13,0.1,workflow/out/asr_HMMER/domtbl/Capsule_15_asr_B.domtblout
k141_104696_32/31-256,k141_104696_32,264,55.5,4.5e-14,0.5,226,53.7,1.1e-16,1.7e-13,0.5,workflow/out/asr_HMMER/domtbl/Capsule_15_asr_B.domtblout
k141_6422_3/29-247,k141_6422_3,247,54.6,9.1e-14,3.1,219,53.1,1.7e-16,2.5e-13,3.1,workflow/out/asr_HMMER/domtbl/Capsule_15_asr_B.domtblout
k141_37925_84/26-248,k141_37925_84,283,54.5,9.7e-14,2.2,223,54.1,8.5e-17,1.3e-13,2.2,workflow/out/asr_HMMER/domtbl/Capsule_15_asr_B.domtblout
k141_10980_7/29-247,k141_10980_7,255,53.9,1.5e-13,0.1,219,52.8,2.1e-16,3.1e-13,0.1,workflow/out/asr_HMMER/domtbl/Capsule_15_asr_B.domtblout
k141_26105_50/29-274,k141_26105_50,280,53.6,1.8e-13,2.4,246,45.8,2.9e-14,4.3e-11,2.4,workflow/out/asr_HMMER/domtbl/Capsule_15_asr_B.domtblout
k141_107428_2/9-242,k141_107428_2,252,53.5,1.9e-13,4.5,234,51.7,4.4e-16,6.6e-13,4.5,workflow/out/asr_HMMER/domtbl/Capsule_15_asr_B.domtblout
k141_118364_3/27-245,k141_118364_3,279,51.9,5.9e-13,1.6,219,51.4,5.4e-16,8.1e-13,1.6,workflow/out/asr_HMMER/domtbl/Capsule_15_asr_B.domtblout
k141_86890_8/37-262,k141_86890_8,280,49.1,4.2e-12,0.1,226,45.7,3.1e-14,4.7e-11,0.1,workflow/out/asr_HMMER/domtbl/Capsule_15_asr_B.domtblout
k141_102447_123/9-243,k141_102447_123,252,49.0,4.6e-12,5.6,235,46.3,1.9e-14,2.9e-11,5.6,workflow/out/asr_HMMER/domtbl/Capsule_15_asr_B.domtblout
k141_15378_150/246-407,k141_15378_150,412,48.1,8.7e-12,0.0,162,47.1,1.1e-14,1.7e-11,0.0,workflow/out/asr_HMMER/domtbl/Capsule_15_asr_B.domtblout
k141_56900_485/253-417,k141_56900_485,424,47.9,9.9e-12,0.1,165,46.3,2.1e-14,3.1e-11,0.0,workflow/out/asr_HMMER/domtbl/Capsule_15_asr_B.domtblout
k141_46960_11/242-403,k141_46960_11,408,47.7,1.2e-11,0.0,162,45.9,2.6e-14,4e-11,0.0,workflow/out/asr_HMMER/domtbl/Capsule_15_asr_B.domtblout
k141_118806_22/30-128,k141_118806_22,306,47.1,1.7e-11,1.0,99,27.2,1.4e-08,2.1e-05,0.0,workflow/out/asr_HMMER/domtbl/Capsule_15_asr_B.domtblout
k141_118806_22/212-298,k141_118806_22,306,47.1,1.7e-11,1.0,87,16.7,2.1e-05,0.032,1.4,workflow/out/asr_HMMER/domtbl/Capsule_15_asr_B.domtblout
k141_242_14/117-328,k141_242_14,339,45.6,4.9e-11,0.0,212,43.1,1.9e-13,2.8e-10,0.0,workflow/out/asr_HMMER/domtbl/Capsule_15_asr_B.domtblout
k141_86754_1/4-172,k141_86754_1,179,44.3,1.2e-10,0.7,169,44.0,1e-13,1.6e-10,0.7,workflow/out/asr_HMMER/domtbl/Capsule_15_asr_B.domtblout
k141_21033_2/19-138,k141_21033_2,183,43.3,2.5e-10,2.1,120,43.3,1.7e-13,2.5e-10,2.1,workflow/out/asr_HMMER/domtbl/Capsule_15_asr_B.domtblout
k141_71034_1/4-172,k141_71034_1,179,42.5,4.3e-10,0.7,169,42.0,4.2e-13,6.3e-10,0.7,workflow/out/asr_HMMER/domtbl/Capsule_15_asr_B.domtblout
k141_121269_2/2-142,k141_121269_2,172,42.3,4.9e-10,1.0,141,42.0,4.1e-13,6.1e-10,1.0,workflow/out/asr_HMMER/domtbl/Capsule_15_asr_B.domtblout
k141_106347_76/8-218,k141_106347_76,323,41.8,7.3e-10,0.7,211,40.8,9.4e-13,1.4e-09,0.0,workflow/out/asr_HMMER/domtbl/Capsule_15_asr_B.domtblout
k141_84419_98/32-264,k141_84419_98,270,40.8,1.5e-09,0.0,233,39.7,2e-12,3e-09,0.0,workflow/out/asr_HMMER/domtbl/Capsule_15_asr_B.domtblout
k141_108980_2/13-130,k141_108980_2,137,39.2,4.5e-09,0.1,118,38.8,3.9e-12,5.9e-09,0.1,workflow/out/asr_HMMER/domtbl/Capsule_15_asr_B.domtblout
k141_69001_26/9-218,k141_69001_26,323,36.8,2.4e-08,0.1,210,34.7,6.8e-11,1e-07,0.0,workflow/out/asr_HMMER/domtbl/Capsule_15_asr_B.domtblout
k141_51696_2/32-126,k141_51696_2,183,36.3,3.3e-08,0.0,95,36.2,2.4e-11,3.6e-08,0.0,workflow/out/asr_HMMER/domtbl/Capsule_15_asr_B.domtblout
k141_88477_15/9-219,k141_88477_15,323,35.9,4.6e-08,0.1,211,33.7,1.4e-10,2.1e-07,0.0,workflow/out/asr_HMMER/domtbl/Capsule_15_asr_B.domtblout
k141_66696_469/117-245,k141_66696_469,272,34.6,1.1e-07,0.1,129,34.0,1.1e-10,1.6e-07,0.1,workflow/out/asr_HMMER/domtbl/Capsule_15_asr_B.domtblout
k141_21811_3/41-138,k141_21811_3,146,32.8,3.8e-07,0.0,98,32.8,2.7e-10,4.1e-07,0.0,workflow/out/asr_HMMER/domtbl/Capsule_15_asr_B.domtblout
k141_34241_1/35-131,k141_34241_1,135,31.9,7.2e-07,0.1,97,31.8,5.5e-10,8.2e-07,0.1,workflow/out/asr_HMMER/domtbl/Capsule_15_asr_B.domtblout
k141_71066_1/1-26,k141_71066_1,27,31.1,1.3e-06,0.0,26,31.0,9.1e-10,1.4e-06,0.0,workflow/out/asr_HMMER/domtbl/Capsule_15_asr_B.domtblout
k141_37811_8/242-374,k141_37811_8,432,28.2,1e-05,0.0,133,26.7,1.9e-08,2.9e-05,0.0,workflow/out/asr_HMMER/domtbl/Capsule_15_asr_B.domtblout
k141_11641_5/86-242,k141_11641_5,357,25.6,6.1e-05,0.0,157,25.1,5.7e-08,8.6e-05,0.0,workflow/out/asr_HMMER/domtbl/Capsule_15_asr_B.domtblout
k141_711_38/7-186,k141_711_38,234,23.1,0.00035,0.0,180,22.8,2.8e-07,0.00043,0.0,workflow/out/asr_HMMER/domtbl/Capsule_15_asr_B.domtblout
k141_86284_1/223-386,k141_86284_1,397,23.1,0.00035,0.0,164,21.9,5.4e-07,0.00082,0.0,workflow/out/asr_HMMER/domtbl/Capsule_15_asr_B.domtblout
k141_102310_2/41-114,k141_102310_2,118,22.7,0.00047,0.0,74,22.5,3.5e-07,0.00053,0.0,workflow/out/asr_HMMER/domtbl/Capsule_15_asr_B.domtblout
k141_119732_16/22-71,k141_119732_16,78,22.5,0.00056,3.6,50,21.8,6e-07,0.0009,3.6,workflow/out/asr_HMMER/domtbl/Capsule_15_asr_B.domtblout
k141_53710_3/166-327,k141_53710_3,338,21.5,0.0011,0.0,162,20.1,1.9e-06,0.0029,0.0,workflow/out/asr_HMMER/domtbl/Capsule_15_asr_B.domtblout
k141_115415_35/7-184,k141_115415_35,234,21.4,0.0012,0.0,178,21.1,9.8e-07,0.0015,0.0,workflow/out/asr_HMMER/domtbl/Capsule_15_asr_B.domtblout
k141_58187_11/224-386,k141_58187_11,397,20.2,0.0027,0.0,163,19.0,4.2e-06,0.0064,0.0,workflow/out/asr_HMMER/domtbl/Capsule_15_asr_B.domtblout
k141_3099_18/104-241,k141_3099_18,357,20.2,0.0028,0.0,138,19.5,3.1e-06,0.0047,0.0,workflow/out/asr_HMMER/domtbl/Capsule_15_asr_B.domtblout
k141_98553_35/224-386,k141_98553_35,397,20.0,0.0031,0.0,163,18.8,4.8e-06,0.0072,0.0,workflow/out/asr_HMMER/domtbl/Capsule_15_asr_B.domtblout
k141_50501_39/7-183,k141_50501_39,234,18.7,0.0078,0.0,177,18.4,6.5e-06,0.0098,0.0,workflow/out/asr_HMMER/domtbl/Capsule_15_asr_B.domtblout
k141_92285_11/257-316,k141_92285_11,327,18.4,0.0096,0.1,60,13.1,0.00027,0.41,0.0,workflow/out/asr_HMMER/domtbl/Capsule_15_asr_B.domtblout
k141_12653_26/3-262,k141_12653_26,263,432.4,6.1e-129,0.3,260,432.3,4.9e-132,6.9e-129,0.3,workflow/out/asr_HMMER/domtbl/Capsule_4_asr_B.domtblout
k141_20405_5/4-263,k141_20405_5,264,330.3,8.9e-98,0.2,260,330.1,7.3e-101,1e-97,0.2,workflow/out/asr_HMMER/domtbl/Capsule_4_asr_B.domtblout
k141_349_1/5-262,k141_349_1,263,320.2,1.1e-94,0.1,258,320.0,8.8e-98,1.2e-94,0.1,workflow/out/asr_HMMER/domtbl/Capsule_4_asr_B.domtblout
k141_110660_2/24-290,k141_110660_2,295,241.1,1.5e-70,0.0,267,240.9,1.2e-73,1.7e-70,0.0,workflow/out/asr_HMMER/domtbl/Capsule_4_asr_B.domtblout
k141_163837_5/33-299,k141_163837_5,304,239.6,4.3e-70,0.0,267,239.4,3.5e-73,4.9e-70,0.0,workflow/out/asr_HMMER/domtbl/Capsule_4_asr_B.domtblout
k141_17995_29/33-299,k141_17995_29,304,233.3,3.5e-68,0.0,267,233.1,2.9e-71,4e-68,0.0,workflow/out/asr_HMMER/domtbl/Capsule_4_asr_B.domtblout
k141_76401_3/30-296,k141_76401_3,301,231.6,1.1e-67,0.0,267,231.4,9.2e-71,1.3e-67,0.0,workflow/out/asr_HMMER/domtbl/Capsule_4_asr_B.domtblout
k141_60448_3/30-280,k141_60448_3,281,206.4,5.6e-60,0.0,251,206.2,4.5e-63,6.3e-60,0.0,workflow/out/asr_HMMER/domtbl/Capsule_4_asr_B.domtblout
k141_54846_2/14-275,k141_54846_2,285,196.0,8.4e-57,0.2,262,195.8,6.8e-60,9.6e-57,0.2,workflow/out/asr_HMMER/domtbl/Capsule_4_asr_B.domtblout
k141_115594_1/24-251,k141_115594_1,263,188.8,1.3e-54,0.5,228,188.6,1.1e-57,1.5e-54,0.5,workflow/out/asr_HMMER/domtbl/Capsule_4_asr_B.domtblout
k141_130591_8/15-276,k141_130591_8,285,188.4,1.8e-54,0.3,262,188.1,1.6e-57,2.2e-54,0.3,workflow/out/asr_HMMER/domtbl/Capsule_4_asr_B.domtblout
k141_142122_3/15-273,k141_142122_3,285,188.0,2.3e-54,0.2,259,187.7,2e-57,2.8e-54,0.2,workflow/out/asr_HMMER/domtbl/Capsule_4_asr_B.domtblout
k141_40453_5/6-271,k141_40453_5,281,186.9,5e-54,0.0,266,186.7,4.2e-57,5.9e-54,0.0,workflow/out/asr_HMMER/domtbl/Capsule_4_asr_B.domtblout
k141_29119_2/15-273,k141_29119_2,285,185.0,1.9e-53,0.1,259,184.7,1.6e-56,2.3e-53,0.1,workflow/out/asr_HMMER/domtbl/Capsule_4_asr_B.domtblout
k141_99913_1/8-272,k141_99913_1,279,180.6,4.3e-52,0.0,265,180.3,3.7e-55,5.2e-52,0.0,workflow/out/asr_HMMER/domtbl/Capsule_4_asr_B.domtblout
k141_85630_3/15-279,k141_85630_3,285,180.3,5.3e-52,0.3,265,179.8,5.2e-55,7.4e-52,0.3,workflow/out/asr_HMMER/domtbl/Capsule_4_asr_B.domtblout
k141_177802_3/14-220,k141_177802_3,232,177.4,4.1e-51,0.2,207,177.1,3.5e-54,4.9e-51,0.2,workflow/out/asr_HMMER/domtbl/Capsule_4_asr_B.domtblout
k141_67355_39/404-663,k141_67355_39,672,150.6,6.2e-43,0.0,260,149.9,6.7e-46,9.4e-43,0.0,workflow/out/asr_HMMER/domtbl/Capsule_4_asr_B.domtblout
k141_22501_2/2-101,k141_22501_2,102,141.7,3.1e-40,0.4,100,141.6,2.4e-43,3.4e-40,0.4,workflow/out/asr_HMMER/domtbl/Capsule_4_asr_B.domtblout
k141_176057_1/13-188,k141_176057_1,195,98.2,5.7e-27,0.0,176,98.0,4.6e-30,6.5e-27,0.0,workflow/out/asr_HMMER/domtbl/Capsule_4_asr_B.domtblout
k141_179170_16/25-251,k141_179170_16,296,88.6,4.8e-24,2.3,227,88.3,4.4e-27,6.2e-24,2.3,workflow/out/asr_HMMER/domtbl/Capsule_4_asr_B.domtblout
k141_16177_142/33-249,k141_16177_142,255,88.5,5.4e-24,0.7,217,88.1,4.9e-27,7e-24,0.7,workflow/out/asr_HMMER/domtbl/Capsule_4_asr_B.domtblout
k141_208579_11/25-251,k141_208579_11,296,88.4,5.7e-24,2.4,227,88.0,5.2e-27,7.3e-24,2.4,workflow/out/asr_HMMER/domtbl/Capsule_4_asr_B.domtblout
k141_191077_1/25-251,k141_191077_1,296,88.3,6.2e-24,2.7,227,87.5,7.3e-27,1e-23,2.7,workflow/out/asr_HMMER/domtbl/Capsule_4_asr_B.domtblout
k141_186385_2/25-251,k141_186385_2,296,87.7,9.5e-24,2.8,227,87.0,1.1e-26,1.5e-23,2.8,workflow/out/asr_HMMER/domtbl/Capsule_4_asr_B.domtblout
k141_194711_2/25-251,k141_194711_2,296,87.2,1.3e-23,2.3,227,86.9,1.2e-26,1.7e-23,2.3,workflow/out/asr_HMMER/domtbl/Capsule_4_asr_B.domtblout
k141_93255_35/25-252,k141_93255_35,295,85.5,4.5e-23,0.3,228,85.1,4e-26,5.7e-23,0.3,workflow/out/asr_HMMER/domtbl/Capsule_4_asr_B.domtblout
k141_193231_2/27-251,k141_193231_2,296,84.6,7.9e-23,1.3,225,84.2,7.4e-26,1e-22,1.3,workflow/out/asr_HMMER/domtbl/Capsule_4_asr_B.domtblout
k141_23110_12/34-246,k141_23110_12,254,83.6,1.6e-22,1.6,213,83.2,1.5e-25,2.1e-22,1.6,workflow/out/asr_HMMER/domtbl/Capsule_4_asr_B.domtblout
k141_7400_2/27-252,k141_7400_2,297,82.3,4e-22,3.0,226,81.9,3.8e-25,5.3e-22,3.0,workflow/out/asr_HMMER/domtbl/Capsule_4_asr_B.domtblout
k141_24527_2/26-251,k141_24527_2,296,82.3,4.2e-22,2.5,226,82.3,3e-25,4.2e-22,2.5,workflow/out/asr_HMMER/domtbl/Capsule_4_asr_B.domtblout
k141_67001_2/26-251,k141_67001_2,296,82.0,5.1e-22,2.0,226,82.0,3.6e-25,5.1e-22,2.0,workflow/out/asr_HMMER/domtbl/Capsule_4_asr_B.domtblout
k141_55728_9/32-244,k141_55728_9,251,79.3,3.5e-21,0.0,213,78.9,3.2e-24,4.5e-21,0.0,workflow/out/asr_HMMER/domtbl/Capsule_4_asr_B.domtblout
k141_43745_2/13-231,k141_43745_2,270,79.2,3.6e-21,0.5,219,78.7,3.5e-24,5e-21,0.5,workflow/out/asr_HMMER/domtbl/Capsule_4_asr_B.domtblout
k141_44264_49/26-251,k141_44264_49,296,79.2,3.7e-21,3.0,226,79.2,2.6e-24,3.7e-21,3.0,workflow/out/asr_HMMER/domtbl/Capsule_4_asr_B.domtblout
k141_62471_13/26-252,k141_62471_13,297,78.1,8.1e-21,3.0,227,77.8,7.1e-24,1e-20,3.0,workflow/out/asr_HMMER/domtbl/Capsule_4_asr_B.domtblout
k141_146995_31/24-251,k141_146995_31,296,76.6,2.2e-20,2.7,228,76.6,1.6e-23,2.2e-20,2.7,workflow/out/asr_HMMER/domtbl/Capsule_4_asr_B.domtblout
k141_167831_8/26-252,k141_167831_8,295,76.5,2.4e-20,0.0,227,76.0,2.4e-23,3.4e-20,0.0,workflow/out/asr_HMMER/domtbl/Capsule_4_asr_B.domtblout
k141_26926_10/26-252,k141_26926_10,297,75.8,4e-20,2.2,227,75.4,3.6e-23,5.1e-20,2.2,workflow/out/asr_HMMER/domtbl/Capsule_4_asr_B.domtblout
k141_128225_28/37-256,k141_128225_28,260,75.2,5.9e-20,0.0,220,74.7,5.9e-23,8.3e-20,0.0,workflow/out/asr_HMMER/domtbl/Capsule_4_asr_B.domtblout
k141_87752_149/25-244,k141_87752_149,279,75.2,6e-20,1.7,220,74.9,5.3e-23,7.5e-20,1.7,workflow/out/asr_HMMER/domtbl/Capsule_4_asr_B.domtblout
k141_205964_2/26-251,k141_205964_2,296,74.8,8.1e-20,1.3,226,74.3,7.8e-23,1.1e-19,1.3,workflow/out/asr_HMMER/domtbl/Capsule_4_asr_B.domtblout
k141_215016_43/9-228,k141_215016_43,278,74.6,9.3e-20,0.1,220,74.1,9e-23,1.3e-19,0.1,workflow/out/asr_HMMER/domtbl/Capsule_4_asr_B.domtblout
k141_207385_18/27-252,k141_207385_18,297,73.7,1.8e-19,3.3,226,73.2,1.7e-22,2.5e-19,3.3,workflow/out/asr_HMMER/domtbl/Capsule_4_asr_B.domtblout
k141_198034_1/24-243,k141_198034_1,283,72.6,3.8e-19,1.0,220,72.2,3.5e-22,5e-19,1.0,workflow/out/asr_HMMER/domtbl/Capsule_4_asr_B.domtblout
k141_48376_1/26-252,k141_48376_1,295,72.4,4.3e-19,3.8,227,72.0,3.9e-22,5.5e-19,3.8,workflow/out/asr_HMMER/domtbl/Capsule_4_asr_B.domtblout
k141_145085_2/26-244,k141_145085_2,288,71.9,5.9e-19,0.0,219,71.5,5.5e-22,7.8e-19,0.0,workflow/out/asr_HMMER/domtbl/Capsule_4_asr_B.domtblout
k141_179176_2/27-251,k141_179176_2,296,71.8,6.4e-19,1.8,225,71.1,7.4e-22,1e-18,1.8,workflow/out/asr_HMMER/domtbl/Capsule_4_asr_B.domtblout
k141_170649_45/21-239,k141_170649_45,247,71.4,8.4e-19,0.7,219,70.1,1.5e-21,2.2e-18,0.7,workflow/out/asr_HMMER/domtbl/Capsule_4_asr_B.domtblout
k141_149055_9/31-236,k141_149055_9,243,71.4,8.8e-19,0.0,206,70.5,1.2e-21,1.6e-18,0.0,workflow/out/asr_HMMER/domtbl/Capsule_4_asr_B.domtblout
k141_33569_17/26-251,k141_33569_17,296,71.2,1e-18,1.8,226,70.8,9.1e-22,1.3e-18,1.8,workflow/out/asr_HMMER/domtbl/Capsule_4_asr_B.domtblout
k141_206505_25/9-228,k141_206505_25,281,71.1,1.1e-18,0.1,220,70.7,1e-21,1.5e-18,0.1,workflow/out/asr_HMMER/domtbl/Capsule_4_asr_B.domtblout
k141_185146_43/4-249,k141_185146_43,256,71.0,1.1e-18,3.4,246,70.0,1.7e-21,2.3e-18,3.4,workflow/out/asr_HMMER/domtbl/Capsule_4_asr_B.domtblout
k141_23693_10/32-256,k141_23693_10,263,70.8,1.3e-18,0.6,225,69.1,3.1e-21,4.3e-18,0.6,workflow/out/asr_HMMER/domtbl/Capsule_4_asr_B.domtblout
k141_131375_26/31-254,k141_131375_26,261,70.3,1.9e-18,0.8,224,69.0,3.4e-21,4.8e-18,0.8,workflow/out/asr_HMMER/domtbl/Capsule_4_asr_B.domtblout
k141_41610_2/58-275,k141_41610_2,282,70.3,1.9e-18,0.3,218,69.8,1.9e-21,2.7e-18,0.3,workflow/out/asr_HMMER/domtbl/Capsule_4_asr_B.domtblout
k141_124381_19/4-249,k141_124381_19,256,70.1,2.2e-18,3.1,246,68.9,3.5e-21,4.9e-18,3.1,workflow/out/asr_HMMER/domtbl/Capsule_4_asr_B.domtblout
k141_42_218/20-240,k141_42_218,248,70.0,2.3e-18,3.3,221,67.2,1.2e-20,1.7e-17,3.3,workflow/out/asr_HMMER/domtbl/Capsule_4_asr_B.domtblout
k141_168808_4/30-249,k141_168808_4,255,69.7,2.8e-18,2.4,220,68.5,4.7e-21,6.7e-18,2.4,workflow/out/asr_HMMER/domtbl/Capsule_4_asr_B.domtblout
k141_92816_4/27-245,k141_92816_4,284,69.7,2.8e-18,1.9,219,69.7,2e-21,2.8e-18,1.9,workflow/out/asr_HMMER/domtbl/Capsule_4_asr_B.domtblout
k141_133326_4/27-252,k141_133326_4,297,69.1,4.3e-18,3.4,226,68.7,4.1e-21,5.8e-18,3.4,workflow/out/asr_HMMER/domtbl/Capsule_4_asr_B.domtblout
k141_55587_2/31-256,k141_55587_2,261,69.0,4.7e-18,0.1,226,67.6,8.7e-21,1.2e-17,0.1,workflow/out/asr_HMMER/domtbl/Capsule_4_asr_B.domtblout
k141_207999_439/31-159,k141_207999_439,243,69.0,4.8e-18,2.9,129,56.7,1.8e-17,2.6e-14,0.0,workflow/out/asr_HMMER/domtbl/Capsule_4_asr_B.domtblout
k141_207999_439/202-235,k141_207999_439,243,69.0,4.8e-18,2.9,34,12.3,0.00067,0.95,1.0,workflow/out/asr_HMMER/domtbl/Capsule_4_asr_B.domtblout
k141_21633_12/34-249,k141_21633_12,257,68.9,5.1e-18,0.9,216,67.6,8.8e-21,1.2e-17,0.9,workflow/out/asr_HMMER/domtbl/Capsule_4_asr_B.domtblout
k141_38836_24/18-236,k141_38836_24,243,68.9,5.2e-18,0.0,219,68.2,5.9e-21,8.3e-18,0.0,workflow/out/asr_HMMER/domtbl/Capsule_4_asr_B.domtblout
k141_80197_1/2-245,k141_80197_1,280,68.7,5.7e-18,0.0,244,68.4,5e-21,7.1e-18,0.0,workflow/out/asr_HMMER/domtbl/Capsule_4_asr_B.domtblout
k141_92741_26/24-244,k141_92741_26,281,68.6,6e-18,3.0,221,68.3,5.5e-21,7.8e-18,3.0,workflow/out/asr_HMMER/domtbl/Capsule_4_asr_B.domtblout
k141_133917_23/27-252,k141_133917_23,297,68.4,7.2e-18,1.5,226,67.9,7.3e-21,1e-17,1.5,workflow/out/asr_HMMER/domtbl/Capsule_4_asr_B.domtblout
k141_151525_2/29-254,k141_151525_2,261,68.4,7.3e-18,0.3,226,66.8,1.6e-20,2.2e-17,0.3,workflow/out/asr_HMMER/domtbl/Capsule_4_asr_B.domtblout
k141_108937_14/35-253,k141_108937_14,258,67.9,1e-17,2.3,219,66.3,2.3e-20,3.2e-17,2.3,workflow/out/asr_HMMER/domtbl/Capsule_4_asr_B.domtblout
k141_62096_9/31-254,k141_62096_9,261,67.5,1.3e-17,0.4,224,66.1,2.6e-20,3.7e-17,0.4,workflow/out/asr_HMMER/domtbl/Capsule_4_asr_B.domtblout
k141_153559_42/28-243,k141_153559_42,266,67.1,1.7e-17,3.7,216,66.7,1.6e-20,2.3e-17,3.7,workflow/out/asr_HMMER/domtbl/Capsule_4_asr_B.domtblout
k141_144062_78/28-246,k141_144062_78,284,67.1,1.8e-17,0.3,219,66.7,1.7e-20,2.4e-17,0.3,workflow/out/asr_HMMER/domtbl/Capsule_4_asr_B.domtblout
k141_146888_5/29-246,k141_146888_5,255,67.0,1.9e-17,3.9,218,66.7,1.7e-20,2.3e-17,3.9,workflow/out/asr_HMMER/domtbl/Capsule_4_asr_B.domtblout
k141_25029_280/34-256,k141_25029_280,262,66.9,2e-17,0.1,223,66.6,1.8e-20,2.6e-17,0.1,workflow/out/asr_HMMER/domtbl/Capsule_4_asr_B.domtblout
k141_211002_2/34-253,k141_211002_2,259,66.6,2.5e-17,0.0,220,66.2,2.4e-20,3.3e-17,0.0,workflow/out/asr_HMMER/domtbl/Capsule_4_asr_B.domtblout
k141_56741_35/26-243,k141_56741_35,764,66.6,2.5e-17,3.9,218,65.1,5e-20,7e-17,3.9,workflow/out/asr_HMMER/domtbl/Capsule_4_asr_B.domtblout
k141_61992_23/29-254,k141_61992_23,261,66.6,2.6e-17,1.1,226,65.7,3.5e-20,4.9e-17,1.1,workflow/out/asr_HMMER/domtbl/Capsule_4_asr_B.domtblout
k141_109908_5/35-253,k141_109908_5,258,66.5,2.7e-17,1.5,219,64.6,7.3e-20,1e-16,1.5,workflow/out/asr_HMMER/domtbl/Capsule_4_asr_B.domtblout
k141_198817_3/35-253,k141_198817_3,258,66.5,2.8e-17,1.3,219,64.9,6e-20,8.5e-17,1.3,workflow/out/asr_HMMER/domtbl/Capsule_4_asr_B.domtblout
k141_195642_20/38-258,k141_195642_20,265,66.1,3.7e-17,0.9,221,64.7,6.7e-20,9.4e-17,0.9,workflow/out/asr_HMMER/domtbl/Capsule_4_asr_B.domtblout
k141_14505_109/26-244,k141_14505_109,281,66.0,3.8e-17,1.6,219,65.6,3.6e-20,5e-17,1.6,workflow/out/asr_HMMER/domtbl/Capsule_4_asr_B.domtblout
k141_105831_2/29-254,k141_105831_2,261,65.6,5.2e-17,0.9,226,63.9,1.2e-19,1.7e-16,0.9,workflow/out/asr_HMMER/domtbl/Capsule_4_asr_B.domtblout
k141_60069_25/27-243,k141_60069_25,764,65.5,5.4e-17,3.2,217,63.8,1.3e-19,1.8e-16,3.2,workflow/out/asr_HMMER/domtbl/Capsule_4_asr_B.domtblout
k141_108181_13/29-255,k141_108181_13,262,65.4,5.7e-17,0.9,227,63.8,1.3e-19,1.8e-16,0.9,workflow/out/asr_HMMER/domtbl/Capsule_4_asr_B.domtblout
k141_217269_4/31-250,k141_217269_4,257,65.3,6.4e-17,4.0,220,62.2,4e-19,5.7e-16,4.0,workflow/out/asr_HMMER/domtbl/Capsule_4_asr_B.domtblout
k141_91071_2/27-243,k141_91071_2,282,65.1,7e-17,1.9,217,64.7,6.6e-20,9.3e-17,1.9,workflow/out/asr_HMMER/domtbl/Capsule_4_asr_B.domtblout
k141_149879_52/25-244,k141_149879_52,281,65.1,7.2e-17,1.0,220,64.7,6.9e-20,9.7e-17,1.0,workflow/out/asr_HMMER/domtbl/Capsule_4_asr_B.domtblout
k141_134545_2/21-251,k141_134545_2,259,65.1,7.3e-17,0.0,231,64.8,6.6e-20,9.2e-17,0.0,workflow/out/asr_HMMER/domtbl/Capsule_4_asr_B.domtblout
k141_167094_18/29-254,k141_167094_18,261,65.1,7.4e-17,0.9,226,64.1,1e-19,1.5e-16,0.9,workflow/out/asr_HMMER/domtbl/Capsule_4_asr_B.domtblout
k141_131618_30/33-253,k141_131618_30,259,64.5,1.1e-16,0.0,221,64.1,1e-19,1.4e-16,0.0,workflow/out/asr_HMMER/domtbl/Capsule_4_asr_B.domtblout
k141_70477_47/31-254,k141_70477_47,261,64.2,1.3e-16,0.6,224,62.6,3e-19,4.3e-16,0.6,workflow/out/asr_HMMER/domtbl/Capsule_4_asr_B.domtblout
k141_163014_3/26-243,k141_163014_3,767,64.1,1.4e-16,3.4,218,62.7,2.8e-19,4e-16,3.4,workflow/out/asr_HMMER/domtbl/Capsule_4_asr_B.domtblout
k141_112864_2/31-246,k141_112864_2,253,64.0,1.6e-16,4.4,216,63.3,1.8e-19,2.6e-16,4.4,workflow/out/asr_HMMER/domtbl/Capsule_4_asr_B.domtblout
k141_132628_27/34-253,k141_132628_27,259,63.9,1.7e-16,0.0,220,63.5,1.6e-19,2.3e-16,0.0,workflow/out/asr_HMMER/domtbl/Capsule_4_asr_B.domtblout
k141_101321_2/37-248,k141_101321_2,257,63.6,2.1e-16,1.5,212,62.0,4.6e-19,6.4e-16,1.5,workflow/out/asr_HMMER/domtbl/Capsule_4_asr_B.domtblout
k141_186227_20/34-254,k141_186227_20,261,63.4,2.4e-16,0.2,221,62.2,4e-19,5.6e-16,0.2,workflow/out/asr_HMMER/domtbl/Capsule_4_asr_B.domtblout
k141_78410_2/26-244,k141_78410_2,281,63.3,2.6e-16,1.0,219,62.9,2.4e-19,3.4e-16,1.0,workflow/out/asr_HMMER/domtbl/Capsule_4_asr_B.domtblout
k141_56761_2/33-254,k141_56761_2,261,63.1,3e-16,0.1,222,61.3,7.6e-19,1.1e-15,0.1,workflow/out/asr_HMMER/domtbl/Capsule_4_asr_B.domtblout
k141_122551_103/28-243,k141_122551_103,266,62.6,4.3e-16,2.5,216,62.2,4.1e-19,5.7e-16,2.5,workflow/out/asr_HMMER/domtbl/Capsule_4_asr_B.domtblout
k141_16789_89/124-340,k141_16789_89,346,62.4,5e-16,0.2,217,61.8,5.1e-19,7.3e-16,0.2,workflow/out/asr_HMMER/domtbl/Capsule_4_asr_B.domtblout
k141_185086_2/15-124,k141_185086_2,231,62.2,5.5e-16,8.7,110,43.6,1.8e-13,2.6e-10,0.4,workflow/out/asr_HMMER/domtbl/Capsule_4_asr_B.domtblout
k141_185086_2/152-221,k141_185086_2,231,62.2,5.5e-16,8.7,70,22.0,7.2e-07,0.001,3.3,workflow/out/asr_HMMER/domtbl/Capsule_4_asr_B.domtblout
k141_168986_8/38-258,k141_168986_8,265,62.2,5.6e-16,0.2,221,61.0,9.2e-19,1.3e-15,0.2,workflow/out/asr_HMMER/domtbl/Capsule_4_asr_B.domtblout
k141_36435_24/26-245,k141_36435_24,278,62.2,5.7e-16,1.6,220,61.8,5.4e-19,7.6e-16,1.6,workflow/out/asr_HMMER/domtbl/Capsule_4_asr_B.domtblout
k141_88344_5/34-253,k141_88344_5,259,62.0,6.5e-16,0.0,220,61.6,6e-19,8.4e-16,0.0,workflow/out/asr_HMMER/domtbl/Capsule_4_asr_B.domtblout
k141_2440_14/55-251,k141_2440_14,257,61.9,6.6e-16,1.7,197,61.1,8.7e-19,1.2e-15,1.7,workflow/out/asr_HMMER/domtbl/Capsule_4_asr_B.domtblout
k141_161257_1/32-248,k141_161257_1,256,61.9,6.7e-16,3.2,217,60.4,1.4e-18,2e-15,3.2,workflow/out/asr_HMMER/domtbl/Capsule_4_asr_B.domtblout
k141_143524_87/31-247,k141_143524_87,254,61.4,9.7e-16,2.4,217,60.1,1.7e-18,2.5e-15,2.4,workflow/out/asr_HMMER/domtbl/Capsule_4_asr_B.domtblout
k141_38953_30/31-255,k141_38953_30,262,61.4,1e-15,1.6,225,60.3,1.5e-18,2.1e-15,1.6,workflow/out/asr_HMMER/domtbl/Capsule_4_asr_B.domtblout
k141_75475_9/30-247,k141_75475_9,255,60.8,1.5e-15,0.4,218,59.8,2.1e-18,2.9e-15,0.4,workflow/out/asr_HMMER/domtbl/Capsule_4_asr_B.domtblout
k141_84532_18/27-244,k141_84532_18,281,60.5,1.9e-15,1.9,218,60.1,1.7e-18,2.5e-15,1.9,workflow/out/asr_HMMER/domtbl/Capsule_4_asr_B.domtblout
k141_134082_2/34-253,k141_134082_2,259,60.0,2.6e-15,0.0,220,59.6,2.5e-18,3.5e-15,0.0,workflow/out/asr_HMMER/domtbl/Capsule_4_asr_B.domtblout
k141_81741_2/31-258,k141_81741_2,265,59.8,3e-15,0.1,228,59.0,3.8e-18,5.4e-15,0.1,workflow/out/asr_HMMER/domtbl/Capsule_4_asr_B.domtblout
k141_119941_25/32-254,k141_119941_25,261,59.8,3.1e-15,0.7,223,58.2,6.6e-18,9.3e-15,0.7,workflow/out/asr_HMMER/domtbl/Capsule_4_asr_B.domtblout
k141_26658_301/32-258,k141_26658_301,265,59.4,4e-15,0.0,227,58.1,7.1e-18,1e-14,0.0,workflow/out/asr_HMMER/domtbl/Capsule_4_asr_B.domtblout
k141_103862_1/28-243,k141_103862_1,305,58.9,5.8e-15,1.2,216,58.4,5.8e-18,8.2e-15,1.2,workflow/out/asr_HMMER/domtbl/Capsule_4_asr_B.domtblout
k141_40586_23/33-272,k141_40586_23,279,58.5,7.4e-15,0.9,240,56.8,1.7e-17,2.4e-14,0.9,workflow/out/asr_HMMER/domtbl/Capsule_4_asr_B.domtblout
k141_56725_14/35-253,k141_56725_14,259,58.1,9.9e-15,0.1,219,57.6,1e-17,1.4e-14,0.1,workflow/out/asr_HMMER/domtbl/Capsule_4_asr_B.domtblout
k141_177045_7/26-244,k141_177045_7,281,57.9,1.1e-14,3.6,219,57.5,1e-17,1.5e-14,3.6,workflow/out/asr_HMMER/domtbl/Capsule_4_asr_B.domtblout
k141_176167_8/30-254,k141_176167_8,262,57.9,1.2e-14,0.1,225,56.8,1.7e-17,2.5e-14,0.1,workflow/out/asr_HMMER/domtbl/Capsule_4_asr_B.domtblout
k141_36749_4/14-111,k141_36749_4,238,57.7,1.3e-14,7.4,98,37.1,1.8e-11,2.6e-08,0.0,workflow/out/asr_HMMER/domtbl/Capsule_4_asr_B.domtblout
k141_36749_4/147-228,k141_36749_4,238,57.7,1.3e-14,7.4,82,21.8,8.3e-07,0.0012,4.4,workflow/out/asr_HMMER/domtbl/Capsule_4_asr_B.domtblout
k141_122972_13/35-231,k141_122972_13,237,57.6,1.5e-14,3.5,197,56.3,2.4e-17,3.4e-14,3.5,workflow/out/asr_HMMER/domtbl/Capsule_4_asr_B.domtblout
k141_68766_33/33-248,k141_68766_33,256,57.1,1.9e-14,4.6,216,55.4,4.8e-17,6.8e-14,4.6,workflow/out/asr_HMMER/domtbl/Capsule_4_asr_B.domtblout
k141_13482_2/26-244,k141_13482_2,281,56.6,2.8e-14,3.4,219,56.2,2.7e-17,3.7e-14,3.4,workflow/out/asr_HMMER/domtbl/Capsule_4_asr_B.domtblout
k141_17845_25/27-244,k141_17845_25,274,55.9,4.7e-14,2.2,218,55.5,4.4e-17,6.1e-14,2.2,workflow/out/asr_HMMER/domtbl/Capsule_4_asr_B.domtblout
k141_144230_5/37-259,k141_144230_5,264,55.4,6.6e-14,0.0,223,55.0,6.2e-17,8.7e-14,0.0,workflow/out/asr_HMMER/domtbl/Capsule_4_asr_B.domtblout
k141_77282_3/33-135,k141_77282_3,261,55.3,7.1e-14,1.1,103,28.3,8.8e-09,1.2e-05,0.0,workflow/out/asr_HMMER/domtbl/Capsule_4_asr_B.domtblout
k141_77282_3/193-254,k141_77282_3,261,55.3,7.1e-14,1.1,62,24.7,1.1e-07,0.00015,1.5,workflow/out/asr_HMMER/domtbl/Capsule_4_asr_B.domtblout
k141_59825_4/44-262,k141_59825_4,292,55.2,7.4e-14,3.6,219,54.9,6.6e-17,9.3e-14,3.6,workflow/out/asr_HMMER/domtbl/Capsule_4_asr_B.domtblout
k141_95472_297/249-415,k141_95472_297,421,54.8,1e-13,0.6,167,53.5,1.7e-16,2.4e-13,0.0,workflow/out/asr_HMMER/domtbl/Capsule_4_asr_B.domtblout
k141_95472_788/249-415,k141_95472_788,421,54.8,1e-13,0.6,167,53.5,1.7e-16,2.4e-13,0.0,workflow/out/asr_HMMER/domtbl/Capsule_4_asr_B.domtblout
k141_59467_19/129-330,k141_59467_19,335,54.0,1.8e-13,1.4,202,53.9,1.4e-16,1.9e-13,0.0,workflow/out/asr_HMMER/domtbl/Capsule_4_asr_B.domtblout
k141_167543_8/34-254,k141_167543_8,260,53.4,2.7e-13,2.9,221,52.7,3.2e-16,4.5e-13,2.9,workflow/out/asr_HMMER/domtbl/Capsule_4_asr_B.domtblout
k141_187354_11/249-415,k141_187354_11,421,52.8,4e-13,1.2,167,52.0,5.1e-16,7.2e-13,0.0,workflow/out/asr_HMMER/domtbl/Capsule_4_asr_B.domtblout
k141_99812_68/250-415,k141_99812_68,423,52.6,4.7e-13,0.3,166,50.7,1.3e-15,1.8e-12,0.0,workflow/out/asr_HMMER/domtbl/Capsule_4_asr_B.domtblout
k141_147490_316/96-316,k141_147490_316,325,52.2,6.4e-13,0.1,221,51.5,7.1e-16,1e-12,0.1,workflow/out/asr_HMMER/domtbl/Capsule_4_asr_B.domtblout
k141_150374_9/30-241,k141_150374_9,251,52.1,6.5e-13,7.1,212,49.7,2.6e-15,3.6e-12,7.1,workflow/out/asr_HMMER/domtbl/Capsule_4_asr_B.domtblout
k141_200938_2/27-244,k141_200938_2,281,52.1,6.6e-13,4.1,218,51.7,6.2e-16,8.7e-13,4.1,workflow/out/asr_HMMER/domtbl/Capsule_4_asr_B.domtblout
k141_25029_288/258-421,k141_25029_288,429,49.8,3.3e-12,0.3,164,47.1,1.6e-14,2.3e-11,0.0,workflow/out/asr_HMMER/domtbl/Capsule_4_asr_B.domtblout
k141_70494_4/30-241,k141_70494_4,251,49.7,3.6e-12,7.6,212,47.1,1.6e-14,2.3e-11,7.6,workflow/out/asr_HMMER/domtbl/Capsule_4_asr_B.domtblout
k141_209356_2/26-244,k141_209356_2,283,49.5,4.2e-12,1.1,219,49.1,4e-15,5.6e-12,1.1,workflow/out/asr_HMMER/domtbl/Capsule_4_asr_B.domtblout
k141_166105_12/26-244,k141_166105_12,283,49.2,5.2e-12,1.1,219,48.8,4.9e-15,6.9e-12,1.1,workflow/out/asr_HMMER/domtbl/Capsule_4_asr_B.domtblout
k141_183038_29/252-416,k141_183038_29,423,48.9,6.5e-12,1.5,165,48.3,6.8e-15,9.6e-12,0.0,workflow/out/asr_HMMER/domtbl/Capsule_4_asr_B.domtblout
k141_123127_78/252-416,k141_123127_78,423,48.8,6.6e-12,0.5,165,47.2,1.5e-14,2.1e-11,0.0,workflow/out/asr_HMMER/domtbl/Capsule_4_asr_B.domtblout
k141_175056_11/254-418,k141_175056_11,425,48.4,9.2e-12,0.5,165,46.9,1.8e-14,2.5e-11,0.0,workflow/out/asr_HMMER/domtbl/Capsule_4_asr_B.domtblout
k141_68288_12/254-416,k141_68288_12,423,48.0,1.2e-11,0.0,163,48.0,8.2e-15,1.2e-11,0.0,workflow/out/asr_HMMER/domtbl/Capsule_4_asr_B.domtblout
k141_81784_55/252-416,k141_81784_55,423,47.9,1.3e-11,0.0,165,47.1,1.6e-14,2.2e-11,0.0,workflow/out/asr_HMMER/domtbl/Capsule_4_asr_B.domtblout
k141_142111_195/253-417,k141_142111_195,424,47.9,1.3e-11,0.1,165,46.3,2.9e-14,4.1e-11,0.0,workflow/out/asr_HMMER/domtbl/Capsule_4_asr_B.domtblout
k141_186570_20/254-418,k141_186570_20,425,47.9,1.3e-11,0.5,165,46.5,2.5e-14,3.5e-11,0.0,workflow/out/asr_HMMER/domtbl/Capsule_4_asr_B.domtblout
k141_35033_3/254-418,k141_35033_3,425,47.7,1.5e-11,1.1,165,46.9,1.8e-14,2.5e-11,0.0,workflow/out/asr_HMMER/domtbl/Capsule_4_asr_B.domtblout
k141_98601_2/29-128,k141_98601_2,257,45.6,6.6e-11,0.1,100,29.6,3.5e-09,4.9e-06,0.0,workflow/out/asr_HMMER/domtbl/Capsule_4_asr_B.domtblout
k141_98601_2/184-248,k141_98601_2,257,45.6,6.6e-11,0.1,65,14.1,0.00019,0.26,0.1,workflow/out/asr_HMMER/domtbl/Capsule_4_asr_B.domtblout
k141_23152_2/9-236,k141_23152_2,335,45.5,6.8e-11,0.0,228,43.9,1.5e-13,2.1e-10,0.0,workflow/out/asr_HMMER/domtbl/Capsule_4_asr_B.domtblout
k141_69788_3/243-404,k141_69788_3,409,44.4,1.5e-10,0.1,162,42.5,4.2e-13,5.9e-10,0.0,workflow/out/asr_HMMER/domtbl/Capsule_4_asr_B.domtblout
k141_192240_1/21-137,k141_192240_1,176,42.3,6.4e-10,0.4,117,41.9,6e-13,8.4e-10,0.4,workflow/out/asr_HMMER/domtbl/Capsule_4_asr_B.domtblout
k141_6515_13/26-148,k141_6515_13,150,42.2,7e-10,0.0,123,42.1,5.4e-13,7.7e-10,0.0,workflow/out/asr_HMMER/domtbl/Capsule_4_asr_B.domtblout
k141_204967_73/8-218,k141_204967_73,323,41.0,1.6e-09,0.7,211,40.1,2.2e-12,3.1e-09,0.0,workflow/out/asr_HMMER/domtbl/Capsule_4_asr_B.domtblout
k141_68663_4/32-264,k141_68663_4,270,40.9,1.7e-09,0.0,233,39.9,2.4e-12,3.4e-09,0.0,workflow/out/asr_HMMER/domtbl/Capsule_4_asr_B.domtblout
k141_194407_26/60-237,k141_194407_26,272,38.8,7.4e-09,0.0,178,37.5,1.3e-11,1.9e-08,0.0,workflow/out/asr_HMMER/domtbl/Capsule_4_asr_B.domtblout
k141_176632_6/65-295,k141_176632_6,299,38.6,9e-09,0.0,231,37.5,1.4e-11,2e-08,0.0,workflow/out/asr_HMMER/domtbl/Capsule_4_asr_B.domtblout
k141_75852_1/32-141,k141_75852_1,272,37.4,2.1e-08,0.0,110,37.0,1.9e-11,2.7e-08,0.0,workflow/out/asr_HMMER/domtbl/Capsule_4_asr_B.domtblout
k141_147490_265/9-218,k141_147490_265,323,36.7,3.3e-08,0.3,210,35.2,6.7e-11,9.4e-08,0.0,workflow/out/asr_HMMER/domtbl/Capsule_4_asr_B.domtblout
k141_106839_2/279-511,k141_106839_2,517,33.0,4.4e-07,0.0,233,32.1,6.1e-10,8.6e-07,0.0,workflow/out/asr_HMMER/domtbl/Capsule_4_asr_B.domtblout
k141_19952_1/27-121,k141_19952_1,122,32.7,5.8e-07,0.0,95,32.5,4.5e-10,6.3e-07,0.0,workflow/out/asr_HMMER/domtbl/Capsule_4_asr_B.domtblout
k141_192040_2/6-93,k141_192040_2,138,31.1,1.7e-06,1.2,88,30.8,1.5e-09,2.1e-06,1.2,workflow/out/asr_HMMER/domtbl/Capsule_4_asr_B.domtblout
k141_161792_1/6-93,k141_161792_1,138,30.1,3.4e-06,1.1,88,29.8,2.9e-09,4.1e-06,1.1,workflow/out/asr_HMMER/domtbl/Capsule_4_asr_B.domtblout
k141_183519_3/8-143,k141_183519_3,150,30.0,3.7e-06,1.7,136,28.5,7.7e-09,1.1e-05,1.7,workflow/out/asr_HMMER/domtbl/Capsule_4_asr_B.domtblout
k141_180757_7/35-242,k141_180757_7,353,24.6,0.00017,0.0,208,24.1,1.7e-07,0.00024,0.0,workflow/out/asr_HMMER/domtbl/Capsule_4_asr_B.domtblout
k141_141561_38/225-386,k141_141561_38,397,22.2,0.0009,0.0,162,21.6,9.9e-07,0.0014,0.0,workflow/out/asr_HMMER/domtbl/Capsule_4_asr_B.domtblout
k141_153524_8/6-213,k141_153524_8,234,21.9,0.0011,0.0,208,21.6,9.7e-07,0.0014,0.0,workflow/out/asr_HMMER/domtbl/Capsule_4_asr_B.domtblout
k141_11057_1/9-81,k141_11057_1,89,21.8,0.0012,4.7,73,20.6,2e-06,0.0028,4.7,workflow/out/asr_HMMER/domtbl/Capsule_4_asr_B.domtblout
k141_153737_46/7-184,k141_153737_46,234,21.4,0.0016,0.0,178,21.1,1.4e-06,0.0019,0.0,workflow/out/asr_HMMER/domtbl/Capsule_4_asr_B.domtblout
k141_174397_79/7-184,k141_174397_79,234,21.1,0.002,0.0,178,20.8,1.7e-06,0.0024,0.0,workflow/out/asr_HMMER/domtbl/Capsule_4_asr_B.domtblout
k141_191750_2/224-386,k141_191750_2,397,20.2,0.0035,0.0,163,19.0,5.9e-06,0.0084,0.0,workflow/out/asr_HMMER/domtbl/Capsule_4_asr_B.domtblout
k141_113627_9/104-241,k141_113627_9,357,19.7,0.0052,0.0,138,18.9,6.2e-06,0.0088,0.0,workflow/out/asr_HMMER/domtbl/Capsule_4_asr_B.domtblout
k141_3836_2/4-264,k141_3836_2,265,450.4,1.4e-134,0.1,261,450.2,1e-137,1.6e-134,0.1,workflow/out/asr_HMMER/domtbl/Stool_15_asr_B.domtblout
k141_44398_13/4-264,k141_44398_13,265,436.3,2.7e-130,0.2,261,436.2,1.9e-133,3.1e-130,0.2,workflow/out/asr_HMMER/domtbl/Stool_15_asr_B.domtblout
k141_63702_3/3-262,k141_63702_3,263,433.1,2.7e-129,0.5,260,432.9,1.9e-132,3e-129,0.5,workflow/out/asr_HMMER/domtbl/Stool_15_asr_B.domtblout
k141_54146_12/5-264,k141_54146_12,265,422.0,6.4e-126,0.1,260,421.9,4.6e-129,7.2e-126,0.1,workflow/out/asr_HMMER/domtbl/Stool_15_asr_B.domtblout
k141_24681_3/1-242,k141_24681_3,243,401.0,1.6e-119,0.2,242,400.9,1.2e-122,1.8e-119,0.2,workflow/out/asr_HMMER/domtbl/Stool_15_asr_B.domtblout
k141_28382_16/8-266,k141_28382_16,267,334.4,3.4e-99,0.2,259,334.2,2.5e-102,3.8e-99,0.2,workflow/out/asr_HMMER/domtbl/Stool_15_asr_B.domtblout
k141_61003_7/4-263,k141_61003_7,264,331.5,2.7e-98,0.8,260,331.3,2e-101,3.1e-98,0.8,workflow/out/asr_HMMER/domtbl/Stool_15_asr_B.domtblout
k141_67659_2/4-263,k141_67659_2,264,328.6,2e-97,0.1,260,328.4,1.5e-100,2.3e-97,0.1,workflow/out/asr_HMMER/domtbl/Stool_15_asr_B.domtblout
k141_51021_7/7-264,k141_51021_7,265,328.0,3e-97,0.5,258,327.8,2.2e-100,3.5e-97,0.5,workflow/out/asr_HMMER/domtbl/Stool_15_asr_B.domtblout
k141_74040_2/4-263,k141_74040_2,264,328.0,3.1e-97,0.4,260,327.8,2.2e-100,3.5e-97,0.4,workflow/out/asr_HMMER/domtbl/Stool_15_asr_B.domtblout
k141_25513_1/2-261,k141_25513_1,262,327.8,3.5e-97,0.2,260,327.7,2.5e-100,3.9e-97,0.2,workflow/out/asr_HMMER/domtbl/Stool_15_asr_B.domtblout
k141_29517_10/4-263,k141_29517_10,264,327.7,3.8e-97,0.5,260,327.5,2.7e-100,4.3e-97,0.5,workflow/out/asr_HMMER/domtbl/Stool_15_asr_B.domtblout
k141_26681_3/4-266,k141_26681_3,267,321.9,2.2e-95,0.0,263,321.7,1.6e-98,2.5e-95,0.0,workflow/out/asr_HMMER/domtbl/Stool_15_asr_B.domtblout
k141_36048_1/4-266,k141_36048_1,267,317.4,5.3e-94,0.0,263,317.2,3.8e-97,6e-94,0.0,workflow/out/asr_HMMER/domtbl/Stool_15_asr_B.domtblout
k141_75077_28/6-263,k141_75077_28,264,313.2,1e-92,0.0,258,313.1,7.2e-96,1.1e-92,0.0,workflow/out/asr_HMMER/domtbl/Stool_15_asr_B.domtblout
k141_1371_19/33-299,k141_1371_19,304,239.6,3e-70,0.0,267,239.4,2.2e-73,3.4e-70,0.0,workflow/out/asr_HMMER/domtbl/Stool_15_asr_B.domtblout
k141_54872_4/15-273,k141_54872_4,285,188.0,1.6e-54,0.2,259,187.7,1.3e-57,2e-54,0.2,workflow/out/asr_HMMER/domtbl/Stool_15_asr_B.domtblout
k141_55210_27/6-271,k141_55210_27,281,186.5,4.5e-54,0.0,266,186.3,3.4e-57,5.3e-54,0.0,workflow/out/asr_HMMER/domtbl/Stool_15_asr_B.domtblout
k141_52009_2/15-273,k141_52009_2,285,185.7,7.9e-54,0.3,259,185.5,6.1e-57,9.6e-54,0.3,workflow/out/asr_HMMER/domtbl/Stool_15_asr_B.domtblout
k141_17754_2/15-273,k141_17754_2,285,185.2,1.1e-53,0.1,259,184.9,8.8e-57,1.4e-53,0.1,workflow/out/asr_HMMER/domtbl/Stool_15_asr_B.domtblout
k141_4248_45/14-274,k141_4248_45,285,184.7,1.6e-53,0.1,261,184.5,1.2e-56,1.8e-53,0.1,workflow/out/asr_HMMER/domtbl/Stool_15_asr_B.domtblout
k141_35939_27/8-272,k141_35939_27,282,183.2,4.8e-53,0.0,265,182.8,3.8e-56,6e-53,0.0,workflow/out/asr_HMMER/domtbl/Stool_15_asr_B.domtblout
k141_65293_10/15-279,k141_65293_10,285,180.3,3.7e-52,0.3,265,179.8,3.3e-55,5.1e-52,0.3,workflow/out/asr_HMMER/domtbl/Stool_15_asr_B.domtblout
k141_54073_33/33-249,k141_54073_33,255,87.5,7.5e-24,0.7,217,87.1,6.2e-27,9.7e-24,0.7,workflow/out/asr_HMMER/domtbl/Stool_15_asr_B.domtblout
k141_68564_17/25-251,k141_68564_17,296,87.4,7.9e-24,2.9,227,86.7,8e-27,1.3e-23,2.9,workflow/out/asr_HMMER/domtbl/Stool_15_asr_B.domtblout
k141_38892_2/26-252,k141_38892_2,297,85.4,3.3e-23,3.6,227,85.4,2.1e-26,3.3e-23,3.6,workflow/out/asr_HMMER/domtbl/Stool_15_asr_B.domtblout
k141_30962_15/26-252,k141_30962_15,297,84.9,4.7e-23,2.4,227,84.9,3e-26,4.7e-23,2.4,workflow/out/asr_HMMER/domtbl/Stool_15_asr_B.domtblout
k141_409_5/25-252,k141_409_5,297,84.1,7.9e-23,1.8,228,84.1,5e-26,7.9e-23,1.8,workflow/out/asr_HMMER/domtbl/Stool_15_asr_B.domtblout
k141_19842_15/25-252,k141_19842_15,295,82.8,2e-22,3.0,228,82.4,1.7e-25,2.6e-22,3.0,workflow/out/asr_HMMER/domtbl/Stool_15_asr_B.domtblout
k141_58100_50/26-251,k141_58100_50,293,82.7,2.1e-22,2.1,226,82.4,1.7e-25,2.7e-22,2.1,workflow/out/asr_HMMER/domtbl/Stool_15_asr_B.domtblout
k141_55241_56/27-252,k141_55241_56,297,82.3,2.8e-22,3.0,226,81.9,2.4e-25,3.7e-22,3.0,workflow/out/asr_HMMER/domtbl/Stool_15_asr_B.domtblout
k141_32410_39/25-252,k141_32410_39,297,81.9,3.7e-22,2.7,228,81.5,3.2e-25,5.1e-22,2.7,workflow/out/asr_HMMER/domtbl/Stool_15_asr_B.domtblout
k141_22640_2/26-251,k141_22640_2,296,81.8,4.1e-22,2.1,226,81.8,2.6e-25,4.1e-22,2.1,workflow/out/asr_HMMER/domtbl/Stool_15_asr_B.domtblout
k141_70645_3/26-251,k141_70645_3,255,81.6,4.6e-22,0.9,226,81.1,4.2e-25,6.5e-22,0.9,workflow/out/asr_HMMER/domtbl/Stool_15_asr_B.domtblout
k141_38429_5/26-251,k141_38429_5,296,81.3,5.6e-22,2.5,226,81.3,3.6e-25,5.6e-22,2.5,workflow/out/asr_HMMER/domtbl/Stool_15_asr_B.domtblout
k141_19837_72/25-251,k141_19837_72,293,80.9,7.6e-22,3.1,227,80.6,6.1e-25,9.6e-22,3.1,workflow/out/asr_HMMER/domtbl/Stool_15_asr_B.domtblout
k141_12298_127/26-251,k141_12298_127,296,79.2,2.6e-21,3.0,226,79.2,1.7e-24,2.6e-21,3.0,workflow/out/asr_HMMER/domtbl/Stool_15_asr_B.domtblout
k141_47436_1/25-251,k141_47436_1,296,76.6,1.5e-20,2.2,227,76.3,1.2e-23,1.9e-20,2.2,workflow/out/asr_HMMER/domtbl/Stool_15_asr_B.domtblout
k141_46540_142/33-244,k141_46540_142,253,76.5,1.6e-20,0.1,212,76.2,1.3e-23,2.1e-20,0.1,workflow/out/asr_HMMER/domtbl/Stool_15_asr_B.domtblout
k141_62095_28/27-252,k141_62095_28,297,75.6,3.2e-20,3.0,226,75.1,2.9e-23,4.5e-20,3.0,workflow/out/asr_HMMER/domtbl/Stool_15_asr_B.domtblout
k141_18255_7/26-244,k141_18255_7,281,75.1,4.4e-20,3.3,219,74.7,3.6e-23,5.7e-20,3.3,workflow/out/asr_HMMER/domtbl/Stool_15_asr_B.domtblout
k141_72142_2/9-228,k141_72142_2,278,74.6,6.5e-20,0.1,220,74.1,5.7e-23,8.9e-20,0.1,workflow/out/asr_HMMER/domtbl/Stool_15_asr_B.domtblout
k141_35868_13/26-252,k141_35868_13,297,73.9,1e-19,2.6,227,73.2,1.1e-22,1.7e-19,2.6,workflow/out/asr_HMMER/domtbl/Stool_15_asr_B.domtblout
k141_45356_2/27-252,k141_45356_2,297,73.5,1.4e-19,2.4,226,73.0,1.2e-22,1.9e-19,2.4,workflow/out/asr_HMMER/domtbl/Stool_15_asr_B.domtblout
k141_72749_3/23-243,k141_72749_3,249,72.6,2.6e-19,0.5,221,72.0,2.5e-22,3.9e-19,0.5,workflow/out/asr_HMMER/domtbl/Stool_15_asr_B.domtblout
k141_32314_7/27-252,k141_32314_7,297,72.3,3.3e-19,2.3,226,71.8,2.9e-22,4.5e-19,2.3,workflow/out/asr_HMMER/domtbl/Stool_15_asr_B.domtblout
k141_46033_2/35-262,k141_46033_2,269,72.1,3.7e-19,0.1,228,71.8,3e-22,4.7e-19,0.1,workflow/out/asr_HMMER/domtbl/Stool_15_asr_B.domtblout
k141_42349_59/27-251,k141_42349_59,296,71.8,4.5e-19,1.8,225,71.1,4.6e-22,7.2e-19,1.8,workflow/out/asr_HMMER/domtbl/Stool_15_asr_B.domtblout
k141_74528_1/27-235,k141_74528_1,240,71.1,7.5e-19,2.0,209,70.8,6e-22,9.5e-19,2.0,workflow/out/asr_HMMER/domtbl/Stool_15_asr_B.domtblout
k141_46891_10/32-256,k141_46891_10,263,70.8,8.9e-19,0.6,225,69.1,1.9e-21,3e-18,0.6,workflow/out/asr_HMMER/domtbl/Stool_15_asr_B.domtblout
k141_29501_16/31-256,k141_29501_16,261,69.8,1.8e-18,0.1,226,68.5,3e-21,4.7e-18,0.1,workflow/out/asr_HMMER/domtbl/Stool_15_asr_B.domtblout
k141_65362_14/27-250,k141_65362_14,257,69.3,2.6e-18,0.5,224,67.8,4.8e-21,7.6e-18,0.5,workflow/out/asr_HMMER/domtbl/Stool_15_asr_B.domtblout
k141_72651_105/27-252,k141_72651_105,297,68.8,3.7e-18,1.5,226,68.3,3.3e-21,5.3e-18,1.5,workflow/out/asr_HMMER/domtbl/Stool_15_asr_B.domtblout
k141_67608_5/59-277,k141_67608_5,314,67.5,9.3e-18,3.7,219,67.0,8.3e-21,1.3e-17,3.3,workflow/out/asr_HMMER/domtbl/Stool_15_asr_B.domtblout
k141_69485_9/33-258,k141_69485_9,265,67.1,1.2e-17,0.8,226,66.1,1.6e-20,2.5e-17,0.8,workflow/out/asr_HMMER/domtbl/Stool_15_asr_B.domtblout
k141_308_9/34-253,k141_308_9,259,66.5,1.8e-17,0.0,220,66.1,1.6e-20,2.5e-17,0.0,workflow/out/asr_HMMER/domtbl/Stool_15_asr_B.domtblout
k141_31189_6/29-252,k141_31189_6,259,66.1,2.5e-17,0.2,224,64.9,3.8e-20,6e-17,0.2,workflow/out/asr_HMMER/domtbl/Stool_15_asr_B.domtblout
k141_15378_9/38-258,k141_15378_9,265,66.1,2.5e-17,0.9,221,64.7,4.2e-20,6.5e-17,0.9,workflow/out/asr_HMMER/domtbl/Stool_15_asr_B.domtblout
k141_47518_21/29-255,k141_47518_21,262,65.4,4e-17,0.9,227,63.8,7.9e-20,1.2e-16,0.9,workflow/out/asr_HMMER/domtbl/Stool_15_asr_B.domtblout
k141_50155_11/26-244,k141_50155_11,283,64.6,7.1e-17,1.1,219,64.1,6.6e-20,1e-16,1.1,workflow/out/asr_HMMER/domtbl/Stool_15_asr_B.domtblout
k141_43184_31/33-253,k141_43184_31,259,64.5,7.6e-17,0.0,221,64.1,6.3e-20,9.9e-17,0.0,workflow/out/asr_HMMER/domtbl/Stool_15_asr_B.domtblout
k141_515_1/56-274,k141_515_1,280,64.4,8.1e-17,0.0,219,63.9,7.5e-20,1.2e-16,0.0,workflow/out/asr_HMMER/domtbl/Stool_15_asr_B.domtblout
k141_34847_11/31-254,k141_34847_11,261,64.2,9.2e-17,0.6,224,62.6,1.9e-19,3e-16,0.6,workflow/out/asr_HMMER/domtbl/Stool_15_asr_B.domtblout
k141_15565_3/32-248,k141_15565_3,256,64.2,9.6e-17,0.1,217,63.8,8.3e-20,1.3e-16,0.1,workflow/out/asr_HMMER/domtbl/Stool_15_asr_B.domtblout
k141_58001_36/27-243,k141_58001_36,764,63.8,1.3e-16,3.2,217,63.8,8.2e-20,1.3e-16,3.2,workflow/out/asr_HMMER/domtbl/Stool_15_asr_B.domtblout
k141_4351_16/33-258,k141_4351_16,265,63.7,1.4e-16,1.2,226,62.5,2e-19,3.1e-16,1.2,workflow/out/asr_HMMER/domtbl/Stool_15_asr_B.domtblout
k141_54195_6/33-244,k141_54195_6,253,63.5,1.6e-16,3.3,212,62.0,2.8e-19,4.4e-16,3.2,workflow/out/asr_HMMER/domtbl/Stool_15_asr_B.domtblout
k141_8817_26/26-245,k141_8817_26,278,63.2,1.9e-16,0.8,220,62.8,1.6e-19,2.5e-16,0.8,workflow/out/asr_HMMER/domtbl/Stool_15_asr_B.domtblout
k141_72683_27/31-254,k141_72683_27,261,63.0,2.2e-16,0.4,224,61.5,4.1e-19,6.4e-16,0.4,workflow/out/asr_HMMER/domtbl/Stool_15_asr_B.domtblout
k141_21914_1/33-249,k141_21914_1,256,62.4,3.3e-16,3.5,217,60.8,6.6e-19,1e-15,3.5,workflow/out/asr_HMMER/domtbl/Stool_15_asr_B.domtblout
k141_65813_2/32-248,k141_65813_2,256,62.0,4.3e-16,0.1,217,61.6,3.7e-19,5.8e-16,0.1,workflow/out/asr_HMMER/domtbl/Stool_15_asr_B.domtblout
k141_4250_1/31-255,k141_4250_1,262,62.0,4.4e-16,1.7,225,60.9,6e-19,9.3e-16,1.7,workflow/out/asr_HMMER/domtbl/Stool_15_asr_B.domtblout
k141_72116_35/26-245,k141_72116_35,287,61.6,6e-16,0.6,220,61.0,5.5e-19,8.7e-16,0.6,workflow/out/asr_HMMER/domtbl/Stool_15_asr_B.domtblout
k141_75424_83/30-254,k141_75424_83,262,61.1,8.4e-16,0.1,225,59.4,1.8e-18,2.8e-15,0.1,workflow/out/asr_HMMER/domtbl/Stool_15_asr_B.domtblout
k141_19509_77/30-247,k141_19509_77,255,60.8,1e-15,0.4,218,59.8,1.3e-18,2e-15,0.4,workflow/out/asr_HMMER/domtbl/Stool_15_asr_B.domtblout
k141_63108_10/32-254,k141_63108_10,262,60.8,1e-15,0.1,223,59.5,1.7e-18,2.7e-15,0.1,workflow/out/asr_HMMER/domtbl/Stool_15_asr_B.domtblout
k141_64142_32/26-252,k141_64142_32,297,60.1,1.7e-15,2.3,227,60.1,1.1e-18,1.7e-15,2.3,workflow/out/asr_HMMER/domtbl/Stool_15_asr_B.domtblout
k141_18720_36/27-242,k141_18720_36,248,60.0,1.8e-15,3.4,216,58.6,3.2e-18,5e-15,3.4,workflow/out/asr_HMMER/domtbl/Stool_15_asr_B.domtblout
k141_13287_2/12-228,k141_13287_2,238,60.0,1.8e-15,9.1,217,52.6,2.1e-16,3.3e-13,9.1,workflow/out/asr_HMMER/domtbl/Stool_15_asr_B.domtblout
k141_23620_8/34-253,k141_23620_8,259,60.0,1.8e-15,0.0,220,59.6,1.5e-18,2.4e-15,0.0,workflow/out/asr_HMMER/domtbl/Stool_15_asr_B.domtblout
k141_29370_17/40-264,k141_29370_17,273,59.9,2e-15,0.1,225,58.4,3.5e-18,5.5e-15,0.1,workflow/out/asr_HMMER/domtbl/Stool_15_asr_B.domtblout
k141_20814_2/32-258,k141_20814_2,265,59.6,2.4e-15,0.0,227,58.2,4.2e-18,6.5e-15,0.0,workflow/out/asr_HMMER/domtbl/Stool_15_asr_B.domtblout
k141_43062_159/33-272,k141_43062_159,279,59.6,2.4e-15,0.9,240,58.0,4.8e-18,7.5e-15,0.9,workflow/out/asr_HMMER/domtbl/Stool_15_asr_B.domtblout
k141_27219_6/37-261,k141_27219_6,268,59.5,2.7e-15,0.9,225,59.0,2.4e-18,3.7e-15,0.9,workflow/out/asr_HMMER/domtbl/Stool_15_asr_B.domtblout
k141_51841_2/32-248,k141_51841_2,256,59.4,2.7e-15,0.1,217,59.0,2.4e-18,3.7e-15,0.1,workflow/out/asr_HMMER/domtbl/Stool_15_asr_B.domtblout
k141_8824_15/33-249,k141_8824_15,278,58.4,5.4e-15,0.0,217,57.6,6e-18,9.5e-15,0.0,workflow/out/asr_HMMER/domtbl/Stool_15_asr_B.domtblout
k141_65015_31/35-253,k141_65015_31,259,58.1,6.9e-15,0.1,219,57.6,6.2e-18,9.8e-15,0.1,workflow/out/asr_HMMER/domtbl/Stool_15_asr_B.domtblout
k141_31345_3/26-244,k141_31345_3,283,57.8,8.7e-15,2.3,219,57.7,5.7e-18,8.9e-15,1.3,workflow/out/asr_HMMER/domtbl/Stool_15_asr_B.domtblout
k141_34500_10/34-254,k141_34500_10,260,57.1,1.4e-14,0.5,221,56.6,1.3e-17,2e-14,0.5,workflow/out/asr_HMMER/domtbl/Stool_15_asr_B.domtblout
k141_37865_51/31-256,k141_37865_51,264,55.5,4.2e-14,0.5,226,53.7,9.7e-17,1.5e-13,0.5,workflow/out/asr_HMMER/domtbl/Stool_15_asr_B.domtblout
k141_10227_18/29-247,k141_10227_18,255,53.9,1.3e-13,0.1,219,52.8,1.8e-16,2.8e-13,0.1,workflow/out/asr_HMMER/domtbl/Stool_15_asr_B.domtblout
k141_56357_50/29-274,k141_56357_50,280,53.6,1.7e-13,2.4,246,45.8,2.5e-14,4e-11,2.4,workflow/out/asr_HMMER/domtbl/Stool_15_asr_B.domtblout
k141_41025_2/33-258,k141_41025_2,265,53.3,2e-13,0.1,226,51.6,4.2e-16,6.5e-13,0.1,workflow/out/asr_HMMER/domtbl/Stool_15_asr_B.domtblout
k141_21791_5/250-415,k141_21791_5,423,52.6,3.3e-13,0.3,166,50.7,7.9e-16,1.2e-12,0.0,workflow/out/asr_HMMER/domtbl/Stool_15_asr_B.domtblout
k141_47253_1/10-197,k141_47253_1,236,51.6,6.6e-13,1.1,188,51.1,5.8e-16,9.1e-13,1.1,workflow/out/asr_HMMER/domtbl/Stool_15_asr_B.domtblout
k141_73727_5/243-418,k141_73727_5,425,50.5,1.4e-12,0.5,176,48.8,2.9e-15,4.6e-12,0.0,workflow/out/asr_HMMER/domtbl/Stool_15_asr_B.domtblout
k141_42527_2/3-168,k141_42527_2,174,49.8,2.4e-12,0.4,166,49.5,1.8e-15,2.9e-12,0.4,workflow/out/asr_HMMER/domtbl/Stool_15_asr_B.domtblout
k141_69251_3/9-243,k141_69251_3,252,49.0,4.2e-12,5.6,235,46.3,1.7e-14,2.6e-11,5.6,workflow/out/asr_HMMER/domtbl/Stool_15_asr_B.domtblout
k141_15280_1/252-416,k141_15280_1,423,48.9,4.5e-12,1.5,165,48.3,4.3e-15,6.7e-12,0.0,workflow/out/asr_HMMER/domtbl/Stool_15_asr_B.domtblout
k141_17737_21/254-418,k141_17737_21,425,48.4,6.4e-12,0.5,165,46.9,1.1e-14,1.7e-11,0.0,workflow/out/asr_HMMER/domtbl/Stool_15_asr_B.domtblout
k141_54177_5/246-407,k141_54177_5,412,48.1,8e-12,0.0,162,47.1,9.7e-15,1.5e-11,0.0,workflow/out/asr_HMMER/domtbl/Stool_15_asr_B.domtblout
k141_23390_296/253-417,k141_23390_296,424,47.9,9e-12,0.1,165,46.3,1.8e-14,2.8e-11,0.0,workflow/out/asr_HMMER/domtbl/Stool_15_asr_B.domtblout
k141_43130_112/254-418,k141_43130_112,425,47.6,1.1e-11,1.1,165,46.9,1.1e-14,1.7e-11,0.0,workflow/out/asr_HMMER/domtbl/Stool_15_asr_B.domtblout
k141_27482_4/30-128,k141_27482_4,306,47.1,1.6e-11,1.0,99,27.2,1.2e-08,1.9e-05,0.0,workflow/out/asr_HMMER/domtbl/Stool_15_asr_B.domtblout
k141_27482_4/212-298,k141_27482_4,306,47.1,1.6e-11,1.0,87,16.7,1.8e-05,0.029,1.4,workflow/out/asr_HMMER/domtbl/Stool_15_asr_B.domtblout
k141_22245_3/117-328,k141_22245_3,339,45.6,4.5e-11,0.0,212,43.1,1.7e-13,2.6e-10,0.0,workflow/out/asr_HMMER/domtbl/Stool_15_asr_B.domtblout
k141_26032_5/32-128,k141_26032_5,299,42.9,3e-10,0.5,97,26.2,2.3e-08,3.7e-05,0.0,workflow/out/asr_HMMER/domtbl/Stool_15_asr_B.domtblout
k141_26032_5/227-291,k141_26032_5,299,42.9,3e-10,0.5,65,13.8,0.00015,0.23,1.0,workflow/out/asr_HMMER/domtbl/Stool_15_asr_B.domtblout
k141_75248_40/8-218,k141_75248_40,323,41.8,6.6e-10,0.7,211,40.8,8.2e-13,1.3e-09,0.0,workflow/out/asr_HMMER/domtbl/Stool_15_asr_B.domtblout
k141_27915_8/32-264,k141_27915_8,270,40.8,1.4e-09,0.0,233,39.7,1.7e-12,2.7e-09,0.0,workflow/out/asr_HMMER/domtbl/Stool_15_asr_B.domtblout
k141_60271_8/9-218,k141_60271_8,323,36.8,2.2e-08,0.1,210,34.7,5.9e-11,9.3e-08,0.0,workflow/out/asr_HMMER/domtbl/Stool_15_asr_B.domtblout
k141_66051_6/7-186,k141_66051_6,234,23.1,0.00032,0.0,180,22.8,2.5e-07,0.00039,0.0,workflow/out/asr_HMMER/domtbl/Stool_15_asr_B.domtblout
k141_42822_27/7-184,k141_42822_27,234,21.4,0.0011,0.0,178,21.1,8.6e-07,0.0013,0.0,workflow/out/asr_HMMER/domtbl/Stool_15_asr_B.domtblout
k141_20706_2/224-386,k141_20706_2,397,20.2,0.0024,0.0,163,19.0,3.7e-06,0.0058,0.0,workflow/out/asr_HMMER/domtbl/Stool_15_asr_B.domtblout
k141_58320_6/224-386,k141_58320_6,397,20.0,0.0029,0.0,163,18.8,4.2e-06,0.0066,0.0,workflow/out/asr_HMMER/domtbl/Stool_15_asr_B.domtblout
k141_74141_23/104-241,k141_74141_23,357,19.7,0.0036,0.0,138,18.9,3.9e-06,0.0061,0.0,workflow/out/asr_HMMER/domtbl/Stool_15_asr_B.domtblout
k141_23025_3/3-263,k141_23025_3,264,434.9,5.3e-130,0.8,261,434.7,3.5e-133,6e-130,0.8,workflow/out/asr_HMMER/domtbl/Capsule_10_asr_B.domtblout
k141_641_2/3-262,k141_641_2,263,433.8,1.1e-129,0.4,260,433.7,7.3e-133,1.3e-129,0.4,workflow/out/asr_HMMER/domtbl/Capsule_10_asr_B.domtblout
k141_59970_12/4-263,k141_59970_12,264,334.7,1.9e-99,0.0,260,334.6,1.3e-102,2.2e-99,0.0,workflow/out/asr_HMMER/domtbl/Capsule_10_asr_B.domtblout
k141_55121_7/33-299,k141_55121_7,304,239.5,2.2e-70,0.0,267,239.3,1.4e-73,2.5e-70,0.0,workflow/out/asr_HMMER/domtbl/Capsule_10_asr_B.domtblout
k141_92922_5/15-276,k141_92922_5,285,188.4,8.7e-55,0.3,262,188.1,6.3e-58,1.1e-54,0.3,workflow/out/asr_HMMER/domtbl/Capsule_10_asr_B.domtblout
k141_79225_26/15-273,k141_79225_26,285,187.9,1.2e-54,0.2,259,187.6,8.7e-58,1.5e-54,0.2,workflow/out/asr_HMMER/domtbl/Capsule_10_asr_B.domtblout
k141_56873_26/15-274,k141_56873_26,286,185.6,6.1e-54,0.1,260,185.2,4.7e-57,8e-54,0.1,workflow/out/asr_HMMER/domtbl/Capsule_10_asr_B.domtblout
k141_59142_38/15-273,k141_59142_38,285,185.0,9.1e-54,0.1,259,184.7,6.5e-57,1.1e-53,0.1,workflow/out/asr_HMMER/domtbl/Capsule_10_asr_B.domtblout
k141_59397_1/12-232,k141_59397_1,239,97.3,5.4e-27,5.3,221,97.0,3.8e-30,6.6e-27,5.3,workflow/out/asr_HMMER/domtbl/Capsule_10_asr_B.domtblout
k141_27194_1/25-251,k141_27194_1,296,87.6,4.7e-24,2.8,227,87.0,4.4e-27,7.5e-24,2.8,workflow/out/asr_HMMER/domtbl/Capsule_10_asr_B.domtblout
k141_56980_45/33-249,k141_56980_45,255,87.5,5.2e-24,0.7,217,87.1,3.9e-27,6.8e-24,0.7,workflow/out/asr_HMMER/domtbl/Capsule_10_asr_B.domtblout
k141_21516_5/27-251,k141_21516_5,296,84.8,3.4e-23,1.5,225,84.4,2.6e-26,4.5e-23,1.5,workflow/out/asr_HMMER/domtbl/Capsule_10_asr_B.domtblout
k141_89653_2/26-251,k141_89653_2,296,83.4,8.9e-23,1.9,226,83.1,6.8e-26,1.2e-22,1.9,workflow/out/asr_HMMER/domtbl/Capsule_10_asr_B.domtblout
k141_100063_2/32-250,k141_100063_2,256,81.0,4.9e-22,0.5,219,80.7,3.6e-25,6.3e-22,0.5,workflow/out/asr_HMMER/domtbl/Capsule_10_asr_B.domtblout
k141_23088_2/3-251,k141_23088_2,296,78.4,3.1e-21,2.8,249,78.1,2.2e-24,3.8e-21,2.8,workflow/out/asr_HMMER/domtbl/Capsule_10_asr_B.domtblout
k141_69060_8/26-244,k141_69060_8,283,75.5,2.3e-20,0.1,219,75.1,1.8e-23,3.1e-20,0.1,workflow/out/asr_HMMER/domtbl/Capsule_10_asr_B.domtblout
k141_36425_5/18-133,k141_36425_5,233,73.2,1.2e-19,5.6,116,51.1,3.7e-16,6.4e-13,0.1,workflow/out/asr_HMMER/domtbl/Capsule_10_asr_B.domtblout
k141_36425_5/170-227,k141_36425_5,233,73.2,1.2e-19,5.6,58,23.3,1.1e-07,0.0002,2.5,workflow/out/asr_HMMER/domtbl/Capsule_10_asr_B.domtblout
k141_86648_66/26-251,k141_86648_66,296,73.1,1.2e-19,1.9,226,72.6,1e-22,1.7e-19,1.9,workflow/out/asr_HMMER/domtbl/Capsule_10_asr_B.domtblout
k141_36375_8/26-244,k141_36375_8,248,72.4,2e-19,1.9,219,71.5,2.3e-22,4e-19,1.9,workflow/out/asr_HMMER/domtbl/Capsule_10_asr_B.domtblout
k141_88479_3/26-252,k141_88479_3,295,72.3,2.2e-19,3.8,227,72.0,1.6e-22,2.8e-19,3.8,workflow/out/asr_HMMER/domtbl/Capsule_10_asr_B.domtblout
k141_34569_2/25-244,k141_34569_2,284,71.3,4.4e-19,0.8,220,70.9,3.4e-22,5.9e-19,0.8,workflow/out/asr_HMMER/domtbl/Capsule_10_asr_B.domtblout
k141_13530_4/26-252,k141_13530_4,297,70.9,6.1e-19,1.6,227,70.3,5.2e-22,8.9e-19,1.6,workflow/out/asr_HMMER/domtbl/Capsule_10_asr_B.domtblout
k141_11004_41/32-256,k141_11004_41,263,70.8,6.2e-19,0.6,225,69.1,1.2e-21,2.1e-18,0.6,workflow/out/asr_HMMER/domtbl/Capsule_10_asr_B.domtblout
k141_68343_6/30-249,k141_68343_6,255,70.6,7.2e-19,1.9,220,69.4,9.7e-22,1.7e-18,1.9,workflow/out/asr_HMMER/domtbl/Capsule_10_asr_B.domtblout
k141_27234_4/27-252,k141_27234_4,297,69.2,1.9e-18,1.6,226,68.7,1.6e-21,2.8e-18,1.6,workflow/out/asr_HMMER/domtbl/Capsule_10_asr_B.domtblout
k141_36158_17/2-245,k141_36158_17,280,68.7,2.8e-18,0.0,244,68.4,2e-21,3.4e-18,0.0,workflow/out/asr_HMMER/domtbl/Capsule_10_asr_B.domtblout
k141_102642_32/26-243,k141_102642_32,282,68.7,2.9e-18,2.5,218,68.2,2.2e-21,3.8e-18,2.5,workflow/out/asr_HMMER/domtbl/Capsule_10_asr_B.domtblout
k141_40477_2/35-231,k141_40477_2,237,67.6,5.9e-18,0.0,197,67.1,5e-21,8.7e-18,0.0,workflow/out/asr_HMMER/domtbl/Capsule_10_asr_B.domtblout
k141_21138_13/35-252,k141_21138_13,257,66.9,1e-17,2.4,218,64.0,4.4e-20,7.6e-17,2.4,workflow/out/asr_HMMER/domtbl/Capsule_10_asr_B.domtblout
k141_77325_18/31-255,k141_77325_18,262,66.7,1.1e-17,1.2,225,65.1,2e-20,3.4e-17,1.2,workflow/out/asr_HMMER/domtbl/Capsule_10_asr_B.domtblout
k141_86860_43/21-245,k141_86860_43,253,66.3,1.6e-17,0.1,225,65.8,1.2e-20,2.1e-17,0.1,workflow/out/asr_HMMER/domtbl/Capsule_10_asr_B.domtblout
k141_78092_2/35-253,k141_78092_2,258,66.1,1.8e-17,1.7,219,64.1,4.2e-20,7.3e-17,1.7,workflow/out/asr_HMMER/domtbl/Capsule_10_asr_B.domtblout
k141_40168_1/26-243,k141_40168_1,282,66.0,1.8e-17,2.4,218,65.6,1.4e-20,2.4e-17,2.4,workflow/out/asr_HMMER/domtbl/Capsule_10_asr_B.domtblout
k141_49593_2/58-277,k141_49593_2,283,65.5,2.6e-17,0.0,220,65.0,2.2e-20,3.8e-17,0.0,workflow/out/asr_HMMER/domtbl/Capsule_10_asr_B.domtblout
k141_10488_3/55-251,k141_10488_3,257,65.2,3.3e-17,0.0,197,64.6,2.9e-20,5e-17,0.0,workflow/out/asr_HMMER/domtbl/Capsule_10_asr_B.domtblout
k141_27920_13/26-244,k141_27920_13,281,64.1,7e-17,1.1,219,63.7,5.4e-20,9.2e-17,1.1,workflow/out/asr_HMMER/domtbl/Capsule_10_asr_B.domtblout
k141_89226_122/6-252,k141_89226_122,259,64.0,7.6e-17,1.1,247,61.7,2.2e-19,3.7e-16,1.1,workflow/out/asr_HMMER/domtbl/Capsule_10_asr_B.domtblout
k141_90481_1/25-204,k141_90481_1,221,63.3,1.2e-16,0.2,180,63.1,8.6e-20,1.5e-16,0.2,workflow/out/asr_HMMER/domtbl/Capsule_10_asr_B.domtblout
k141_13016_76/38-258,k141_13016_76,265,63.3,1.3e-16,0.5,221,61.8,2e-19,3.4e-16,0.5,workflow/out/asr_HMMER/domtbl/Capsule_10_asr_B.domtblout
k141_5830_144/42-264,k141_5830_144,273,62.9,1.6e-16,0.2,223,60.4,5.5e-19,9.5e-16,0.2,workflow/out/asr_HMMER/domtbl/Capsule_10_asr_B.domtblout
k141_88473_23/32-248,k141_88473_23,256,62.0,3e-16,0.1,217,61.6,2.4e-19,4.1e-16,0.1,workflow/out/asr_HMMER/domtbl/Capsule_10_asr_B.domtblout
k141_11609_2/55-251,k141_11609_2,257,61.9,3.2e-16,1.7,197,61.1,3.5e-19,5.9e-16,1.7,workflow/out/asr_HMMER/domtbl/Capsule_10_asr_B.domtblout
k141_100784_16/31-255,k141_100784_16,262,61.1,5.7e-16,1.8,225,60.0,7.3e-19,1.3e-15,1.8,workflow/out/asr_HMMER/domtbl/Capsule_10_asr_B.domtblout
k141_88554_45/33-243,k141_88554_45,253,61.0,6.1e-16,0.2,211,60.4,5.5e-19,9.4e-16,0.2,workflow/out/asr_HMMER/domtbl/Capsule_10_asr_B.domtblout
k141_82920_1/30-247,k141_82920_1,255,60.8,7e-16,0.4,218,59.8,8.2e-19,1.4e-15,0.4,workflow/out/asr_HMMER/domtbl/Capsule_10_asr_B.domtblout
k141_3923_71/29-251,k141_3923_71,256,59.6,1.7e-15,0.0,223,59.2,1.3e-18,2.3e-15,0.0,workflow/out/asr_HMMER/domtbl/Capsule_10_asr_B.domtblout
k141_87_37/31-252,k141_87_37,259,59.0,2.5e-15,1.3,222,56.5,8.3e-18,1.4e-14,1.3,workflow/out/asr_HMMER/domtbl/Capsule_10_asr_B.domtblout
k141_5820_49/36-261,k141_5820_49,268,58.4,4e-15,0.8,226,57.8,3.5e-18,6e-15,0.8,workflow/out/asr_HMMER/domtbl/Capsule_10_asr_B.domtblout
k141_100480_2/26-244,k141_100480_2,281,58.3,4e-15,3.3,219,58.0,3e-18,5.2e-15,3.3,workflow/out/asr_HMMER/domtbl/Capsule_10_asr_B.domtblout
k141_63048_5/26-244,k141_63048_5,281,57.6,6.8e-15,3.3,219,57.2,5.2e-18,8.9e-15,3.3,workflow/out/asr_HMMER/domtbl/Capsule_10_asr_B.domtblout
k141_21003_3/35-231,k141_21003_3,237,57.6,7e-15,3.5,197,56.3,9.6e-18,1.6e-14,3.5,workflow/out/asr_HMMER/domtbl/Capsule_10_asr_B.domtblout
k141_1879_2/26-244,k141_1879_2,281,57.5,7.3e-15,3.1,219,57.1,5.5e-18,9.5e-15,3.1,workflow/out/asr_HMMER/domtbl/Capsule_10_asr_B.domtblout
k141_89332_38/26-244,k141_89332_38,283,56.9,1.1e-14,2.6,219,56.4,9.4e-18,1.6e-14,2.6,workflow/out/asr_HMMER/domtbl/Capsule_10_asr_B.domtblout
k141_50508_5/26-244,k141_50508_5,281,56.6,1.4e-14,3.4,219,56.2,1.1e-17,1.8e-14,3.4,workflow/out/asr_HMMER/domtbl/Capsule_10_asr_B.domtblout
k141_45923_5/32-125,k141_45923_5,292,55.9,2.3e-14,5.7,94,30.2,9.1e-10,1.6e-06,0.0,workflow/out/asr_HMMER/domtbl/Capsule_10_asr_B.domtblout
k141_45923_5/160-286,k141_45923_5,292,55.9,2.3e-14,5.7,127,25.5,2.4e-08,4.1e-05,2.8,workflow/out/asr_HMMER/domtbl/Capsule_10_asr_B.domtblout
k141_2602_3/27-181,k141_2602_3,189,55.2,3.7e-14,0.2,155,54.9,2.6e-17,4.4e-14,0.2,workflow/out/asr_HMMER/domtbl/Capsule_10_asr_B.domtblout
k141_63113_15/27-266,k141_63113_15,275,53.9,9.5e-14,0.0,240,52.5,1.4e-16,2.4e-13,0.0,workflow/out/asr_HMMER/domtbl/Capsule_10_asr_B.domtblout
k141_64796_6/246-407,k141_64796_6,412,53.8,1e-13,0.0,162,52.8,1.2e-16,2e-13,0.0,workflow/out/asr_HMMER/domtbl/Capsule_10_asr_B.domtblout
k141_88147_1/34-225,k141_88147_1,225,52.1,3.2e-13,0.1,192,51.8,2.3e-16,4e-13,0.1,workflow/out/asr_HMMER/domtbl/Capsule_10_asr_B.domtblout
k141_81193_2/33-280,k141_81193_2,287,52.0,3.4e-13,5.0,248,46.1,1.3e-14,2.2e-11,5.0,workflow/out/asr_HMMER/domtbl/Capsule_10_asr_B.domtblout
k141_20541_1/26-210,k141_20541_1,211,50.9,7.3e-13,0.1,185,50.7,5.1e-16,8.7e-13,0.1,workflow/out/asr_HMMER/domtbl/Capsule_10_asr_B.domtblout
k141_10992_1/30-253,k141_10992_1,259,50.6,9.2e-13,0.5,224,49.3,1.3e-15,2.3e-12,0.5,workflow/out/asr_HMMER/domtbl/Capsule_10_asr_B.domtblout
k141_69689_4/255-419,k141_69689_4,425,49.2,2.4e-12,0.2,165,48.4,2.5e-15,4.3e-12,0.0,workflow/out/asr_HMMER/domtbl/Capsule_10_asr_B.domtblout
k141_5243_24/242-403,k141_5243_24,408,47.3,9.4e-12,0.0,162,45.6,1.8e-14,3.2e-11,0.0,workflow/out/asr_HMMER/domtbl/Capsule_10_asr_B.domtblout
k141_99014_395/117-328,k141_99014_395,339,44.2,8.4e-11,0.0,212,41.7,2.9e-13,4.9e-10,0.0,workflow/out/asr_HMMER/domtbl/Capsule_10_asr_B.domtblout
k141_47095_4/125-351,k141_47095_4,359,40.2,1.4e-09,0.0,227,39.5,1.3e-12,2.3e-09,0.0,workflow/out/asr_HMMER/domtbl/Capsule_10_asr_B.domtblout
k141_88731_97/8-207,k141_88731_97,323,38.3,5.2e-09,0.1,200,36.3,1.2e-11,2.1e-08,0.0,workflow/out/asr_HMMER/domtbl/Capsule_10_asr_B.domtblout
k141_308_1/27-125,k141_308_1,128,35.2,4.5e-08,0.0,99,35.2,2.7e-11,4.6e-08,0.0,workflow/out/asr_HMMER/domtbl/Capsule_10_asr_B.domtblout
k141_51348_2/29-117,k141_51348_2,123,29.4,2.8e-06,1.6,89,29.3,1.7e-09,2.9e-06,1.6,workflow/out/asr_HMMER/domtbl/Capsule_10_asr_B.domtblout
k141_87312_69/86-242,k141_87312_69,357,25.4,4.6e-05,0.0,157,24.9,3.8e-08,6.5e-05,0.0,workflow/out/asr_HMMER/domtbl/Capsule_10_asr_B.domtblout
k141_39530_11/69-167,k141_39530_11,339,25.1,5.7e-05,0.0,99,23.8,7.9e-08,0.00014,0.0,workflow/out/asr_HMMER/domtbl/Capsule_10_asr_B.domtblout
k141_85412_34/225-386,k141_85412_34,397,20.0,0.0021,0.0,162,18.7,2.9e-06,0.005,0.0,workflow/out/asr_HMMER/domtbl/Capsule_10_asr_B.domtblout
k141_46668_71/7-183,k141_46668_71,234,18.6,0.0055,0.0,177,18.2,4e-06,0.007,0.0,workflow/out/asr_HMMER/domtbl/Capsule_10_asr_B.domtblout
k141_11803_4/3-262,k141_11803_4,263,434.4,1.8e-129,0.4,260,434.2,1.4e-132,2e-129,0.4,workflow/out/asr_HMMER/domtbl/Capsule_6_asr_B.domtblout
k141_48014_2/3-262,k141_48014_2,263,434.1,2.2e-129,0.2,260,433.9,1.7e-132,2.4e-129,0.2,workflow/out/asr_HMMER/domtbl/Capsule_6_asr_B.domtblout
k141_160260_2/3-262,k141_160260_2,263,432.2,8.4e-129,0.5,260,432.0,6.6e-132,9.4e-129,0.5,workflow/out/asr_HMMER/domtbl/Capsule_6_asr_B.domtblout
k141_47993_2/3-262,k141_47993_2,263,421.0,2.2e-125,0.5,260,420.8,1.7e-128,2.4e-125,0.5,workflow/out/asr_HMMER/domtbl/Capsule_6_asr_B.domtblout
k141_162832_1/2-246,k141_162832_1,246,389.6,8.3e-116,1.5,245,389.4,6.5e-119,9.2e-116,1.5,workflow/out/asr_HMMER/domtbl/Capsule_6_asr_B.domtblout
k141_121352_12/4-263,k141_121352_12,264,348.9,2.1e-103,0.4,260,348.7,1.7e-106,2.5e-103,0.4,workflow/out/asr_HMMER/domtbl/Capsule_6_asr_B.domtblout
k141_50032_17/9-267,k141_50032_17,268,346.5,1.1e-102,0.2,259,346.3,9.2e-106,1.3e-102,0.2,workflow/out/asr_HMMER/domtbl/Capsule_6_asr_B.domtblout
k141_136015_7/1-177,k141_136015_7,178,285.0,6.9e-84,0.1,177,284.8,5.4e-87,7.7e-84,0.1,workflow/out/asr_HMMER/domtbl/Capsule_6_asr_B.domtblout
k141_147536_1/5-237,k141_147536_1,237,268.3,8.3e-79,0.0,233,268.1,6.6e-82,9.4e-79,0.0,workflow/out/asr_HMMER/domtbl/Capsule_6_asr_B.domtblout
k141_70866_2/30-296,k141_70866_2,301,231.6,1.3e-67,0.0,267,231.4,1e-70,1.5e-67,0.0,workflow/out/asr_HMMER/domtbl/Capsule_6_asr_B.domtblout
k141_183488_7/12-278,k141_183488_7,283,231.6,1.3e-67,0.0,267,231.4,1.1e-70,1.5e-67,0.0,workflow/out/asr_HMMER/domtbl/Capsule_6_asr_B.domtblout
k141_51830_27/34-299,k141_51830_27,304,226.7,4.1e-66,0.0,266,226.5,3.3e-69,4.7e-66,0.0,workflow/out/asr_HMMER/domtbl/Capsule_6_asr_B.domtblout
k141_853_55/13-273,k141_853_55,285,193.7,4.9e-56,0.3,261,193.4,4.1e-59,5.9e-56,0.3,workflow/out/asr_HMMER/domtbl/Capsule_6_asr_B.domtblout
k141_49437_17/15-276,k141_49437_17,285,188.1,2.5e-54,0.3,262,187.8,2.2e-57,3.1e-54,0.3,workflow/out/asr_HMMER/domtbl/Capsule_6_asr_B.domtblout
k141_36677_7/15-273,k141_36677_7,285,187.3,4.4e-54,0.2,259,186.9,3.9e-57,5.6e-54,0.2,workflow/out/asr_HMMER/domtbl/Capsule_6_asr_B.domtblout
k141_208670_15/15-274,k141_208670_15,286,185.6,1.4e-53,0.1,260,185.2,1.3e-56,1.9e-53,0.1,workflow/out/asr_HMMER/domtbl/Capsule_6_asr_B.domtblout
k141_190676_7/8-272,k141_190676_7,282,185.4,1.7e-53,0.0,265,185.0,1.5e-56,2.1e-53,0.0,workflow/out/asr_HMMER/domtbl/Capsule_6_asr_B.domtblout
k141_5869_17/14-273,k141_5869_17,285,185.3,1.7e-53,0.2,260,185.0,1.5e-56,2.2e-53,0.2,workflow/out/asr_HMMER/domtbl/Capsule_6_asr_B.domtblout
k141_182575_33/15-273,k141_182575_33,285,185.1,2.1e-53,0.3,259,184.6,2.1e-56,2.9e-53,0.3,workflow/out/asr_HMMER/domtbl/Capsule_6_asr_B.domtblout
k141_20839_3/2-221,k141_20839_3,231,183.0,8.8e-53,0.3,220,182.9,6.8e-56,9.6e-53,0.3,workflow/out/asr_HMMER/domtbl/Capsule_6_asr_B.domtblout
k141_182246_24/8-272,k141_182246_24,279,180.6,4.9e-52,0.0,265,180.3,4.2e-55,5.9e-52,0.0,workflow/out/asr_HMMER/domtbl/Capsule_6_asr_B.domtblout
k141_13281_49/15-279,k141_13281_49,285,180.3,6.1e-52,0.3,265,179.8,5.9e-55,8.4e-52,0.3,workflow/out/asr_HMMER/domtbl/Capsule_6_asr_B.domtblout
k141_4808_2/16-279,k141_4808_2,285,179.9,8e-52,0.4,264,179.4,7.9e-55,1.1e-51,0.4,workflow/out/asr_HMMER/domtbl/Capsule_6_asr_B.domtblout
k141_28879_3/4-229,k141_28879_3,241,179.6,9.3e-52,0.2,226,179.3,8.3e-55,1.2e-51,0.2,workflow/out/asr_HMMER/domtbl/Capsule_6_asr_B.domtblout
k141_216635_1/11-222,k141_216635_1,228,173.2,8.6e-50,0.2,212,173.0,6.9e-53,9.8e-50,0.2,workflow/out/asr_HMMER/domtbl/Capsule_6_asr_B.domtblout
k141_143093_12/404-663,k141_143093_12,672,151.3,4.1e-43,0.0,260,150.7,4.4e-46,6.2e-43,0.0,workflow/out/asr_HMMER/domtbl/Capsule_6_asr_B.domtblout
k141_211146_1/1-174,k141_211146_1,183,150.5,7.2e-43,0.0,174,150.3,5.9e-46,8.4e-43,0.0,workflow/out/asr_HMMER/domtbl/Capsule_6_asr_B.domtblout
k141_136015_6/3-72,k141_136015_6,73,117.5,8.6e-33,0.2,70,117.4,6.6e-36,9.4e-33,0.2,workflow/out/asr_HMMER/domtbl/Capsule_6_asr_B.domtblout
k141_13570_16/25-251,k141_13570_16,296,88.6,5.5e-24,2.3,227,88.3,5e-27,7.1e-24,2.3,workflow/out/asr_HMMER/domtbl/Capsule_6_asr_B.domtblout
k141_112122_28/25-251,k141_112122_28,296,88.5,6.2e-24,2.5,227,88.1,5.7e-27,8.1e-24,2.5,workflow/out/asr_HMMER/domtbl/Capsule_6_asr_B.domtblout
k141_82812_1/25-251,k141_82812_1,296,87.4,1.3e-23,2.9,227,86.7,1.5e-26,2.1e-23,2.9,workflow/out/asr_HMMER/domtbl/Capsule_6_asr_B.domtblout
k141_26185_22/25-251,k141_26185_22,296,87.2,1.5e-23,2.4,227,86.5,1.8e-26,2.5e-23,2.4,workflow/out/asr_HMMER/domtbl/Capsule_6_asr_B.domtblout
k141_108752_24/25-251,k141_108752_24,296,87.0,1.8e-23,2.6,227,86.6,1.6e-26,2.3e-23,2.6,workflow/out/asr_HMMER/domtbl/Capsule_6_asr_B.domtblout
k141_18829_8/26-252,k141_18829_8,297,85.9,3.7e-23,2.4,227,85.9,2.6e-26,3.7e-23,2.4,workflow/out/asr_HMMER/domtbl/Capsule_6_asr_B.domtblout
k141_157712_67/25-252,k141_157712_67,295,85.5,5.1e-23,0.3,228,85.1,4.6e-26,6.6e-23,0.3,workflow/out/asr_HMMER/domtbl/Capsule_6_asr_B.domtblout
k141_147042_2/27-251,k141_147042_2,296,84.5,1e-22,1.8,225,84.1,9.5e-26,1.3e-22,1.8,workflow/out/asr_HMMER/domtbl/Capsule_6_asr_B.domtblout
k141_138674_2/26-251,k141_138674_2,293,84.3,1.1e-22,2.1,226,84.0,1e-25,1.4e-22,2.1,workflow/out/asr_HMMER/domtbl/Capsule_6_asr_B.domtblout
k141_66648_7/26-251,k141_66648_7,296,83.4,2.1e-22,1.9,226,83.1,1.9e-25,2.8e-22,1.9,workflow/out/asr_HMMER/domtbl/Capsule_6_asr_B.domtblout
k141_53800_3/22-250,k141_53800_3,257,83.4,2.1e-22,2.2,229,81.2,7.3e-25,1e-21,2.2,workflow/out/asr_HMMER/domtbl/Capsule_6_asr_B.domtblout
k141_58859_11/35-246,k141_58859_11,254,83.1,2.6e-22,1.6,212,82.8,2.4e-25,3.4e-22,1.6,workflow/out/asr_HMMER/domtbl/Capsule_6_asr_B.domtblout
k141_66333_5/27-252,k141_66333_5,297,82.7,3.4e-22,3.2,226,82.3,3.3e-25,4.7e-22,3.2,workflow/out/asr_HMMER/domtbl/Capsule_6_asr_B.domtblout
k141_215472_3/27-252,k141_215472_3,297,82.3,4.6e-22,3.0,226,81.9,4.3e-25,6.1e-22,3.0,workflow/out/asr_HMMER/domtbl/Capsule_6_asr_B.domtblout
k141_100559_12/26-251,k141_100559_12,296,81.8,6.8e-22,2.1,226,81.8,4.8e-25,6.8e-22,2.1,workflow/out/asr_HMMER/domtbl/Capsule_6_asr_B.domtblout
k141_112105_6/26-251,k141_112105_6,296,81.3,9.3e-22,2.5,226,81.3,6.5e-25,9.3e-22,2.5,workflow/out/asr_HMMER/domtbl/Capsule_6_asr_B.domtblout
k141_106423_5/41-262,k141_106423_5,269,81.0,1.2e-21,0.2,222,80.6,1.1e-24,1.5e-21,0.2,workflow/out/asr_HMMER/domtbl/Capsule_6_asr_B.domtblout
k141_67742_24/25-251,k141_67742_24,296,80.5,1.7e-21,1.8,227,79.7,2.1e-24,3e-21,1.8,workflow/out/asr_HMMER/domtbl/Capsule_6_asr_B.domtblout
k141_18422_25/26-251,k141_18422_25,296,80.2,2.1e-21,1.7,226,79.7,2e-24,2.8e-21,1.7,workflow/out/asr_HMMER/domtbl/Capsule_6_asr_B.domtblout
k141_5122_2/26-251,k141_5122_2,293,79.2,4.1e-21,2.9,226,78.9,3.6e-24,5.1e-21,2.9,workflow/out/asr_HMMER/domtbl/Capsule_6_asr_B.domtblout
k141_35969_3/26-251,k141_35969_3,296,79.2,4.3e-21,3.0,226,79.2,3e-24,4.3e-21,3.0,workflow/out/asr_HMMER/domtbl/Capsule_6_asr_B.domtblout
k141_91597_137/25-251,k141_91597_137,296,76.6,2.5e-20,2.2,227,76.3,2.2e-23,3.1e-20,2.2,workflow/out/asr_HMMER/domtbl/Capsule_6_asr_B.domtblout
k141_136608_24/24-251,k141_136608_24,296,76.6,2.5e-20,2.7,228,76.6,1.8e-23,2.5e-20,2.7,workflow/out/asr_HMMER/domtbl/Capsule_6_asr_B.domtblout
k141_38009_48/25-251,k141_38009_48,293,76.0,3.9e-20,2.5,227,75.7,3.3e-23,4.7e-20,2.5,workflow/out/asr_HMMER/domtbl/Capsule_6_asr_B.domtblout
k141_69746_3/25-251,k141_69746_3,296,75.0,8.1e-20,3.4,227,74.7,7.1e-23,1e-19,3.4,workflow/out/asr_HMMER/domtbl/Capsule_6_asr_B.domtblout
k141_214569_4/26-244,k141_214569_4,248,74.7,9.5e-20,1.9,219,73.8,1.3e-22,1.8e-19,1.9,workflow/out/asr_HMMER/domtbl/Capsule_6_asr_B.domtblout
k141_16341_75/26-251,k141_16341_75,296,74.1,1.4e-19,1.3,226,73.7,1.4e-22,1.9e-19,1.3,workflow/out/asr_HMMER/domtbl/Capsule_6_asr_B.domtblout
k141_196287_2/21-253,k141_196287_2,260,72.8,3.8e-19,0.7,233,70.9,9.6e-22,1.4e-18,0.7,workflow/out/asr_HMMER/domtbl/Capsule_6_asr_B.domtblout
k141_11193_1/24-243,k141_11193_1,283,72.6,4.3e-19,1.0,220,72.2,4e-22,5.7e-19,1.0,workflow/out/asr_HMMER/domtbl/Capsule_6_asr_B.domtblout
k141_143496_16/29-250,k141_143496_16,258,71.9,6.9e-19,0.1,222,71.6,6.3e-22,8.9e-19,0.1,workflow/out/asr_HMMER/domtbl/Capsule_6_asr_B.domtblout
k141_195024_8/27-251,k141_195024_8,296,71.8,7.4e-19,1.8,225,71.1,8.4e-22,1.2e-18,1.8,workflow/out/asr_HMMER/domtbl/Capsule_6_asr_B.domtblout
k141_48516_4/27-252,k141_48516_4,297,71.7,8.1e-19,1.8,226,71.0,9e-22,1.3e-18,1.8,workflow/out/asr_HMMER/domtbl/Capsule_6_asr_B.domtblout
k141_136515_20/26-251,k141_136515_20,296,71.7,8.3e-19,1.8,226,71.3,7.5e-22,1.1e-18,1.8,workflow/out/asr_HMMER/domtbl/Capsule_6_asr_B.domtblout
k141_211973_3/25-244,k141_211973_3,284,71.5,9.1e-19,0.1,220,71.1,8.9e-22,1.3e-18,0.1,workflow/out/asr_HMMER/domtbl/Capsule_6_asr_B.domtblout
k141_89182_5/29-252,k141_89182_5,259,71.0,1.3e-18,0.2,224,70.0,1.9e-21,2.7e-18,0.2,workflow/out/asr_HMMER/domtbl/Capsule_6_asr_B.domtblout
k141_121661_4/32-256,k141_121661_4,263,70.8,1.5e-18,0.6,225,69.1,3.5e-21,5e-18,0.6,workflow/out/asr_HMMER/domtbl/Capsule_6_asr_B.domtblout
k141_127871_2/26-252,k141_127871_2,295,70.5,1.8e-18,5.3,227,70.5,1.3e-21,1.8e-18,5.3,workflow/out/asr_HMMER/domtbl/Capsule_6_asr_B.domtblout
k141_200724_1/26-243,k141_200724_1,282,70.5,1.9e-18,2.2,218,70.1,1.8e-21,2.5e-18,2.2,workflow/out/asr_HMMER/domtbl/Capsule_6_asr_B.domtblout
k141_130795_97/26-252,k141_130795_97,294,70.3,2.2e-18,3.8,227,69.9,2e-21,2.8e-18,3.8,workflow/out/asr_HMMER/domtbl/Capsule_6_asr_B.domtblout
k141_136465_21/4-249,k141_136465_21,256,70.1,2.5e-18,3.1,246,68.9,4e-21,5.6e-18,3.1,workflow/out/asr_HMMER/domtbl/Capsule_6_asr_B.domtblout
k141_12089_35/20-240,k141_12089_35,248,70.0,2.7e-18,3.3,221,67.2,1.4e-20,2e-17,3.3,workflow/out/asr_HMMER/domtbl/Capsule_6_asr_B.domtblout
k141_94540_16/31-256,k141_94540_16,261,69.8,3e-18,0.1,226,68.5,5.4e-21,7.7e-18,0.1,workflow/out/asr_HMMER/domtbl/Capsule_6_asr_B.domtblout
k141_106022_164/27-245,k141_106022_164,284,69.7,3.3e-18,1.9,219,69.7,2.3e-21,3.3e-18,1.9,workflow/out/asr_HMMER/domtbl/Capsule_6_asr_B.domtblout
k141_11743_38/27-252,k141_11743_38,297,69.1,4.9e-18,3.4,226,68.7,4.7e-21,6.7e-18,3.4,workflow/out/asr_HMMER/domtbl/Capsule_6_asr_B.domtblout
k141_124123_1/26-243,k141_124123_1,282,69.1,5e-18,1.6,218,68.7,4.7e-21,6.6e-18,1.6,workflow/out/asr_HMMER/domtbl/Capsule_6_asr_B.domtblout
k141_26513_6/27-252,k141_26513_6,297,69.0,5.3e-18,2.6,226,68.6,5e-21,7.2e-18,2.6,workflow/out/asr_HMMER/domtbl/Capsule_6_asr_B.domtblout
k141_191068_26/27-252,k141_191068_26,297,68.8,6.1e-18,1.5,226,68.3,6.1e-21,8.7e-18,1.5,workflow/out/asr_HMMER/domtbl/Capsule_6_asr_B.domtblout
k141_121663_4/33-257,k141_121663_4,264,68.7,6.5e-18,0.4,225,67.1,1.4e-20,2e-17,0.4,workflow/out/asr_HMMER/domtbl/Capsule_6_asr_B.domtblout
k141_178766_2/2-245,k141_178766_2,280,68.7,6.6e-18,0.0,244,68.4,5.7e-21,8.1e-18,0.0,workflow/out/asr_HMMER/domtbl/Capsule_6_asr_B.domtblout
k141_210081_4/27-244,k141_210081_4,248,68.5,7.9e-18,2.2,218,66.8,1.7e-20,2.4e-17,2.2,workflow/out/asr_HMMER/domtbl/Capsule_6_asr_B.domtblout
k141_47653_18/34-253,k141_47653_18,260,68.0,1.1e-17,0.5,220,66.8,1.8e-20,2.5e-17,0.4,workflow/out/asr_HMMER/domtbl/Capsule_6_asr_B.domtblout
k141_97354_38/31-249,k141_97354_38,258,68.0,1.1e-17,0.2,219,67.6,9.9e-21,1.4e-17,0.2,workflow/out/asr_HMMER/domtbl/Capsule_6_asr_B.domtblout
k141_139970_79/31-254,k141_139970_79,261,67.9,1.1e-17,0.4,224,66.4,2.3e-20,3.2e-17,0.4,workflow/out/asr_HMMER/domtbl/Capsule_6_asr_B.domtblout
k141_188164_24/29-254,k141_188164_24,261,67.9,1.1e-17,0.7,226,66.3,2.5e-20,3.5e-17,0.7,workflow/out/asr_HMMER/domtbl/Capsule_6_asr_B.domtblout
k141_163095_3/31-256,k141_163095_3,263,67.4,1.6e-17,0.2,226,65.8,3.5e-20,5e-17,0.2,workflow/out/asr_HMMER/domtbl/Capsule_6_asr_B.domtblout
k141_84335_16/28-243,k141_84335_16,266,67.4,1.7e-17,3.5,216,67.0,1.6e-20,2.2e-17,3.5,workflow/out/asr_HMMER/domtbl/Capsule_6_asr_B.domtblout
k141_102800_11/35-253,k141_102800_11,258,67.4,1.7e-17,1.3,219,65.9,3.4e-20,4.8e-17,1.3,workflow/out/asr_HMMER/domtbl/Capsule_6_asr_B.domtblout
k141_95700_3/31-253,k141_95700_3,255,67.2,1.9e-17,0.8,223,65.4,4.6e-20,6.5e-17,0.8,workflow/out/asr_HMMER/domtbl/Capsule_6_asr_B.domtblout
k141_23021_10/35-252,k141_23021_10,257,67.2,2e-17,2.4,218,64.1,1.2e-19,1.6e-16,2.4,workflow/out/asr_HMMER/domtbl/Capsule_6_asr_B.domtblout
k141_189117_158/28-243,k141_189117_158,266,67.1,2e-17,3.7,216,66.7,1.9e-20,2.7e-17,3.7,workflow/out/asr_HMMER/domtbl/Capsule_6_asr_B.domtblout
k141_153431_12/28-246,k141_153431_12,284,67.1,2.1e-17,0.3,219,66.7,2e-20,2.8e-17,0.3,workflow/out/asr_HMMER/domtbl/Capsule_6_asr_B.domtblout
k141_121750_30/29-246,k141_121750_30,255,67.0,2.2e-17,3.9,218,66.7,1.9e-20,2.7e-17,3.9,workflow/out/asr_HMMER/domtbl/Capsule_6_asr_B.domtblout
k141_46006_129/34-256,k141_46006_129,262,66.9,2.3e-17,0.1,223,66.6,2.1e-20,2.9e-17,0.1,workflow/out/asr_HMMER/domtbl/Capsule_6_asr_B.domtblout
k141_38617_12/26-243,k141_38617_12,282,66.9,2.4e-17,2.5,218,66.4,2.3e-20,3.2e-17,2.5,workflow/out/asr_HMMER/domtbl/Capsule_6_asr_B.domtblout
k141_86188_22/25-244,k141_86188_22,281,66.8,2.5e-17,1.1,220,66.4,2.4e-20,3.4e-17,1.1,workflow/out/asr_HMMER/domtbl/Capsule_6_asr_B.domtblout
k141_64574_37/30-248,k141_64574_37,256,66.8,2.5e-17,0.1,219,65.4,4.6e-20,6.6e-17,0.1,workflow/out/asr_HMMER/domtbl/Capsule_6_asr_B.domtblout
k141_35821_2/34-253,k141_35821_2,258,66.4,3.4e-17,2.1,220,64.8,7.2e-20,1e-16,2.1,workflow/out/asr_HMMER/domtbl/Capsule_6_asr_B.domtblout
k141_56909_19/38-258,k141_56909_19,265,66.1,4.2e-17,0.9,221,64.7,7.6e-20,1.1e-16,0.9,workflow/out/asr_HMMER/domtbl/Capsule_6_asr_B.domtblout
k141_112816_2/35-253,k141_112816_2,258,66.0,4.4e-17,2.1,219,64.4,9.8e-20,1.4e-16,2.1,workflow/out/asr_HMMER/domtbl/Capsule_6_asr_B.domtblout
k141_69984_1/26-249,k141_69984_1,256,66.0,4.6e-17,0.5,224,64.7,7.7e-20,1.1e-16,0.5,workflow/out/asr_HMMER/domtbl/Capsule_6_asr_B.domtblout
k141_125366_4/37-253,k141_125366_4,260,65.9,4.6e-17,0.8,217,64.9,6.7e-20,9.6e-17,0.8,workflow/out/asr_HMMER/domtbl/Capsule_6_asr_B.domtblout
k141_17035_2/26-250,k141_17035_2,295,65.8,5.2e-17,1.5,225,65.3,5.1e-20,7.2e-17,1.5,workflow/out/asr_HMMER/domtbl/Capsule_6_asr_B.domtblout
k141_115884_33/26-244,k141_115884_33,281,65.7,5.4e-17,1.6,219,65.3,5e-20,7.1e-17,1.6,workflow/out/asr_HMMER/domtbl/Capsule_6_asr_B.domtblout
k141_95248_164/34-252,k141_95248_164,260,65.6,5.8e-17,0.1,219,65.1,5.7e-20,8.2e-17,0.1,workflow/out/asr_HMMER/domtbl/Capsule_6_asr_B.domtblout
k141_219755_3/29-254,k141_219755_3,261,65.6,5.9e-17,0.9,226,63.9,1.3e-19,1.9e-16,0.9,workflow/out/asr_HMMER/domtbl/Capsule_6_asr_B.domtblout
k141_132024_31/27-243,k141_132024_31,764,65.5,6.1e-17,3.2,217,63.8,1.5e-19,2.1e-16,3.2,workflow/out/asr_HMMER/domtbl/Capsule_6_asr_B.domtblout
k141_210448_128/34-253,k141_210448_128,259,65.5,6.1e-17,0.0,220,65.1,5.8e-20,8.2e-17,0.0,workflow/out/asr_HMMER/domtbl/Capsule_6_asr_B.domtblout
k141_104181_122/30-254,k141_104181_122,261,65.5,6.4e-17,0.7,225,63.8,1.5e-19,2.1e-16,0.7,workflow/out/asr_HMMER/domtbl/Capsule_6_asr_B.domtblout
k141_48944_20/29-255,k141_48944_20,262,65.4,6.5e-17,0.9,227,63.8,1.4e-19,2.1e-16,0.9,workflow/out/asr_HMMER/domtbl/Capsule_6_asr_B.domtblout
k141_112399_110/29-254,k141_112399_110,261,65.3,7e-17,0.8,226,64.4,9.4e-20,1.3e-16,0.8,workflow/out/asr_HMMER/domtbl/Capsule_6_asr_B.domtblout
k141_169953_4/31-250,k141_169953_4,257,65.3,7.3e-17,4.0,220,62.2,4.6e-19,6.5e-16,4.0,workflow/out/asr_HMMER/domtbl/Capsule_6_asr_B.domtblout
k141_66992_4/55-251,k141_66992_4,257,65.2,7.8e-17,0.0,197,64.6,8.3e-20,1.2e-16,0.0,workflow/out/asr_HMMER/domtbl/Capsule_6_asr_B.domtblout
k141_101490_80/25-245,k141_101490_80,281,65.2,7.9e-17,0.9,221,64.7,7.5e-20,1.1e-16,0.9,workflow/out/asr_HMMER/domtbl/Capsule_6_asr_B.domtblout
k141_14916_17/31-261,k141_14916_17,267,64.7,1.1e-16,1.9,231,63.5,1.8e-19,2.6e-16,1.9,workflow/out/asr_HMMER/domtbl/Capsule_6_asr_B.domtblout
k141_86228_2/56-274,k141_86228_2,280,64.5,1.3e-16,0.0,219,63.9,1.3e-19,1.9e-16,0.0,workflow/out/asr_HMMER/domtbl/Capsule_6_asr_B.domtblout
k141_85097_3/46-242,k141_85097_3,248,64.4,1.4e-16,0.0,197,63.8,1.4e-19,2.1e-16,0.0,workflow/out/asr_HMMER/domtbl/Capsule_6_asr_B.domtblout
k141_176835_28/34-250,k141_176835_28,256,64.3,1.5e-16,0.3,217,63.9,1.4e-19,2e-16,0.3,workflow/out/asr_HMMER/domtbl/Capsule_6_asr_B.domtblout
k141_139194_11/31-254,k141_139194_11,261,64.2,1.5e-16,0.6,224,62.6,3.4e-19,4.9e-16,0.6,workflow/out/asr_HMMER/domtbl/Capsule_6_asr_B.domtblout
k141_112931_4/26-243,k141_112931_4,767,64.1,1.7e-16,3.4,218,62.7,3.2e-19,4.6e-16,3.4,workflow/out/asr_HMMER/domtbl/Capsule_6_asr_B.domtblout
k141_81414_43/29-245,k141_81414_43,253,64.0,1.9e-16,0.0,217,63.5,1.8e-19,2.5e-16,0.0,workflow/out/asr_HMMER/domtbl/Capsule_6_asr_B.domtblout
k141_166665_1/26-243,k141_166665_1,767,63.9,1.9e-16,4.2,218,62.5,3.6e-19,5.1e-16,4.2,workflow/out/asr_HMMER/domtbl/Capsule_6_asr_B.domtblout
k141_50665_16/26-244,k141_50665_16,281,63.7,2.2e-16,1.0,219,63.3,2e-19,2.9e-16,1.0,workflow/out/asr_HMMER/domtbl/Capsule_6_asr_B.domtblout
k141_186480_3/34-254,k141_186480_3,261,63.7,2.3e-16,0.1,221,62.5,3.7e-19,5.2e-16,0.1,workflow/out/asr_HMMER/domtbl/Capsule_6_asr_B.domtblout
k141_178082_8/34-253,k141_178082_8,259,63.4,2.7e-16,0.0,220,63.0,2.6e-19,3.6e-16,0.0,workflow/out/asr_HMMER/domtbl/Capsule_6_asr_B.domtblout
k141_181240_2/33-228,k141_181240_2,236,63.4,2.8e-16,0.2,196,62.4,3.8e-19,5.4e-16,0.2,workflow/out/asr_HMMER/domtbl/Capsule_6_asr_B.domtblout
k141_6660_25/38-258,k141_6660_25,265,63.3,3e-16,0.5,221,61.8,5.7e-19,8.2e-16,0.5,workflow/out/asr_HMMER/domtbl/Capsule_6_asr_B.domtblout
k141_117559_47/26-245,k141_117559_47,278,63.2,3.1e-16,0.8,220,62.8,2.9e-19,4.1e-16,0.8,workflow/out/asr_HMMER/domtbl/Capsule_6_asr_B.domtblout
k141_72101_1/29-244,k141_72101_1,503,63.2,3.1e-16,2.7,216,62.1,4.8e-19,6.8e-16,2.7,workflow/out/asr_HMMER/domtbl/Capsule_6_asr_B.domtblout
k141_46004_20/41-261,k141_46004_20,268,63.2,3.1e-16,0.2,221,62.0,5.2e-19,7.5e-16,0.2,workflow/out/asr_HMMER/domtbl/Capsule_6_asr_B.domtblout
k141_70242_8/32-248,k141_70242_8,256,63.0,3.5e-16,0.1,217,62.6,3.3e-19,4.7e-16,0.1,workflow/out/asr_HMMER/domtbl/Capsule_6_asr_B.domtblout
k141_185895_41/33-258,k141_185895_41,265,63.0,3.6e-16,1.1,226,62.1,4.7e-19,6.7e-16,1.1,workflow/out/asr_HMMER/domtbl/Capsule_6_asr_B.domtblout
k141_89528_5/26-245,k141_89528_5,278,62.9,4e-16,1.5,220,62.5,3.7e-19,5.2e-16,1.5,workflow/out/asr_HMMER/domtbl/Capsule_6_asr_B.domtblout
k141_120058_4/24-254,k141_120058_4,261,62.8,4.1e-16,0.7,231,61.7,6.4e-19,9.1e-16,0.7,workflow/out/asr_HMMER/domtbl/Capsule_6_asr_B.domtblout
k141_203625_2/30-251,k141_203625_2,258,62.4,5.4e-16,1.2,222,60.4,1.6e-18,2.3e-15,1.2,workflow/out/asr_HMMER/domtbl/Capsule_6_asr_B.domtblout
k141_62052_2/38-258,k141_62052_2,265,62.2,6.4e-16,0.2,221,61.0,1.1e-18,1.5e-15,0.2,workflow/out/asr_HMMER/domtbl/Capsule_6_asr_B.domtblout
k141_103932_94/31-255,k141_103932_94,262,61.4,1.1e-15,1.6,225,60.3,1.7e-18,2.5e-15,1.6,workflow/out/asr_HMMER/domtbl/Capsule_6_asr_B.domtblout
k141_62116_28/32-248,k141_62116_28,256,60.9,1.6e-15,0.1,217,60.5,1.5e-18,2.1e-15,0.1,workflow/out/asr_HMMER/domtbl/Capsule_6_asr_B.domtblout
k141_160255_81/32-258,k141_160255_81,264,60.8,1.7e-15,0.0,227,60.4,1.6e-18,2.3e-15,0.0,workflow/out/asr_HMMER/domtbl/Capsule_6_asr_B.domtblout
k141_115975_3/31-249,k141_115975_3,256,60.6,1.9e-15,1.0,219,58.7,5.1e-18,7.3e-15,1.0,workflow/out/asr_HMMER/domtbl/Capsule_6_asr_B.domtblout
k141_204276_3/30-247,k141_204276_3,255,60.4,2.2e-15,0.4,218,59.4,3.1e-18,4.5e-15,0.4,workflow/out/asr_HMMER/domtbl/Capsule_6_asr_B.domtblout
k141_72896_8/33-248,k141_72896_8,256,60.3,2.5e-15,3.1,216,58.7,5.4e-18,7.7e-15,3.1,workflow/out/asr_HMMER/domtbl/Capsule_6_asr_B.domtblout
k141_17568_2/21-237,k141_17568_2,245,60.3,2.5e-15,0.0,217,59.8,2.4e-18,3.4e-15,0.0,workflow/out/asr_HMMER/domtbl/Capsule_6_asr_B.domtblout
k141_23947_8/29-247,k141_23947_8,255,60.2,2.5e-15,1.4,219,59.1,4e-18,5.7e-15,1.4,workflow/out/asr_HMMER/domtbl/Capsule_6_asr_B.domtblout
k141_213033_11/34-253,k141_213033_11,259,60.0,3e-15,0.0,220,59.6,2.8e-18,4e-15,0.0,workflow/out/asr_HMMER/domtbl/Capsule_6_asr_B.domtblout
k141_78035_42/26-252,k141_78035_42,297,59.9,3.2e-15,2.1,227,59.9,2.3e-18,3.2e-15,2.1,workflow/out/asr_HMMER/domtbl/Capsule_6_asr_B.domtblout
k141_27206_2/37-259,k141_27206_2,264,59.9,3.3e-15,0.0,223,59.5,2.9e-18,4.2e-15,0.0,workflow/out/asr_HMMER/domtbl/Capsule_6_asr_B.domtblout
k141_150968_54/32-254,k141_150968_54,261,59.8,3.6e-15,0.7,223,58.2,7.5e-18,1.1e-14,0.7,workflow/out/asr_HMMER/domtbl/Capsule_6_asr_B.domtblout
k141_191657_2/33-272,k141_191657_2,279,59.2,5.3e-15,1.0,240,57.5,1.2e-17,1.8e-14,1.0,workflow/out/asr_HMMER/domtbl/Capsule_6_asr_B.domtblout
k141_67685_2/69-293,k141_67685_2,300,58.8,6.9e-15,0.8,225,58.3,6.9e-18,9.8e-15,0.8,workflow/out/asr_HMMER/domtbl/Capsule_6_asr_B.domtblout
k141_81829_4/30-254,k141_81829_4,262,58.6,8.2e-15,0.0,225,57.6,1.2e-17,1.6e-14,0.0,workflow/out/asr_HMMER/domtbl/Capsule_6_asr_B.domtblout
k141_47059_5/35-231,k141_47059_5,237,58.5,8.5e-15,2.6,197,57.3,1.4e-17,1.9e-14,2.6,workflow/out/asr_HMMER/domtbl/Capsule_6_asr_B.domtblout
k141_23402_274/40-261,k141_23402_274,268,58.4,9.3e-15,0.0,222,57.8,1e-17,1.4e-14,0.0,workflow/out/asr_HMMER/domtbl/Capsule_6_asr_B.domtblout
k141_990_2/36-261,k141_990_2,268,58.4,9.5e-15,0.8,226,57.8,1e-17,1.4e-14,0.8,workflow/out/asr_HMMER/domtbl/Capsule_6_asr_B.domtblout
k141_80513_4/19-235,k141_80513_4,243,58.2,1.1e-14,3.4,217,54.8,8.2e-17,1.2e-13,3.4,workflow/out/asr_HMMER/domtbl/Capsule_6_asr_B.domtblout
k141_165986_85/35-253,k141_165986_85,259,58.1,1.1e-14,0.1,219,57.6,1.1e-17,1.6e-14,0.1,workflow/out/asr_HMMER/domtbl/Capsule_6_asr_B.domtblout
k141_81784_15/30-254,k141_81784_15,262,57.9,1.4e-14,0.1,225,56.8,2e-17,2.8e-14,0.1,workflow/out/asr_HMMER/domtbl/Capsule_6_asr_B.domtblout
k141_99181_2/37-261,k141_99181_2,268,57.8,1.4e-14,1.1,225,57.2,1.5e-17,2.1e-14,1.1,workflow/out/asr_HMMER/domtbl/Capsule_6_asr_B.domtblout
k141_58275_15/29-264,k141_58275_15,270,57.6,1.6e-14,3.5,236,54.9,7.3e-17,1e-13,3.5,workflow/out/asr_HMMER/domtbl/Capsule_6_asr_B.domtblout
k141_207843_2/26-244,k141_207843_2,281,57.6,1.6e-14,3.7,219,57.2,1.5e-17,2.1e-14,3.7,workflow/out/asr_HMMER/domtbl/Capsule_6_asr_B.domtblout
k141_31013_30/26-244,k141_31013_30,281,57.5,1.8e-14,3.3,219,57.1,1.6e-17,2.3e-14,3.3,workflow/out/asr_HMMER/domtbl/Capsule_6_asr_B.domtblout
k141_184204_1/32-250,k141_184204_1,287,57.4,1.8e-14,3.8,219,57.1,1.7e-17,2.4e-14,3.8,workflow/out/asr_HMMER/domtbl/Capsule_6_asr_B.domtblout
k141_24320_8/33-248,k141_24320_8,256,57.2,2.1e-14,5.2,216,55.2,6.1e-17,8.7e-14,5.2,workflow/out/asr_HMMER/domtbl/Capsule_6_asr_B.domtblout
k141_27229_2/37-259,k141_27229_2,264,56.8,2.9e-14,0.0,223,56.4,2.7e-17,3.8e-14,0.0,workflow/out/asr_HMMER/domtbl/Capsule_6_asr_B.domtblout
k141_151686_1/11-228,k141_151686_1,235,56.7,3e-14,0.0,218,56.3,2.8e-17,4e-14,0.0,workflow/out/asr_HMMER/domtbl/Capsule_6_asr_B.domtblout
k141_212694_17/29-247,k141_212694_17,277,56.0,5.1e-14,3.0,219,55.6,4.5e-17,6.4e-14,3.0,workflow/out/asr_HMMER/domtbl/Capsule_6_asr_B.domtblout
k141_12991_5/29-251,k141_12991_5,256,55.7,6.2e-14,0.0,223,55.3,5.8e-17,8.2e-14,0.0,workflow/out/asr_HMMER/domtbl/Capsule_6_asr_B.domtblout
k141_36604_2/31-258,k141_36604_2,265,55.5,7.3e-14,0.2,228,54.6,9.5e-17,1.3e-13,0.2,workflow/out/asr_HMMER/domtbl/Capsule_6_asr_B.domtblout
k141_210409_10/33-135,k141_210409_10,261,55.3,8.2e-14,1.1,103,28.3,1e-08,1.4e-05,0.0,workflow/out/asr_HMMER/domtbl/Capsule_6_asr_B.domtblout
k141_210409_10/193-254,k141_210409_10,261,55.3,8.2e-14,1.1,62,24.7,1.2e-07,0.00018,1.5,workflow/out/asr_HMMER/domtbl/Capsule_6_asr_B.domtblout
k141_191796_34/31-256,k141_191796_34,264,55.3,8.2e-14,0.2,226,53.5,2.1e-16,3e-13,0.2,workflow/out/asr_HMMER/domtbl/Capsule_6_asr_B.domtblout
k141_58290_71/249-415,k141_58290_71,421,54.8,1.2e-13,0.6,167,53.5,2e-16,2.8e-13,0.0,workflow/out/asr_HMMER/domtbl/Capsule_6_asr_B.domtblout
k141_29924_28/19-173,k141_29924_28,212,54.5,1.4e-13,0.0,155,54.2,1.2e-16,1.7e-13,0.0,workflow/out/asr_HMMER/domtbl/Capsule_6_asr_B.domtblout
k141_89415_3/129-330,k141_89415_3,335,54.0,2.1e-13,1.4,202,53.9,1.6e-16,2.2e-13,0.0,workflow/out/asr_HMMER/domtbl/Capsule_6_asr_B.domtblout
k141_200084_175/27-266,k141_200084_175,275,53.9,2.2e-13,0.0,240,52.5,4e-16,5.7e-13,0.0,workflow/out/asr_HMMER/domtbl/Capsule_6_asr_B.domtblout
k141_15076_40/34-254,k141_15076_40,260,53.4,3.1e-13,2.9,221,52.7,3.6e-16,5.1e-13,2.9,workflow/out/asr_HMMER/domtbl/Capsule_6_asr_B.domtblout
k141_123933_16/30-241,k141_123933_16,251,52.7,5.2e-13,6.6,212,50.2,2e-15,2.8e-12,6.6,workflow/out/asr_HMMER/domtbl/Capsule_6_asr_B.domtblout
k141_103517_17/250-415,k141_103517_17,423,52.6,5.4e-13,0.3,166,50.7,1.4e-15,2.1e-12,0.0,workflow/out/asr_HMMER/domtbl/Capsule_6_asr_B.domtblout
k141_85775_2/27-244,k141_85775_2,281,52.1,7.6e-13,4.2,218,51.7,7e-16,1e-12,4.2,workflow/out/asr_HMMER/domtbl/Capsule_6_asr_B.domtblout
k141_114404_3/26-226,k141_114404_3,226,51.1,1.6e-12,2.4,201,50.8,1.3e-15,1.9e-12,2.4,workflow/out/asr_HMMER/domtbl/Capsule_6_asr_B.domtblout
k141_95248_171/259-422,k141_95248_171,430,50.4,2.5e-12,0.0,164,47.0,2e-14,2.8e-11,0.0,workflow/out/asr_HMMER/domtbl/Capsule_6_asr_B.domtblout
k141_209959_2/72-236,k141_209959_2,243,50.4,2.5e-12,0.0,165,50.1,2.2e-15,3.1e-12,0.0,workflow/out/asr_HMMER/domtbl/Capsule_6_asr_B.domtblout
k141_26315_63/26-244,k141_26315_63,283,50.0,3.3e-12,1.1,219,49.6,3.1e-15,4.3e-12,1.1,workflow/out/asr_HMMER/domtbl/Capsule_6_asr_B.domtblout
k141_34141_217/258-421,k141_34141_217,429,49.8,3.8e-12,0.3,164,47.1,1.9e-14,2.7e-11,0.0,workflow/out/asr_HMMER/domtbl/Capsule_6_asr_B.domtblout
k141_66907_41/252-416,k141_66907_41,423,49.2,6e-12,1.2,165,48.3,7.8e-15,1.1e-11,0.0,workflow/out/asr_HMMER/domtbl/Capsule_6_asr_B.domtblout
k141_8897_3/37-262,k141_8897_3,280,49.1,6.4e-12,0.1,226,45.7,5e-14,7.1e-11,0.1,workflow/out/asr_HMMER/domtbl/Capsule_6_asr_B.domtblout
k141_15300_2/25-231,k141_15300_2,340,48.5,9.9e-12,0.0,207,48.5,7e-15,9.9e-12,0.0,workflow/out/asr_HMMER/domtbl/Capsule_6_asr_B.domtblout
k141_46556_17/254-418,k141_46556_17,425,48.4,1.1e-11,0.5,165,47.0,1.9e-14,2.8e-11,0.0,workflow/out/asr_HMMER/domtbl/Capsule_6_asr_B.domtblout
k141_163074_2/246-407,k141_163074_2,412,48.1,1.3e-11,0.0,162,47.1,1.8e-14,2.5e-11,0.0,workflow/out/asr_HMMER/domtbl/Capsule_6_asr_B.domtblout
k141_103417_53/254-418,k141_103417_53,425,47.7,1.7e-11,1.1,165,46.9,2e-14,2.9e-11,0.0,workflow/out/asr_HMMER/domtbl/Capsule_6_asr_B.domtblout
k141_152668_1/2-175,k141_152668_1,183,45.9,5.9e-11,0.1,174,45.6,5.2e-14,7.4e-11,0.1,workflow/out/asr_HMMER/domtbl/Capsule_6_asr_B.domtblout
k141_106177_105/32-263,k141_106177_105,269,43.1,4.2e-10,0.0,232,42.7,3.9e-13,5.5e-10,0.0,workflow/out/asr_HMMER/domtbl/Capsule_6_asr_B.domtblout
k141_90377_161/8-218,k141_90377_161,323,42.2,8.1e-10,0.5,211,41.2,1.1e-12,1.6e-09,0.0,workflow/out/asr_HMMER/domtbl/Capsule_6_asr_B.domtblout
k141_70492_1/42-167,k141_70492_1,187,40.4,2.8e-09,0.1,126,40.2,2.3e-12,3.3e-09,0.1,workflow/out/asr_HMMER/domtbl/Capsule_6_asr_B.domtblout
k141_200773_1/27-145,k141_200773_1,149,39.1,6.9e-09,0.0,119,39.1,5e-12,7.1e-09,0.0,workflow/out/asr_HMMER/domtbl/Capsule_6_asr_B.domtblout
k141_5224_14/60-237,k141_5224_14,272,38.6,9.8e-09,0.0,178,37.1,2e-11,2.8e-08,0.0,workflow/out/asr_HMMER/domtbl/Capsule_6_asr_B.domtblout
k141_95949_1/18-136,k141_95949_1,179,36.3,5.2e-08,0.5,119,36.0,4.5e-11,6.4e-08,0.5,workflow/out/asr_HMMER/domtbl/Capsule_6_asr_B.domtblout
k141_57515_2/117-245,k141_57515_2,272,34.6,1.7e-07,0.1,129,34.0,1.8e-10,2.5e-07,0.1,workflow/out/asr_HMMER/domtbl/Capsule_6_asr_B.domtblout
k141_158020_1/3-120,k141_158020_1,165,33.4,4e-07,2.1,118,33.4,2.8e-10,4e-07,2.1,workflow/out/asr_HMMER/domtbl/Capsule_6_asr_B.domtblout
k141_149176_26/242-374,k141_149176_26,432,28.2,1.5e-05,0.0,133,26.7,3e-08,4.3e-05,0.0,workflow/out/asr_HMMER/domtbl/Capsule_6_asr_B.domtblout
k141_94630_1/242-302,k141_94630_1,305,26.3,5.6e-05,0.7,61,24.4,1.5e-07,0.00021,0.0,workflow/out/asr_HMMER/domtbl/Capsule_6_asr_B.domtblout
k141_126812_1/3-116,k141_126812_1,170,25.4,0.00011,0.2,114,24.7,1.3e-07,0.00018,0.2,workflow/out/asr_HMMER/domtbl/Capsule_6_asr_B.domtblout
k141_180987_1/2-112,k141_180987_1,120,24.9,0.00015,0.0,111,24.9,1.1e-07,0.00016,0.0,workflow/out/asr_HMMER/domtbl/Capsule_6_asr_B.domtblout
k141_214674_1/2-112,k141_214674_1,120,24.9,0.00015,0.0,111,24.9,1.1e-07,0.00016,0.0,workflow/out/asr_HMMER/domtbl/Capsule_6_asr_B.domtblout
k141_74107_1/4-65,k141_74107_1,102,24.2,0.00024,0.7,62,24.0,2e-07,0.00029,0.7,workflow/out/asr_HMMER/domtbl/Capsule_6_asr_B.domtblout
k141_35165_95/7-184,k141_35165_95,234,21.4,0.0017,0.0,178,21.2,1.5e-06,0.0021,0.0,workflow/out/asr_HMMER/domtbl/Capsule_6_asr_B.domtblout
k141_47019_26/3-262,k141_47019_26,263,432.4,3.7e-129,0.3,260,432.3,2.9e-132,4.1e-129,0.3,workflow/out/asr_HMMER/domtbl/Stool_4_asr_B.domtblout
k141_68926_2/30-296,k141_68926_2,301,235.5,4.5e-69,0.0,267,235.3,3.6e-72,5.2e-69,0.0,workflow/out/asr_HMMER/domtbl/Stool_4_asr_B.domtblout
k141_54145_2/1-228,k141_54145_2,233,221.3,9.5e-65,0.0,228,221.1,7.5e-68,1.1e-64,0.0,workflow/out/asr_HMMER/domtbl/Stool_4_asr_B.domtblout
k141_40225_2/13-273,k141_40225_2,285,193.7,2.6e-56,0.3,261,193.4,2.2e-59,3.1e-56,0.3,workflow/out/asr_HMMER/domtbl/Stool_4_asr_B.domtblout
k141_44747_3/15-273,k141_44747_3,285,187.8,1.5e-54,0.2,259,187.5,1.4e-57,1.9e-54,0.2,workflow/out/asr_HMMER/domtbl/Stool_4_asr_B.domtblout
k141_5142_5/6-271,k141_5142_5,281,186.9,3e-54,0.0,266,186.7,2.5e-57,3.5e-54,0.0,workflow/out/asr_HMMER/domtbl/Stool_4_asr_B.domtblout
k141_106593_7/15-273,k141_106593_7,285,185.0,1.1e-53,0.1,259,184.7,9.7e-57,1.4e-53,0.1,workflow/out/asr_HMMER/domtbl/Stool_4_asr_B.domtblout
k141_138579_142/33-249,k141_138579_142,255,88.5,3.2e-24,0.7,217,88.1,2.9e-27,4.2e-24,0.7,workflow/out/asr_HMMER/domtbl/Stool_4_asr_B.domtblout
k141_8184_9/25-251,k141_8184_9,296,88.4,3.4e-24,2.4,227,88.0,3.1e-27,4.4e-24,2.4,workflow/out/asr_HMMER/domtbl/Stool_4_asr_B.domtblout
k141_48813_3/25-251,k141_48813_3,296,87.7,5.7e-24,2.8,227,87.0,6.3e-27,8.9e-24,2.8,workflow/out/asr_HMMER/domtbl/Stool_4_asr_B.domtblout
k141_25596_35/25-252,k141_25596_35,295,85.5,2.7e-23,0.3,228,85.1,2.4e-26,3.4e-23,0.3,workflow/out/asr_HMMER/domtbl/Stool_4_asr_B.domtblout
k141_132548_12/34-246,k141_132548_12,254,83.6,9.8e-23,1.6,213,83.2,8.8e-26,1.3e-22,1.6,workflow/out/asr_HMMER/domtbl/Stool_4_asr_B.domtblout
k141_105866_9/26-251,k141_105866_9,296,80.2,1.1e-21,1.7,226,79.7,1e-24,1.5e-21,1.7,workflow/out/asr_HMMER/domtbl/Stool_4_asr_B.domtblout
k141_152780_2/3-224,k141_152780_2,269,79.5,1.7e-21,2.7,222,79.5,1.2e-24,1.7e-21,2.7,workflow/out/asr_HMMER/domtbl/Stool_4_asr_B.domtblout
k141_133393_1/13-151,k141_133393_1,152,79.0,2.6e-21,0.0,139,78.8,2e-24,2.9e-21,0.0,workflow/out/asr_HMMER/domtbl/Stool_4_asr_B.domtblout
k141_136760_3/27-251,k141_136760_3,293,78.0,4.9e-21,1.3,225,77.6,4.6e-24,6.5e-21,1.3,workflow/out/asr_HMMER/domtbl/Stool_4_asr_B.domtblout
k141_87207_1/24-251,k141_87207_1,296,76.6,1.3e-20,2.7,228,76.6,9.2e-24,1.3e-20,2.7,workflow/out/asr_HMMER/domtbl/Stool_4_asr_B.domtblout
k141_118640_8/26-252,k141_118640_8,295,76.5,1.4e-20,0.0,227,76.0,1.4e-23,2e-20,0.0,workflow/out/asr_HMMER/domtbl/Stool_4_asr_B.domtblout
k141_138210_60/26-252,k141_138210_60,297,75.8,2.4e-20,2.2,227,75.4,2.1e-23,3e-20,2.2,workflow/out/asr_HMMER/domtbl/Stool_4_asr_B.domtblout
k141_131119_52/25-244,k141_131119_52,279,75.2,3.6e-20,1.7,220,74.9,3.2e-23,4.5e-20,1.7,workflow/out/asr_HMMER/domtbl/Stool_4_asr_B.domtblout
k141_153769_41/18-267,k141_153769_41,312,74.9,4.6e-20,5.5,250,74.4,4.3e-23,6.1e-20,5.5,workflow/out/asr_HMMER/domtbl/Stool_4_asr_B.domtblout
k141_20689_36/25-244,k141_20689_36,284,72.6,2.2e-19,1.0,220,72.2,2.1e-22,2.9e-19,1.0,workflow/out/asr_HMMER/domtbl/Stool_4_asr_B.domtblout
k141_104943_2/16-151,k141_104943_2,152,71.5,4.7e-19,0.0,136,70.8,5.5e-22,7.8e-19,0.0,workflow/out/asr_HMMER/domtbl/Stool_4_asr_B.domtblout
k141_151823_45/21-239,k141_151823_45,247,71.4,5e-19,0.7,219,70.1,9.1e-22,1.3e-18,0.7,workflow/out/asr_HMMER/domtbl/Stool_4_asr_B.domtblout
k141_103544_8/26-251,k141_103544_8,296,71.2,6e-19,1.8,226,70.8,5.4e-22,7.7e-19,1.8,workflow/out/asr_HMMER/domtbl/Stool_4_asr_B.domtblout
k141_79965_17/4-249,k141_79965_17,256,71.0,6.8e-19,3.4,246,70.0,9.8e-22,1.4e-18,3.4,workflow/out/asr_HMMER/domtbl/Stool_4_asr_B.domtblout
k141_31069_2/32-256,k141_31069_2,263,70.8,7.6e-19,0.6,225,69.1,1.8e-21,2.6e-18,0.6,workflow/out/asr_HMMER/domtbl/Stool_4_asr_B.domtblout
k141_107629_2/26-243,k141_107629_2,281,70.8,7.9e-19,2.2,218,70.4,7.3e-22,1e-18,2.2,workflow/out/asr_HMMER/domtbl/Stool_4_asr_B.domtblout
k141_66924_7/26-243,k141_66924_7,282,70.5,9.8e-19,2.2,218,70.1,9.2e-22,1.3e-18,2.2,workflow/out/asr_HMMER/domtbl/Stool_4_asr_B.domtblout
k141_138777_4/31-254,k141_138777_4,261,70.3,1.1e-18,0.8,224,69.0,2e-21,2.9e-18,0.8,workflow/out/asr_HMMER/domtbl/Stool_4_asr_B.domtblout
k141_124935_19/14-262,k141_124935_19,269,70.1,1.3e-18,3.6,249,68.9,2.1e-21,2.9e-18,3.6,workflow/out/asr_HMMER/domtbl/Stool_4_asr_B.domtblout
k141_23502_204/20-240,k141_23502_204,248,70.0,1.4e-18,3.3,221,67.2,7.2e-21,1e-17,3.3,workflow/out/asr_HMMER/domtbl/Stool_4_asr_B.domtblout
k141_113663_27/27-245,k141_113663_27,284,69.7,1.7e-18,1.9,219,69.7,1.2e-21,1.7e-18,1.9,workflow/out/asr_HMMER/domtbl/Stool_4_asr_B.domtblout
k141_87091_4/26-243,k141_87091_4,282,69.2,2.5e-18,1.6,218,68.7,2.4e-21,3.3e-18,1.6,workflow/out/asr_HMMER/domtbl/Stool_4_asr_B.domtblout
k141_91870_3/27-252,k141_91870_3,297,69.1,2.6e-18,3.4,226,68.7,2.5e-21,3.5e-18,3.4,workflow/out/asr_HMMER/domtbl/Stool_4_asr_B.domtblout
k141_125927_12/31-159,k141_125927_12,243,69.0,2.9e-18,2.9,129,56.7,1.1e-17,1.5e-14,0.0,workflow/out/asr_HMMER/domtbl/Stool_4_asr_B.domtblout
k141_125927_12/202-235,k141_125927_12,243,69.0,2.9e-18,2.9,34,12.3,0.0004,0.57,1.0,workflow/out/asr_HMMER/domtbl/Stool_4_asr_B.domtblout
k141_43026_6/18-236,k141_43026_6,243,68.9,3.1e-18,0.0,219,68.2,3.5e-21,5e-18,0.0,workflow/out/asr_HMMER/domtbl/Stool_4_asr_B.domtblout
k141_21126_3/2-245,k141_21126_3,280,68.7,3.4e-18,0.0,244,68.4,3e-21,4.2e-18,0.0,workflow/out/asr_HMMER/domtbl/Stool_4_asr_B.domtblout
k141_40427_23/27-252,k141_40427_23,297,68.4,4.3e-18,1.5,226,67.9,4.3e-21,6.1e-18,1.5,workflow/out/asr_HMMER/domtbl/Stool_4_asr_B.domtblout
k141_71661_14/35-253,k141_71661_14,258,67.9,6.2e-18,2.3,219,66.3,1.4e-20,1.9e-17,2.3,workflow/out/asr_HMMER/domtbl/Stool_4_asr_B.domtblout
k141_10464_11/31-254,k141_10464_11,261,67.5,7.8e-18,0.4,224,66.1,1.6e-20,2.2e-17,0.4,workflow/out/asr_HMMER/domtbl/Stool_4_asr_B.domtblout
k141_72164_5/35-252,k141_72164_5,257,67.2,1e-17,2.4,218,64.1,6e-20,8.5e-17,2.4,workflow/out/asr_HMMER/domtbl/Stool_4_asr_B.domtblout
k141_150635_42/28-243,k141_150635_42,266,67.1,1e-17,3.7,216,66.7,9.7e-21,1.4e-17,3.7,workflow/out/asr_HMMER/domtbl/Stool_4_asr_B.domtblout
k141_140859_6/44-265,k141_140859_6,273,67.1,1.1e-17,0.8,222,65.5,2.2e-20,3.2e-17,0.8,workflow/out/asr_HMMER/domtbl/Stool_4_asr_B.domtblout
k141_120996_81/34-256,k141_120996_81,262,66.9,1.2e-17,0.1,223,66.6,1.1e-20,1.5e-17,0.1,workflow/out/asr_HMMER/domtbl/Stool_4_asr_B.domtblout
k141_143249_18/26-243,k141_143249_18,282,66.9,1.3e-17,2.5,218,66.4,1.2e-20,1.7e-17,2.5,workflow/out/asr_HMMER/domtbl/Stool_4_asr_B.domtblout
k141_134809_14/25-204,k141_134809_14,215,66.7,1.4e-17,0.2,180,66.4,1.3e-20,1.8e-17,0.2,workflow/out/asr_HMMER/domtbl/Stool_4_asr_B.domtblout
k141_34639_4/35-254,k141_34639_4,260,66.6,1.5e-17,0.0,220,66.2,1.4e-20,2e-17,0.0,workflow/out/asr_HMMER/domtbl/Stool_4_asr_B.domtblout
k141_37028_39/29-246,k141_37028_39,255,66.6,1.5e-17,4.1,218,66.3,1.3e-20,1.9e-17,4.1,workflow/out/asr_HMMER/domtbl/Stool_4_asr_B.domtblout
k141_81637_3/35-253,k141_81637_3,258,66.5,1.6e-17,1.5,219,64.6,4.3e-20,6.1e-17,1.5,workflow/out/asr_HMMER/domtbl/Stool_4_asr_B.domtblout
k141_3890_3/38-258,k141_3890_3,265,66.1,2.2e-17,0.9,221,64.7,3.9e-20,5.6e-17,0.9,workflow/out/asr_HMMER/domtbl/Stool_4_asr_B.domtblout
k141_135356_9/26-243,k141_135356_9,282,66.0,2.2e-17,2.4,218,65.6,2.1e-20,3e-17,2.4,workflow/out/asr_HMMER/domtbl/Stool_4_asr_B.domtblout
k141_7477_113/26-244,k141_7477_113,281,66.0,2.3e-17,1.6,219,65.6,2.1e-20,3e-17,1.6,workflow/out/asr_HMMER/domtbl/Stool_4_asr_B.domtblout
k141_62446_4/26-243,k141_62446_4,356,65.8,2.6e-17,3.3,218,65.4,2.5e-20,3.6e-17,3.3,workflow/out/asr_HMMER/domtbl/Stool_4_asr_B.domtblout
k141_127582_18/29-254,k141_127582_18,261,65.6,3.1e-17,0.9,226,63.9,6.9e-20,9.9e-17,0.9,workflow/out/asr_HMMER/domtbl/Stool_4_asr_B.domtblout
k141_54626_2/29-255,k141_54626_2,262,65.3,3.7e-17,0.9,227,63.6,8.9e-20,1.3e-16,0.9,workflow/out/asr_HMMER/domtbl/Stool_4_asr_B.domtblout
k141_122929_4/31-250,k141_122929_4,257,65.3,3.8e-17,4.0,220,62.2,2.4e-19,3.4e-16,4.0,workflow/out/asr_HMMER/domtbl/Stool_4_asr_B.domtblout
k141_97863_7/25-244,k141_97863_7,281,65.1,4.3e-17,1.0,220,64.7,4.1e-20,5.8e-17,1.0,workflow/out/asr_HMMER/domtbl/Stool_4_asr_B.domtblout
k141_144121_9/27-243,k141_144121_9,593,64.5,6.6e-17,3.2,217,64.5,4.6e-20,6.6e-17,3.2,workflow/out/asr_HMMER/domtbl/Stool_4_asr_B.domtblout
k141_19150_5/31-254,k141_19150_5,261,64.2,7.9e-17,0.6,224,62.6,1.8e-19,2.5e-16,0.6,workflow/out/asr_HMMER/domtbl/Stool_4_asr_B.domtblout
k141_140757_12/31-246,k141_140757_12,253,64.0,9.4e-17,4.4,216,63.3,1.1e-19,1.5e-16,4.4,workflow/out/asr_HMMER/domtbl/Stool_4_asr_B.domtblout
k141_87343_168/34-253,k141_87343_168,259,63.9,1e-16,0.0,220,63.5,9.7e-20,1.4e-16,0.0,workflow/out/asr_HMMER/domtbl/Stool_4_asr_B.domtblout
k141_78111_1/17-214,k141_78111_1,219,63.8,1.1e-16,2.6,198,62.1,2.5e-19,3.5e-16,2.6,workflow/out/asr_HMMER/domtbl/Stool_4_asr_B.domtblout
k141_14357_69/124-340,k141_14357_69,346,62.4,3e-16,0.2,217,61.8,3e-19,4.3e-16,0.2,workflow/out/asr_HMMER/domtbl/Stool_4_asr_B.domtblout
k141_12166_2/32-248,k141_12166_2,256,61.9,4e-16,3.2,217,60.4,8.3e-19,1.2e-15,3.2,workflow/out/asr_HMMER/domtbl/Stool_4_asr_B.domtblout
k141_92160_1/14-167,k141_92160_1,212,60.1,1.4e-15,1.9,154,59.7,1.3e-18,1.9e-15,1.9,workflow/out/asr_HMMER/domtbl/Stool_4_asr_B.domtblout
k141_88208_4/34-253,k141_88208_4,259,60.0,1.5e-15,0.0,220,59.6,1.5e-18,2.1e-15,0.0,workflow/out/asr_HMMER/domtbl/Stool_4_asr_B.domtblout
k141_27033_18/32-254,k141_27033_18,261,59.8,1.9e-15,0.7,223,58.2,3.9e-18,5.6e-15,0.7,workflow/out/asr_HMMER/domtbl/Stool_4_asr_B.domtblout
k141_73261_3/27-244,k141_73261_3,281,59.2,2.8e-15,1.7,218,58.8,2.6e-18,3.7e-15,1.7,workflow/out/asr_HMMER/domtbl/Stool_4_asr_B.domtblout
k141_19484_2/33-252,k141_19484_2,259,59.0,3.2e-15,0.8,220,56.5,1.2e-17,1.8e-14,0.8,workflow/out/asr_HMMER/domtbl/Stool_4_asr_B.domtblout
k141_16432_24/33-272,k141_16432_24,279,58.5,4.4e-15,0.9,240,56.8,1e-17,1.4e-14,0.9,workflow/out/asr_HMMER/domtbl/Stool_4_asr_B.domtblout
k141_89563_27/35-253,k141_89563_27,259,58.1,5.9e-15,0.1,219,57.6,5.9e-18,8.4e-15,0.1,workflow/out/asr_HMMER/domtbl/Stool_4_asr_B.domtblout
k141_20141_8/26-244,k141_20141_8,281,57.9,6.7e-15,3.6,219,57.5,6.2e-18,8.8e-15,3.6,workflow/out/asr_HMMER/domtbl/Stool_4_asr_B.domtblout
k141_52770_15/35-231,k141_52770_15,237,57.6,8.7e-15,3.5,197,56.3,1.4e-17,2e-14,3.5,workflow/out/asr_HMMER/domtbl/Stool_4_asr_B.domtblout
k141_118462_2/15-210,k141_118462_2,233,57.4,9.9e-15,2.6,196,57.0,9.3e-18,1.3e-14,2.6,workflow/out/asr_HMMER/domtbl/Stool_4_asr_B.domtblout
k141_43816_3/33-248,k141_43816_3,256,57.1,1.2e-14,4.6,216,55.4,2.9e-17,4.1e-14,4.6,workflow/out/asr_HMMER/domtbl/Stool_4_asr_B.domtblout
k141_119210_2/26-244,k141_119210_2,281,56.6,1.7e-14,3.4,219,56.2,1.6e-17,2.2e-14,3.4,workflow/out/asr_HMMER/domtbl/Stool_4_asr_B.domtblout
k141_157506_2/55-275,k141_157506_2,307,56.1,2.3e-14,1.5,221,55.7,2.2e-17,3.1e-14,1.5,workflow/out/asr_HMMER/domtbl/Stool_4_asr_B.domtblout
k141_11127_25/27-244,k141_11127_25,274,55.9,2.8e-14,2.2,218,55.5,2.6e-17,3.7e-14,2.2,workflow/out/asr_HMMER/domtbl/Stool_4_asr_B.domtblout
k141_48053_6/37-259,k141_48053_6,264,55.4,4e-14,0.0,223,55.0,3.6e-17,5.2e-14,0.0,workflow/out/asr_HMMER/domtbl/Stool_4_asr_B.domtblout
k141_145174_5/33-135,k141_145174_5,261,55.3,4.2e-14,1.1,103,28.3,5.2e-09,7.4e-06,0.0,workflow/out/asr_HMMER/domtbl/Stool_4_asr_B.domtblout
k141_145174_5/193-254,k141_145174_5,261,55.3,4.2e-14,1.1,62,24.7,6.4e-08,9.2e-05,1.5,workflow/out/asr_HMMER/domtbl/Stool_4_asr_B.domtblout
k141_76030_179/249-415,k141_76030_179,421,54.8,6e-14,0.6,167,53.5,1e-16,1.5e-13,0.0,workflow/out/asr_HMMER/domtbl/Stool_4_asr_B.domtblout
k141_29771_2/44-262,k141_29771_2,292,54.7,6.2e-14,3.6,219,54.4,5.5e-17,7.8e-14,3.6,workflow/out/asr_HMMER/domtbl/Stool_4_asr_B.domtblout
k141_69396_8/33-248,k141_69396_8,255,54.1,9.8e-14,4.1,216,52.9,1.6e-16,2.3e-13,4.1,workflow/out/asr_HMMER/domtbl/Stool_4_asr_B.domtblout
k141_106041_91/34-254,k141_106041_91,260,53.4,1.6e-13,2.9,221,52.7,1.9e-16,2.7e-13,2.9,workflow/out/asr_HMMER/domtbl/Stool_4_asr_B.domtblout
k141_68783_20/249-415,k141_68783_20,421,52.8,2.4e-13,1.2,167,52.0,3e-16,4.3e-13,0.0,workflow/out/asr_HMMER/domtbl/Stool_4_asr_B.domtblout
k141_106041_162/250-415,k141_106041_162,423,52.6,2.8e-13,0.3,166,50.7,7.5e-16,1.1e-12,0.0,workflow/out/asr_HMMER/domtbl/Stool_4_asr_B.domtblout
k141_111078_4/27-244,k141_111078_4,281,51.7,5.4e-13,3.8,218,51.3,5e-16,7.1e-13,3.8,workflow/out/asr_HMMER/domtbl/Stool_4_asr_B.domtblout
k141_153067_2/30-241,k141_153067_2,251,50.6,1.2e-12,7.5,212,47.9,5.2e-15,7.4e-12,7.5,workflow/out/asr_HMMER/domtbl/Stool_4_asr_B.domtblout
k141_145293_6/258-421,k141_145293_6,429,49.8,2e-12,0.3,164,47.1,9.7e-15,1.4e-11,0.0,workflow/out/asr_HMMER/domtbl/Stool_4_asr_B.domtblout
k141_86185_2/26-244,k141_86185_2,283,49.2,3.1e-12,1.1,219,48.8,2.9e-15,4.1e-12,1.1,workflow/out/asr_HMMER/domtbl/Stool_4_asr_B.domtblout
k141_44462_47/252-416,k141_44462_47,423,48.9,3.9e-12,1.5,165,48.3,4e-15,5.8e-12,0.0,workflow/out/asr_HMMER/domtbl/Stool_4_asr_B.domtblout
k141_21311_41/252-416,k141_21311_41,423,48.8,3.9e-12,0.5,165,47.2,8.7e-15,1.2e-11,0.0,workflow/out/asr_HMMER/domtbl/Stool_4_asr_B.domtblout
k141_4877_4/254-418,k141_4877_4,425,47.5,9.9e-12,1.1,165,46.9,1.1e-14,1.5e-11,0.0,workflow/out/asr_HMMER/domtbl/Stool_4_asr_B.domtblout
k141_143914_2/31-119,k141_143914_2,138,40.0,1.9e-09,0.0,89,39.9,1.4e-12,2.1e-09,0.0,workflow/out/asr_HMMER/domtbl/Stool_4_asr_B.domtblout
k141_46205_2/9-156,k141_46205_2,169,38.7,4.9e-09,0.0,148,38.4,4.3e-12,6.1e-09,0.0,workflow/out/asr_HMMER/domtbl/Stool_4_asr_B.domtblout
k141_7307_3/26-158,k141_7307_3,167,38.2,6.8e-09,0.2,133,38.1,5.3e-12,7.5e-09,0.2,workflow/out/asr_HMMER/domtbl/Stool_4_asr_B.domtblout
k141_25418_1/31-131,k141_25418_1,201,32.4,4e-07,0.0,101,32.0,3.8e-10,5.4e-07,0.0,workflow/out/asr_HMMER/domtbl/Stool_4_asr_B.domtblout
k141_105557_2/34-154,k141_105557_2,156,30.2,1.9e-06,0.0,121,30.1,1.4e-09,2e-06,0.0,workflow/out/asr_HMMER/domtbl/Stool_4_asr_B.domtblout
k141_716_3/6-149,k141_716_3,156,29.6,3e-06,1.9,144,28.3,5e-09,7.1e-06,1.9,workflow/out/asr_HMMER/domtbl/Stool_4_asr_B.domtblout
k141_178026_3/4-264,k141_178026_3,265,473.2,3.8e-141,3.5,261,473.1,2.9e-144,4.3e-141,3.5,workflow/out/asr_HMMER/domtbl/Capsule_9_asr_B.domtblout
k141_203286_3/3-262,k141_203286_3,263,434.5,2.5e-129,0.4,260,434.4,1.8e-132,2.8e-129,0.4,workflow/out/asr_HMMER/domtbl/Capsule_9_asr_B.domtblout
k141_248919_8/3-262,k141_248919_8,263,425.2,1.7e-126,0.4,260,425.1,1.3e-129,1.9e-126,0.4,workflow/out/asr_HMMER/domtbl/Capsule_9_asr_B.domtblout
k141_269458_4/5-264,k141_269458_4,265,420.2,5.7e-125,0.0,260,420.0,4.3e-128,6.4e-125,0.0,workflow/out/asr_HMMER/domtbl/Capsule_9_asr_B.domtblout
k141_237737_4/2-263,k141_237737_4,264,417.4,4.2e-124,2.9,262,417.2,3.2e-127,4.7e-124,2.9,workflow/out/asr_HMMER/domtbl/Capsule_9_asr_B.domtblout
k141_9629_11/3-270,k141_9629_11,271,387.9,4.1e-115,0.2,268,387.7,3.1e-118,4.7e-115,0.2,workflow/out/asr_HMMER/domtbl/Capsule_9_asr_B.domtblout
k141_1258_3/4-263,k141_1258_3,264,348.9,3.3e-103,0.4,260,348.7,2.5e-106,3.8e-103,0.4,workflow/out/asr_HMMER/domtbl/Capsule_9_asr_B.domtblout
k141_47448_7/4-263,k141_47448_7,264,331.8,5.3e-98,0.5,260,331.6,4e-101,6e-98,0.5,workflow/out/asr_HMMER/domtbl/Capsule_9_asr_B.domtblout
k141_47117_5/4-263,k141_47117_5,264,330.8,1.1e-97,0.2,260,330.6,8.7e-101,1.3e-97,0.2,workflow/out/asr_HMMER/domtbl/Capsule_9_asr_B.domtblout
k141_360167_3/34-299,k141_360167_3,304,230.8,3.5e-67,0.0,266,230.6,2.7e-70,4e-67,0.0,workflow/out/asr_HMMER/domtbl/Capsule_9_asr_B.domtblout
k141_249381_75/14-275,k141_249381_75,285,196.0,1.5e-56,0.2,262,195.8,1.1e-59,1.7e-56,0.2,workflow/out/asr_HMMER/domtbl/Capsule_9_asr_B.domtblout
k141_103291_15/13-273,k141_103291_15,285,193.7,7.5e-56,0.3,261,193.4,6e-59,9e-56,0.3,workflow/out/asr_HMMER/domtbl/Capsule_9_asr_B.domtblout
k141_94783_7/15-276,k141_94783_7,285,188.9,2.2e-54,0.3,262,188.6,1.8e-57,2.7e-54,0.3,workflow/out/asr_HMMER/domtbl/Capsule_9_asr_B.domtblout
k141_338308_1/8-274,k141_338308_1,283,187.3,6.8e-54,0.0,267,186.9,5.7e-57,8.4e-54,0.0,workflow/out/asr_HMMER/domtbl/Capsule_9_asr_B.domtblout
k141_90567_9/6-271,k141_90567_9,281,186.9,8.8e-54,0.0,266,186.7,6.9e-57,1e-53,0.0,workflow/out/asr_HMMER/domtbl/Capsule_9_asr_B.domtblout
k141_304192_2/15-273,k141_304192_2,285,185.0,3.3e-53,0.1,259,184.7,2.7e-56,4e-53,0.1,workflow/out/asr_HMMER/domtbl/Capsule_9_asr_B.domtblout
k141_243415_19/5-270,k141_243415_19,280,181.5,3.8e-52,0.0,266,181.2,3.1e-55,4.7e-52,0.0,workflow/out/asr_HMMER/domtbl/Capsule_9_asr_B.domtblout
k141_268172_1/8-272,k141_268172_1,279,180.6,7.5e-52,0.0,265,180.3,6e-55,9e-52,0.0,workflow/out/asr_HMMER/domtbl/Capsule_9_asr_B.domtblout
k141_149766_4/8-272,k141_149766_4,279,180.3,9e-52,0.0,265,180.0,7.3e-55,1.1e-51,0.0,workflow/out/asr_HMMER/domtbl/Capsule_9_asr_B.domtblout
k141_95220_2/15-279,k141_95220_2,285,180.3,9.2e-52,0.3,265,179.8,8.6e-55,1.3e-51,0.3,workflow/out/asr_HMMER/domtbl/Capsule_9_asr_B.domtblout
k141_319099_3/15-279,k141_319099_3,285,180.0,1.1e-51,0.2,265,179.5,1e-54,1.6e-51,0.2,workflow/out/asr_HMMER/domtbl/Capsule_9_asr_B.domtblout
k141_288997_3/16-279,k141_288997_3,285,179.8,1.3e-51,0.4,264,179.3,1.2e-54,1.8e-51,0.4,workflow/out/asr_HMMER/domtbl/Capsule_9_asr_B.domtblout
k141_59619_91/160-426,k141_59619_91,431,165.2,3.6e-47,0.0,267,164.9,3e-50,4.4e-47,0.0,workflow/out/asr_HMMER/domtbl/Capsule_9_asr_B.domtblout
k141_189213_9/405-631,k141_189213_9,640,160.5,9.7e-46,0.0,227,160.0,9.7e-49,1.4e-45,0.0,workflow/out/asr_HMMER/domtbl/Capsule_9_asr_B.domtblout
k141_353026_12/404-663,k141_353026_12,672,151.6,5e-43,0.0,260,151.1,5e-46,7.5e-43,0.0,workflow/out/asr_HMMER/domtbl/Capsule_9_asr_B.domtblout
k141_374466_1/30-243,k141_374466_1,244,151.2,7e-43,0.0,214,151.0,5.4e-46,8e-43,0.0,workflow/out/asr_HMMER/domtbl/Capsule_9_asr_B.domtblout
k141_136330_13/404-663,k141_136330_13,672,150.6,1.1e-42,0.0,260,149.9,1.1e-45,1.6e-42,0.0,workflow/out/asr_HMMER/domtbl/Capsule_9_asr_B.domtblout
k141_10165_3/1-118,k141_10165_3,123,114.5,1.1e-31,0.1,118,114.3,8.1e-35,1.2e-31,0.1,workflow/out/asr_HMMER/domtbl/Capsule_9_asr_B.domtblout
k141_371900_141/25-252,k141_371900_141,295,93.7,2.4e-25,0.6,228,93.3,2.1e-28,3.1e-25,0.6,workflow/out/asr_HMMER/domtbl/Capsule_9_asr_B.domtblout
k141_243322_2/25-252,k141_243322_2,295,92.5,5.6e-25,0.5,228,92.1,5e-28,7.5e-25,0.5,workflow/out/asr_HMMER/domtbl/Capsule_9_asr_B.domtblout
k141_140455_37/25-252,k141_140455_37,295,91.6,1e-24,0.3,228,91.2,9.4e-28,1.4e-24,0.3,workflow/out/asr_HMMER/domtbl/Capsule_9_asr_B.domtblout
k141_311883_3/25-251,k141_311883_3,296,88.6,8.3e-24,2.3,227,88.3,7.3e-27,1.1e-23,2.3,workflow/out/asr_HMMER/domtbl/Capsule_9_asr_B.domtblout
k141_42000_11/25-251,k141_42000_11,296,88.5,9.5e-24,2.5,227,88.1,8.2e-27,1.2e-23,2.5,workflow/out/asr_HMMER/domtbl/Capsule_9_asr_B.domtblout
k141_187608_2/25-251,k141_187608_2,296,87.9,1.4e-23,2.6,227,87.5,1.2e-26,1.8e-23,2.6,workflow/out/asr_HMMER/domtbl/Capsule_9_asr_B.domtblout
k141_368395_69/25-251,k141_368395_69,296,87.9,1.4e-23,2.7,227,87.2,1.5e-26,2.2e-23,2.7,workflow/out/asr_HMMER/domtbl/Capsule_9_asr_B.domtblout
k141_267188_12/25-252,k141_267188_12,297,86.5,3.9e-23,1.0,228,86.1,3.2e-26,4.8e-23,1.0,workflow/out/asr_HMMER/domtbl/Capsule_9_asr_B.domtblout
k141_251160_3/10-236,k141_251160_3,281,85.9,5.5e-23,2.3,227,85.5,5e-26,7.5e-23,2.3,workflow/out/asr_HMMER/domtbl/Capsule_9_asr_B.domtblout
k141_163432_37/25-252,k141_163432_37,295,85.5,7.8e-23,0.3,228,85.1,6.7e-26,1e-22,0.3,workflow/out/asr_HMMER/domtbl/Capsule_9_asr_B.domtblout
k141_344620_39/32-249,k141_344620_39,256,84.8,1.2e-22,0.6,218,84.4,1.1e-25,1.6e-22,0.6,workflow/out/asr_HMMER/domtbl/Capsule_9_asr_B.domtblout
k141_251945_5/27-251,k141_251945_5,296,84.6,1.5e-22,1.6,225,84.2,1.3e-25,1.9e-22,1.6,workflow/out/asr_HMMER/domtbl/Capsule_9_asr_B.domtblout
k141_269065_6/19-239,k141_269065_6,246,84.4,1.7e-22,5.9,221,84.0,1.4e-25,2.2e-22,5.9,workflow/out/asr_HMMER/domtbl/Capsule_9_asr_B.domtblout
k141_303673_3/25-252,k141_303673_3,295,84.0,2.2e-22,3.6,228,83.6,1.9e-25,2.9e-22,3.6,workflow/out/asr_HMMER/domtbl/Capsule_9_asr_B.domtblout
k141_147267_3/33-244,k141_147267_3,251,83.8,2.4e-22,1.2,212,83.4,2.2e-25,3.2e-22,1.2,workflow/out/asr_HMMER/domtbl/Capsule_9_asr_B.domtblout
k141_229754_18/26-251,k141_229754_18,296,83.8,2.5e-22,4.9,226,83.8,1.7e-25,2.5e-22,4.9,workflow/out/asr_HMMER/domtbl/Capsule_9_asr_B.domtblout
k141_237589_20/30-250,k141_237589_20,256,83.6,2.9e-22,2.1,221,82.4,4.4e-25,6.5e-22,2.1,workflow/out/asr_HMMER/domtbl/Capsule_9_asr_B.domtblout
k141_226262_128/27-252,k141_226262_128,297,82.3,7e-22,3.0,226,81.9,6.2e-25,9.3e-22,3.0,workflow/out/asr_HMMER/domtbl/Capsule_9_asr_B.domtblout
k141_61865_2/33-249,k141_61865_2,255,81.8,1e-21,0.5,217,81.5,8.6e-25,1.3e-21,0.5,workflow/out/asr_HMMER/domtbl/Capsule_9_asr_B.domtblout
k141_344541_64/26-251,k141_344541_64,296,81.3,1.4e-21,2.5,226,81.3,9.4e-25,1.4e-21,2.5,workflow/out/asr_HMMER/domtbl/Capsule_9_asr_B.domtblout
k141_23576_9/32-244,k141_23576_9,251,81.2,1.5e-21,0.0,213,80.9,1.3e-24,2e-21,0.0,workflow/out/asr_HMMER/domtbl/Capsule_9_asr_B.domtblout
k141_220109_2/26-252,k141_220109_2,294,81.1,1.6e-21,1.7,227,80.8,1.4e-24,2.1e-21,1.7,workflow/out/asr_HMMER/domtbl/Capsule_9_asr_B.domtblout
k141_130963_198/26-252,k141_130963_198,295,80.7,2.2e-21,2.1,227,80.3,1.9e-24,2.9e-21,2.1,workflow/out/asr_HMMER/domtbl/Capsule_9_asr_B.domtblout
k141_339556_126/31-249,k141_339556_126,258,80.3,3e-21,3.3,219,79.9,2.7e-24,4e-21,3.3,workflow/out/asr_HMMER/domtbl/Capsule_9_asr_B.domtblout
k141_325565_4/26-251,k141_325565_4,296,80.2,3.2e-21,1.7,226,79.7,2.9e-24,4.3e-21,1.7,workflow/out/asr_HMMER/domtbl/Capsule_9_asr_B.domtblout
k141_265768_14/27-251,k141_265768_14,294,79.7,4.6e-21,1.9,225,79.2,4.1e-24,6.1e-21,1.9,workflow/out/asr_HMMER/domtbl/Capsule_9_asr_B.domtblout
k141_241744_1/26-244,k141_241744_1,281,79.2,6.1e-21,0.3,219,78.8,5.6e-24,8.3e-21,0.3,workflow/out/asr_HMMER/domtbl/Capsule_9_asr_B.domtblout
k141_91262_2/29-251,k141_91262_2,296,79.1,7e-21,4.2,223,78.6,6.5e-24,9.7e-21,4.2,workflow/out/asr_HMMER/domtbl/Capsule_9_asr_B.domtblout
k141_250074_4/26-252,k141_250074_4,295,78.4,1.1e-20,0.0,227,78.0,9.9e-24,1.5e-20,0.0,workflow/out/asr_HMMER/domtbl/Capsule_9_asr_B.domtblout
k141_77151_2/26-252,k141_77151_2,294,78.2,1.3e-20,3.5,227,77.7,1.2e-23,1.7e-20,3.5,workflow/out/asr_HMMER/domtbl/Capsule_9_asr_B.domtblout
k141_213320_2/27-251,k141_213320_2,293,78.0,1.4e-20,1.3,225,77.6,1.3e-23,1.9e-20,1.3,workflow/out/asr_HMMER/domtbl/Capsule_9_asr_B.domtblout
k141_346468_8/27-251,k141_346468_8,293,77.2,2.5e-20,2.3,225,76.8,2.3e-23,3.4e-20,2.3,workflow/out/asr_HMMER/domtbl/Capsule_9_asr_B.domtblout
k141_268056_16/25-251,k141_268056_16,296,76.6,3.8e-20,2.2,227,76.3,3.2e-23,4.8e-20,2.2,workflow/out/asr_HMMER/domtbl/Capsule_9_asr_B.domtblout
k141_226696_5/24-251,k141_226696_5,296,76.6,3.8e-20,2.7,228,76.6,2.6e-23,3.8e-20,2.7,workflow/out/asr_HMMER/domtbl/Capsule_9_asr_B.domtblout
k141_233415_4/25-252,k141_233415_4,294,76.0,6.1e-20,3.6,228,76.0,4.1e-23,6.1e-20,3.6,workflow/out/asr_HMMER/domtbl/Capsule_9_asr_B.domtblout
k141_233918_27/27-256,k141_233918_27,297,75.7,7.2e-20,3.6,230,75.3,6.4e-23,9.5e-20,3.6,workflow/out/asr_HMMER/domtbl/Capsule_9_asr_B.domtblout
k141_207980_4/6-217,k141_207980_4,221,75.3,9.7e-20,0.0,212,74.1,1.5e-22,2.3e-19,0.0,workflow/out/asr_HMMER/domtbl/Capsule_9_asr_B.domtblout
k141_198088_1/41-260,k141_198088_1,267,75.1,1.1e-19,0.1,220,74.7,9.7e-23,1.4e-19,0.1,workflow/out/asr_HMMER/domtbl/Capsule_9_asr_B.domtblout
k141_192482_210/37-256,k141_192482_210,260,75.0,1.2e-19,0.0,220,74.5,1.1e-22,1.7e-19,0.0,workflow/out/asr_HMMER/domtbl/Capsule_9_asr_B.domtblout
k141_69131_75/25-251,k141_69131_75,296,75.0,1.2e-19,3.4,227,74.7,1e-22,1.5e-19,3.4,workflow/out/asr_HMMER/domtbl/Capsule_9_asr_B.domtblout
k141_227143_2/27-252,k141_227143_2,297,74.7,1.5e-19,3.3,226,74.2,1.4e-22,2.1e-19,3.3,workflow/out/asr_HMMER/domtbl/Capsule_9_asr_B.domtblout
k141_289212_2/27-252,k141_289212_2,297,74.1,2.3e-19,2.3,226,73.7,2.1e-22,3.1e-19,2.3,workflow/out/asr_HMMER/domtbl/Capsule_9_asr_B.domtblout
k141_279928_33/25-244,k141_279928_33,296,74.0,2.4e-19,0.1,220,73.6,2.2e-22,3.3e-19,0.1,workflow/out/asr_HMMER/domtbl/Capsule_9_asr_B.domtblout
k141_57641_40/34-251,k141_57641_40,259,73.6,3.2e-19,0.3,218,73.2,2.8e-22,4.2e-19,0.3,workflow/out/asr_HMMER/domtbl/Capsule_9_asr_B.domtblout
k141_69698_63/18-267,k141_69698_63,312,73.4,3.6e-19,5.2,250,73.0,3.3e-22,4.9e-19,5.2,workflow/out/asr_HMMER/domtbl/Capsule_9_asr_B.domtblout
k141_327523_87/26-252,k141_327523_87,295,72.8,5.8e-19,3.8,227,72.4,5e-22,7.5e-19,3.8,workflow/out/asr_HMMER/domtbl/Capsule_9_asr_B.domtblout
k141_8972_6/26-244,k141_8972_6,248,72.4,7.4e-19,1.9,219,71.5,9.7e-22,1.4e-18,1.9,workflow/out/asr_HMMER/domtbl/Capsule_9_asr_B.domtblout
k141_270839_28/2-245,k141_270839_28,280,72.3,8.1e-19,0.1,244,72.0,6.6e-22,9.8e-19,0.1,workflow/out/asr_HMMER/domtbl/Capsule_9_asr_B.domtblout
k141_343054_20/25-251,k141_343054_20,287,72.3,8.1e-19,0.0,227,71.8,7.5e-22,1.1e-18,0.0,workflow/out/asr_HMMER/domtbl/Capsule_9_asr_B.domtblout
k141_102840_59/21-239,k141_102840_59,247,72.1,9.1e-19,1.8,219,70.6,1.8e-21,2.7e-18,1.8,workflow/out/asr_HMMER/domtbl/Capsule_9_asr_B.domtblout
k141_211575_54/25-244,k141_211575_54,282,72.0,1e-18,1.6,220,71.6,8.6e-22,1.3e-18,1.6,workflow/out/asr_HMMER/domtbl/Capsule_9_asr_B.domtblout
k141_355568_2/33-250,k141_355568_2,254,71.9,1.1e-18,0.1,218,71.5,9.5e-22,1.4e-18,0.1,workflow/out/asr_HMMER/domtbl/Capsule_9_asr_B.domtblout
k141_213004_2/27-251,k141_213004_2,296,71.8,1.1e-18,1.8,225,71.1,1.2e-21,1.8e-18,1.8,workflow/out/asr_HMMER/domtbl/Capsule_9_asr_B.domtblout
k141_321792_19/8-239,k141_321792_19,247,71.8,1.2e-18,1.4,232,70.1,2.5e-21,3.8e-18,1.4,workflow/out/asr_HMMER/domtbl/Capsule_9_asr_B.domtblout
k141_28658_5/26-247,k141_28658_5,282,71.4,1.5e-18,0.8,222,71.1,1.3e-21,1.9e-18,0.8,workflow/out/asr_HMMER/domtbl/Capsule_9_asr_B.domtblout
k141_144046_61/26-255,k141_144046_61,263,71.4,1.5e-18,0.1,230,70.8,1.5e-21,2.3e-18,0.1,workflow/out/asr_HMMER/domtbl/Capsule_9_asr_B.domtblout
k141_226284_13/26-252,k141_226284_13,295,71.3,1.6e-18,0.0,227,70.9,1.5e-21,2.2e-18,0.0,workflow/out/asr_HMMER/domtbl/Capsule_9_asr_B.domtblout
k141_121627_2/26-244,k141_121627_2,281,71.3,1.7e-18,1.9,219,70.9,1.5e-21,2.2e-18,1.9,workflow/out/asr_HMMER/domtbl/Capsule_9_asr_B.domtblout
k141_183946_59/26-251,k141_183946_59,296,71.2,1.7e-18,1.8,226,70.8,1.5e-21,2.2e-18,1.8,workflow/out/asr_HMMER/domtbl/Capsule_9_asr_B.domtblout
k141_10170_21/29-250,k141_10170_21,258,71.2,1.8e-18,0.1,222,70.8,1.5e-21,2.3e-18,0.1,workflow/out/asr_HMMER/domtbl/Capsule_9_asr_B.domtblout
k141_320692_51/30-236,k141_320692_51,243,71.2,1.8e-18,0.0,207,70.3,2.2e-21,3.3e-18,0.0,workflow/out/asr_HMMER/domtbl/Capsule_9_asr_B.domtblout
k141_216952_11/29-252,k141_216952_11,259,71.1,1.9e-18,0.2,224,70.0,2.7e-21,4e-18,0.2,workflow/out/asr_HMMER/domtbl/Capsule_9_asr_B.domtblout
k141_227629_5/30-247,k141_227629_5,256,71.1,1.9e-18,0.0,218,70.7,1.7e-21,2.5e-18,0.0,workflow/out/asr_HMMER/domtbl/Capsule_9_asr_B.domtblout
k141_71993_2/4-249,k141_71993_2,256,71.0,2e-18,3.1,246,70.0,2.7e-21,4.1e-18,3.1,workflow/out/asr_HMMER/domtbl/Capsule_9_asr_B.domtblout
k141_201692_4/32-256,k141_201692_4,263,70.8,2.2e-18,0.6,225,69.1,5.1e-21,7.5e-18,0.6,workflow/out/asr_HMMER/domtbl/Capsule_9_asr_B.domtblout
k141_213644_10/26-251,k141_213644_10,296,70.4,3.1e-18,1.0,226,69.9,2.8e-21,4.2e-18,1.0,workflow/out/asr_HMMER/domtbl/Capsule_9_asr_B.domtblout
k141_46141_25/31-254,k141_46141_25,261,70.3,3.2e-18,0.8,224,69.0,5.7e-21,8.4e-18,0.8,workflow/out/asr_HMMER/domtbl/Capsule_9_asr_B.domtblout
k141_265059_62/26-252,k141_265059_62,294,70.3,3.3e-18,3.8,227,69.9,2.9e-21,4.3e-18,3.8,workflow/out/asr_HMMER/domtbl/Capsule_9_asr_B.domtblout
k141_262791_58/40-260,k141_262791_58,267,70.1,3.7e-18,0.7,221,69.3,4.5e-21,6.7e-18,0.7,workflow/out/asr_HMMER/domtbl/Capsule_9_asr_B.domtblout
k141_261410_15/4-249,k141_261410_15,256,70.1,3.9e-18,3.1,246,68.9,5.7e-21,8.6e-18,3.1,workflow/out/asr_HMMER/domtbl/Capsule_9_asr_B.domtblout
k141_126076_30/28-250,k141_126076_30,256,70.1,3.9e-18,2.4,223,68.0,1.1e-20,1.7e-17,2.4,workflow/out/asr_HMMER/domtbl/Capsule_9_asr_B.domtblout
k141_4862_144/20-240,k141_4862_144,248,70.0,4.1e-18,3.3,221,67.2,2e-20,3e-17,3.3,workflow/out/asr_HMMER/domtbl/Capsule_9_asr_B.domtblout
k141_50449_8/26-244,k141_50449_8,282,69.9,4.4e-18,1.5,219,69.5,3.9e-21,5.8e-18,1.5,workflow/out/asr_HMMER/domtbl/Capsule_9_asr_B.domtblout
k141_229368_42/27-245,k141_229368_42,284,69.7,5e-18,1.9,219,69.7,3.3e-21,5e-18,1.9,workflow/out/asr_HMMER/domtbl/Capsule_9_asr_B.domtblout
k141_365109_14/31-254,k141_365109_14,261,69.7,5.1e-18,0.6,224,68.0,1.1e-20,1.7e-17,0.6,workflow/out/asr_HMMER/domtbl/Capsule_9_asr_B.domtblout
k141_154885_6/30-249,k141_154885_6,255,69.4,6.3e-18,2.4,220,68.1,9.9e-21,1.5e-17,2.4,workflow/out/asr_HMMER/domtbl/Capsule_9_asr_B.domtblout
k141_349370_4/30-247,k141_349370_4,254,69.3,6.4e-18,0.2,218,68.8,6.3e-21,9.4e-18,0.2,workflow/out/asr_HMMER/domtbl/Capsule_9_asr_B.domtblout
k141_298199_92/40-252,k141_298199_92,260,69.2,7.2e-18,0.0,213,68.8,6.5e-21,9.6e-18,0.0,workflow/out/asr_HMMER/domtbl/Capsule_9_asr_B.domtblout
k141_324281_5/27-252,k141_324281_5,297,69.1,7.5e-18,3.4,226,68.7,6.8e-21,1e-17,3.4,workflow/out/asr_HMMER/domtbl/Capsule_9_asr_B.domtblout
k141_219859_20/28-243,k141_219859_20,266,69.1,7.7e-18,3.6,216,68.7,7e-21,1e-17,3.6,workflow/out/asr_HMMER/domtbl/Capsule_9_asr_B.domtblout
k141_317486_2/27-252,k141_317486_2,297,69.0,8e-18,2.6,226,68.6,7.3e-21,1.1e-17,2.6,workflow/out/asr_HMMER/domtbl/Capsule_9_asr_B.domtblout
k141_242826_47/29-254,k141_242826_47,261,69.0,8.3e-18,0.9,226,67.4,1.7e-20,2.5e-17,0.9,workflow/out/asr_HMMER/domtbl/Capsule_9_asr_B.domtblout
k141_152328_25/27-252,k141_152328_25,297,68.8,9.2e-18,1.5,226,68.3,8.9e-21,1.3e-17,1.5,workflow/out/asr_HMMER/domtbl/Capsule_9_asr_B.domtblout
k141_298543_2/26-243,k141_298543_2,282,68.8,9.3e-18,1.4,218,68.4,8.3e-21,1.2e-17,1.4,workflow/out/asr_HMMER/domtbl/Capsule_9_asr_B.domtblout
k141_103575_5/24-244,k141_103575_5,281,68.8,9.7e-18,2.7,221,68.4,8.3e-21,1.2e-17,2.7,workflow/out/asr_HMMER/domtbl/Capsule_9_asr_B.domtblout
k141_245273_20/31-256,k141_245273_20,261,68.7,9.8e-18,0.1,226,67.3,1.8e-20,2.6e-17,0.1,workflow/out/asr_HMMER/domtbl/Capsule_9_asr_B.domtblout
k141_145735_4/33-257,k141_145735_4,264,68.7,9.9e-18,0.4,225,67.1,2.1e-20,3.1e-17,0.4,workflow/out/asr_HMMER/domtbl/Capsule_9_asr_B.domtblout
k141_227334_37/2-245,k141_227334_37,280,68.7,1e-17,0.0,244,68.4,8.3e-21,1.2e-17,0.0,workflow/out/asr_HMMER/domtbl/Capsule_9_asr_B.domtblout
k141_273183_131/28-243,k141_273183_131,266,68.6,1e-17,3.4,216,68.2,9.4e-21,1.4e-17,3.4,workflow/out/asr_HMMER/domtbl/Capsule_9_asr_B.domtblout
k141_64199_7/27-248,k141_64199_7,256,68.3,1.3e-17,3.6,222,66.3,3.7e-20,5.5e-17,3.6,workflow/out/asr_HMMER/domtbl/Capsule_9_asr_B.domtblout
k141_138869_2/24-244,k141_138869_2,283,68.3,1.4e-17,2.2,221,67.9,1.2e-20,1.8e-17,2.2,workflow/out/asr_HMMER/domtbl/Capsule_9_asr_B.domtblout
k141_328879_72/31-249,k141_328879_72,258,68.2,1.5e-17,0.2,219,67.8,1.3e-20,1.9e-17,0.2,workflow/out/asr_HMMER/domtbl/Capsule_9_asr_B.domtblout
k141_323231_19/31-254,k141_323231_19,261,68.1,1.5e-17,0.5,224,66.6,2.9e-20,4.4e-17,0.5,workflow/out/asr_HMMER/domtbl/Capsule_9_asr_B.domtblout
k141_124671_2/26-255,k141_124671_2,262,68.1,1.6e-17,3.0,230,67.1,2.1e-20,3.2e-17,3.0,workflow/out/asr_HMMER/domtbl/Capsule_9_asr_B.domtblout
k141_84887_91/28-243,k141_84887_91,266,68.1,1.6e-17,3.7,216,67.7,1.4e-20,2.1e-17,3.7,workflow/out/asr_HMMER/domtbl/Capsule_9_asr_B.domtblout
k141_147267_58/26-244,k141_147267_58,281,67.9,1.7e-17,1.6,219,67.5,1.5e-20,2.3e-17,1.6,workflow/out/asr_HMMER/domtbl/Capsule_9_asr_B.domtblout
k141_267652_2/7-225,k141_267652_2,231,67.5,2.3e-17,0.0,219,67.1,2.1e-20,3.1e-17,0.0,workflow/out/asr_HMMER/domtbl/Capsule_9_asr_B.domtblout
k141_53979_15/31-237,k141_53979_15,245,67.4,2.5e-17,5.1,207,65.6,6.1e-20,9.1e-17,5.1,workflow/out/asr_HMMER/domtbl/Capsule_9_asr_B.domtblout
k141_4716_6/28-243,k141_4716_6,266,67.4,2.6e-17,3.5,216,66.9,2.3e-20,3.5e-17,3.5,workflow/out/asr_HMMER/domtbl/Capsule_9_asr_B.domtblout
k141_345181_2/34-254,k141_345181_2,261,67.4,2.6e-17,0.1,221,66.2,4e-20,6e-17,0.1,workflow/out/asr_HMMER/domtbl/Capsule_9_asr_B.domtblout
k141_255953_101/28-246,k141_255953_101,284,67.1,3.2e-17,0.3,219,66.7,2.8e-20,4.2e-17,0.3,workflow/out/asr_HMMER/domtbl/Capsule_9_asr_B.domtblout
k141_188624_59/29-246,k141_188624_59,255,66.9,3.5e-17,4.1,218,66.6,2.9e-20,4.4e-17,4.1,workflow/out/asr_HMMER/domtbl/Capsule_9_asr_B.domtblout
k141_216146_9/32-258,k141_216146_9,264,66.8,3.9e-17,0.1,227,64.5,1.3e-19,1.9e-16,0.1,workflow/out/asr_HMMER/domtbl/Capsule_9_asr_B.domtblout
k141_124891_10/28-246,k141_124891_10,284,66.8,4e-17,0.5,219,66.4,3.5e-20,5.2e-17,0.5,workflow/out/asr_HMMER/domtbl/Capsule_9_asr_B.domtblout
k141_58089_22/34-256,k141_58089_22,262,66.7,4.1e-17,0.1,223,66.3,3.6e-20,5.3e-17,0.1,workflow/out/asr_HMMER/domtbl/Capsule_9_asr_B.domtblout
k141_115095_2/34-253,k141_115095_2,259,66.6,4.3e-17,0.0,220,66.2,3.9e-20,5.8e-17,0.0,workflow/out/asr_HMMER/domtbl/Capsule_9_asr_B.domtblout
k141_70340_2/26-243,k141_70340_2,764,66.6,4.3e-17,3.9,218,65.1,8.2e-20,1.2e-16,3.9,workflow/out/asr_HMMER/domtbl/Capsule_9_asr_B.domtblout
k141_117873_49/29-254,k141_117873_49,261,66.6,4.5e-17,0.8,226,65.7,5.7e-20,8.5e-17,0.8,workflow/out/asr_HMMER/domtbl/Capsule_9_asr_B.domtblout
k141_327248_2/28-246,k141_327248_2,285,66.5,4.7e-17,0.5,219,66.0,4.5e-20,6.8e-17,0.5,workflow/out/asr_HMMER/domtbl/Capsule_9_asr_B.domtblout
k141_25375_13/34-252,k141_25375_13,260,66.5,4.8e-17,0.1,219,66.0,4.5e-20,6.7e-17,0.1,workflow/out/asr_HMMER/domtbl/Capsule_9_asr_B.domtblout
k141_151560_30/30-248,k141_151560_30,256,66.2,5.7e-17,0.2,219,64.9,9.9e-20,1.5e-16,0.2,workflow/out/asr_HMMER/domtbl/Capsule_9_asr_B.domtblout
k141_317811_19/29-255,k141_317811_19,262,66.1,6.1e-17,1.1,227,64.5,1.3e-19,1.9e-16,1.1,workflow/out/asr_HMMER/domtbl/Capsule_9_asr_B.domtblout
k141_363795_20/37-253,k141_363795_20,260,65.9,7e-17,0.9,217,64.9,9.7e-20,1.4e-16,0.9,workflow/out/asr_HMMER/domtbl/Capsule_9_asr_B.domtblout
k141_104278_21/29-254,k141_104278_21,261,65.5,9.7e-17,0.9,226,64.0,1.8e-19,2.7e-16,0.9,workflow/out/asr_HMMER/domtbl/Capsule_9_asr_B.domtblout
k141_143677_85/25-245,k141_143677_85,281,65.4,1e-16,0.8,221,64.9,9.5e-20,1.4e-16,0.8,workflow/out/asr_HMMER/domtbl/Capsule_9_asr_B.domtblout
k141_373532_3/12-237,k141_373532_3,245,65.4,1e-16,1.0,226,64.2,1.6e-19,2.4e-16,1.0,workflow/out/asr_HMMER/domtbl/Capsule_9_asr_B.domtblout
k141_296133_4/30-246,k141_296133_4,278,65.4,1e-16,1.3,217,65.0,8.8e-20,1.3e-16,1.3,workflow/out/asr_HMMER/domtbl/Capsule_9_asr_B.domtblout
k141_303323_4/31-250,k141_303323_4,257,65.3,1.1e-16,4.0,220,62.2,6.6e-19,9.9e-16,4.0,workflow/out/asr_HMMER/domtbl/Capsule_9_asr_B.domtblout
k141_154456_5/35-231,k141_154456_5,237,65.3,1.1e-16,0.0,197,64.7,1.1e-19,1.7e-16,0.0,workflow/out/asr_HMMER/domtbl/Capsule_9_asr_B.domtblout
k141_282806_3/25-244,k141_282806_3,281,65.1,1.2e-16,1.0,220,64.7,1.1e-19,1.7e-16,1.0,workflow/out/asr_HMMER/domtbl/Capsule_9_asr_B.domtblout
k141_206250_9/26-243,k141_206250_9,782,65.0,1.4e-16,2.8,218,65.0,9.3e-20,1.4e-16,2.8,workflow/out/asr_HMMER/domtbl/Capsule_9_asr_B.domtblout
k141_18850_1/13-210,k141_18850_1,215,64.8,1.6e-16,2.8,198,63.3,3e-19,4.5e-16,2.8,workflow/out/asr_HMMER/domtbl/Capsule_9_asr_B.domtblout
k141_166065_2/25-248,k141_166065_2,298,64.7,1.7e-16,1.4,224,64.2,1.6e-19,2.3e-16,1.4,workflow/out/asr_HMMER/domtbl/Capsule_9_asr_B.domtblout
k141_296928_23/28-246,k141_296928_23,280,64.5,1.9e-16,0.1,219,64.0,1.8e-19,2.6e-16,0.1,workflow/out/asr_HMMER/domtbl/Capsule_9_asr_B.domtblout
k141_178054_2/24-244,k141_178054_2,281,64.4,2e-16,3.5,221,64.0,1.8e-19,2.7e-16,3.5,workflow/out/asr_HMMER/domtbl/Capsule_9_asr_B.domtblout
k141_353608_7/31-236,k141_353608_7,244,64.2,2.4e-16,0.9,206,61.0,1.5e-18,2.2e-15,0.9,workflow/out/asr_HMMER/domtbl/Capsule_9_asr_B.domtblout
k141_265646_36/27-243,k141_265646_36,764,63.9,3e-16,5.0,217,63.8,2.2e-19,3.2e-16,3.2,workflow/out/asr_HMMER/domtbl/Capsule_9_asr_B.domtblout
k141_348405_4/26-243,k141_348405_4,767,63.7,3.3e-16,4.2,218,62.5,5.2e-19,7.8e-16,4.2,workflow/out/asr_HMMER/domtbl/Capsule_9_asr_B.domtblout
k141_190580_3/26-243,k141_190580_3,767,63.6,3.6e-16,3.7,218,62.2,6.5e-19,9.6e-16,3.7,workflow/out/asr_HMMER/domtbl/Capsule_9_asr_B.domtblout
k141_116806_3/26-243,k141_116806_3,767,63.6,3.6e-16,3.6,218,62.2,6.5e-19,9.8e-16,3.6,workflow/out/asr_HMMER/domtbl/Capsule_9_asr_B.domtblout
k141_337851_2/37-248,k141_337851_2,257,63.6,3.7e-16,1.5,212,62.0,7.5e-19,1.1e-15,1.5,workflow/out/asr_HMMER/domtbl/Capsule_9_asr_B.domtblout
k141_78673_40/34-254,k141_78673_40,261,63.4,4.1e-16,0.2,221,62.2,6.6e-19,9.8e-16,0.2,workflow/out/asr_HMMER/domtbl/Capsule_9_asr_B.domtblout
k141_132115_5/35-253,k141_132115_5,258,63.4,4.3e-16,1.7,219,61.3,1.2e-18,1.8e-15,1.7,workflow/out/asr_HMMER/domtbl/Capsule_9_asr_B.domtblout
k141_213782_164/25-245,k141_213782_164,282,63.3,4.6e-16,0.6,221,62.9,4.1e-19,6.1e-16,0.6,workflow/out/asr_HMMER/domtbl/Capsule_9_asr_B.domtblout
k141_267120_35/124-341,k141_267120_35,347,63.3,4.6e-16,0.3,218,62.7,4.5e-19,6.8e-16,0.3,workflow/out/asr_HMMER/domtbl/Capsule_9_asr_B.domtblout
k141_178597_46/26-245,k141_178597_46,278,62.9,6e-16,1.5,220,62.5,5.3e-19,8e-16,1.5,workflow/out/asr_HMMER/domtbl/Capsule_9_asr_B.domtblout
k141_22725_1/38-232,k141_22725_1,235,62.6,7.1e-16,0.1,195,61.8,8.4e-19,1.3e-15,0.1,workflow/out/asr_HMMER/domtbl/Capsule_9_asr_B.domtblout
k141_319559_6/32-258,k141_319559_6,264,62.4,8.2e-16,0.0,227,62.2,6.6e-19,9.8e-16,0.0,workflow/out/asr_HMMER/domtbl/Capsule_9_asr_B.domtblout
k141_345276_12/34-254,k141_345276_12,260,62.4,8.2e-16,0.0,221,62.0,7.5e-19,1.1e-15,0.0,workflow/out/asr_HMMER/domtbl/Capsule_9_asr_B.domtblout
k141_186989_48/28-243,k141_186989_48,266,62.4,8.3e-16,2.6,216,62.0,7.4e-19,1.1e-15,2.6,workflow/out/asr_HMMER/domtbl/Capsule_9_asr_B.domtblout
k141_161350_85/42-264,k141_161350_85,273,62.4,8.7e-16,0.2,223,59.6,4e-18,6e-15,0.2,workflow/out/asr_HMMER/domtbl/Capsule_9_asr_B.domtblout
k141_360452_6/15-124,k141_360452_6,231,62.2,9.5e-16,8.7,110,43.6,3e-13,4.5e-10,0.4,workflow/out/asr_HMMER/domtbl/Capsule_9_asr_B.domtblout
k141_360452_6/152-221,k141_360452_6,231,62.2,9.5e-16,8.7,70,22.0,1.2e-06,0.0018,3.3,workflow/out/asr_HMMER/domtbl/Capsule_9_asr_B.domtblout
k141_303877_6/31-254,k141_303877_6,261,62.1,1.1e-15,1.6,224,60.6,2e-18,3e-15,1.6,workflow/out/asr_HMMER/domtbl/Capsule_9_asr_B.domtblout
k141_342190_2/34-253,k141_342190_2,259,62.0,1.1e-15,0.0,220,61.6,9.9e-19,1.5e-15,0.0,workflow/out/asr_HMMER/domtbl/Capsule_9_asr_B.domtblout
k141_36710_6/26-178,k141_36710_6,220,62.0,1.1e-15,0.7,153,61.6,1e-18,1.5e-15,0.7,workflow/out/asr_HMMER/domtbl/Capsule_9_asr_B.domtblout
k141_351685_11/26-244,k141_351685_11,281,62.0,1.1e-15,1.7,219,61.5,1e-18,1.5e-15,1.7,workflow/out/asr_HMMER/domtbl/Capsule_9_asr_B.domtblout
k141_38295_29/34-253,k141_38295_29,259,61.9,1.2e-15,0.0,220,61.5,1.1e-18,1.6e-15,0.0,workflow/out/asr_HMMER/domtbl/Capsule_9_asr_B.domtblout
k141_308994_16/26-244,k141_308994_16,281,61.9,1.2e-15,2.3,219,61.4,1.1e-18,1.7e-15,2.3,workflow/out/asr_HMMER/domtbl/Capsule_9_asr_B.domtblout
k141_339244_2/32-248,k141_339244_2,256,61.4,1.7e-15,0.0,217,61.0,1.5e-18,2.2e-15,0.0,workflow/out/asr_HMMER/domtbl/Capsule_9_asr_B.domtblout
k141_155640_66/31-247,k141_155640_66,254,61.4,1.7e-15,2.4,217,60.1,2.9e-18,4.3e-15,2.4,workflow/out/asr_HMMER/domtbl/Capsule_9_asr_B.domtblout
k141_67407_20/31-249,k141_67407_20,256,61.3,1.9e-15,0.8,219,59.4,4.7e-18,7e-15,0.8,workflow/out/asr_HMMER/domtbl/Capsule_9_asr_B.domtblout
k141_39005_16/31-255,k141_39005_16,262,61.1,2.1e-15,1.8,225,60.0,3e-18,4.5e-15,1.8,workflow/out/asr_HMMER/domtbl/Capsule_9_asr_B.domtblout
k141_285041_2/26-252,k141_285041_2,297,61.1,2.1e-15,2.7,227,60.3,2.4e-18,3.6e-15,2.7,workflow/out/asr_HMMER/domtbl/Capsule_9_asr_B.domtblout
k141_42381_144/30-247,k141_42381_144,255,60.7,2.9e-15,0.3,218,59.6,3.9e-18,5.8e-15,0.3,workflow/out/asr_HMMER/domtbl/Capsule_9_asr_B.domtblout
k141_226612_8/33-243,k141_226612_8,253,60.6,3e-15,0.2,211,59.9,3.2e-18,4.7e-15,0.2,workflow/out/asr_HMMER/domtbl/Capsule_9_asr_B.domtblout
k141_321262_25/39-258,k141_321262_25,265,60.6,3.1e-15,0.0,220,60.2,2.7e-18,4e-15,0.0,workflow/out/asr_HMMER/domtbl/Capsule_9_asr_B.domtblout
k141_59256_34/32-258,k141_59256_34,265,60.1,4.4e-15,0.0,227,58.7,7.4e-18,1.1e-14,0.0,workflow/out/asr_HMMER/domtbl/Capsule_9_asr_B.domtblout
k141_41302_2/32-248,k141_41302_2,256,60.0,4.4e-15,0.1,217,59.6,4e-18,6e-15,0.1,workflow/out/asr_HMMER/domtbl/Capsule_9_asr_B.domtblout
k141_302507_10/34-253,k141_302507_10,259,60.0,4.5e-15,0.0,220,59.6,4.1e-18,6e-15,0.0,workflow/out/asr_HMMER/domtbl/Capsule_9_asr_B.domtblout
k141_27015_1/24-244,k141_27015_1,281,60.0,4.6e-15,3.0,221,59.6,4e-18,6e-15,3.0,workflow/out/asr_HMMER/domtbl/Capsule_9_asr_B.domtblout
k141_108753_39/26-252,k141_108753_39,297,59.9,4.9e-15,2.1,227,59.9,3.3e-18,4.9e-15,2.1,workflow/out/asr_HMMER/domtbl/Capsule_9_asr_B.domtblout
k141_3621_19/32-254,k141_3621_19,261,59.8,5.4e-15,0.7,223,58.2,1.1e-17,1.6e-14,0.7,workflow/out/asr_HMMER/domtbl/Capsule_9_asr_B.domtblout
k141_176616_3/33-249,k141_176616_3,278,59.3,7.2e-15,0.0,217,58.6,8.3e-18,1.2e-14,0.0,workflow/out/asr_HMMER/domtbl/Capsule_9_asr_B.domtblout
k141_38895_2/30-250,k141_38895_2,257,59.2,7.8e-15,1.1,221,57.3,2e-17,3e-14,1.1,workflow/out/asr_HMMER/domtbl/Capsule_9_asr_B.domtblout
k141_353257_1/13-210,k141_353257_1,218,59.2,7.8e-15,0.2,198,58.0,1.2e-17,1.8e-14,0.2,workflow/out/asr_HMMER/domtbl/Capsule_9_asr_B.domtblout
k141_111221_2/20-159,k141_111221_2,189,59.1,8.6e-15,0.5,140,58.8,7e-18,1e-14,0.5,workflow/out/asr_HMMER/domtbl/Capsule_9_asr_B.domtblout
k141_274357_3/33-252,k141_274357_3,259,59.0,9.3e-15,0.8,220,56.5,3.5e-17,5.1e-14,0.8,workflow/out/asr_HMMER/domtbl/Capsule_9_asr_B.domtblout
k141_362087_2/30-238,k141_362087_2,246,58.9,9.6e-15,0.1,209,57.9,1.4e-17,2e-14,0.1,workflow/out/asr_HMMER/domtbl/Capsule_9_asr_B.domtblout
k141_283743_26/34-255,k141_283743_26,261,58.8,1.1e-14,0.1,222,58.3,1e-17,1.5e-14,0.1,workflow/out/asr_HMMER/domtbl/Capsule_9_asr_B.domtblout
k141_220107_1/30-254,k141_220107_1,262,58.6,1.2e-14,0.0,225,57.6,1.7e-17,2.5e-14,0.0,workflow/out/asr_HMMER/domtbl/Capsule_9_asr_B.domtblout
k141_330504_2/26-244,k141_330504_2,281,58.5,1.3e-14,3.1,219,58.1,1.2e-17,1.7e-14,3.1,workflow/out/asr_HMMER/domtbl/Capsule_9_asr_B.domtblout
k141_170895_13/37-261,k141_170895_13,268,58.4,1.4e-14,1.0,225,57.8,1.4e-17,2.1e-14,1.0,workflow/out/asr_HMMER/domtbl/Capsule_9_asr_B.domtblout
k141_161035_2/26-244,k141_161035_2,281,58.2,1.6e-14,3.8,219,57.8,1.4e-17,2.1e-14,3.8,workflow/out/asr_HMMER/domtbl/Capsule_9_asr_B.domtblout
k141_244490_9/35-251,k141_244490_9,259,58.1,1.7e-14,1.2,217,56.0,5.2e-17,7.7e-14,1.2,workflow/out/asr_HMMER/domtbl/Capsule_9_asr_B.domtblout
k141_210188_72/35-253,k141_210188_72,259,58.1,1.7e-14,0.1,219,57.6,1.6e-17,2.5e-14,0.1,workflow/out/asr_HMMER/domtbl/Capsule_9_asr_B.domtblout
k141_88728_20/29-245,k141_88728_20,286,57.9,1.9e-14,0.1,217,57.5,1.8e-17,2.6e-14,0.1,workflow/out/asr_HMMER/domtbl/Capsule_9_asr_B.domtblout
k141_150071_4/28-243,k141_150071_4,767,57.9,2e-14,3.0,216,55.4,8e-17,1.2e-13,1.6,workflow/out/asr_HMMER/domtbl/Capsule_9_asr_B.domtblout
k141_184486_2/26-244,k141_184486_2,281,57.7,2.3e-14,4.0,219,57.3,2e-17,3e-14,4.0,workflow/out/asr_HMMER/domtbl/Capsule_9_asr_B.domtblout
k141_277803_78/27-244,k141_277803_78,283,57.7,2.3e-14,1.7,218,57.2,2.2e-17,3.3e-14,1.7,workflow/out/asr_HMMER/domtbl/Capsule_9_asr_B.domtblout
k141_128029_2/37-259,k141_128029_2,264,57.6,2.4e-14,0.0,223,57.2,2.1e-17,3.2e-14,0.0,workflow/out/asr_HMMER/domtbl/Capsule_9_asr_B.domtblout
k141_258615_7/41-264,k141_258615_7,273,57.6,2.5e-14,0.3,224,56.5,3.6e-17,5.4e-14,0.3,workflow/out/asr_HMMER/domtbl/Capsule_9_asr_B.domtblout
k141_184376_12/35-231,k141_184376_12,237,57.6,2.5e-14,3.5,197,56.3,4e-17,5.9e-14,3.5,workflow/out/asr_HMMER/domtbl/Capsule_9_asr_B.domtblout
k141_68012_3/18-236,k141_68012_3,247,57.3,3.1e-14,0.0,219,53.9,2.3e-16,3.4e-13,0.0,workflow/out/asr_HMMER/domtbl/Capsule_9_asr_B.domtblout
k141_266920_3/32-256,k141_266920_3,263,57.3,3.1e-14,0.9,225,56.7,3.1e-17,4.6e-14,0.9,workflow/out/asr_HMMER/domtbl/Capsule_9_asr_B.domtblout
k141_135431_51/33-248,k141_135431_51,256,57.1,3.4e-14,4.6,216,55.4,8e-17,1.2e-13,4.6,workflow/out/asr_HMMER/domtbl/Capsule_9_asr_B.domtblout
k141_77927_5/34-254,k141_77927_5,260,57.1,3.4e-14,0.5,221,56.6,3.4e-17,5e-14,0.5,workflow/out/asr_HMMER/domtbl/Capsule_9_asr_B.domtblout
k141_136883_6/35-253,k141_136883_6,261,57.0,3.8e-14,0.0,219,56.4,3.8e-17,5.6e-14,0.0,workflow/out/asr_HMMER/domtbl/Capsule_9_asr_B.domtblout
k141_373111_81/27-244,k141_373111_81,274,56.9,3.9e-14,2.0,218,56.6,3.4e-17,5e-14,2.0,workflow/out/asr_HMMER/domtbl/Capsule_9_asr_B.domtblout
k141_140932_12/26-244,k141_140932_12,283,56.9,4e-14,2.6,219,56.4,3.9e-17,5.8e-14,2.6,workflow/out/asr_HMMER/domtbl/Capsule_9_asr_B.domtblout
k141_342996_11/29-251,k141_342996_11,256,56.6,5.1e-14,0.0,223,56.1,4.6e-17,6.9e-14,0.0,workflow/out/asr_HMMER/domtbl/Capsule_9_asr_B.domtblout
k141_42087_33/31-256,k141_42087_33,264,56.5,5.1e-14,0.3,226,54.7,1.3e-16,1.9e-13,0.3,workflow/out/asr_HMMER/domtbl/Capsule_9_asr_B.domtblout
k141_34633_159/26-245,k141_34633_159,278,56.3,6e-14,2.3,220,55.9,5.6e-17,8.3e-14,2.3,workflow/out/asr_HMMER/domtbl/Capsule_9_asr_B.domtblout
k141_204516_28/32-248,k141_204516_28,256,56.2,6.5e-14,2.7,217,54.3,1.7e-16,2.5e-13,2.7,workflow/out/asr_HMMER/domtbl/Capsule_9_asr_B.domtblout
k141_62571_5/26-244,k141_62571_5,285,56.0,7.6e-14,1.9,219,55.6,6.7e-17,1e-13,1.9,workflow/out/asr_HMMER/domtbl/Capsule_9_asr_B.domtblout
k141_1925_26/26-242,k141_1925_26,249,56.0,7.6e-14,0.6,217,54.9,1.1e-16,1.6e-13,0.6,workflow/out/asr_HMMER/domtbl/Capsule_9_asr_B.domtblout
k141_3622_78/33-275,k141_3622_78,282,55.4,1.2e-13,2.6,243,52.7,5.1e-16,7.6e-13,2.6,workflow/out/asr_HMMER/domtbl/Capsule_9_asr_B.domtblout
k141_151264_4/33-135,k141_151264_4,261,55.3,1.2e-13,1.1,103,28.3,1.4e-08,2.2e-05,0.0,workflow/out/asr_HMMER/domtbl/Capsule_9_asr_B.domtblout
k141_151264_4/193-254,k141_151264_4,261,55.3,1.2e-13,1.1,62,24.7,1.8e-07,0.00027,1.5,workflow/out/asr_HMMER/domtbl/Capsule_9_asr_B.domtblout
k141_94907_113/249-415,k141_94907_113,421,54.8,1.8e-13,0.6,167,53.5,2.9e-16,4.2e-13,0.0,workflow/out/asr_HMMER/domtbl/Capsule_9_asr_B.domtblout
k141_73004_24/249-415,k141_73004_24,421,54.7,1.8e-13,0.8,167,53.5,3e-16,4.5e-13,0.0,workflow/out/asr_HMMER/domtbl/Capsule_9_asr_B.domtblout
k141_269191_10/18-264,k141_269191_10,272,54.6,2e-13,0.0,247,53.6,2.7e-16,4.1e-13,0.0,workflow/out/asr_HMMER/domtbl/Capsule_9_asr_B.domtblout
k141_6501_13/26-244,k141_6501_13,284,54.6,2e-13,1.6,219,54.2,1.8e-16,2.7e-13,1.6,workflow/out/asr_HMMER/domtbl/Capsule_9_asr_B.domtblout
k141_198672_33/243-404,k141_198672_33,409,54.5,2.2e-13,0.0,162,51.5,1.2e-15,1.8e-12,0.0,workflow/out/asr_HMMER/domtbl/Capsule_9_asr_B.domtblout
k141_73004_44/249-415,k141_73004_44,421,54.2,2.7e-13,0.1,167,52.0,8.3e-16,1.2e-12,0.0,workflow/out/asr_HMMER/domtbl/Capsule_9_asr_B.domtblout
k141_371831_2/29-274,k141_371831_2,280,53.6,4.1e-13,2.4,246,45.8,6.7e-14,1e-10,2.4,workflow/out/asr_HMMER/domtbl/Capsule_9_asr_B.domtblout
k141_178185_2/30-231,k141_178185_2,237,53.4,4.6e-13,0.0,202,53.1,3.9e-16,5.9e-13,0.0,workflow/out/asr_HMMER/domtbl/Capsule_9_asr_B.domtblout
k141_127294_15/249-409,k141_127294_15,415,53.3,5.1e-13,0.0,161,53.3,3.4e-16,5.1e-13,0.0,workflow/out/asr_HMMER/domtbl/Capsule_9_asr_B.domtblout
k141_144423_4/250-415,k141_144423_4,423,52.6,8.3e-13,0.3,166,50.7,2.1e-15,3.1e-12,0.0,workflow/out/asr_HMMER/domtbl/Capsule_9_asr_B.domtblout
k141_176042_9/33-248,k141_176042_9,255,52.3,9.9e-13,3.4,216,51.1,1.6e-15,2.3e-12,3.4,workflow/out/asr_HMMER/domtbl/Capsule_9_asr_B.domtblout
k141_242122_2/30-241,k141_242122_2,251,52.3,1e-12,7.3,212,49.8,3.8e-15,5.7e-12,7.3,workflow/out/asr_HMMER/domtbl/Capsule_9_asr_B.domtblout
k141_117356_1/222-381,k141_117356_1,388,52.2,1.1e-12,0.0,160,52.2,7.2e-16,1.1e-12,0.0,workflow/out/asr_HMMER/domtbl/Capsule_9_asr_B.domtblout
k141_325400_4/27-244,k141_325400_4,281,52.1,1.2e-12,4.1,218,51.7,1e-15,1.5e-12,4.1,workflow/out/asr_HMMER/domtbl/Capsule_9_asr_B.domtblout
k141_23311_2/97-302,k141_23311_2,331,51.4,1.9e-12,2.0,206,50.7,2.1e-15,3.2e-12,2.0,workflow/out/asr_HMMER/domtbl/Capsule_9_asr_B.domtblout
k141_145464_55/249-409,k141_145464_55,415,51.1,2.4e-12,4.7,161,50.1,3.1e-15,4.6e-12,0.0,workflow/out/asr_HMMER/domtbl/Capsule_9_asr_B.domtblout
k141_25375_6/259-422,k141_25375_6,430,50.1,4.8e-12,0.0,164,46.7,3.5e-14,5.3e-11,0.0,workflow/out/asr_HMMER/domtbl/Capsule_9_asr_B.domtblout
k141_70791_3/26-244,k141_70791_3,283,50.0,4.9e-12,1.1,219,49.6,4.4e-15,6.6e-12,1.1,workflow/out/asr_HMMER/domtbl/Capsule_9_asr_B.domtblout
k141_63905_2/22-223,k141_63905_2,229,50.0,5.2e-12,1.4,202,49.6,4.5e-15,6.8e-12,1.4,workflow/out/asr_HMMER/domtbl/Capsule_9_asr_B.domtblout
k141_116290_15/11-249,k141_116290_15,258,49.9,5.5e-12,0.0,239,45.0,1.2e-13,1.8e-10,0.0,workflow/out/asr_HMMER/domtbl/Capsule_9_asr_B.domtblout
k141_58089_14/258-421,k141_58089_14,429,49.8,5.7e-12,0.3,164,47.1,2.7e-14,4e-11,0.0,workflow/out/asr_HMMER/domtbl/Capsule_9_asr_B.domtblout
k141_314173_2/29-248,k141_314173_2,257,49.8,5.8e-12,0.2,220,45.5,8.1e-14,1.2e-10,0.2,workflow/out/asr_HMMER/domtbl/Capsule_9_asr_B.domtblout
k141_345276_18/258-421,k141_345276_18,429,49.6,6.8e-12,0.4,164,46.7,3.4e-14,5e-11,0.0,workflow/out/asr_HMMER/domtbl/Capsule_9_asr_B.domtblout
k141_50313_1/26-187,k141_50313_1,193,49.4,7.6e-12,0.5,162,49.3,5.7e-15,8.5e-12,0.5,workflow/out/asr_HMMER/domtbl/Capsule_9_asr_B.domtblout
k141_107644_2/252-416,k141_107644_2,423,49.3,8.4e-12,0.5,165,47.9,1.5e-14,2.3e-11,0.0,workflow/out/asr_HMMER/domtbl/Capsule_9_asr_B.domtblout
k141_71602_52/255-419,k141_71602_52,425,49.2,8.8e-12,0.2,165,48.4,1e-14,1.6e-11,0.0,workflow/out/asr_HMMER/domtbl/Capsule_9_asr_B.domtblout
k141_283743_19/259-422,k141_283743_19,430,49.0,1.1e-11,0.1,164,47.1,2.6e-14,3.8e-11,0.0,workflow/out/asr_HMMER/domtbl/Capsule_9_asr_B.domtblout
k141_61101_11/252-416,k141_61101_11,423,48.9,1.1e-11,1.5,165,48.3,1.1e-14,1.7e-11,0.0,workflow/out/asr_HMMER/domtbl/Capsule_9_asr_B.domtblout
k141_2865_7/254-418,k141_2865_7,425,48.4,1.6e-11,0.5,165,46.9,2.9e-14,4.4e-11,0.0,workflow/out/asr_HMMER/domtbl/Capsule_9_asr_B.domtblout
k141_100602_2/33-164,k141_100602_2,166,48.2,1.8e-11,0.0,132,48.0,1.4e-14,2.1e-11,0.0,workflow/out/asr_HMMER/domtbl/Capsule_9_asr_B.domtblout
k141_339692_46/252-416,k141_339692_46,423,48.1,1.9e-11,0.3,165,46.4,4.2e-14,6.3e-11,0.0,workflow/out/asr_HMMER/domtbl/Capsule_9_asr_B.domtblout
k141_257144_26/30-248,k141_257144_26,257,48.1,2e-11,0.6,219,43.4,3.5e-13,5.2e-10,0.6,workflow/out/asr_HMMER/domtbl/Capsule_9_asr_B.domtblout
k141_133689_12/254-416,k141_133689_12,423,48.0,2e-11,0.0,163,48.0,1.4e-14,2e-11,0.0,workflow/out/asr_HMMER/domtbl/Capsule_9_asr_B.domtblout
k141_341835_59/252-416,k141_341835_59,423,47.9,2.2e-11,0.0,165,47.1,2.6e-14,3.9e-11,0.0,workflow/out/asr_HMMER/domtbl/Capsule_9_asr_B.domtblout
k141_207103_3/254-418,k141_207103_3,425,47.7,2.6e-11,1.1,165,46.9,2.9e-14,4.4e-11,0.0,workflow/out/asr_HMMER/domtbl/Capsule_9_asr_B.domtblout
k141_252559_6/34-247,k141_252559_6,256,46.4,6.2e-11,1.4,214,40.1,3.7e-12,5.5e-09,1.4,workflow/out/asr_HMMER/domtbl/Capsule_9_asr_B.domtblout
k141_311728_1/254-412,k141_311728_1,416,46.0,8.5e-11,0.5,159,44.7,1.4e-13,2e-10,0.0,workflow/out/asr_HMMER/domtbl/Capsule_9_asr_B.domtblout
k141_149636_1/16-240,k141_149636_1,350,44.4,2.7e-10,0.2,225,42.0,9.7e-13,1.4e-09,0.0,workflow/out/asr_HMMER/domtbl/Capsule_9_asr_B.domtblout
k141_3060_6/126-326,k141_3060_6,334,44.1,3.3e-10,2.3,201,44.0,2.3e-13,3.4e-10,0.0,workflow/out/asr_HMMER/domtbl/Capsule_9_asr_B.domtblout
k141_52858_2/14-132,k141_52858_2,174,43.6,4.4e-10,1.1,119,43.3,3.9e-13,5.8e-10,1.1,workflow/out/asr_HMMER/domtbl/Capsule_9_asr_B.domtblout
k141_264557_1/35-204,k141_264557_1,210,42.3,1.2e-09,0.1,170,40.6,2.6e-12,3.9e-09,0.1,workflow/out/asr_HMMER/domtbl/Capsule_9_asr_B.domtblout
k141_116290_3/30-251,k141_116290_3,257,41.2,2.4e-09,3.0,222,36.2,5.5e-11,8.3e-08,3.0,workflow/out/asr_HMMER/domtbl/Capsule_9_asr_B.domtblout
k141_263814_5/28-127,k141_263814_5,257,39.4,8.6e-09,1.3,100,26.1,6.8e-08,0.0001,0.0,workflow/out/asr_HMMER/domtbl/Capsule_9_asr_B.domtblout
k141_263814_5/208-251,k141_263814_5,257,39.4,8.6e-09,1.3,44,11.3,0.0022,3.3,1.2,workflow/out/asr_HMMER/domtbl/Capsule_9_asr_B.domtblout
k141_9868_1/253-405,k141_9868_1,407,39.3,9.4e-09,0.0,153,39.3,6.3e-12,9.4e-09,0.0,workflow/out/asr_HMMER/domtbl/Capsule_9_asr_B.domtblout
k141_152573_4/60-237,k141_152573_4,272,38.8,1.3e-08,0.0,178,37.5,2.2e-11,3.2e-08,0.0,workflow/out/asr_HMMER/domtbl/Capsule_9_asr_B.domtblout
k141_252559_16/51-133,k141_252559_16,256,38.7,1.5e-08,0.1,83,24.7,1.8e-07,0.00027,0.0,workflow/out/asr_HMMER/domtbl/Capsule_9_asr_B.domtblout
k141_252559_16/208-250,k141_252559_16,256,38.7,1.5e-08,0.1,43,11.6,0.0017,2.6,0.5,workflow/out/asr_HMMER/domtbl/Capsule_9_asr_B.domtblout
k141_138261_4/59-237,k141_138261_4,272,37.6,3.2e-08,0.1,179,35.6,8.6e-11,1.3e-07,0.1,workflow/out/asr_HMMER/domtbl/Capsule_9_asr_B.domtblout
k141_346783_98/40-236,k141_346783_98,270,37.4,3.5e-08,0.1,197,33.3,4.4e-10,6.6e-07,0.1,workflow/out/asr_HMMER/domtbl/Capsule_9_asr_B.domtblout
k141_107482_15/28-253,k141_107482_15,260,37.3,3.9e-08,0.1,226,35.5,9.3e-11,1.4e-07,0.1,workflow/out/asr_HMMER/domtbl/Capsule_9_asr_B.domtblout
k141_244678_1/34-163,k141_244678_1,181,35.7,1.2e-07,0.0,130,35.6,8.6e-11,1.3e-07,0.0,workflow/out/asr_HMMER/domtbl/Capsule_9_asr_B.domtblout
k141_174027_8/117-245,k141_174027_8,272,34.6,2.6e-07,0.1,129,34.0,2.5e-10,3.8e-07,0.1,workflow/out/asr_HMMER/domtbl/Capsule_9_asr_B.domtblout
k141_363322_1/31-118,k141_363322_1,119,32.4,1.2e-06,0.0,88,32.4,8.2e-10,1.2e-06,0.0,workflow/out/asr_HMMER/domtbl/Capsule_9_asr_B.domtblout
k141_235195_2/41-200,k141_235195_2,314,31.3,2.6e-06,0.5,160,31.1,2e-09,3e-06,0.0,workflow/out/asr_HMMER/domtbl/Capsule_9_asr_B.domtblout
k141_336605_1/152-293,k141_336605_1,343,30.3,5.3e-06,0.0,142,29.4,6.4e-09,9.6e-06,0.0,workflow/out/asr_HMMER/domtbl/Capsule_9_asr_B.domtblout
k141_347353_1/78-142,k141_347353_1,147,29.1,1.2e-05,5.3,65,27.5,2.5e-08,3.7e-05,5.3,workflow/out/asr_HMMER/domtbl/Capsule_9_asr_B.domtblout
k141_319303_1/27-245,k141_319303_1,282,28.1,2.4e-05,0.0,219,27.6,2.4e-08,3.5e-05,0.0,workflow/out/asr_HMMER/domtbl/Capsule_9_asr_B.domtblout
k141_361664_134/59-223,k141_361664_134,231,27.1,5e-05,0.0,165,25.3,1.2e-07,0.00018,0.0,workflow/out/asr_HMMER/domtbl/Capsule_9_asr_B.domtblout
k141_263996_1/54-146,k141_263996_1,153,25.5,0.00015,2.1,93,23.2,5.1e-07,0.00076,2.1,workflow/out/asr_HMMER/domtbl/Capsule_9_asr_B.domtblout
k141_233136_1/27-136,k141_233136_1,138,25.2,0.00019,0.0,110,24.9,1.5e-07,0.00023,0.0,workflow/out/asr_HMMER/domtbl/Capsule_9_asr_B.domtblout
k141_27132_3/26-114,k141_27132_3,114,24.1,0.0004,0.0,89,24.0,2.8e-07,0.00042,0.0,workflow/out/asr_HMMER/domtbl/Capsule_9_asr_B.domtblout
k141_263997_2/2-82,k141_263997_2,96,22.2,0.0016,0.0,81,22.0,1.2e-06,0.0017,0.0,workflow/out/asr_HMMER/domtbl/Capsule_9_asr_B.domtblout
k141_186346_2/63-158,k141_186346_2,166,21.6,0.0024,0.1,96,21.1,2.2e-06,0.0033,0.1,workflow/out/asr_HMMER/domtbl/Capsule_9_asr_B.domtblout
k141_265094_43/30-226,k141_265094_43,245,21.1,0.0033,0.0,197,20.8,2.7e-06,0.0041,0.0,workflow/out/asr_HMMER/domtbl/Capsule_9_asr_B.domtblout
k141_78236_2/14-75,k141_78236_2,120,20.0,0.0071,2.1,62,20.0,4.8e-06,0.0071,2.1,workflow/out/asr_HMMER/domtbl/Capsule_9_asr_B.domtblout
k141_165229_2/3-262,k141_165229_2,263,434.1,1.4e-129,0.2,260,433.9,1e-132,1.6e-129,0.2,workflow/out/asr_HMMER/domtbl/Stool_6_asr_B.domtblout
k141_69698_6/4-263,k141_69698_6,264,348.9,1.4e-103,0.4,260,348.7,1.1e-106,1.6e-103,0.4,workflow/out/asr_HMMER/domtbl/Stool_6_asr_B.domtblout
k141_45027_17/9-267,k141_45027_17,268,346.5,7.6e-103,0.2,259,346.3,5.6e-106,8.6e-103,0.2,workflow/out/asr_HMMER/domtbl/Stool_6_asr_B.domtblout
k141_12178_1/1-175,k141_12178_1,176,279.4,2.2e-82,0.2,175,279.3,1.6e-85,2.4e-82,0.2,workflow/out/asr_HMMER/domtbl/Stool_6_asr_B.domtblout
k141_1866_2/12-278,k141_1866_2,283,231.6,8.9e-68,0.0,267,231.4,6.5e-71,1e-67,0.0,workflow/out/asr_HMMER/domtbl/Stool_6_asr_B.domtblout
k141_169144_77/13-273,k141_169144_77,285,193.7,3.2e-56,0.3,261,193.4,2.5e-59,3.9e-56,0.3,workflow/out/asr_HMMER/domtbl/Stool_6_asr_B.domtblout
k141_95459_16/15-276,k141_95459_16,285,188.1,1.7e-54,0.3,262,187.8,1.3e-57,2.1e-54,0.3,workflow/out/asr_HMMER/domtbl/Stool_6_asr_B.domtblout
k141_165772_8/15-273,k141_165772_8,285,187.3,2.9e-54,0.2,259,186.9,2.4e-57,3.7e-54,0.2,workflow/out/asr_HMMER/domtbl/Stool_6_asr_B.domtblout
k141_13066_7/8-272,k141_13066_7,282,185.4,1.1e-53,0.0,265,185.0,9.1e-57,1.4e-53,0.0,workflow/out/asr_HMMER/domtbl/Stool_6_asr_B.domtblout
k141_81925_9/15-273,k141_81925_9,285,185.1,1.4e-53,0.3,259,184.6,1.3e-56,1.9e-53,0.3,workflow/out/asr_HMMER/domtbl/Stool_6_asr_B.domtblout
k141_83246_3/15-273,k141_83246_3,285,185.0,1.4e-53,0.1,259,184.7,1.1e-56,1.7e-53,0.1,workflow/out/asr_HMMER/domtbl/Stool_6_asr_B.domtblout
k141_94186_3/3-82,k141_94186_3,83,128.6,2.3e-36,0.2,80,128.5,1.6e-39,2.5e-36,0.2,workflow/out/asr_HMMER/domtbl/Stool_6_asr_B.domtblout
k141_94947_2/8-214,k141_94947_2,214,105.8,2.1e-29,0.0,207,105.6,1.6e-32,2.5e-29,0.0,workflow/out/asr_HMMER/domtbl/Stool_6_asr_B.domtblout
k141_170653_8/25-251,k141_170653_8,296,87.4,8.7e-24,2.9,227,86.7,8.9e-27,1.4e-23,2.9,workflow/out/asr_HMMER/domtbl/Stool_6_asr_B.domtblout
k141_108036_7/25-252,k141_108036_7,295,85.5,3.4e-23,0.3,228,85.1,2.8e-26,4.3e-23,0.3,workflow/out/asr_HMMER/domtbl/Stool_6_asr_B.domtblout
k141_136976_10/26-251,k141_136976_10,293,84.3,7.6e-23,2.1,226,84.0,6.2e-26,9.6e-23,2.1,workflow/out/asr_HMMER/domtbl/Stool_6_asr_B.domtblout
k141_113064_2/30-250,k141_113064_2,256,83.6,1.3e-22,2.1,221,82.4,1.8e-25,2.8e-22,2.1,workflow/out/asr_HMMER/domtbl/Stool_6_asr_B.domtblout
k141_135412_19/35-246,k141_135412_19,254,83.1,1.7e-22,1.6,212,82.8,1.5e-25,2.3e-22,1.6,workflow/out/asr_HMMER/domtbl/Stool_6_asr_B.domtblout
k141_157632_6/27-252,k141_157632_6,297,82.7,2.3e-22,3.2,226,82.3,2e-25,3.1e-22,3.2,workflow/out/asr_HMMER/domtbl/Stool_6_asr_B.domtblout
k141_111085_5/27-252,k141_111085_5,297,82.3,3e-22,3.0,226,81.9,2.6e-25,4e-22,3.0,workflow/out/asr_HMMER/domtbl/Stool_6_asr_B.domtblout
k141_155221_64/26-251,k141_155221_64,296,81.8,4.5e-22,2.1,226,81.8,2.9e-25,4.5e-22,2.1,workflow/out/asr_HMMER/domtbl/Stool_6_asr_B.domtblout
k141_2807_6/26-251,k141_2807_6,296,81.3,6.1e-22,2.5,226,81.3,4e-25,6.1e-22,2.5,workflow/out/asr_HMMER/domtbl/Stool_6_asr_B.domtblout
k141_105495_2/27-251,k141_105495_2,294,80.6,1e-21,1.8,225,80.2,9e-25,1.4e-21,1.8,workflow/out/asr_HMMER/domtbl/Stool_6_asr_B.domtblout
k141_170188_60/26-251,k141_170188_60,296,80.2,1.4e-21,1.7,226,79.7,1.2e-24,1.9e-21,1.7,workflow/out/asr_HMMER/domtbl/Stool_6_asr_B.domtblout
k141_31938_342/26-251,k141_31938_342,293,79.2,2.7e-21,2.9,226,78.9,2.2e-24,3.4e-21,2.9,workflow/out/asr_HMMER/domtbl/Stool_6_asr_B.domtblout
k141_70378_2/26-252,k141_70378_2,295,75.7,3.2e-20,3.6,227,75.0,3.3e-23,5.1e-20,3.6,workflow/out/asr_HMMER/domtbl/Stool_6_asr_B.domtblout
k141_28086_1/6-231,k141_28086_1,273,75.7,3.2e-20,3.8,226,75.7,2.1e-23,3.2e-20,3.8,workflow/out/asr_HMMER/domtbl/Stool_6_asr_B.domtblout
k141_35310_2/25-251,k141_35310_2,296,75.0,5.4e-20,3.4,227,74.7,4.3e-23,6.6e-20,3.4,workflow/out/asr_HMMER/domtbl/Stool_6_asr_B.domtblout
k141_74214_7/26-244,k141_74214_7,248,74.7,6.3e-20,1.9,219,73.8,7.8e-23,1.2e-19,1.9,workflow/out/asr_HMMER/domtbl/Stool_6_asr_B.domtblout
k141_130275_2/12-230,k141_130275_2,270,72.7,2.7e-19,0.8,219,72.2,2.4e-22,3.8e-19,0.8,workflow/out/asr_HMMER/domtbl/Stool_6_asr_B.domtblout
k141_14617_55/27-252,k141_14617_55,297,71.7,5.3e-19,1.8,226,71.0,5.5e-22,8.4e-19,1.8,workflow/out/asr_HMMER/domtbl/Stool_6_asr_B.domtblout
k141_80930_23/26-251,k141_80930_23,296,71.7,5.5e-19,1.8,226,71.3,4.6e-22,7e-19,1.8,workflow/out/asr_HMMER/domtbl/Stool_6_asr_B.domtblout
k141_86623_3/29-252,k141_86623_3,259,71.2,7.4e-19,0.2,224,70.2,9.6e-22,1.5e-18,0.2,workflow/out/asr_HMMER/domtbl/Stool_6_asr_B.domtblout
k141_101813_1/32-256,k141_101813_1,262,70.9,9.5e-19,0.6,225,69.1,2.1e-21,3.2e-18,0.6,workflow/out/asr_HMMER/domtbl/Stool_6_asr_B.domtblout
k141_135889_8/26-243,k141_135889_8,282,70.5,1.2e-18,2.2,218,70.1,1.1e-21,1.7e-18,2.2,workflow/out/asr_HMMER/domtbl/Stool_6_asr_B.domtblout
k141_70748_2/26-252,k141_70748_2,294,70.3,1.4e-18,3.8,227,69.9,1.2e-21,1.9e-18,3.8,workflow/out/asr_HMMER/domtbl/Stool_6_asr_B.domtblout
k141_38807_1/1-204,k141_38807_1,211,70.2,1.5e-18,0.1,204,68.8,2.6e-21,4e-18,0.1,workflow/out/asr_HMMER/domtbl/Stool_6_asr_B.domtblout
k141_19372_19/4-249,k141_19372_19,256,70.1,1.7e-18,3.1,246,68.9,2.4e-21,3.7e-18,3.1,workflow/out/asr_HMMER/domtbl/Stool_6_asr_B.domtblout
k141_95280_36/20-240,k141_95280_36,248,70.0,1.8e-18,3.3,221,67.2,8.4e-21,1.3e-17,3.3,workflow/out/asr_HMMER/domtbl/Stool_6_asr_B.domtblout
k141_109998_164/27-245,k141_109998_164,284,69.7,2.2e-18,1.9,219,69.7,1.4e-21,2.2e-18,1.9,workflow/out/asr_HMMER/domtbl/Stool_6_asr_B.domtblout
k141_11810_6/27-252,k141_11810_6,297,69.1,3.3e-18,3.4,226,68.7,2.9e-21,4.4e-18,3.4,workflow/out/asr_HMMER/domtbl/Stool_6_asr_B.domtblout
k141_71170_1/26-243,k141_71170_1,282,69.1,3.3e-18,1.6,218,68.7,2.8e-21,4.4e-18,1.6,workflow/out/asr_HMMER/domtbl/Stool_6_asr_B.domtblout
k141_71969_6/27-252,k141_71969_6,297,68.8,4e-18,1.5,226,68.3,3.7e-21,5.7e-18,1.5,workflow/out/asr_HMMER/domtbl/Stool_6_asr_B.domtblout
k141_101870_4/33-257,k141_101870_4,264,68.7,4.3e-18,0.4,225,67.1,8.7e-21,1.3e-17,0.4,workflow/out/asr_HMMER/domtbl/Stool_6_asr_B.domtblout
k141_56684_2/2-245,k141_56684_2,280,68.7,4.4e-18,0.0,244,68.4,3.5e-21,5.4e-18,0.0,workflow/out/asr_HMMER/domtbl/Stool_6_asr_B.domtblout
k141_23179_18/34-253,k141_23179_18,260,68.0,7e-18,0.5,220,66.8,1.1e-20,1.7e-17,0.4,workflow/out/asr_HMMER/domtbl/Stool_6_asr_B.domtblout
k141_6478_1/26-243,k141_6478_1,281,68.0,7.3e-18,2.0,218,67.6,6.3e-21,9.7e-18,2.0,workflow/out/asr_HMMER/domtbl/Stool_6_asr_B.domtblout
k141_45262_6/35-253,k141_45262_6,258,67.9,7.5e-18,1.9,219,66.4,1.5e-20,2.2e-17,1.9,workflow/out/asr_HMMER/domtbl/Stool_6_asr_B.domtblout
k141_46055_19/31-254,k141_46055_19,261,67.9,7.5e-18,0.4,224,66.4,1.4e-20,2.1e-17,0.4,workflow/out/asr_HMMER/domtbl/Stool_6_asr_B.domtblout
k141_95726_4/29-254,k141_95726_4,261,67.9,7.5e-18,0.7,226,66.3,1.5e-20,2.3e-17,0.7,workflow/out/asr_HMMER/domtbl/Stool_6_asr_B.domtblout
k141_174574_2/35-253,k141_174574_2,258,67.9,7.6e-18,2.5,219,66.3,1.5e-20,2.4e-17,2.5,workflow/out/asr_HMMER/domtbl/Stool_6_asr_B.domtblout
k141_115240_5/43-265,k141_115240_5,273,67.4,1.1e-17,0.8,223,66.0,1.9e-20,2.9e-17,0.8,workflow/out/asr_HMMER/domtbl/Stool_6_asr_B.domtblout
k141_92981_25/35-253,k141_92981_25,258,67.4,1.1e-17,1.3,219,65.9,2.1e-20,3.2e-17,1.3,workflow/out/asr_HMMER/domtbl/Stool_6_asr_B.domtblout
k141_65367_10/35-252,k141_65367_10,257,67.2,1.3e-17,2.4,218,64.1,7e-20,1.1e-16,2.4,workflow/out/asr_HMMER/domtbl/Stool_6_asr_B.domtblout
k141_119880_93/29-246,k141_119880_93,255,67.0,1.4e-17,3.9,218,66.7,1.1e-20,1.8e-17,3.9,workflow/out/asr_HMMER/domtbl/Stool_6_asr_B.domtblout
k141_165117_3/36-258,k141_165117_3,264,66.9,1.5e-17,0.1,223,66.6,1.2e-20,1.9e-17,0.1,workflow/out/asr_HMMER/domtbl/Stool_6_asr_B.domtblout
k141_368_2/26-243,k141_368_2,282,66.9,1.6e-17,2.5,218,66.4,1.4e-20,2.1e-17,2.5,workflow/out/asr_HMMER/domtbl/Stool_6_asr_B.domtblout
k141_43874_7/30-248,k141_43874_7,256,66.8,1.7e-17,0.1,219,65.4,2.8e-20,4.3e-17,0.1,workflow/out/asr_HMMER/domtbl/Stool_6_asr_B.domtblout
k141_13600_19/38-258,k141_13600_19,265,66.1,2.8e-17,0.9,221,64.7,4.6e-20,7.1e-17,0.9,workflow/out/asr_HMMER/domtbl/Stool_6_asr_B.domtblout
k141_18655_20/26-244,k141_18655_20,281,65.7,3.5e-17,1.6,219,65.3,3e-20,4.7e-17,1.6,workflow/out/asr_HMMER/domtbl/Stool_6_asr_B.domtblout
k141_94987_13/27-243,k141_94987_13,764,65.5,4e-17,3.2,217,63.8,9.1e-20,1.4e-16,3.2,workflow/out/asr_HMMER/domtbl/Stool_6_asr_B.domtblout
k141_109350_9/34-253,k141_109350_9,259,65.5,4e-17,0.0,220,65.1,3.5e-20,5.4e-17,0.0,workflow/out/asr_HMMER/domtbl/Stool_6_asr_B.domtblout
k141_147538_72/30-254,k141_147538_72,261,65.5,4.2e-17,0.7,225,63.8,9.1e-20,1.4e-16,0.7,workflow/out/asr_HMMER/domtbl/Stool_6_asr_B.domtblout
k141_10444_54/29-255,k141_10444_54,262,65.4,4.3e-17,0.9,227,63.8,8.8e-20,1.4e-16,0.9,workflow/out/asr_HMMER/domtbl/Stool_6_asr_B.domtblout
k141_18084_5/31-250,k141_18084_5,257,65.3,4.8e-17,4.0,220,62.2,2.8e-19,4.3e-16,4.0,workflow/out/asr_HMMER/domtbl/Stool_6_asr_B.domtblout
k141_3555_10/55-251,k141_3555_10,257,65.2,5.2e-17,0.0,197,64.6,5.1e-20,7.8e-17,0.0,workflow/out/asr_HMMER/domtbl/Stool_6_asr_B.domtblout
k141_137316_1/17-236,k141_137316_1,272,65.0,6e-17,0.9,220,64.5,5.5e-20,8.4e-17,0.9,workflow/out/asr_HMMER/domtbl/Stool_6_asr_B.domtblout
k141_174376_16/29-245,k141_174376_16,284,64.7,7.2e-17,0.5,217,64.3,6.3e-20,9.7e-17,0.5,workflow/out/asr_HMMER/domtbl/Stool_6_asr_B.domtblout
k141_3063_53/31-261,k141_3063_53,267,64.7,7.3e-17,1.9,231,63.5,1.1e-19,1.7e-16,1.9,workflow/out/asr_HMMER/domtbl/Stool_6_asr_B.domtblout
k141_10543_2/56-274,k141_10543_2,280,64.5,8.5e-17,0.0,219,63.9,8e-20,1.2e-16,0.0,workflow/out/asr_HMMER/domtbl/Stool_6_asr_B.domtblout
k141_31486_1/34-250,k141_31486_1,256,64.3,9.8e-17,0.3,217,63.9,8.5e-20,1.3e-16,0.3,workflow/out/asr_HMMER/domtbl/Stool_6_asr_B.domtblout
k141_37891_4/26-243,k141_37891_4,767,64.1,1.1e-16,3.4,218,62.7,2e-19,3e-16,3.4,workflow/out/asr_HMMER/domtbl/Stool_6_asr_B.domtblout
k141_96107_3/34-254,k141_96107_3,261,63.7,1.5e-16,0.1,221,62.5,2.2e-19,3.4e-16,0.1,workflow/out/asr_HMMER/domtbl/Stool_6_asr_B.domtblout
k141_7531_2/24-254,k141_7531_2,261,62.8,2.7e-16,0.7,231,61.7,3.9e-19,6e-16,0.7,workflow/out/asr_HMMER/domtbl/Stool_6_asr_B.domtblout
k141_28356_4/6-200,k141_28356_4,223,61.5,7e-16,3.7,195,61.1,5.9e-19,9e-16,3.7,workflow/out/asr_HMMER/domtbl/Stool_6_asr_B.domtblout
k141_89802_3/31-249,k141_89802_3,256,61.4,7.1e-16,1.0,219,59.5,1.8e-18,2.7e-15,1.0,workflow/out/asr_HMMER/domtbl/Stool_6_asr_B.domtblout
k141_105842_2/36-228,k141_105842_2,237,61.1,9.1e-16,0.1,193,60.6,8.4e-19,1.3e-15,0.1,workflow/out/asr_HMMER/domtbl/Stool_6_asr_B.domtblout
k141_25060_10/30-247,k141_25060_10,255,60.4,1.5e-15,0.4,218,59.4,1.9e-18,2.9e-15,0.4,workflow/out/asr_HMMER/domtbl/Stool_6_asr_B.domtblout
k141_61578_11/29-247,k141_61578_11,255,60.2,1.7e-15,1.4,219,59.1,2.4e-18,3.7e-15,1.4,workflow/out/asr_HMMER/domtbl/Stool_6_asr_B.domtblout
k141_69594_6/34-253,k141_69594_6,259,60.0,2e-15,0.0,220,59.6,1.7e-18,2.6e-15,0.0,workflow/out/asr_HMMER/domtbl/Stool_6_asr_B.domtblout
k141_55497_48/26-252,k141_55497_48,297,59.9,2.1e-15,2.1,227,59.9,1.4e-18,2.1e-15,2.1,workflow/out/asr_HMMER/domtbl/Stool_6_asr_B.domtblout
k141_62690_2/37-259,k141_62690_2,264,59.9,2.1e-15,0.0,223,59.5,1.8e-18,2.8e-15,0.0,workflow/out/asr_HMMER/domtbl/Stool_6_asr_B.domtblout
k141_118002_5/27-244,k141_118002_5,281,59.9,2.2e-15,1.6,218,59.4,1.9e-18,2.9e-15,1.6,workflow/out/asr_HMMER/domtbl/Stool_6_asr_B.domtblout
k141_167551_1/57-281,k141_167551_1,288,59.0,3.9e-15,0.8,225,58.5,3.6e-18,5.5e-15,0.8,workflow/out/asr_HMMER/domtbl/Stool_6_asr_B.domtblout
k141_43170_2/35-231,k141_43170_2,237,58.5,5.6e-15,2.6,197,57.3,8.3e-18,1.3e-14,2.6,workflow/out/asr_HMMER/domtbl/Stool_6_asr_B.domtblout
k141_30156_2/26-244,k141_30156_2,281,58.4,6e-15,3.0,219,58.0,5.1e-18,7.8e-15,3.0,workflow/out/asr_HMMER/domtbl/Stool_6_asr_B.domtblout
k141_37141_2/40-261,k141_37141_2,268,58.4,6.2e-15,0.0,222,57.8,6.2e-18,9.5e-15,0.0,workflow/out/asr_HMMER/domtbl/Stool_6_asr_B.domtblout
k141_163279_93/35-253,k141_163279_93,259,58.1,7.5e-15,0.1,219,57.6,6.9e-18,1.1e-14,0.1,workflow/out/asr_HMMER/domtbl/Stool_6_asr_B.domtblout
k141_142206_16/30-254,k141_142206_16,262,57.9,8.9e-15,0.1,225,56.8,1.2e-17,1.9e-14,0.1,workflow/out/asr_HMMER/domtbl/Stool_6_asr_B.domtblout
k141_44722_15/29-264,k141_44722_15,270,57.6,1e-14,3.5,236,54.9,4.5e-17,6.9e-14,3.5,workflow/out/asr_HMMER/domtbl/Stool_6_asr_B.domtblout
k141_596_2/20-240,k141_596_2,247,57.5,1.1e-14,2.0,221,55.9,2.3e-17,3.6e-14,2.0,workflow/out/asr_HMMER/domtbl/Stool_6_asr_B.domtblout
k141_140199_4/27-244,k141_140199_4,274,56.9,1.7e-14,2.0,218,56.6,1.4e-17,2.2e-14,2.0,workflow/out/asr_HMMER/domtbl/Stool_6_asr_B.domtblout
k141_85200_5/29-251,k141_85200_5,256,56.9,1.7e-14,0.0,223,56.5,1.5e-17,2.3e-14,0.0,workflow/out/asr_HMMER/domtbl/Stool_6_asr_B.domtblout
k141_33995_1/25-207,k141_33995_1,220,56.3,2.6e-14,0.3,183,56.0,2.1e-17,3.2e-14,0.3,workflow/out/asr_HMMER/domtbl/Stool_6_asr_B.domtblout
k141_114630_34/31-256,k141_114630_34,264,55.3,5.4e-14,0.2,226,53.5,1.3e-16,2e-13,0.2,workflow/out/asr_HMMER/domtbl/Stool_6_asr_B.domtblout
k141_67340_16/36-253,k141_67340_16,262,54.8,7.4e-14,0.0,218,54.3,7e-17,1.1e-13,0.0,workflow/out/asr_HMMER/domtbl/Stool_6_asr_B.domtblout
k141_38383_1/25-177,k141_38383_1,222,54.8,7.5e-14,1.2,153,54.4,6.7e-17,1e-13,1.2,workflow/out/asr_HMMER/domtbl/Stool_6_asr_B.domtblout
k141_136650_9/249-415,k141_136650_9,421,54.8,7.6e-14,0.6,167,53.5,1.2e-16,1.8e-13,0.0,workflow/out/asr_HMMER/domtbl/Stool_6_asr_B.domtblout
k141_138851_3/129-330,k141_138851_3,335,54.0,1.4e-13,1.4,202,53.9,9.5e-17,1.5e-13,0.0,workflow/out/asr_HMMER/domtbl/Stool_6_asr_B.domtblout
k141_116744_28/34-254,k141_116744_28,260,53.4,2e-13,2.9,221,52.7,2.2e-16,3.4e-13,2.9,workflow/out/asr_HMMER/domtbl/Stool_6_asr_B.domtblout
k141_69075_11/30-241,k141_69075_11,251,52.7,3.4e-13,6.6,212,50.2,1.2e-15,1.9e-12,6.6,workflow/out/asr_HMMER/domtbl/Stool_6_asr_B.domtblout
k141_81594_15/250-415,k141_81594_15,423,52.6,3.6e-13,0.3,166,50.7,8.8e-16,1.4e-12,0.0,workflow/out/asr_HMMER/domtbl/Stool_6_asr_B.domtblout
k141_6120_1/26-227,k141_6120_1,236,52.3,4.5e-13,3.1,202,51.9,3.8e-16,5.9e-13,3.1,workflow/out/asr_HMMER/domtbl/Stool_6_asr_B.domtblout
k141_119165_10/26-244,k141_119165_10,283,50.0,2.1e-12,1.1,219,49.6,1.9e-15,2.9e-12,1.1,workflow/out/asr_HMMER/domtbl/Stool_6_asr_B.domtblout
k141_174614_1/258-421,k141_174614_1,429,49.8,2.5e-12,0.3,164,47.1,1.1e-14,1.8e-11,0.0,workflow/out/asr_HMMER/domtbl/Stool_6_asr_B.domtblout
k141_56693_94/252-416,k141_56693_94,423,49.2,4e-12,1.2,165,48.3,4.7e-15,7.3e-12,0.0,workflow/out/asr_HMMER/domtbl/Stool_6_asr_B.domtblout
k141_58633_2/254-418,k141_58633_2,425,48.3,7.4e-12,0.5,165,47.0,1.2e-14,1.8e-11,0.0,workflow/out/asr_HMMER/domtbl/Stool_6_asr_B.domtblout
k141_105802_2/18-155,k141_105802_2,170,48.1,8.4e-12,0.0,138,47.9,6.4e-15,9.8e-12,0.0,workflow/out/asr_HMMER/domtbl/Stool_6_asr_B.domtblout
k141_9653_5/254-418,k141_9653_5,425,47.7,1.2e-11,1.1,165,46.9,1.2e-14,1.9e-11,0.0,workflow/out/asr_HMMER/domtbl/Stool_6_asr_B.domtblout
k141_14708_1/15-132,k141_14708_1,174,40.1,2.4e-09,0.7,118,39.7,2.1e-12,3.2e-09,0.7,workflow/out/asr_HMMER/domtbl/Stool_6_asr_B.domtblout
k141_72408_8/60-237,k141_72408_8,272,38.6,6.5e-09,0.0,178,37.1,1.2e-11,1.9e-08,0.0,workflow/out/asr_HMMER/domtbl/Stool_6_asr_B.domtblout
k141_134231_1/7-125,k141_134231_1,162,37.4,1.5e-08,0.1,119,37.0,1.4e-11,2.1e-08,0.1,workflow/out/asr_HMMER/domtbl/Stool_6_asr_B.domtblout
k141_64328_1/32-125,k141_64328_1,141,36.8,2.4e-08,0.0,94,36.6,1.8e-11,2.7e-08,0.0,workflow/out/asr_HMMER/domtbl/Stool_6_asr_B.domtblout
k141_48437_1/3-159,k141_48437_1,167,36.4,3.1e-08,1.6,157,34.5,7.5e-11,1.2e-07,1.6,workflow/out/asr_HMMER/domtbl/Stool_6_asr_B.domtblout
k141_14540_2/33-125,k141_14540_2,227,34.9,9e-08,0.2,93,31.1,8.3e-10,1.3e-06,0.1,workflow/out/asr_HMMER/domtbl/Stool_6_asr_B.domtblout
k141_8489_2/15-141,k141_8489_2,143,34.7,1e-07,0.1,127,34.7,6.8e-11,1.1e-07,0.1,workflow/out/asr_HMMER/domtbl/Stool_6_asr_B.domtblout
k141_120237_2/30-128,k141_120237_2,132,31.2,1.2e-06,0.0,99,31.0,8.8e-10,1.4e-06,0.0,workflow/out/asr_HMMER/domtbl/Stool_6_asr_B.domtblout
k141_148475_1/4-159,k141_148475_1,167,31.0,1.4e-06,5.9,156,28.5,5.1e-09,7.8e-06,5.9,workflow/out/asr_HMMER/domtbl/Stool_6_asr_B.domtblout
k141_154628_2/37-153,k141_154628_2,180,29.8,3.3e-06,0.0,117,29.5,2.6e-09,4e-06,0.0,workflow/out/asr_HMMER/domtbl/Stool_6_asr_B.domtblout
k141_115794_1/242-302,k141_115794_1,304,26.1,4.4e-05,0.8,61,24.1,1.1e-07,0.00017,0.0,workflow/out/asr_HMMER/domtbl/Stool_6_asr_B.domtblout
k141_18068_4/14-100,k141_18068_4,107,22.6,0.0005,1.9,87,20.7,1.3e-06,0.002,1.9,workflow/out/asr_HMMER/domtbl/Stool_6_asr_B.domtblout
k141_60918_1/3-50,k141_60918_1,57,20.9,0.0016,4.5,48,20.1,2e-06,0.003,4.5,workflow/out/asr_HMMER/domtbl/Stool_6_asr_B.domtblout
k141_65318_3/3-262,k141_65318_3,263,434.5,1.3e-129,0.3,260,434.3,9.8e-133,1.5e-129,0.3,workflow/out/asr_HMMER/domtbl/Capsule_8_asr_B.domtblout
k141_115852_8/2-263,k141_115852_8,264,418.3,1.2e-124,2.9,262,418.1,8.7e-128,1.3e-124,2.9,workflow/out/asr_HMMER/domtbl/Capsule_8_asr_B.domtblout
k141_72667_102/4-263,k141_72667_102,264,330.8,5.8e-98,0.2,260,330.6,4.5e-101,6.7e-98,0.2,workflow/out/asr_HMMER/domtbl/Capsule_8_asr_B.domtblout
k141_169822_2/33-299,k141_169822_2,304,239.6,3.9e-70,0.0,267,239.4,2.9e-73,4.5e-70,0.0,workflow/out/asr_HMMER/domtbl/Capsule_8_asr_B.domtblout
k141_113393_3/30-296,k141_113393_3,301,231.6,1e-67,0.0,267,231.4,7.8e-71,1.2e-67,0.0,workflow/out/asr_HMMER/domtbl/Capsule_8_asr_B.domtblout
k141_125261_31/14-275,k141_125261_31,285,196.0,7.6e-57,0.2,262,195.8,5.8e-60,8.7e-57,0.2,workflow/out/asr_HMMER/domtbl/Capsule_8_asr_B.domtblout
k141_135667_29/13-273,k141_135667_29,285,193.7,3.9e-56,0.3,261,193.4,3.1e-59,4.7e-56,0.3,workflow/out/asr_HMMER/domtbl/Capsule_8_asr_B.domtblout
k141_13778_10/15-276,k141_13778_10,285,188.4,1.6e-54,0.3,262,188.1,1.3e-57,2e-54,0.3,workflow/out/asr_HMMER/domtbl/Capsule_8_asr_B.domtblout
k141_81706_7/15-273,k141_81706_7,285,188.0,2e-54,0.2,259,187.7,1.7e-57,2.6e-54,0.2,workflow/out/asr_HMMER/domtbl/Capsule_8_asr_B.domtblout
k141_182_3/15-276,k141_182_3,285,187.4,3.1e-54,0.2,262,187.1,2.6e-57,3.9e-54,0.2,workflow/out/asr_HMMER/domtbl/Capsule_8_asr_B.domtblout
k141_48135_6/15-273,k141_48135_6,285,185.6,1.1e-53,0.3,259,185.1,1.1e-56,1.6e-53,0.3,workflow/out/asr_HMMER/domtbl/Capsule_8_asr_B.domtblout
k141_36341_4/15-273,k141_36341_4,285,185.0,1.7e-53,0.1,259,184.7,1.4e-56,2.1e-53,0.1,workflow/out/asr_HMMER/domtbl/Capsule_8_asr_B.domtblout
k141_22846_4/14-273,k141_22846_4,285,183.7,4.2e-53,0.2,260,183.4,3.4e-56,5.2e-53,0.2,workflow/out/asr_HMMER/domtbl/Capsule_8_asr_B.domtblout
k141_22615_3/15-279,k141_22615_3,285,180.3,4.8e-52,0.3,265,179.8,4.4e-55,6.7e-52,0.3,workflow/out/asr_HMMER/domtbl/Capsule_8_asr_B.domtblout
k141_125119_175/39-279,k141_125119_175,291,164.5,3.1e-47,0.0,241,164.2,2.5e-50,3.7e-47,0.0,workflow/out/asr_HMMER/domtbl/Capsule_8_asr_B.domtblout
k141_4101_2/25-251,k141_4101_2,296,87.4,1e-23,2.9,227,86.7,1.1e-26,1.6e-23,2.9,workflow/out/asr_HMMER/domtbl/Capsule_8_asr_B.domtblout
k141_173753_11/26-252,k141_173753_11,297,85.9,2.9e-23,2.4,227,85.9,1.9e-26,2.9e-23,2.4,workflow/out/asr_HMMER/domtbl/Capsule_8_asr_B.domtblout
k141_158504_32/26-251,k141_158504_32,293,84.3,9.1e-23,2.1,226,84.0,7.6e-26,1.1e-22,2.1,workflow/out/asr_HMMER/domtbl/Capsule_8_asr_B.domtblout
k141_52907_30/28-252,k141_52907_30,297,82.7,2.8e-22,3.0,225,82.2,2.5e-25,3.8e-22,3.0,workflow/out/asr_HMMER/domtbl/Capsule_8_asr_B.domtblout
k141_60126_12/27-252,k141_60126_12,297,82.3,3.6e-22,3.0,226,81.9,3.2e-25,4.8e-22,3.0,workflow/out/asr_HMMER/domtbl/Capsule_8_asr_B.domtblout
k141_79583_22/26-251,k141_79583_22,296,82.0,4.6e-22,2.0,226,82.0,3.1e-25,4.6e-22,2.0,workflow/out/asr_HMMER/domtbl/Capsule_8_asr_B.domtblout
k141_74144_1/26-251,k141_74144_1,255,81.6,6.1e-22,0.9,226,81.1,5.7e-25,8.6e-22,0.9,workflow/out/asr_HMMER/domtbl/Capsule_8_asr_B.domtblout
k141_24134_30/26-251,k141_24134_30,296,81.3,7.3e-22,2.5,226,81.3,4.8e-25,7.3e-22,2.5,workflow/out/asr_HMMER/domtbl/Capsule_8_asr_B.domtblout
k141_128801_2/9-234,k141_128801_2,276,81.0,9.3e-22,4.3,226,80.6,8.2e-25,1.2e-21,4.3,workflow/out/asr_HMMER/domtbl/Capsule_8_asr_B.domtblout
k141_12865_43/26-252,k141_12865_43,295,80.7,1.1e-21,2.1,227,80.3,1e-24,1.5e-21,2.1,workflow/out/asr_HMMER/domtbl/Capsule_8_asr_B.domtblout
k141_14309_2/26-251,k141_14309_2,296,80.2,1.7e-21,1.7,226,79.7,1.5e-24,2.2e-21,1.7,workflow/out/asr_HMMER/domtbl/Capsule_8_asr_B.domtblout
k141_70840_4/31-249,k141_70840_4,258,79.8,2.1e-21,3.5,219,79.4,1.9e-24,2.9e-21,3.5,workflow/out/asr_HMMER/domtbl/Capsule_8_asr_B.domtblout
k141_107722_2/25-251,k141_107722_2,296,78.5,5.5e-21,2.7,227,78.2,4.5e-24,6.8e-21,2.7,workflow/out/asr_HMMER/domtbl/Capsule_8_asr_B.domtblout
k141_35760_100/3-251,k141_35760_100,296,78.4,5.7e-21,2.8,249,78.1,4.8e-24,7.2e-21,2.8,workflow/out/asr_HMMER/domtbl/Capsule_8_asr_B.domtblout
k141_5945_35/24-251,k141_5945_35,296,76.6,2e-20,2.7,228,76.6,1.3e-23,2e-20,2.7,workflow/out/asr_HMMER/domtbl/Capsule_8_asr_B.domtblout
k141_2752_4/26-252,k141_2752_4,295,76.5,2.2e-20,0.0,227,76.1,2e-23,3e-20,0.0,workflow/out/asr_HMMER/domtbl/Capsule_8_asr_B.domtblout
k141_72283_2/25-251,k141_72283_2,293,76.0,3.1e-20,2.5,227,75.7,2.5e-23,3.8e-20,2.5,workflow/out/asr_HMMER/domtbl/Capsule_8_asr_B.domtblout
k141_47797_49/27-252,k141_47797_49,297,75.6,4.2e-20,3.0,226,75.1,3.9e-23,5.9e-20,3.0,workflow/out/asr_HMMER/domtbl/Capsule_8_asr_B.domtblout
k141_65973_19/27-252,k141_65973_19,297,74.7,8e-20,3.3,226,74.2,7.4e-23,1.1e-19,3.3,workflow/out/asr_HMMER/domtbl/Capsule_8_asr_B.domtblout
k141_133554_10/26-251,k141_133554_10,296,74.2,1.1e-19,1.3,226,73.7,1e-22,1.5e-19,1.3,workflow/out/asr_HMMER/domtbl/Capsule_8_asr_B.domtblout
k141_28069_2/21-239,k141_28069_2,247,73.7,1.6e-19,1.8,219,72.1,3.1e-22,4.7e-19,1.8,workflow/out/asr_HMMER/domtbl/Capsule_8_asr_B.domtblout
k141_117680_3/25-207,k141_117680_3,218,73.4,1.9e-19,0.3,183,73.2,1.5e-22,2.3e-19,0.3,workflow/out/asr_HMMER/domtbl/Capsule_8_asr_B.domtblout
k141_141605_2/29-251,k141_141605_2,257,73.0,2.5e-19,2.1,223,72.6,2.2e-22,3.4e-19,2.1,workflow/out/asr_HMMER/domtbl/Capsule_8_asr_B.domtblout
k141_6660_3/26-252,k141_6660_3,295,72.8,3e-19,3.8,227,72.4,2.6e-22,3.9e-19,3.8,workflow/out/asr_HMMER/domtbl/Capsule_8_asr_B.domtblout
k141_54667_1/6-211,k141_54667_1,256,72.0,5.2e-19,2.2,206,71.5,4.8e-22,7.2e-19,2.2,workflow/out/asr_HMMER/domtbl/Capsule_8_asr_B.domtblout
k141_156480_1/18-237,k141_156480_1,243,71.8,5.8e-19,1.3,220,70.7,8.7e-22,1.3e-18,1.3,workflow/out/asr_HMMER/domtbl/Capsule_8_asr_B.domtblout
k141_7127_2/27-251,k141_7127_2,296,71.8,5.8e-19,1.8,225,71.1,6.3e-22,9.5e-19,1.8,workflow/out/asr_HMMER/domtbl/Capsule_8_asr_B.domtblout
k141_98015_4/8-239,k141_98015_4,247,71.8,6.1e-19,1.4,232,70.1,1.3e-21,2e-18,1.4,workflow/out/asr_HMMER/domtbl/Capsule_8_asr_B.domtblout
k141_103855_2/25-244,k141_103855_2,284,71.6,6.8e-19,0.9,220,71.2,5.9e-22,8.9e-19,0.9,workflow/out/asr_HMMER/domtbl/Capsule_8_asr_B.domtblout
k141_108560_62/4-249,k141_108560_62,256,71.6,7e-19,3.1,246,70.4,1e-21,1.6e-18,3.1,workflow/out/asr_HMMER/domtbl/Capsule_8_asr_B.domtblout
k141_124783_3/29-252,k141_124783_3,259,71.3,8.3e-19,0.2,224,70.3,1.1e-21,1.7e-18,0.2,workflow/out/asr_HMMER/domtbl/Capsule_8_asr_B.domtblout
k141_44501_24/26-251,k141_44501_24,296,71.2,9.1e-19,1.8,226,70.8,7.7e-22,1.2e-18,1.8,workflow/out/asr_HMMER/domtbl/Capsule_8_asr_B.domtblout
k141_26948_4/4-249,k141_26948_4,256,71.0,1e-18,3.4,246,70.0,1.4e-21,2.1e-18,3.4,workflow/out/asr_HMMER/domtbl/Capsule_8_asr_B.domtblout
k141_91359_18/31-254,k141_91359_18,261,70.9,1.2e-18,0.7,224,69.5,2e-21,3e-18,0.7,workflow/out/asr_HMMER/domtbl/Capsule_8_asr_B.domtblout
k141_81605_15/32-256,k141_81605_15,263,70.8,1.2e-18,0.6,225,69.1,2.6e-21,3.9e-18,0.6,workflow/out/asr_HMMER/domtbl/Capsule_8_asr_B.domtblout
k141_21186_25/28-250,k141_21186_25,256,70.1,2e-18,2.4,223,68.0,5.7e-21,8.7e-18,2.4,workflow/out/asr_HMMER/domtbl/Capsule_8_asr_B.domtblout
k141_60137_19/33-253,k141_60137_19,260,69.8,2.4e-18,0.8,221,68.3,4.7e-21,7.1e-18,0.8,workflow/out/asr_HMMER/domtbl/Capsule_8_asr_B.domtblout
k141_9870_124/27-245,k141_9870_124,284,69.7,2.6e-18,1.9,219,69.7,1.7e-21,2.6e-18,1.9,workflow/out/asr_HMMER/domtbl/Capsule_8_asr_B.domtblout
k141_32537_2/33-258,k141_32537_2,263,69.3,3.4e-18,0.1,226,68.0,5.8e-21,8.8e-18,0.1,workflow/out/asr_HMMER/domtbl/Capsule_8_asr_B.domtblout
k141_126998_1/26-243,k141_126998_1,282,69.2,3.8e-18,1.6,218,68.7,3.4e-21,5.1e-18,1.6,workflow/out/asr_HMMER/domtbl/Capsule_8_asr_B.domtblout
k141_125825_6/27-252,k141_125825_6,297,69.0,4.2e-18,2.6,226,68.6,3.7e-21,5.7e-18,2.6,workflow/out/asr_HMMER/domtbl/Capsule_8_asr_B.domtblout
k141_14542_64/27-252,k141_14542_64,297,68.8,4.8e-18,1.5,226,68.3,4.5e-21,6.9e-18,1.5,workflow/out/asr_HMMER/domtbl/Capsule_8_asr_B.domtblout
k141_109329_22/29-254,k141_109329_22,261,68.7,5.2e-18,0.4,226,67.1,1e-20,1.6e-17,0.4,workflow/out/asr_HMMER/domtbl/Capsule_8_asr_B.domtblout
k141_143454_9/31-254,k141_143454_9,261,68.1,8.1e-18,0.5,224,66.6,1.5e-20,2.3e-17,0.5,workflow/out/asr_HMMER/domtbl/Capsule_8_asr_B.domtblout
k141_152716_39/31-249,k141_152716_39,258,67.9,9.5e-18,0.2,219,67.5,8e-21,1.2e-17,0.2,workflow/out/asr_HMMER/domtbl/Capsule_8_asr_B.domtblout
k141_5773_16/28-243,k141_5773_16,266,67.6,1.1e-17,3.5,216,67.2,9.8e-21,1.5e-17,3.5,workflow/out/asr_HMMER/domtbl/Capsule_8_asr_B.domtblout
k141_3339_6/31-250,k141_3339_6,257,67.4,1.3e-17,3.1,220,63.0,1.9e-19,2.8e-16,3.1,workflow/out/asr_HMMER/domtbl/Capsule_8_asr_B.domtblout
k141_124110_124/28-243,k141_124110_124,266,67.1,1.6e-17,3.7,216,66.7,1.4e-20,2.1e-17,3.7,workflow/out/asr_HMMER/domtbl/Capsule_8_asr_B.domtblout
k141_80739_51/33-258,k141_80739_51,265,67.1,1.6e-17,0.8,226,66.1,2.2e-20,3.3e-17,0.8,workflow/out/asr_HMMER/domtbl/Capsule_8_asr_B.domtblout
k141_3759_140/29-246,k141_3759_140,255,67.1,1.7e-17,3.9,218,66.8,1.4e-20,2.1e-17,3.9,workflow/out/asr_HMMER/domtbl/Capsule_8_asr_B.domtblout
k141_96410_9/34-256,k141_96410_9,262,66.9,1.8e-17,0.1,223,66.6,1.5e-20,2.3e-17,0.1,workflow/out/asr_HMMER/domtbl/Capsule_8_asr_B.domtblout
k141_108709_5/29-254,k141_108709_5,261,66.3,2.8e-17,0.8,226,65.4,3.5e-20,5.3e-17,0.8,workflow/out/asr_HMMER/domtbl/Capsule_8_asr_B.domtblout
k141_91904_4/37-253,k141_91904_4,260,66.1,3.3e-17,1.0,217,65.0,4.6e-20,6.9e-17,0.9,workflow/out/asr_HMMER/domtbl/Capsule_8_asr_B.domtblout
k141_151292_20/38-258,k141_151292_20,265,66.1,3.3e-17,0.9,221,64.7,5.6e-20,8.5e-17,0.9,workflow/out/asr_HMMER/domtbl/Capsule_8_asr_B.domtblout
k141_169060_2/35-252,k141_169060_2,257,66.1,3.3e-17,2.1,218,63.2,1.7e-19,2.5e-16,2.1,workflow/out/asr_HMMER/domtbl/Capsule_8_asr_B.domtblout
k141_159969_3/35-253,k141_159969_3,258,66.0,3.5e-17,2.1,219,64.4,7.3e-20,1.1e-16,2.1,workflow/out/asr_HMMER/domtbl/Capsule_8_asr_B.domtblout
k141_42139_2/26-250,k141_42139_2,295,65.8,4.1e-17,1.5,225,65.3,3.8e-20,5.7e-17,1.5,workflow/out/asr_HMMER/domtbl/Capsule_8_asr_B.domtblout
k141_99959_7/37-253,k141_99959_7,260,65.8,4.1e-17,0.6,217,64.8,5.4e-20,8.2e-17,0.6,workflow/out/asr_HMMER/domtbl/Capsule_8_asr_B.domtblout
k141_28849_36/27-243,k141_28849_36,764,65.5,4.8e-17,3.2,217,63.8,1.1e-19,1.7e-16,3.2,workflow/out/asr_HMMER/domtbl/Capsule_8_asr_B.domtblout
k141_154018_12/34-254,k141_154018_12,261,65.5,4.8e-17,0.1,221,64.2,7.9e-20,1.2e-16,0.1,workflow/out/asr_HMMER/domtbl/Capsule_8_asr_B.domtblout
k141_12824_55/34-253,k141_12824_55,259,65.5,4.9e-17,0.0,220,65.1,4.3e-20,6.5e-17,0.0,workflow/out/asr_HMMER/domtbl/Capsule_8_asr_B.domtblout
k141_175581_97/34-252,k141_175581_97,260,65.5,4.9e-17,0.0,219,65.0,4.6e-20,7e-17,0.0,workflow/out/asr_HMMER/domtbl/Capsule_8_asr_B.domtblout
k141_118327_2/29-254,k141_118327_2,261,64.5,9.7e-17,0.9,226,62.9,2.1e-19,3.1e-16,0.9,workflow/out/asr_HMMER/domtbl/Capsule_8_asr_B.domtblout
k141_35897_3/29-255,k141_35897_3,262,64.4,1.1e-16,1.3,227,62.7,2.3e-19,3.5e-16,1.3,workflow/out/asr_HMMER/domtbl/Capsule_8_asr_B.domtblout
k141_52352_34/25-245,k141_52352_34,281,64.3,1.1e-16,0.8,221,63.9,1e-19,1.5e-16,0.8,workflow/out/asr_HMMER/domtbl/Capsule_8_asr_B.domtblout
k141_36932_25/26-243,k141_36932_25,767,64.1,1.3e-16,3.4,218,62.7,2.4e-19,3.6e-16,3.4,workflow/out/asr_HMMER/domtbl/Capsule_8_asr_B.domtblout
k141_116845_17/30-251,k141_116845_17,258,63.7,1.7e-16,1.1,222,61.8,4.3e-19,6.5e-16,1.1,workflow/out/asr_HMMER/domtbl/Capsule_8_asr_B.domtblout
k141_121132_3/38-258,k141_121132_3,265,63.2,2.4e-16,0.4,221,61.8,4.3e-19,6.5e-16,0.4,workflow/out/asr_HMMER/domtbl/Capsule_8_asr_B.domtblout
k141_83979_2/6-228,k141_83979_2,237,63.2,2.4e-16,0.1,223,61.7,4.7e-19,7.1e-16,0.1,workflow/out/asr_HMMER/domtbl/Capsule_8_asr_B.domtblout
k141_19221_65/26-245,k141_19221_65,278,62.9,3.1e-16,1.5,220,62.5,2.7e-19,4.1e-16,1.5,workflow/out/asr_HMMER/domtbl/Capsule_8_asr_B.domtblout
k141_115821_5/125-341,k141_115821_5,347,62.8,3.4e-16,0.2,217,62.2,3.2e-19,4.9e-16,0.2,workflow/out/asr_HMMER/domtbl/Capsule_8_asr_B.domtblout
k141_125285_49/15-124,k141_125285_49,231,62.2,4.9e-16,8.7,110,43.6,1.5e-13,2.3e-10,0.4,workflow/out/asr_HMMER/domtbl/Capsule_8_asr_B.domtblout
k141_125285_49/152-221,k141_125285_49,231,62.2,4.9e-16,8.7,70,22.0,6.1e-07,0.00092,3.3,workflow/out/asr_HMMER/domtbl/Capsule_8_asr_B.domtblout
k141_63491_1/39-257,k141_63491_1,296,61.8,6.5e-16,1.0,219,61.3,6.1e-19,9.3e-16,1.0,workflow/out/asr_HMMER/domtbl/Capsule_8_asr_B.domtblout
k141_111021_2/31-255,k141_111021_2,262,61.7,7.3e-16,1.6,225,60.6,1e-18,1.5e-15,1.6,workflow/out/asr_HMMER/domtbl/Capsule_8_asr_B.domtblout
k141_38433_2/31-247,k141_38433_2,254,61.4,8.8e-16,2.4,217,60.1,1.5e-18,2.2e-15,2.4,workflow/out/asr_HMMER/domtbl/Capsule_8_asr_B.domtblout
k141_161975_23/3-243,k141_161975_23,279,60.5,1.6e-15,0.1,241,60.2,1.3e-18,2e-15,0.1,workflow/out/asr_HMMER/domtbl/Capsule_8_asr_B.domtblout
k141_124785_53/31-254,k141_124785_53,262,60.3,1.9e-15,0.1,224,58.5,4.5e-18,6.7e-15,0.1,workflow/out/asr_HMMER/domtbl/Capsule_8_asr_B.domtblout
k141_70470_5/34-253,k141_70470_5,259,60.0,2.3e-15,0.0,220,59.6,2.1e-18,3.1e-15,0.0,workflow/out/asr_HMMER/domtbl/Capsule_8_asr_B.domtblout
k141_162596_2/26-244,k141_162596_2,281,60.0,2.4e-15,2.4,219,59.6,2.1e-18,3.1e-15,2.4,workflow/out/asr_HMMER/domtbl/Capsule_8_asr_B.domtblout
k141_29604_10/9-209,k141_29604_10,216,59.8,2.7e-15,0.5,201,58.5,4.5e-18,6.8e-15,0.5,workflow/out/asr_HMMER/domtbl/Capsule_8_asr_B.domtblout
k141_16670_42/32-254,k141_16670_42,261,59.8,2.8e-15,0.7,223,58.2,5.6e-18,8.4e-15,0.7,workflow/out/asr_HMMER/domtbl/Capsule_8_asr_B.domtblout
k141_107763_11/30-247,k141_107763_11,255,59.7,2.9e-15,0.3,218,58.6,4.1e-18,6.2e-15,0.3,workflow/out/asr_HMMER/domtbl/Capsule_8_asr_B.domtblout
k141_42746_10/26-252,k141_42746_10,297,59.5,3.2e-15,2.0,227,59.5,2.1e-18,3.2e-15,2.0,workflow/out/asr_HMMER/domtbl/Capsule_8_asr_B.domtblout
k141_125119_101/40-261,k141_125119_101,268,58.6,6.2e-15,0.0,222,58.0,6.2e-18,9.4e-15,0.0,workflow/out/asr_HMMER/domtbl/Capsule_8_asr_B.domtblout
k141_30291_1/30-254,k141_30291_1,262,58.5,6.9e-15,0.0,225,57.5,9.2e-18,1.4e-14,0.0,workflow/out/asr_HMMER/domtbl/Capsule_8_asr_B.domtblout
k141_147970_85/35-253,k141_147970_85,259,58.1,9e-15,0.1,219,57.6,8.4e-18,1.3e-14,0.1,workflow/out/asr_HMMER/domtbl/Capsule_8_asr_B.domtblout
k141_6545_20/55-251,k141_6545_20,257,57.9,1e-14,2.9,197,56.6,1.7e-17,2.5e-14,2.9,workflow/out/asr_HMMER/domtbl/Capsule_8_asr_B.domtblout
k141_28261_4/41-264,k141_28261_4,273,57.8,1.1e-14,0.3,224,56.6,1.7e-17,2.6e-14,0.3,workflow/out/asr_HMMER/domtbl/Capsule_8_asr_B.domtblout
k141_132036_138/29-264,k141_132036_138,270,57.6,1.2e-14,3.5,236,54.9,5.5e-17,8.3e-14,3.5,workflow/out/asr_HMMER/domtbl/Capsule_8_asr_B.domtblout
k141_59391_29/31-256,k141_59391_29,264,57.6,1.3e-14,0.3,226,55.8,2.9e-17,4.4e-14,0.3,workflow/out/asr_HMMER/domtbl/Capsule_8_asr_B.domtblout
k141_67682_21/26-244,k141_67682_21,281,57.6,1.3e-14,3.3,219,57.2,1.1e-17,1.7e-14,3.3,workflow/out/asr_HMMER/domtbl/Capsule_8_asr_B.domtblout
k141_18087_2/41-264,k141_18087_2,273,57.6,1.3e-14,0.3,224,56.5,1.9e-17,2.8e-14,0.3,workflow/out/asr_HMMER/domtbl/Capsule_8_asr_B.domtblout
k141_28687_2/26-232,k141_28687_2,247,57.5,1.3e-14,0.1,207,57.1,1.2e-17,1.9e-14,0.1,workflow/out/asr_HMMER/domtbl/Capsule_8_asr_B.domtblout
k141_48504_29/32-258,k141_48504_29,265,57.4,1.4e-14,0.0,227,56.1,2.4e-17,3.6e-14,0.0,workflow/out/asr_HMMER/domtbl/Capsule_8_asr_B.domtblout
k141_18430_39/33-248,k141_18430_39,256,57.2,1.6e-14,5.2,216,55.2,4.6e-17,6.9e-14,5.2,workflow/out/asr_HMMER/domtbl/Capsule_8_asr_B.domtblout
k141_57650_5/34-254,k141_57650_5,260,57.1,1.8e-14,0.5,221,56.6,1.7e-17,2.6e-14,0.5,workflow/out/asr_HMMER/domtbl/Capsule_8_asr_B.domtblout
k141_17035_4/26-245,k141_17035_4,278,56.3,3.1e-14,2.3,220,55.9,2.9e-17,4.3e-14,2.3,workflow/out/asr_HMMER/domtbl/Capsule_8_asr_B.domtblout
k141_75548_1/26-206,k141_75548_1,206,56.2,3.4e-14,0.3,181,55.9,2.8e-17,4.2e-14,0.3,workflow/out/asr_HMMER/domtbl/Capsule_8_asr_B.domtblout
k141_173877_5/27-244,k141_173877_5,274,55.9,4.3e-14,2.2,218,55.5,3.7e-17,5.6e-14,2.2,workflow/out/asr_HMMER/domtbl/Capsule_8_asr_B.domtblout
k141_132506_6/14-228,k141_132506_6,238,55.5,5.5e-14,7.9,215,46.7,1.8e-14,2.8e-11,7.9,workflow/out/asr_HMMER/domtbl/Capsule_8_asr_B.domtblout
k141_68916_6/31-258,k141_68916_6,265,55.5,5.7e-14,0.2,228,54.6,7e-17,1.1e-13,0.2,workflow/out/asr_HMMER/domtbl/Capsule_8_asr_B.domtblout
k141_56111_12/44-262,k141_56111_12,292,55.2,6.7e-14,3.6,219,54.9,5.6e-17,8.4e-14,3.6,workflow/out/asr_HMMER/domtbl/Capsule_8_asr_B.domtblout
k141_113772_2/249-415,k141_113772_2,421,54.6,1.1e-13,0.8,167,53.3,1.7e-16,2.6e-13,0.0,workflow/out/asr_HMMER/domtbl/Capsule_8_asr_B.domtblout
k141_167200_15/27-266,k141_167200_15,275,53.9,1.8e-13,0.0,240,52.5,3e-16,4.5e-13,0.0,workflow/out/asr_HMMER/domtbl/Capsule_8_asr_B.domtblout
k141_112464_2/26-244,k141_112464_2,285,53.4,2.4e-13,1.5,219,53.0,2.1e-16,3.2e-13,1.5,workflow/out/asr_HMMER/domtbl/Capsule_8_asr_B.domtblout
k141_81641_11/250-415,k141_81641_11,423,52.6,4.3e-13,0.3,166,50.7,1.1e-15,1.6e-12,0.0,workflow/out/asr_HMMER/domtbl/Capsule_8_asr_B.domtblout
k141_25115_24/30-241,k141_25115_24,251,52.3,5.3e-13,7.3,212,49.8,2e-15,3e-12,7.3,workflow/out/asr_HMMER/domtbl/Capsule_8_asr_B.domtblout
k141_168034_5/246-407,k141_168034_5,412,51.9,7.1e-13,0.0,162,51.0,9e-16,1.4e-12,0.0,workflow/out/asr_HMMER/domtbl/Capsule_8_asr_B.domtblout
k141_160418_52/33-280,k141_160418_52,287,51.8,7.4e-13,4.8,248,45.9,3.2e-14,4.9e-11,4.8,workflow/out/asr_HMMER/domtbl/Capsule_8_asr_B.domtblout
k141_13633_3/33-254,k141_13633_3,261,51.2,1.2e-12,5.4,222,47.6,9.6e-15,1.4e-11,5.5,workflow/out/asr_HMMER/domtbl/Capsule_8_asr_B.domtblout
k141_141332_22/26-244,k141_141332_22,283,50.7,1.6e-12,1.2,219,50.3,1.4e-15,2.1e-12,1.2,workflow/out/asr_HMMER/domtbl/Capsule_8_asr_B.domtblout
k141_175581_105/259-422,k141_175581_105,430,50.4,2e-12,0.0,164,47.0,1.5e-14,2.2e-11,0.0,workflow/out/asr_HMMER/domtbl/Capsule_8_asr_B.domtblout
k141_12517_59/37-260,k141_12517_59,265,50.4,2e-12,0.0,224,50.0,1.8e-15,2.7e-12,0.0,workflow/out/asr_HMMER/domtbl/Capsule_8_asr_B.domtblout
k141_98544_2/258-421,k141_98544_2,429,49.8,3e-12,0.3,164,47.1,1.4e-14,2.1e-11,0.0,workflow/out/asr_HMMER/domtbl/Capsule_8_asr_B.domtblout
k141_8984_20/252-416,k141_8984_20,423,49.2,4.7e-12,1.2,165,48.3,5.8e-15,8.7e-12,0.0,workflow/out/asr_HMMER/domtbl/Capsule_8_asr_B.domtblout
k141_35401_1/246-407,k141_35401_1,412,48.8,6.3e-12,0.0,162,47.8,8e-15,1.2e-11,0.0,workflow/out/asr_HMMER/domtbl/Capsule_8_asr_B.domtblout
k141_17125_22/25-231,k141_17125_22,340,48.5,7.8e-12,0.0,207,48.5,5.2e-15,7.8e-12,0.0,workflow/out/asr_HMMER/domtbl/Capsule_8_asr_B.domtblout
k141_41310_136/254-418,k141_41310_136,425,48.4,8.5e-12,0.5,165,47.0,1.4e-14,2.2e-11,0.0,workflow/out/asr_HMMER/domtbl/Capsule_8_asr_B.domtblout
k141_110142_2/4-176,k141_110142_2,184,47.8,1.2e-11,1.2,173,46.0,2.8e-14,4.3e-11,1.2,workflow/out/asr_HMMER/domtbl/Capsule_8_asr_B.domtblout
k141_61780_68/254-418,k141_61780_68,425,47.7,1.4e-11,1.1,165,46.9,1.5e-14,2.3e-11,0.0,workflow/out/asr_HMMER/domtbl/Capsule_8_asr_B.domtblout
k141_80212_3/31-217,k141_80212_3,217,46.7,2.6e-11,0.0,187,46.2,2.6e-14,3.9e-11,0.0,workflow/out/asr_HMMER/domtbl/Capsule_8_asr_B.domtblout
k141_15594_1/4-118,k141_15594_1,157,43.2,3.3e-10,0.4,115,42.9,2.6e-13,4e-10,0.4,workflow/out/asr_HMMER/domtbl/Capsule_8_asr_B.domtblout
k141_77229_2/31-150,k141_77229_2,167,42.7,4.6e-10,0.0,120,42.4,3.6e-13,5.5e-10,0.0,workflow/out/asr_HMMER/domtbl/Capsule_8_asr_B.domtblout
k141_69154_2/33-126,k141_69154_2,171,41.0,1.5e-09,0.1,94,40.3,1.5e-12,2.3e-09,0.1,workflow/out/asr_HMMER/domtbl/Capsule_8_asr_B.domtblout
k141_15363_3/7-174,k141_15363_3,211,40.9,1.6e-09,3.3,168,40.6,1.3e-12,2e-09,3.3,workflow/out/asr_HMMER/domtbl/Capsule_8_asr_B.domtblout
k141_41884_71/8-218,k141_41884_71,323,40.9,1.6e-09,0.6,211,39.8,2.2e-12,3.4e-09,0.0,workflow/out/asr_HMMER/domtbl/Capsule_8_asr_B.domtblout
k141_155757_1/212-341,k141_155757_1,357,35.6,6.5e-08,0.6,130,33.7,1.6e-10,2.5e-07,0.0,workflow/out/asr_HMMER/domtbl/Capsule_8_asr_B.domtblout
k141_115469_1/246-347,k141_115469_1,369,34.5,1.4e-07,0.0,102,33.6,1.7e-10,2.6e-07,0.0,workflow/out/asr_HMMER/domtbl/Capsule_8_asr_B.domtblout
k141_167254_1/29-125,k141_167254_1,126,30.6,2.1e-06,0.0,97,30.4,1.7e-09,2.5e-06,0.0,workflow/out/asr_HMMER/domtbl/Capsule_8_asr_B.domtblout
k141_113665_4/30-156,k141_113665_4,218,27.4,2.1e-05,0.0,127,27.2,1.6e-08,2.4e-05,0.0,workflow/out/asr_HMMER/domtbl/Capsule_8_asr_B.domtblout
k141_60736_21/7-185,k141_60736_21,234,22.1,0.00084,0.0,179,21.8,6.8e-07,0.001,0.0,workflow/out/asr_HMMER/domtbl/Capsule_8_asr_B.domtblout
k141_113365_1/29-108,k141_113365_1,110,21.8,0.0011,0.0,80,21.6,8.1e-07,0.0012,0.0,workflow/out/asr_HMMER/domtbl/Capsule_8_asr_B.domtblout
k141_50412_7/112-292,k141_50412_7,315,21.3,0.0015,8.2,181,15.2,7.3e-05,0.11,8.2,workflow/out/asr_HMMER/domtbl/Capsule_8_asr_B.domtblout
k141_30548_1/1-31,k141_30548_1,38,21.2,0.0016,0.8,31,21.2,1.1e-06,0.0017,0.8,workflow/out/asr_HMMER/domtbl/Capsule_8_asr_B.domtblout
k141_116049_2/12-168,k141_116049_2,260,19.6,0.005,0.0,157,18.1,9.5e-06,0.014,0.0,workflow/out/asr_HMMER/domtbl/Capsule_8_asr_B.domtblout
k141_136034_26/224-386,k141_136034_26,397,19.3,0.0061,0.0,163,18.0,1e-05,0.015,0.0,workflow/out/asr_HMMER/domtbl/Capsule_8_asr_B.domtblout
k141_20677_27/3-262,k141_20677_27,263,434.5,2e-129,0.3,260,434.3,1.6e-132,2.2e-129,0.3,workflow/out/asr_HMMER/domtbl/Stool_13_asr_B.domtblout
k141_83837_51/3-262,k141_83837_51,263,432.8,6.5e-129,1.0,260,432.6,5.3e-132,7.3e-129,1.0,workflow/out/asr_HMMER/domtbl/Stool_13_asr_B.domtblout
k141_49351_5/1-257,k141_49351_5,258,429.4,7.1e-128,0.4,257,429.3,5.7e-131,7.9e-128,0.4,workflow/out/asr_HMMER/domtbl/Stool_13_asr_B.domtblout
k141_118791_2/2-245,k141_118791_2,245,385.2,2.1e-114,1.9,244,385.1,1.7e-117,2.4e-114,1.9,workflow/out/asr_HMMER/domtbl/Stool_13_asr_B.domtblout
k141_98628_39/5-262,k141_98628_39,263,320.9,9e-95,0.1,258,320.7,7.4e-98,1e-94,0.1,workflow/out/asr_HMMER/domtbl/Stool_13_asr_B.domtblout
k141_58468_3/6-263,k141_58468_3,264,312.9,2.6e-92,0.0,258,312.7,2.1e-95,2.9e-92,0.0,workflow/out/asr_HMMER/domtbl/Stool_13_asr_B.domtblout
k141_275291_22/33-299,k141_275291_22,304,240.9,2.3e-70,0.0,267,240.7,1.9e-73,2.6e-70,0.0,workflow/out/asr_HMMER/domtbl/Stool_13_asr_B.domtblout
k141_214965_22/12-278,k141_214965_22,283,234.1,2.8e-68,0.0,267,233.9,2.3e-71,3.1e-68,0.0,workflow/out/asr_HMMER/domtbl/Stool_13_asr_B.domtblout
k141_222592_2/7-272,k141_222592_2,278,200.1,6.3e-58,0.0,266,200.0,5.1e-61,7e-58,0.0,workflow/out/asr_HMMER/domtbl/Stool_13_asr_B.domtblout
k141_85812_4/13-273,k141_85812_4,285,193.7,5.9e-56,0.3,261,193.4,5.1e-59,7e-56,0.3,workflow/out/asr_HMMER/domtbl/Stool_13_asr_B.domtblout
k141_85813_4/13-273,k141_85813_4,285,193.7,5.9e-56,0.3,261,193.4,5.1e-59,7e-56,0.3,workflow/out/asr_HMMER/domtbl/Stool_13_asr_B.domtblout
k141_220652_8/15-276,k141_220652_8,285,188.4,2.5e-54,0.3,262,188.1,2.2e-57,3e-54,0.3,workflow/out/asr_HMMER/domtbl/Stool_13_asr_B.domtblout
k141_176732_13/15-273,k141_176732_13,285,188.0,3.1e-54,0.2,259,187.7,2.8e-57,3.9e-54,0.2,workflow/out/asr_HMMER/domtbl/Stool_13_asr_B.domtblout
k141_168377_7/15-273,k141_168377_7,285,185.6,1.7e-53,0.3,259,185.1,1.8e-56,2.4e-53,0.3,workflow/out/asr_HMMER/domtbl/Stool_13_asr_B.domtblout
k141_3897_28/15-274,k141_3897_28,286,185.6,1.7e-53,0.1,260,185.2,1.6e-56,2.3e-53,0.1,workflow/out/asr_HMMER/domtbl/Stool_13_asr_B.domtblout
k141_86840_8/8-272,k141_86840_8,282,185.2,2.3e-53,0.0,265,184.9,2.1e-56,2.9e-53,0.0,workflow/out/asr_HMMER/domtbl/Stool_13_asr_B.domtblout
k141_122659_9/15-273,k141_122659_9,285,185.0,2.6e-53,0.1,259,184.7,2.3e-56,3.2e-53,0.1,workflow/out/asr_HMMER/domtbl/Stool_13_asr_B.domtblout
k141_185591_1/16-279,k141_185591_1,285,179.8,1e-51,0.4,264,179.3,1e-54,1.4e-51,0.4,workflow/out/asr_HMMER/domtbl/Stool_13_asr_B.domtblout
k141_185604_1/16-279,k141_185604_1,285,179.8,1e-51,0.4,264,179.3,1e-54,1.4e-51,0.4,workflow/out/asr_HMMER/domtbl/Stool_13_asr_B.domtblout
k141_76148_163/39-279,k141_76148_163,291,164.9,3.6e-47,0.0,241,164.6,3.2e-50,4.4e-47,0.0,workflow/out/asr_HMMER/domtbl/Stool_13_asr_B.domtblout
k141_91647_1/3-133,k141_91647_1,138,131.2,6.7e-37,0.1,131,131.1,5.3e-40,7.3e-37,0.1,workflow/out/asr_HMMER/domtbl/Stool_13_asr_B.domtblout
k141_135349_3/15-222,k141_135349_3,222,114.1,1.1e-31,0.0,208,113.8,9.7e-35,1.3e-31,0.0,workflow/out/asr_HMMER/domtbl/Stool_13_asr_B.domtblout
k141_183642_43/25-251,k141_183642_43,296,89.5,3.6e-24,2.1,227,89.1,3.4e-27,4.7e-24,2.1,workflow/out/asr_HMMER/domtbl/Stool_13_asr_B.domtblout
k141_242928_19/25-251,k141_242928_19,296,87.9,1.1e-23,2.6,227,87.5,1e-26,1.4e-23,2.6,workflow/out/asr_HMMER/domtbl/Stool_13_asr_B.domtblout
k141_88833_27/25-251,k141_88833_27,296,87.4,1.6e-23,2.9,227,86.7,1.8e-26,2.5e-23,2.9,workflow/out/asr_HMMER/domtbl/Stool_13_asr_B.domtblout
k141_28083_2/31-249,k141_28083_2,256,86.5,3e-23,1.0,219,86.1,2.8e-26,3.8e-23,1.0,workflow/out/asr_HMMER/domtbl/Stool_13_asr_B.domtblout
k141_271084_32/25-252,k141_271084_32,295,85.5,6.1e-23,0.3,228,85.1,5.7e-26,7.8e-23,0.3,workflow/out/asr_HMMER/domtbl/Stool_13_asr_B.domtblout
k141_146670_4/26-252,k141_146670_4,296,84.9,8.8e-23,2.3,227,84.3,1e-25,1.4e-22,2.3,workflow/out/asr_HMMER/domtbl/Stool_13_asr_B.domtblout
k141_266315_5/27-251,k141_266315_5,296,84.6,1.1e-22,1.6,225,84.2,1.1e-25,1.5e-22,1.6,workflow/out/asr_HMMER/domtbl/Stool_13_asr_B.domtblout
k141_130135_14/34-246,k141_130135_14,254,83.6,2.3e-22,1.6,213,83.2,2.1e-25,2.9e-22,1.6,workflow/out/asr_HMMER/domtbl/Stool_13_asr_B.domtblout
k141_262438_6/30-250,k141_262438_6,256,83.6,2.3e-22,2.1,221,82.4,3.7e-25,5.1e-22,2.1,workflow/out/asr_HMMER/domtbl/Stool_13_asr_B.domtblout
k141_63189_2/22-250,k141_63189_2,257,83.4,2.5e-22,2.2,229,81.2,9e-25,1.2e-21,2.2,workflow/out/asr_HMMER/domtbl/Stool_13_asr_B.domtblout
k141_225310_25/27-252,k141_225310_25,297,82.7,4.1e-22,3.2,226,82.3,4e-25,5.6e-22,3.2,workflow/out/asr_HMMER/domtbl/Stool_13_asr_B.domtblout
k141_69462_2/27-252,k141_69462_2,297,82.4,5.3e-22,3.1,226,82.0,5.1e-25,7e-22,3.1,workflow/out/asr_HMMER/domtbl/Stool_13_asr_B.domtblout
k141_109074_6/26-251,k141_109074_6,296,81.8,8.1e-22,2.1,226,81.8,5.9e-25,8.1e-22,2.1,workflow/out/asr_HMMER/domtbl/Stool_13_asr_B.domtblout
k141_34178_2/26-251,k141_34178_2,296,81.1,1.3e-21,1.8,226,80.7,1.3e-24,1.8e-21,1.8,workflow/out/asr_HMMER/domtbl/Stool_13_asr_B.domtblout
k141_5483_1/26-251,k141_5483_1,296,80.6,1.9e-21,1.6,226,80.1,1.8e-24,2.5e-21,1.6,workflow/out/asr_HMMER/domtbl/Stool_13_asr_B.domtblout
k141_89274_6/26-251,k141_89274_6,296,79.8,3.3e-21,2.5,226,79.8,2.4e-24,3.3e-21,2.5,workflow/out/asr_HMMER/domtbl/Stool_13_asr_B.domtblout
k141_123974_9/26-251,k141_123974_9,293,79.2,4.9e-21,2.9,226,78.9,4.4e-24,6.1e-21,2.9,workflow/out/asr_HMMER/domtbl/Stool_13_asr_B.domtblout
k141_225632_14/26-251,k141_225632_14,296,79.2,5.1e-21,3.0,226,79.2,3.7e-24,5.1e-21,3.0,workflow/out/asr_HMMER/domtbl/Stool_13_asr_B.domtblout
k141_138159_65/24-251,k141_138159_65,296,78.1,1.1e-20,2.3,228,78.1,7.7e-24,1.1e-20,2.3,workflow/out/asr_HMMER/domtbl/Stool_13_asr_B.domtblout
k141_69016_11/26-252,k141_69016_11,297,78.1,1.1e-20,3.0,227,77.8,9.9e-24,1.4e-20,3.0,workflow/out/asr_HMMER/domtbl/Stool_13_asr_B.domtblout
k141_176691_18/27-251,k141_176691_18,294,77.7,1.4e-20,1.9,225,77.3,1.4e-23,1.9e-20,1.9,workflow/out/asr_HMMER/domtbl/Stool_13_asr_B.domtblout
k141_88364_10/27-251,k141_88364_10,293,77.0,2.4e-20,2.0,225,76.5,2.3e-23,3.2e-20,2.0,workflow/out/asr_HMMER/domtbl/Stool_13_asr_B.domtblout
k141_143341_71/25-251,k141_143341_71,296,76.6,3e-20,2.2,227,76.3,2.7e-23,3.8e-20,2.2,workflow/out/asr_HMMER/domtbl/Stool_13_asr_B.domtblout
k141_111927_47/26-252,k141_111927_47,295,76.5,3.4e-20,0.0,227,76.0,3.3e-23,4.6e-20,0.0,workflow/out/asr_HMMER/domtbl/Stool_13_asr_B.domtblout
k141_168844_16/25-251,k141_168844_16,293,76.0,4.6e-20,2.5,227,75.7,4.1e-23,5.7e-20,2.5,workflow/out/asr_HMMER/domtbl/Stool_13_asr_B.domtblout
k141_121746_2/29-249,k141_121746_2,256,75.1,9e-20,0.1,221,74.7,8.3e-23,1.2e-19,0.1,workflow/out/asr_HMMER/domtbl/Stool_13_asr_B.domtblout
k141_5761_26/33-253,k141_5761_26,260,74.8,1.1e-19,0.2,221,73.4,2.1e-22,2.9e-19,0.2,workflow/out/asr_HMMER/domtbl/Stool_13_asr_B.domtblout
k141_199150_25/4-252,k141_199150_25,297,74.5,1.4e-19,0.6,249,74.2,1.2e-22,1.7e-19,0.6,workflow/out/asr_HMMER/domtbl/Stool_13_asr_B.domtblout
k141_195499_2/41-262,k141_195499_2,269,74.3,1.5e-19,0.1,222,74.0,1.4e-22,2e-19,0.1,workflow/out/asr_HMMER/domtbl/Stool_13_asr_B.domtblout
k141_111989_4/26-251,k141_111989_4,296,74.2,1.7e-19,1.3,226,73.7,1.7e-22,2.3e-19,1.3,workflow/out/asr_HMMER/domtbl/Stool_13_asr_B.domtblout
k141_5130_10/19-236,k141_5130_10,243,73.9,2e-19,0.0,218,72.5,3.9e-22,5.3e-19,0.0,workflow/out/asr_HMMER/domtbl/Stool_13_asr_B.domtblout
k141_269620_2/29-249,k141_269620_2,256,73.8,2.2e-19,0.1,221,73.4,2.1e-22,2.9e-19,0.1,workflow/out/asr_HMMER/domtbl/Stool_13_asr_B.domtblout
k141_269402_2/21-239,k141_269402_2,247,73.1,3.7e-19,1.7,219,71.4,8.7e-22,1.2e-18,1.7,workflow/out/asr_HMMER/domtbl/Stool_13_asr_B.domtblout
k141_118433_42/21-253,k141_118433_42,260,72.8,4.5e-19,0.7,233,70.9,1.2e-21,1.6e-18,0.7,workflow/out/asr_HMMER/domtbl/Stool_13_asr_B.domtblout
k141_30174_1/24-243,k141_30174_1,283,72.3,6.3e-19,0.9,220,71.9,6.1e-22,8.4e-19,0.9,workflow/out/asr_HMMER/domtbl/Stool_13_asr_B.domtblout
k141_230282_48/26-244,k141_230282_48,288,71.9,8.1e-19,0.0,219,71.5,7.8e-22,1.1e-18,0.0,workflow/out/asr_HMMER/domtbl/Stool_13_asr_B.domtblout
k141_72371_9/27-251,k141_72371_9,296,71.8,8.8e-19,1.8,225,71.1,1e-21,1.4e-18,1.8,workflow/out/asr_HMMER/domtbl/Stool_13_asr_B.domtblout
k141_57845_6/35-261,k141_57845_6,304,71.8,9e-19,0.0,227,71.3,9.2e-22,1.3e-18,0.0,workflow/out/asr_HMMER/domtbl/Stool_13_asr_B.domtblout
k141_234120_19/8-239,k141_234120_19,247,71.8,9.2e-19,1.4,232,70.1,2.2e-21,3e-18,1.4,workflow/out/asr_HMMER/domtbl/Stool_13_asr_B.domtblout
k141_146085_2/11-231,k141_146085_2,238,71.4,1.2e-18,0.1,221,71.0,1.1e-21,1.5e-18,0.1,workflow/out/asr_HMMER/domtbl/Stool_13_asr_B.domtblout
k141_20240_10/30-249,k141_20240_10,255,71.4,1.2e-18,2.0,220,70.2,2e-21,2.7e-18,2.0,workflow/out/asr_HMMER/domtbl/Stool_13_asr_B.domtblout
k141_109112_2/26-255,k141_109112_2,263,71.4,1.2e-18,0.1,230,70.8,1.3e-21,1.8e-18,0.1,workflow/out/asr_HMMER/domtbl/Stool_13_asr_B.domtblout
k141_156982_11/26-251,k141_156982_11,296,71.2,1.4e-18,1.8,226,70.8,1.3e-21,1.8e-18,1.8,workflow/out/asr_HMMER/domtbl/Stool_13_asr_B.domtblout
k141_96467_1/26-243,k141_96467_1,281,71.0,1.6e-18,2.5,218,70.6,1.5e-21,2.1e-18,2.5,workflow/out/asr_HMMER/domtbl/Stool_13_asr_B.domtblout
k141_157946_19/32-256,k141_157946_19,263,70.8,1.8e-18,0.6,225,69.1,4.3e-21,5.9e-18,0.6,workflow/out/asr_HMMER/domtbl/Stool_13_asr_B.domtblout
k141_125912_27/31-247,k141_125912_27,254,70.7,1.9e-18,0.3,217,70.2,2e-21,2.7e-18,0.3,workflow/out/asr_HMMER/domtbl/Stool_13_asr_B.domtblout
k141_256586_1/26-243,k141_256586_1,282,70.5,2.3e-18,2.2,218,70.1,2.2e-21,3e-18,2.2,workflow/out/asr_HMMER/domtbl/Stool_13_asr_B.domtblout
k141_146309_1/26-243,k141_146309_1,281,70.4,2.5e-18,2.3,218,70.0,2.4e-21,3.3e-18,2.3,workflow/out/asr_HMMER/domtbl/Stool_13_asr_B.domtblout
k141_3634_2/41-260,k141_3634_2,267,70.4,2.5e-18,0.0,220,70.0,2.3e-21,3.2e-18,0.0,workflow/out/asr_HMMER/domtbl/Stool_13_asr_B.domtblout
k141_48322_8/31-254,k141_48322_8,261,70.3,2.5e-18,0.8,224,69.0,4.8e-21,6.6e-18,0.8,workflow/out/asr_HMMER/domtbl/Stool_13_asr_B.domtblout
k141_230175_148/40-262,k141_230175_148,269,70.2,2.7e-18,0.2,223,69.8,2.7e-21,3.7e-18,0.2,workflow/out/asr_HMMER/domtbl/Stool_13_asr_B.domtblout
k141_254305_18/14-262,k141_254305_18,269,70.1,3e-18,3.6,249,68.9,4.9e-21,6.8e-18,3.6,workflow/out/asr_HMMER/domtbl/Stool_13_asr_B.domtblout
k141_272580_5/13-244,k141_272580_5,281,70.1,3.1e-18,3.2,232,69.7,2.8e-21,3.9e-18,3.2,workflow/out/asr_HMMER/domtbl/Stool_13_asr_B.domtblout
k141_87302_16/2-247,k141_87302_16,281,70.0,3.1e-18,0.0,246,69.7,2.8e-21,3.9e-18,0.0,workflow/out/asr_HMMER/domtbl/Stool_13_asr_B.domtblout
k141_3769_69/20-240,k141_3769_69,248,70.0,3.2e-18,3.3,221,67.2,1.7e-20,2.3e-17,3.3,workflow/out/asr_HMMER/domtbl/Stool_13_asr_B.domtblout
k141_254272_7/21-240,k141_254272_7,247,69.9,3.5e-18,6.4,220,68.7,5.7e-21,7.9e-18,6.4,workflow/out/asr_HMMER/domtbl/Stool_13_asr_B.domtblout
k141_87997_10/29-252,k141_87997_10,259,69.8,3.6e-18,0.2,224,68.8,5.2e-21,7.1e-18,0.2,workflow/out/asr_HMMER/domtbl/Stool_13_asr_B.domtblout
k141_62825_9/33-244,k141_62825_9,253,69.8,3.6e-18,0.0,212,69.5,3.4e-21,4.6e-18,0.0,workflow/out/asr_HMMER/domtbl/Stool_13_asr_B.domtblout
k141_246954_7/27-245,k141_246954_7,284,69.7,3.9e-18,1.9,219,69.7,2.8e-21,3.9e-18,1.9,workflow/out/asr_HMMER/domtbl/Stool_13_asr_B.domtblout
k141_87841_26/27-252,k141_87841_26,297,69.2,5.5e-18,1.6,226,68.7,5.7e-21,7.8e-18,1.6,workflow/out/asr_HMMER/domtbl/Stool_13_asr_B.domtblout
k141_245055_2/26-243,k141_245055_2,282,69.1,5.9e-18,1.6,218,68.7,5.7e-21,7.9e-18,1.6,workflow/out/asr_HMMER/domtbl/Stool_13_asr_B.domtblout
k141_93411_7/31-256,k141_93411_7,261,69.1,6e-18,0.2,226,67.6,1.2e-20,1.7e-17,0.2,workflow/out/asr_HMMER/domtbl/Stool_13_asr_B.domtblout
k141_231023_4/34-253,k141_231023_4,258,68.9,6.9e-18,2.1,220,67.3,1.5e-20,2.1e-17,2.1,workflow/out/asr_HMMER/domtbl/Stool_13_asr_B.domtblout
k141_95852_1/28-243,k141_95852_1,266,68.6,8.2e-18,3.4,216,68.2,7.9e-21,1.1e-17,3.4,workflow/out/asr_HMMER/domtbl/Stool_13_asr_B.domtblout
k141_33661_4/29-254,k141_33661_4,261,68.5,8.9e-18,0.3,226,66.9,2e-20,2.7e-17,0.3,workflow/out/asr_HMMER/domtbl/Stool_13_asr_B.domtblout
k141_133575_2/27-244,k141_133575_2,248,68.4,9.5e-18,2.0,218,66.9,2e-20,2.7e-17,2.0,workflow/out/asr_HMMER/domtbl/Stool_13_asr_B.domtblout
k141_197481_32/31-237,k141_197481_32,245,67.7,1.6e-17,6.5,207,65.8,4.3e-20,6e-17,6.5,workflow/out/asr_HMMER/domtbl/Stool_13_asr_B.domtblout
k141_104406_6/34-253,k141_104406_6,258,67.6,1.7e-17,1.2,220,66.1,3.5e-20,4.9e-17,1.2,workflow/out/asr_HMMER/domtbl/Stool_13_asr_B.domtblout
k141_214340_25/31-254,k141_214340_25,261,67.6,1.7e-17,0.5,224,66.3,3.2e-20,4.4e-17,0.4,workflow/out/asr_HMMER/domtbl/Stool_13_asr_B.domtblout
k141_98628_17/34-249,k141_98628_17,257,67.0,2.6e-17,0.9,216,65.8,4.5e-20,6.2e-17,0.9,workflow/out/asr_HMMER/domtbl/Stool_13_asr_B.domtblout
k141_115858_122/34-256,k141_115858_122,262,66.9,2.8e-17,0.1,223,66.6,2.5e-20,3.5e-17,0.1,workflow/out/asr_HMMER/domtbl/Stool_13_asr_B.domtblout
k141_31431_85/29-246,k141_31431_85,255,66.9,2.8e-17,4.1,218,66.6,2.5e-20,3.4e-17,4.1,workflow/out/asr_HMMER/domtbl/Stool_13_asr_B.domtblout
k141_3278_46/25-244,k141_3278_46,281,66.8,3e-17,1.1,220,66.4,3e-20,4.1e-17,1.1,workflow/out/asr_HMMER/domtbl/Stool_13_asr_B.domtblout
k141_254254_91/28-243,k141_254254_91,266,66.8,3.1e-17,3.3,216,66.3,3e-20,4.2e-17,3.3,workflow/out/asr_HMMER/domtbl/Stool_13_asr_B.domtblout
k141_240429_3/26-243,k141_240429_3,282,66.7,3.3e-17,2.3,218,66.2,3.2e-20,4.4e-17,2.3,workflow/out/asr_HMMER/domtbl/Stool_13_asr_B.domtblout
k141_21225_12/35-252,k141_21225_12,257,66.6,3.3e-17,2.1,218,63.8,1.8e-19,2.5e-16,2.1,workflow/out/asr_HMMER/domtbl/Stool_13_asr_B.domtblout
k141_76041_3/26-243,k141_76041_3,764,66.6,3.4e-17,3.9,218,65.1,7e-20,9.6e-17,3.9,workflow/out/asr_HMMER/domtbl/Stool_13_asr_B.domtblout
k141_93222_9/34-253,k141_93222_9,259,66.6,3.4e-17,0.0,220,66.2,3.3e-20,4.6e-17,0.0,workflow/out/asr_HMMER/domtbl/Stool_13_asr_B.domtblout
k141_84911_13/34-254,k141_84911_13,261,66.3,4.2e-17,0.1,221,65.1,7.1e-20,9.8e-17,0.1,workflow/out/asr_HMMER/domtbl/Stool_13_asr_B.domtblout
k141_65037_3/29-254,k141_65037_3,261,66.3,4.2e-17,0.8,226,65.4,5.8e-20,8e-17,0.8,workflow/out/asr_HMMER/domtbl/Stool_13_asr_B.domtblout
k141_36155_126/21-245,k141_36155_126,253,66.3,4.4e-17,0.1,225,65.8,4.3e-20,5.9e-17,0.1,workflow/out/asr_HMMER/domtbl/Stool_13_asr_B.domtblout
k141_161083_2/34-252,k141_161083_2,260,66.2,4.7e-17,0.0,219,65.7,4.8e-20,6.7e-17,0.0,workflow/out/asr_HMMER/domtbl/Stool_13_asr_B.domtblout
k141_120911_17/35-253,k141_120911_17,258,66.1,5e-17,1.7,219,64.1,1.5e-19,2.1e-16,1.7,workflow/out/asr_HMMER/domtbl/Stool_13_asr_B.domtblout
k141_239779_20/38-258,k141_239779_20,265,66.1,5e-17,0.9,221,64.7,9.3e-20,1.3e-16,0.9,workflow/out/asr_HMMER/domtbl/Stool_13_asr_B.domtblout
k141_240426_2/26-243,k141_240426_2,282,66.0,5.1e-17,2.4,218,65.6,5e-20,6.9e-17,2.4,workflow/out/asr_HMMER/domtbl/Stool_13_asr_B.domtblout
k141_32712_95/26-244,k141_32712_95,281,66.0,5.2e-17,1.6,219,65.6,5e-20,6.9e-17,1.6,workflow/out/asr_HMMER/domtbl/Stool_13_asr_B.domtblout
k141_112549_2/35-253,k141_112549_2,258,65.8,6e-17,2.1,219,63.9,1.7e-19,2.4e-16,2.1,workflow/out/asr_HMMER/domtbl/Stool_13_asr_B.domtblout
k141_44753_4/7-236,k141_44753_4,244,65.7,6.6e-17,0.0,230,65.0,7.9e-20,1.1e-16,0.0,workflow/out/asr_HMMER/domtbl/Stool_13_asr_B.domtblout
k141_187574_35/27-243,k141_187574_35,764,65.5,7.3e-17,3.2,217,63.8,1.8e-19,2.5e-16,3.2,workflow/out/asr_HMMER/domtbl/Stool_13_asr_B.domtblout
k141_252789_4/31-250,k141_252789_4,257,65.3,8.7e-17,4.0,220,62.2,5.6e-19,7.8e-16,4.0,workflow/out/asr_HMMER/domtbl/Stool_13_asr_B.domtblout
k141_266951_2/16-237,k141_266951_2,245,65.2,9.5e-17,0.5,222,64.0,1.6e-19,2.2e-16,0.5,workflow/out/asr_HMMER/domtbl/Stool_13_asr_B.domtblout
k141_136598_10/34-253,k141_136598_10,259,65.1,9.8e-17,0.3,220,64.7,9.5e-20,1.3e-16,0.3,workflow/out/asr_HMMER/domtbl/Stool_13_asr_B.domtblout
k141_96226_54/18-236,k141_96226_54,244,64.8,1.2e-16,1.0,219,62.3,5.2e-19,7.2e-16,1.0,workflow/out/asr_HMMER/domtbl/Stool_13_asr_B.domtblout
k141_156001_146/6-235,k141_156001_146,243,64.7,1.4e-16,9.9,230,60.7,1.6e-18,2.3e-15,9.9,workflow/out/asr_HMMER/domtbl/Stool_13_asr_B.domtblout
k141_161528_1/10-228,k141_161528_1,265,64.6,1.4e-16,1.1,219,64.2,1.3e-19,1.9e-16,1.1,workflow/out/asr_HMMER/domtbl/Stool_13_asr_B.domtblout
k141_15585_73/29-254,k141_15585_73,261,64.5,1.5e-16,0.9,226,62.9,3.4e-19,4.7e-16,0.9,workflow/out/asr_HMMER/domtbl/Stool_13_asr_B.domtblout
k141_257787_29/31-261,k141_257787_29,267,64.5,1.6e-16,1.4,231,63.2,2.7e-19,3.7e-16,1.4,workflow/out/asr_HMMER/domtbl/Stool_13_asr_B.domtblout
k141_35903_62/52-270,k141_35903_62,276,64.5,1.6e-16,0.0,219,63.9,1.6e-19,2.2e-16,0.0,workflow/out/asr_HMMER/domtbl/Stool_13_asr_B.domtblout
k141_159258_3/25-231,k141_159258_3,231,64.3,1.7e-16,1.2,207,64.2,1.3e-19,1.9e-16,1.2,workflow/out/asr_HMMER/domtbl/Stool_13_asr_B.domtblout
k141_163858_87/125-341,k141_163858_87,347,64.3,1.8e-16,0.2,217,63.7,1.9e-19,2.6e-16,0.2,workflow/out/asr_HMMER/domtbl/Stool_13_asr_B.domtblout
k141_155104_30/31-254,k141_155104_30,261,64.2,1.8e-16,0.6,224,62.6,4.2e-19,5.8e-16,0.6,workflow/out/asr_HMMER/domtbl/Stool_13_asr_B.domtblout
k141_17791_33/32-252,k141_17791_33,259,64.2,1.9e-16,0.3,221,63.0,3.1e-19,4.3e-16,0.2,workflow/out/asr_HMMER/domtbl/Stool_13_asr_B.domtblout
k141_35906_3/26-243,k141_35906_3,767,64.1,2e-16,3.4,218,62.7,4e-19,5.5e-16,3.4,workflow/out/asr_HMMER/domtbl/Stool_13_asr_B.domtblout
k141_175170_18/26-244,k141_175170_18,281,64.1,2e-16,1.1,219,63.7,1.9e-19,2.6e-16,1.1,workflow/out/asr_HMMER/domtbl/Stool_13_asr_B.domtblout
k141_187556_1/25-248,k141_187556_1,298,63.8,2.4e-16,1.7,224,63.4,2.4e-19,3.4e-16,1.7,workflow/out/asr_HMMER/domtbl/Stool_13_asr_B.domtblout
k141_33531_1/11-231,k141_33531_1,238,63.8,2.6e-16,0.1,221,62.5,4.6e-19,6.3e-16,0.1,workflow/out/asr_HMMER/domtbl/Stool_13_asr_B.domtblout
k141_235946_1/37-248,k141_235946_1,257,63.5,3.1e-16,1.6,212,61.9,6.8e-19,9.4e-16,1.6,workflow/out/asr_HMMER/domtbl/Stool_13_asr_B.domtblout
k141_211896_87/29-255,k141_211896_87,262,63.4,3.3e-16,1.0,227,61.7,7.8e-19,1.1e-15,1.0,workflow/out/asr_HMMER/domtbl/Stool_13_asr_B.domtblout
k141_157403_88/32-248,k141_157403_88,256,63.4,3.4e-16,3.4,217,61.8,7.2e-19,9.9e-16,3.4,workflow/out/asr_HMMER/domtbl/Stool_13_asr_B.domtblout
k141_100875_3/21-251,k141_100875_3,259,63.0,4.4e-16,0.0,231,62.7,4e-19,5.5e-16,0.0,workflow/out/asr_HMMER/domtbl/Stool_13_asr_B.domtblout
k141_91411_49/26-245,k141_91411_49,278,62.9,4.7e-16,1.5,220,62.5,4.5e-19,6.3e-16,1.5,workflow/out/asr_HMMER/domtbl/Stool_13_asr_B.domtblout
k141_234456_3/15-124,k141_234456_3,231,62.2,7.5e-16,8.7,110,43.6,2.5e-13,3.5e-10,0.4,workflow/out/asr_HMMER/domtbl/Stool_13_asr_B.domtblout
k141_234456_3/152-221,k141_234456_3,231,62.2,7.5e-16,8.7,70,22.0,1e-06,0.0014,3.3,workflow/out/asr_HMMER/domtbl/Stool_13_asr_B.domtblout
k141_244362_6/44-245,k141_244362_6,273,62.1,8.4e-16,0.1,202,61.1,1.2e-18,1.6e-15,0.1,workflow/out/asr_HMMER/domtbl/Stool_13_asr_B.domtblout
k141_168737_5/34-253,k141_168737_5,259,62.0,8.9e-16,0.0,220,61.6,8.4e-19,1.2e-15,0.0,workflow/out/asr_HMMER/domtbl/Stool_13_asr_B.domtblout
k141_226637_4/26-244,k141_226637_4,285,61.9,9.1e-16,1.1,219,61.5,9.2e-19,1.3e-15,1.1,workflow/out/asr_HMMER/domtbl/Stool_13_asr_B.domtblout
k141_170110_118/42-264,k141_170110_118,273,61.6,1.2e-15,0.4,223,57.9,1.1e-17,1.6e-14,0.4,workflow/out/asr_HMMER/domtbl/Stool_13_asr_B.domtblout
k141_188215_65/31-255,k141_188215_65,262,61.4,1.4e-15,1.6,225,60.3,2.1e-18,2.9e-15,1.6,workflow/out/asr_HMMER/domtbl/Stool_13_asr_B.domtblout
k141_246427_2/26-245,k141_246427_2,287,61.3,1.4e-15,0.7,220,60.8,1.5e-18,2e-15,0.7,workflow/out/asr_HMMER/domtbl/Stool_13_asr_B.domtblout
k141_224619_14/31-249,k141_224619_14,256,61.2,1.5e-15,0.8,219,59.4,3.9e-18,5.4e-15,0.8,workflow/out/asr_HMMER/domtbl/Stool_13_asr_B.domtblout
k141_120638_2/8-230,k141_120638_2,237,61.0,1.8e-15,1.0,223,59.7,3.1e-18,4.3e-15,1.0,workflow/out/asr_HMMER/domtbl/Stool_13_asr_B.domtblout
k141_127157_12/33-243,k141_127157_12,253,60.6,2.3e-15,0.2,211,59.9,2.7e-18,3.7e-15,0.2,workflow/out/asr_HMMER/domtbl/Stool_13_asr_B.domtblout
k141_84172_5/34-257,k141_84172_5,264,60.1,3.3e-15,0.5,224,59.2,4.6e-18,6.4e-15,0.5,workflow/out/asr_HMMER/domtbl/Stool_13_asr_B.domtblout
k141_167612_5/34-253,k141_167612_5,259,60.0,3.5e-15,0.0,220,59.6,3.4e-18,4.8e-15,0.0,workflow/out/asr_HMMER/domtbl/Stool_13_asr_B.domtblout
k141_101431_54/26-252,k141_101431_54,297,59.9,3.9e-15,2.1,227,59.9,2.8e-18,3.9e-15,2.1,workflow/out/asr_HMMER/domtbl/Stool_13_asr_B.domtblout
k141_105519_54/32-254,k141_105519_54,261,59.8,4.2e-15,0.7,223,58.2,9.3e-18,1.3e-14,0.7,workflow/out/asr_HMMER/domtbl/Stool_13_asr_B.domtblout
k141_113858_5/33-272,k141_113858_5,279,59.4,5.4e-15,1.3,240,57.8,1.2e-17,1.7e-14,1.3,workflow/out/asr_HMMER/domtbl/Stool_13_asr_B.domtblout
k141_211155_32/27-251,k141_211155_32,258,59.4,5.4e-15,1.1,225,58.9,5.5e-18,7.6e-15,1.1,workflow/out/asr_HMMER/domtbl/Stool_13_asr_B.domtblout
k141_198996_2/13-219,k141_198996_2,224,59.1,6.6e-15,0.1,207,57.7,1.3e-17,1.7e-14,0.1,workflow/out/asr_HMMER/domtbl/Stool_13_asr_B.domtblout
k141_219388_14/27-244,k141_219388_14,281,59.0,7.1e-15,1.5,218,58.6,6.9e-18,9.6e-15,1.5,workflow/out/asr_HMMER/domtbl/Stool_13_asr_B.domtblout
k141_148597_2/34-228,k141_148597_2,230,58.4,1.1e-14,0.1,195,56.8,2.4e-17,3.3e-14,0.1,workflow/out/asr_HMMER/domtbl/Stool_13_asr_B.domtblout
k141_76148_235/40-261,k141_76148_235,268,58.4,1.1e-14,0.0,222,57.8,1.2e-17,1.7e-14,0.0,workflow/out/asr_HMMER/domtbl/Stool_13_asr_B.domtblout
k141_18618_20/35-251,k141_18618_20,259,58.1,1.4e-14,1.2,217,56.0,4.4e-17,6.1e-14,1.2,workflow/out/asr_HMMER/domtbl/Stool_13_asr_B.domtblout
k141_196463_10/35-253,k141_196463_10,259,58.1,1.4e-14,0.1,219,57.6,1.4e-17,1.9e-14,0.1,workflow/out/asr_HMMER/domtbl/Stool_13_asr_B.domtblout
k141_71357_1/33-252,k141_71357_1,259,58.0,1.4e-14,1.1,220,55.5,6.2e-17,8.5e-14,1.1,workflow/out/asr_HMMER/domtbl/Stool_13_asr_B.domtblout
k141_272274_16/28-243,k141_272274_16,767,57.8,1.7e-14,2.3,216,55.0,8.7e-17,1.2e-13,1.1,workflow/out/asr_HMMER/domtbl/Stool_13_asr_B.domtblout
k141_280038_2/29-264,k141_280038_2,270,57.6,1.9e-14,3.5,236,54.9,9.1e-17,1.2e-13,3.5,workflow/out/asr_HMMER/domtbl/Stool_13_asr_B.domtblout
k141_267482_7/26-244,k141_267482_7,281,57.6,1.9e-14,3.3,219,57.2,1.8e-17,2.5e-14,3.3,workflow/out/asr_HMMER/domtbl/Stool_13_asr_B.domtblout
k141_43715_31/35-231,k141_43715_31,237,57.6,2e-14,3.5,197,56.3,3.4e-17,4.7e-14,3.5,workflow/out/asr_HMMER/domtbl/Stool_13_asr_B.domtblout
k141_92688_1/41-258,k141_92688_1,297,57.3,2.4e-14,2.0,218,56.8,2.5e-17,3.5e-14,2.0,workflow/out/asr_HMMER/domtbl/Stool_13_asr_B.domtblout
k141_268046_51/33-248,k141_268046_51,256,57.1,2.7e-14,4.6,216,55.4,6.8e-17,9.3e-14,4.6,workflow/out/asr_HMMER/domtbl/Stool_13_asr_B.domtblout
k141_103444_4/27-244,k141_103444_4,274,56.9,3.1e-14,2.0,218,56.6,2.9e-17,4e-14,2.0,workflow/out/asr_HMMER/domtbl/Stool_13_asr_B.domtblout
k141_147242_14/26-244,k141_147242_14,283,56.9,3.1e-14,2.6,219,56.4,3.3e-17,4.6e-14,2.6,workflow/out/asr_HMMER/domtbl/Stool_13_asr_B.domtblout
k141_117107_21/37-261,k141_117107_21,268,56.8,3.3e-14,1.1,225,56.3,3.6e-17,4.9e-14,1.1,workflow/out/asr_HMMER/domtbl/Stool_13_asr_B.domtblout
k141_163333_5/37-259,k141_163333_5,264,56.6,4e-14,0.0,223,56.2,3.8e-17,5.2e-14,0.0,workflow/out/asr_HMMER/domtbl/Stool_13_asr_B.domtblout
k141_62983_2/33-248,k141_62983_2,280,56.5,4.1e-14,0.5,216,55.4,6.4e-17,8.8e-14,0.5,workflow/out/asr_HMMER/domtbl/Stool_13_asr_B.domtblout
k141_29593_28/41-264,k141_29593_28,273,56.1,5.7e-14,0.5,224,54.2,1.5e-16,2.1e-13,0.5,workflow/out/asr_HMMER/domtbl/Stool_13_asr_B.domtblout
k141_23087_7/26-244,k141_23087_7,285,56.0,5.9e-14,1.9,219,55.6,5.7e-17,7.9e-14,1.9,workflow/out/asr_HMMER/domtbl/Stool_13_asr_B.domtblout
k141_87183_35/18-172,k141_87183_35,247,55.7,7.4e-14,0.0,155,39.3,5.2e-12,7.2e-09,0.0,workflow/out/asr_HMMER/domtbl/Stool_13_asr_B.domtblout
k141_87183_35/201-236,k141_87183_35,247,55.7,7.4e-14,0.0,36,14.1,0.00026,0.37,0.4,workflow/out/asr_HMMER/domtbl/Stool_13_asr_B.domtblout
k141_201844_6/33-135,k141_201844_6,261,55.3,9.7e-14,1.1,103,28.3,1.2e-08,1.7e-05,0.0,workflow/out/asr_HMMER/domtbl/Stool_13_asr_B.domtblout
k141_201844_6/193-254,k141_201844_6,261,55.3,9.7e-14,1.1,62,24.7,1.5e-07,0.00021,1.5,workflow/out/asr_HMMER/domtbl/Stool_13_asr_B.domtblout
k141_117701_13/31-256,k141_117701_13,264,55.3,9.8e-14,0.2,226,53.5,2.6e-16,3.5e-13,0.2,workflow/out/asr_HMMER/domtbl/Stool_13_asr_B.domtblout
k141_148138_255/249-415,k141_148138_255,421,54.8,1.4e-13,0.6,167,53.5,2.4e-16,3.3e-13,0.0,workflow/out/asr_HMMER/domtbl/Stool_13_asr_B.domtblout
k141_83023_24/249-415,k141_83023_24,421,54.6,1.6e-13,0.8,167,53.3,2.9e-16,4e-13,0.0,workflow/out/asr_HMMER/domtbl/Stool_13_asr_B.domtblout
k141_119761_2/11-201,k141_119761_2,236,54.4,1.8e-13,0.0,191,54.1,1.7e-16,2.3e-13,0.0,workflow/out/asr_HMMER/domtbl/Stool_13_asr_B.domtblout
k141_171549_3/249-415,k141_171549_3,421,54.1,2.3e-13,0.1,167,52.0,7.1e-16,9.8e-13,0.0,workflow/out/asr_HMMER/domtbl/Stool_13_asr_B.domtblout
k141_158254_12/27-266,k141_158254_12,275,53.9,2.7e-13,0.0,240,52.5,4.9e-16,6.8e-13,0.0,workflow/out/asr_HMMER/domtbl/Stool_13_asr_B.domtblout
k141_157403_45/26-244,k141_157403_45,285,53.4,3.6e-13,1.5,219,53.0,3.5e-16,4.9e-13,1.5,workflow/out/asr_HMMER/domtbl/Stool_13_asr_B.domtblout
k141_7213_4/34-254,k141_7213_4,260,53.4,3.7e-13,2.9,221,52.7,4.4e-16,6.1e-13,2.9,workflow/out/asr_HMMER/domtbl/Stool_13_asr_B.domtblout
k141_233339_3/36-253,k141_233339_3,262,53.4,3.8e-13,0.0,218,52.8,4e-16,5.5e-13,0.0,workflow/out/asr_HMMER/domtbl/Stool_13_asr_B.domtblout
k141_38207_2/27-244,k141_38207_2,281,52.1,9.1e-13,4.1,218,51.7,8.6e-16,1.2e-12,4.1,workflow/out/asr_HMMER/domtbl/Stool_13_asr_B.domtblout
k141_120513_69/243-418,k141_120513_69,425,50.6,2.6e-12,0.4,176,48.8,6.9e-15,9.5e-12,0.0,workflow/out/asr_HMMER/domtbl/Stool_13_asr_B.domtblout
k141_10587_3/25-186,k141_10587_3,197,50.2,3.6e-12,0.0,162,49.9,3.2e-15,4.4e-12,0.0,workflow/out/asr_HMMER/domtbl/Stool_13_asr_B.domtblout
k141_115858_130/258-421,k141_115858_130,429,49.8,4.5e-12,0.3,164,47.1,2.3e-14,3.2e-11,0.0,workflow/out/asr_HMMER/domtbl/Stool_13_asr_B.domtblout
k141_29106_2/37-262,k141_29106_2,280,49.1,7.6e-12,0.1,226,45.7,6.1e-14,8.5e-11,0.1,workflow/out/asr_HMMER/domtbl/Stool_13_asr_B.domtblout
k141_235553_2/250-414,k141_235553_2,421,49.0,8.1e-12,1.3,165,48.4,9.1e-15,1.3e-11,0.0,workflow/out/asr_HMMER/domtbl/Stool_13_asr_B.domtblout
k141_212583_34/252-416,k141_212583_34,423,48.9,9e-12,1.5,165,48.3,9.6e-15,1.3e-11,0.0,workflow/out/asr_HMMER/domtbl/Stool_13_asr_B.domtblout
k141_54281_2/253-415,k141_54281_2,422,48.5,1.1e-11,0.0,163,48.5,8.1e-15,1.1e-11,0.0,workflow/out/asr_HMMER/domtbl/Stool_13_asr_B.domtblout
k141_103113_60/254-418,k141_103113_60,425,48.4,1.3e-11,0.5,165,47.0,2.4e-14,3.3e-11,0.0,workflow/out/asr_HMMER/domtbl/Stool_13_asr_B.domtblout
k141_265641_4/242-403,k141_265641_4,408,48.2,1.4e-11,0.0,162,46.5,3.5e-14,4.8e-11,0.0,workflow/out/asr_HMMER/domtbl/Stool_13_asr_B.domtblout
k141_269442_3/4-161,k141_269442_3,166,48.1,1.5e-11,0.0,158,47.9,1.2e-14,1.7e-11,0.0,workflow/out/asr_HMMER/domtbl/Stool_13_asr_B.domtblout
k141_243660_3/254-416,k141_243660_3,423,48.0,1.6e-11,0.0,163,48.0,1.1e-14,1.6e-11,0.0,workflow/out/asr_HMMER/domtbl/Stool_13_asr_B.domtblout
k141_252392_18/254-418,k141_252392_18,425,47.9,1.8e-11,0.5,165,46.5,3.5e-14,4.8e-11,0.0,workflow/out/asr_HMMER/domtbl/Stool_13_asr_B.domtblout
k141_93479_8/254-418,k141_93479_8,425,47.7,2.1e-11,1.1,165,46.9,2.5e-14,3.4e-11,0.0,workflow/out/asr_HMMER/domtbl/Stool_13_asr_B.domtblout
k141_48180_10/242-403,k141_48180_10,408,46.4,5e-11,0.0,162,44.7,1.2e-13,1.7e-10,0.0,workflow/out/asr_HMMER/domtbl/Stool_13_asr_B.domtblout
k141_242230_10/216-377,k141_242230_10,382,45.6,8.8e-11,0.0,162,43.9,2.1e-13,2.9e-10,0.0,workflow/out/asr_HMMER/domtbl/Stool_13_asr_B.domtblout
k141_179923_2/25-143,k141_179923_2,144,45.6,8.9e-11,0.0,119,45.5,7e-14,9.7e-11,0.0,workflow/out/asr_HMMER/domtbl/Stool_13_asr_B.domtblout
k141_108892_6/26-174,k141_108892_6,183,44.6,1.8e-10,0.1,149,44.3,1.6e-13,2.3e-10,0.1,workflow/out/asr_HMMER/domtbl/Stool_13_asr_B.domtblout
k141_120095_3/216-377,k141_120095_3,382,43.6,3.5e-10,0.1,162,41.9,8.4e-13,1.2e-09,0.0,workflow/out/asr_HMMER/domtbl/Stool_13_asr_B.domtblout
k141_249291_4/4-165,k141_249291_4,172,43.4,4.1e-10,0.2,162,40.8,1.9e-12,2.6e-09,0.2,workflow/out/asr_HMMER/domtbl/Stool_13_asr_B.domtblout
k141_116493_1/250-376,k141_116493_1,380,43.1,5.3e-10,0.5,127,41.4,1.2e-12,1.7e-09,0.0,workflow/out/asr_HMMER/domtbl/Stool_13_asr_B.domtblout
k141_71408_2/32-263,k141_71408_2,269,42.5,7.6e-10,0.0,232,42.1,7.7e-13,1.1e-09,0.0,workflow/out/asr_HMMER/domtbl/Stool_13_asr_B.domtblout
k141_267879_1/4-36,k141_267879_1,45,42.4,8.5e-10,0.4,33,42.3,6.4e-13,8.8e-10,0.4,workflow/out/asr_HMMER/domtbl/Stool_13_asr_B.domtblout
k141_149067_24/8-218,k141_149067_24,323,41.0,2.2e-09,0.7,211,40.1,3.1e-12,4.2e-09,0.0,workflow/out/asr_HMMER/domtbl/Stool_13_asr_B.domtblout
k141_6656_2/32-263,k141_6656_2,269,40.9,2.5e-09,0.0,232,40.4,2.4e-12,3.3e-09,0.0,workflow/out/asr_HMMER/domtbl/Stool_13_asr_B.domtblout
k141_133279_6/117-327,k141_133279_6,338,40.7,2.8e-09,0.0,211,38.2,1.2e-11,1.6e-08,0.0,workflow/out/asr_HMMER/domtbl/Stool_13_asr_B.domtblout
k141_36293_1/259-353,k141_36293_1,363,40.1,4.1e-09,0.0,95,36.5,3.8e-11,5.2e-08,0.0,workflow/out/asr_HMMER/domtbl/Stool_13_asr_B.domtblout
k141_269740_2/8-219,k141_269740_2,323,39.9,4.8e-09,0.1,212,38.4,1e-11,1.4e-08,0.0,workflow/out/asr_HMMER/domtbl/Stool_13_asr_B.domtblout
k141_140235_1/1-158,k141_140235_1,200,39.6,5.8e-09,0.0,158,39.3,5.4e-12,7.4e-09,0.0,workflow/out/asr_HMMER/domtbl/Stool_13_asr_B.domtblout
k141_188716_2/8-210,k141_188716_2,323,39.5,6.6e-09,0.1,203,37.6,1.8e-11,2.5e-08,0.0,workflow/out/asr_HMMER/domtbl/Stool_13_asr_B.domtblout
k141_143954_3/8-215,k141_143954_3,323,39.1,8.3e-09,0.2,208,37.3,2.2e-11,3.1e-08,0.0,workflow/out/asr_HMMER/domtbl/Stool_13_asr_B.domtblout
k141_244034_1/27-124,k141_244034_1,137,38.7,1.2e-08,0.0,98,38.5,9.5e-12,1.3e-08,0.0,workflow/out/asr_HMMER/domtbl/Stool_13_asr_B.domtblout
k141_269434_22/8-219,k141_269434_22,323,38.0,1.9e-08,0.1,212,36.3,4.3e-11,6e-08,0.0,workflow/out/asr_HMMER/domtbl/Stool_13_asr_B.domtblout
k141_17941_2/31-155,k141_17941_2,171,35.9,8.3e-08,0.0,125,35.5,7.6e-11,1e-07,0.0,workflow/out/asr_HMMER/domtbl/Stool_13_asr_B.domtblout
k141_257512_11/9-140,k141_257512_11,145,35.5,1.1e-07,0.0,132,35.2,9.8e-11,1.3e-07,0.0,workflow/out/asr_HMMER/domtbl/Stool_13_asr_B.domtblout
k141_212269_12/75-307,k141_212269_12,313,35.0,1.5e-07,0.0,233,34.2,2e-10,2.7e-07,0.0,workflow/out/asr_HMMER/domtbl/Stool_13_asr_B.domtblout
k141_61807_1/33-148,k141_61807_1,168,34.7,1.9e-07,0.0,116,34.5,1.5e-10,2.1e-07,0.0,workflow/out/asr_HMMER/domtbl/Stool_13_asr_B.domtblout
k141_51844_1/32-168,k141_51844_1,192,34.7,1.9e-07,0.0,137,34.4,1.7e-10,2.4e-07,0.0,workflow/out/asr_HMMER/domtbl/Stool_13_asr_B.domtblout
k141_15651_1/6-96,k141_15651_1,96,34.6,2e-07,0.0,91,34.5,1.6e-10,2.2e-07,0.0,workflow/out/asr_HMMER/domtbl/Stool_13_asr_B.domtblout
k141_213423_469/117-245,k141_213423_469,272,34.6,2.1e-07,0.1,129,34.0,2.2e-10,3e-07,0.1,workflow/out/asr_HMMER/domtbl/Stool_13_asr_B.domtblout
k141_31970_8/193-334,k141_31970_8,398,29.7,6.1e-06,0.1,142,29.2,6.2e-09,8.6e-06,0.1,workflow/out/asr_HMMER/domtbl/Stool_13_asr_B.domtblout
k141_245627_1/242-374,k141_245627_1,432,28.2,1.8e-05,0.0,133,26.7,3.8e-08,5.2e-05,0.0,workflow/out/asr_HMMER/domtbl/Stool_13_asr_B.domtblout
k141_125541_2/11-101,k141_125541_2,143,27.7,2.5e-05,0.3,91,27.3,2.4e-08,3.3e-05,0.3,workflow/out/asr_HMMER/domtbl/Stool_13_asr_B.domtblout
k141_127441_7/16-236,k141_127441_7,249,26.3,6.9e-05,0.0,221,25.9,6.4e-08,8.8e-05,0.0,workflow/out/asr_HMMER/domtbl/Stool_13_asr_B.domtblout
k141_17261_1/3-141,k141_17261_1,256,25.7,0.0001,0.0,139,25.2,1.1e-07,0.00015,0.0,workflow/out/asr_HMMER/domtbl/Stool_13_asr_B.domtblout
k141_137483_2/194-349,k141_137483_2,398,25.3,0.00014,0.0,156,24.7,1.5e-07,0.00021,0.0,workflow/out/asr_HMMER/domtbl/Stool_13_asr_B.domtblout
k141_135112_2/40-201,k141_135112_2,212,24.6,0.00023,0.0,162,23.5,3.7e-07,0.0005,0.0,workflow/out/asr_HMMER/domtbl/Stool_13_asr_B.domtblout
k141_130326_2/25-72,k141_130326_2,77,24.4,0.00026,0.5,48,24.3,2.1e-07,0.00028,0.5,workflow/out/asr_HMMER/domtbl/Stool_13_asr_B.domtblout
k141_148433_4/72-211,k141_148433_4,325,23.1,0.00063,0.0,140,22.5,7e-07,0.00097,0.0,workflow/out/asr_HMMER/domtbl/Stool_13_asr_B.domtblout
k141_75959_1/2-82,k141_75959_1,91,22.2,0.0012,0.0,81,22.0,1e-06,0.0014,0.0,workflow/out/asr_HMMER/domtbl/Stool_13_asr_B.domtblout
k141_75970_1/2-82,k141_75970_1,91,22.2,0.0012,0.0,81,22.0,1e-06,0.0014,0.0,workflow/out/asr_HMMER/domtbl/Stool_13_asr_B.domtblout
k141_272291_13/100-242,k141_272291_13,357,21.8,0.0016,0.0,143,21.1,2e-06,0.0027,0.0,workflow/out/asr_HMMER/domtbl/Stool_13_asr_B.domtblout
k141_4537_34/7-184,k141_4537_34,234,21.4,0.0022,0.0,178,21.1,1.9e-06,0.0027,0.0,workflow/out/asr_HMMER/domtbl/Stool_13_asr_B.domtblout
k141_192393_1/29-89,k141_192393_1,96,21.0,0.0029,0.2,61,20.8,2.4e-06,0.0033,0.2,workflow/out/asr_HMMER/domtbl/Stool_13_asr_B.domtblout
k141_160827_30/104-241,k141_160827_30,357,20.7,0.0035,0.0,138,20.0,4.1e-06,0.0056,0.0,workflow/out/asr_HMMER/domtbl/Stool_13_asr_B.domtblout
k141_27836_2/42-139,k141_27836_2,228,20.3,0.0047,2.1,98,10.4,0.0035,4.8,0.1,workflow/out/asr_HMMER/domtbl/Stool_13_asr_B.domtblout
k141_27836_2/131-211,k141_27836_2,228,20.3,0.0047,2.1,81,10.6,0.003,4.1,0.6,workflow/out/asr_HMMER/domtbl/Stool_13_asr_B.domtblout
k141_160745_39/7-182,k141_160745_39,234,20.3,0.0048,0.0,176,19.9,4.4e-06,0.006,0.0,workflow/out/asr_HMMER/domtbl/Stool_13_asr_B.domtblout
k141_186205_6/224-386,k141_186205_6,397,20.2,0.0048,0.0,163,19.0,8.3e-06,0.011,0.0,workflow/out/asr_HMMER/domtbl/Stool_13_asr_B.domtblout
k141_188728_1/104-241,k141_188728_1,357,19.7,0.0073,0.0,138,19.0,8.4e-06,0.012,0.0,workflow/out/asr_HMMER/domtbl/Stool_13_asr_B.domtblout
k141_261606_13/3-262,k141_261606_13,263,435.1,1.6e-129,0.5,260,434.9,1.3e-132,1.8e-129,0.5,workflow/out/asr_HMMER/domtbl/Stool_12_asr_B.domtblout
k141_51101_5/3-262,k141_51101_5,263,434.5,2.4e-129,0.3,260,434.3,2e-132,2.7e-129,0.3,workflow/out/asr_HMMER/domtbl/Stool_12_asr_B.domtblout
k141_127510_1/3-262,k141_127510_1,263,331.4,6.7e-98,0.0,260,331.2,5.5e-101,7.5e-98,0.0,workflow/out/asr_HMMER/domtbl/Stool_12_asr_B.domtblout
k141_286347_5/5-262,k141_286347_5,263,320.9,1.1e-94,0.1,258,320.7,8.9e-98,1.2e-94,0.1,workflow/out/asr_HMMER/domtbl/Stool_12_asr_B.domtblout
k141_270177_5/7-263,k141_270177_5,264,313.7,1.7e-92,0.0,257,313.5,1.4e-95,1.9e-92,0.0,workflow/out/asr_HMMER/domtbl/Stool_12_asr_B.domtblout
k141_208690_3/30-296,k141_208690_3,301,235.0,1.8e-68,0.0,267,234.8,1.5e-71,2e-68,0.0,workflow/out/asr_HMMER/domtbl/Stool_12_asr_B.domtblout
k141_32856_21/35-301,k141_32856_21,306,229.2,9.9e-67,0.0,267,229.1,8.2e-70,1.1e-66,0.0,workflow/out/asr_HMMER/domtbl/Stool_12_asr_B.domtblout
k141_276390_29/7-272,k141_276390_29,278,200.1,7.5e-58,0.0,266,200.0,6.2e-61,8.4e-58,0.0,workflow/out/asr_HMMER/domtbl/Stool_12_asr_B.domtblout
k141_215716_63/13-273,k141_215716_63,285,193.7,7e-56,0.3,261,193.4,6.2e-59,8.4e-56,0.3,workflow/out/asr_HMMER/domtbl/Stool_12_asr_B.domtblout
k141_118318_5/15-273,k141_118318_5,285,189.3,1.5e-54,0.2,259,189.0,1.4e-57,1.9e-54,0.2,workflow/out/asr_HMMER/domtbl/Stool_12_asr_B.domtblout
k141_139507_8/15-276,k141_139507_8,285,188.4,3e-54,0.3,262,188.1,2.7e-57,3.6e-54,0.3,workflow/out/asr_HMMER/domtbl/Stool_12_asr_B.domtblout
k141_51065_25/15-274,k141_51065_25,286,185.6,2.1e-53,0.1,260,185.2,2e-56,2.7e-53,0.1,workflow/out/asr_HMMER/domtbl/Stool_12_asr_B.domtblout
k141_5409_2/15-273,k141_5409_2,285,185.0,3.1e-53,0.1,259,184.7,2.8e-56,3.8e-53,0.1,workflow/out/asr_HMMER/domtbl/Stool_12_asr_B.domtblout
k141_254482_9/15-273,k141_254482_9,285,184.6,4e-53,0.4,259,184.2,4.1e-56,5.6e-53,0.4,workflow/out/asr_HMMER/domtbl/Stool_12_asr_B.domtblout
k141_223760_1/14-273,k141_223760_1,285,184.3,5e-53,0.1,260,184.0,4.6e-56,6.3e-53,0.1,workflow/out/asr_HMMER/domtbl/Stool_12_asr_B.domtblout
k141_78473_13/8-272,k141_78473_13,279,181.1,4.9e-52,0.0,265,180.8,4.3e-55,5.8e-52,0.0,workflow/out/asr_HMMER/domtbl/Stool_12_asr_B.domtblout
k141_107917_3/15-279,k141_107917_3,285,180.3,8.6e-52,0.3,265,179.8,8.8e-55,1.2e-51,0.3,workflow/out/asr_HMMER/domtbl/Stool_12_asr_B.domtblout
k141_105195_3/16-279,k141_105195_3,285,179.8,1.2e-51,0.4,264,179.3,1.3e-54,1.7e-51,0.4,workflow/out/asr_HMMER/domtbl/Stool_12_asr_B.domtblout
k141_210404_18/5-270,k141_210404_18,280,178.2,3.6e-51,0.0,266,178.0,3.2e-54,4.4e-51,0.0,workflow/out/asr_HMMER/domtbl/Stool_12_asr_B.domtblout
k141_23538_5/404-631,k141_23538_5,640,158.6,3.6e-45,0.0,228,158.1,3.7e-48,5.1e-45,0.0,workflow/out/asr_HMMER/domtbl/Stool_12_asr_B.domtblout
k141_167751_14/404-663,k141_167751_14,672,151.6,4.8e-43,0.0,260,151.0,5.4e-46,7.3e-43,0.0,workflow/out/asr_HMMER/domtbl/Stool_12_asr_B.domtblout
k141_316209_6/3-179,k141_316209_6,185,150.4,1.1e-42,0.3,177,150.3,8.7e-46,1.2e-42,0.3,workflow/out/asr_HMMER/domtbl/Stool_12_asr_B.domtblout
k141_175616_1/3-146,k141_175616_1,151,137.8,7.7e-39,0.0,144,137.7,6.2e-42,8.4e-39,0.0,workflow/out/asr_HMMER/domtbl/Stool_12_asr_B.domtblout
k141_144327_21/3-249,k141_144327_21,258,94.2,1.5e-25,0.3,247,94.0,1.3e-28,1.8e-25,0.3,workflow/out/asr_HMMER/domtbl/Stool_12_asr_B.domtblout
k141_145256_43/25-252,k141_145256_43,295,91.6,9.8e-25,0.3,228,91.2,9.7e-28,1.3e-24,0.3,workflow/out/asr_HMMER/domtbl/Stool_12_asr_B.domtblout
k141_312068_2/25-251,k141_312068_2,296,88.6,7.8e-24,2.3,227,88.3,7.4e-27,1e-23,2.3,workflow/out/asr_HMMER/domtbl/Stool_12_asr_B.domtblout
k141_3735_2/25-251,k141_3735_2,296,88.6,7.8e-24,2.3,227,88.3,7.4e-27,1e-23,2.3,workflow/out/asr_HMMER/domtbl/Stool_12_asr_B.domtblout
k141_319129_1/25-251,k141_319129_1,292,87.8,1.5e-23,2.3,227,87.4,1.4e-26,1.9e-23,2.3,workflow/out/asr_HMMER/domtbl/Stool_12_asr_B.domtblout
k141_114560_24/25-251,k141_114560_24,296,87.6,1.6e-23,2.8,227,87.0,1.9e-26,2.5e-23,2.8,workflow/out/asr_HMMER/domtbl/Stool_12_asr_B.domtblout
k141_216424_7/25-252,k141_216424_7,295,85.5,7.3e-23,0.3,228,85.1,6.9e-26,9.4e-23,0.3,workflow/out/asr_HMMER/domtbl/Stool_12_asr_B.domtblout
k141_107509_16/27-251,k141_107509_16,296,84.8,1.1e-22,1.5,225,84.4,1.1e-25,1.5e-22,1.5,workflow/out/asr_HMMER/domtbl/Stool_12_asr_B.domtblout
k141_62227_2/26-252,k141_62227_2,296,84.7,1.2e-22,2.4,227,84.1,1.4e-25,1.9e-22,2.4,workflow/out/asr_HMMER/domtbl/Stool_12_asr_B.domtblout
k141_249098_39/32-249,k141_249098_39,256,84.3,1.6e-22,0.6,218,84.0,1.5e-25,2.1e-22,0.6,workflow/out/asr_HMMER/domtbl/Stool_12_asr_B.domtblout
k141_197178_59/26-251,k141_197178_59,293,84.3,1.6e-22,2.1,226,84.0,1.5e-25,2.1e-22,2.1,workflow/out/asr_HMMER/domtbl/Stool_12_asr_B.domtblout
k141_20285_4/26-251,k141_20285_4,296,84.2,1.7e-22,2.0,226,83.8,1.7e-25,2.3e-22,2.0,workflow/out/asr_HMMER/domtbl/Stool_12_asr_B.domtblout
k141_214402_2/25-252,k141_214402_2,296,83.9,2.2e-22,3.6,228,83.5,2.2e-25,3e-22,3.6,workflow/out/asr_HMMER/domtbl/Stool_12_asr_B.domtblout
k141_322867_1/38-249,k141_322867_1,256,83.6,2.7e-22,1.7,212,83.2,2.5e-25,3.5e-22,1.7,workflow/out/asr_HMMER/domtbl/Stool_12_asr_B.domtblout
k141_178439_16/34-246,k141_178439_16,254,83.6,2.7e-22,1.6,213,83.2,2.5e-25,3.4e-22,1.6,workflow/out/asr_HMMER/domtbl/Stool_12_asr_B.domtblout
k141_39020_7/27-252,k141_39020_7,297,82.7,4.9e-22,3.2,226,82.3,4.9e-25,6.7e-22,3.2,workflow/out/asr_HMMER/domtbl/Stool_12_asr_B.domtblout
k141_148198_5/27-252,k141_148198_5,297,82.3,6.6e-22,3.0,226,81.9,6.4e-25,8.7e-22,3.0,workflow/out/asr_HMMER/domtbl/Stool_12_asr_B.domtblout
k141_200588_17/26-251,k141_200588_17,255,81.9,8.9e-22,1.2,226,81.4,9.1e-25,1.2e-21,1.2,workflow/out/asr_HMMER/domtbl/Stool_12_asr_B.domtblout
k141_24203_7/26-251,k141_24203_7,296,81.3,1.3e-21,2.5,226,81.3,9.7e-25,1.3e-21,2.5,workflow/out/asr_HMMER/domtbl/Stool_12_asr_B.domtblout
k141_68247_63/26-251,k141_68247_63,296,80.2,3e-21,1.7,226,79.7,2.9e-24,4e-21,1.7,workflow/out/asr_HMMER/domtbl/Stool_12_asr_B.domtblout
k141_257441_68/26-252,k141_257441_68,295,79.9,3.5e-21,0.0,227,79.5,3.5e-24,4.8e-21,0.0,workflow/out/asr_HMMER/domtbl/Stool_12_asr_B.domtblout
k141_206382_15/27-251,k141_206382_15,294,79.7,4.3e-21,1.9,225,79.2,4.2e-24,5.8e-21,1.9,workflow/out/asr_HMMER/domtbl/Stool_12_asr_B.domtblout
k141_299397_2/26-244,k141_299397_2,283,79.2,5.9e-21,0.3,219,78.8,5.9e-24,8e-21,0.3,workflow/out/asr_HMMER/domtbl/Stool_12_asr_B.domtblout
k141_29276_8/25-251,k141_29276_8,309,78.5,9.7e-21,2.8,227,78.2,8.5e-24,1.2e-20,2.8,workflow/out/asr_HMMER/domtbl/Stool_12_asr_B.domtblout
k141_140366_71/3-251,k141_140366_71,296,78.4,1e-20,2.8,249,78.1,9.5e-24,1.3e-20,2.8,workflow/out/asr_HMMER/domtbl/Stool_12_asr_B.domtblout
k141_198795_26/27-251,k141_198795_26,293,78.1,1.2e-20,1.4,225,77.7,1.2e-23,1.6e-20,1.4,workflow/out/asr_HMMER/domtbl/Stool_12_asr_B.domtblout
k141_77445_3/26-252,k141_77445_3,297,78.1,1.3e-20,3.0,227,77.8,1.2e-23,1.6e-20,3.0,workflow/out/asr_HMMER/domtbl/Stool_12_asr_B.domtblout
k141_116767_39/26-251,k141_116767_39,293,77.4,2e-20,3.0,226,77.0,2e-23,2.8e-20,3.0,workflow/out/asr_HMMER/domtbl/Stool_12_asr_B.domtblout
k141_178395_143/27-251,k141_178395_143,293,77.2,2.4e-20,2.3,225,76.8,2.4e-23,3.2e-20,2.3,workflow/out/asr_HMMER/domtbl/Stool_12_asr_B.domtblout
k141_185125_27/15-252,k141_185125_27,295,77.0,2.8e-20,0.1,238,76.7,2.5e-23,3.4e-20,0.1,workflow/out/asr_HMMER/domtbl/Stool_12_asr_B.domtblout
k141_219266_2/27-253,k141_219266_2,298,77.0,2.8e-20,2.7,227,76.6,2.7e-23,3.7e-20,2.7,workflow/out/asr_HMMER/domtbl/Stool_12_asr_B.domtblout
k141_127557_13/25-251,k141_127557_13,296,76.6,3.6e-20,2.2,227,76.3,3.3e-23,4.5e-20,2.2,workflow/out/asr_HMMER/domtbl/Stool_12_asr_B.domtblout
k141_125830_25/24-251,k141_125830_25,296,76.6,3.6e-20,2.7,228,76.6,2.6e-23,3.6e-20,2.7,workflow/out/asr_HMMER/domtbl/Stool_12_asr_B.domtblout
k141_149929_32/26-252,k141_149929_32,295,76.5,4e-20,0.0,227,76.0,4e-23,5.5e-20,0.0,workflow/out/asr_HMMER/domtbl/Stool_12_asr_B.domtblout
k141_113507_77/26-252,k141_113507_77,295,76.0,5.6e-20,0.1,227,75.5,5.8e-23,7.9e-20,0.1,workflow/out/asr_HMMER/domtbl/Stool_12_asr_B.domtblout
k141_12606_8/33-244,k141_12606_8,253,75.9,5.9e-20,0.0,212,75.6,5.5e-23,7.5e-20,0.0,workflow/out/asr_HMMER/domtbl/Stool_12_asr_B.domtblout
k141_158818_61/26-252,k141_158818_61,297,75.8,6.5e-20,2.2,227,75.4,6.1e-23,8.3e-20,2.2,workflow/out/asr_HMMER/domtbl/Stool_12_asr_B.domtblout
k141_16301_2/31-249,k141_16301_2,256,75.4,8.4e-20,0.5,219,75.0,8e-23,1.1e-19,0.5,workflow/out/asr_HMMER/domtbl/Stool_12_asr_B.domtblout
k141_1956_4/28-246,k141_1956_4,285,75.4,8.6e-20,0.8,219,74.9,8.7e-23,1.2e-19,0.8,workflow/out/asr_HMMER/domtbl/Stool_12_asr_B.domtblout
k141_99029_3/26-250,k141_99029_3,293,75.2,9.9e-20,2.1,225,74.6,1.1e-22,1.5e-19,2.1,workflow/out/asr_HMMER/domtbl/Stool_12_asr_B.domtblout
k141_88685_1/5-229,k141_88685_1,271,74.9,1.2e-19,1.7,225,74.6,1.1e-22,1.5e-19,1.7,workflow/out/asr_HMMER/domtbl/Stool_12_asr_B.domtblout
k141_115033_2/26-251,k141_115033_2,296,74.2,2e-19,1.3,226,73.7,2e-22,2.8e-19,1.3,workflow/out/asr_HMMER/domtbl/Stool_12_asr_B.domtblout
k141_106170_2/27-252,k141_106170_2,297,74.1,2.2e-19,2.3,226,73.7,2.1e-22,2.9e-19,2.3,workflow/out/asr_HMMER/domtbl/Stool_12_asr_B.domtblout
k141_89458_55/4-252,k141_89458_55,297,73.9,2.4e-19,0.7,249,73.6,2.2e-22,3.1e-19,0.7,workflow/out/asr_HMMER/domtbl/Stool_12_asr_B.domtblout
k141_201877_103/21-239,k141_201877_103,247,73.7,2.9e-19,1.8,219,72.1,6.3e-22,8.5e-19,1.8,workflow/out/asr_HMMER/domtbl/Stool_12_asr_B.domtblout
k141_248744_33/21-253,k141_248744_33,260,72.8,5.4e-19,0.7,233,70.9,1.4e-21,2e-18,0.7,workflow/out/asr_HMMER/domtbl/Stool_12_asr_B.domtblout
k141_107074_140/8-239,k141_107074_140,247,72.8,5.4e-19,1.3,232,71.1,1.3e-21,1.7e-18,1.3,workflow/out/asr_HMMER/domtbl/Stool_12_asr_B.domtblout
k141_33034_207/19-239,k141_33034_207,247,72.1,8.9e-19,2.3,221,69.4,4.2e-21,5.7e-18,2.3,workflow/out/asr_HMMER/domtbl/Stool_12_asr_B.domtblout
k141_217832_5/26-244,k141_217832_5,288,71.9,9.7e-19,0.0,219,71.5,9.4e-22,1.3e-18,0.0,workflow/out/asr_HMMER/domtbl/Stool_12_asr_B.domtblout
k141_234259_55/21-239,k141_234259_55,247,71.8,1e-18,0.5,219,70.8,1.5e-21,2.1e-18,0.5,workflow/out/asr_HMMER/domtbl/Stool_12_asr_B.domtblout
k141_117934_49/27-251,k141_117934_49,296,71.8,1.1e-18,1.8,225,71.1,1.3e-21,1.7e-18,1.8,workflow/out/asr_HMMER/domtbl/Stool_12_asr_B.domtblout
k141_36903_187/5-247,k141_36903_187,254,71.8,1.1e-18,0.5,243,71.5,9.7e-22,1.3e-18,0.5,workflow/out/asr_HMMER/domtbl/Stool_12_asr_B.domtblout
k141_191325_2/27-251,k141_191325_2,296,71.7,1.1e-18,1.8,225,71.4,1.1e-21,1.5e-18,1.8,workflow/out/asr_HMMER/domtbl/Stool_12_asr_B.domtblout
k141_107360_1/24-243,k141_107360_1,283,71.6,1.2e-18,0.9,220,71.2,1.2e-21,1.6e-18,0.9,workflow/out/asr_HMMER/domtbl/Stool_12_asr_B.domtblout
k141_265064_65/26-244,k141_265064_65,281,71.6,1.3e-18,2.2,219,71.2,1.2e-21,1.7e-18,2.2,workflow/out/asr_HMMER/domtbl/Stool_12_asr_B.domtblout
k141_196332_7/30-249,k141_196332_7,255,71.4,1.4e-18,2.0,220,70.2,2.4e-21,3.3e-18,2.0,workflow/out/asr_HMMER/domtbl/Stool_12_asr_B.domtblout
k141_165135_19/26-244,k141_165135_19,281,71.4,1.5e-18,1.9,219,71.0,1.4e-21,1.9e-18,1.9,workflow/out/asr_HMMER/domtbl/Stool_12_asr_B.domtblout
k141_290112_1/27-249,k141_290112_1,249,71.2,1.6e-18,2.1,223,71.0,1.4e-21,1.9e-18,2.1,workflow/out/asr_HMMER/domtbl/Stool_12_asr_B.domtblout
k141_225704_2/25-244,k141_225704_2,281,71.2,1.6e-18,1.4,220,70.9,1.5e-21,2e-18,1.4,workflow/out/asr_HMMER/domtbl/Stool_12_asr_B.domtblout
k141_194951_127/26-251,k141_194951_127,296,71.2,1.6e-18,1.8,226,70.8,1.5e-21,2.1e-18,1.8,workflow/out/asr_HMMER/domtbl/Stool_12_asr_B.domtblout
k141_244059_2/29-252,k141_244059_2,259,71.1,1.8e-18,0.2,224,70.0,2.9e-21,3.9e-18,0.2,workflow/out/asr_HMMER/domtbl/Stool_12_asr_B.domtblout
k141_239920_6/30-247,k141_239920_6,256,71.1,1.8e-18,0.0,218,70.7,1.7e-21,2.3e-18,0.0,workflow/out/asr_HMMER/domtbl/Stool_12_asr_B.domtblout
k141_309778_9/26-243,k141_309778_9,281,71.0,1.9e-18,2.5,218,70.6,1.8e-21,2.5e-18,2.5,workflow/out/asr_HMMER/domtbl/Stool_12_asr_B.domtblout
k141_41083_28/18-236,k141_41083_28,243,71.0,1.9e-18,0.0,219,70.4,2.2e-21,3e-18,0.0,workflow/out/asr_HMMER/domtbl/Stool_12_asr_B.domtblout
k141_118834_16/32-256,k141_118834_16,263,70.8,2.1e-18,0.6,225,69.1,5.2e-21,7.1e-18,0.6,workflow/out/asr_HMMER/domtbl/Stool_12_asr_B.domtblout
k141_23730_6/30-262,k141_23730_6,270,70.6,2.5e-18,0.1,233,70.1,2.6e-21,3.5e-18,0.1,workflow/out/asr_HMMER/domtbl/Stool_12_asr_B.domtblout
k141_159553_2/26-244,k141_159553_2,284,70.5,2.6e-18,2.6,219,70.1,2.6e-21,3.6e-18,2.6,workflow/out/asr_HMMER/domtbl/Stool_12_asr_B.domtblout
k141_213494_1/26-243,k141_213494_1,282,70.5,2.7e-18,2.2,218,70.1,2.6e-21,3.6e-18,2.2,workflow/out/asr_HMMER/domtbl/Stool_12_asr_B.domtblout
k141_254328_91/37-256,k141_254328_91,260,70.4,2.9e-18,0.0,220,69.9,3e-21,4.1e-18,0.0,workflow/out/asr_HMMER/domtbl/Stool_12_asr_B.domtblout
k141_94644_50/20-240,k141_94644_50,248,70.3,3.1e-18,3.7,221,67.3,1.9e-20,2.6e-17,3.7,workflow/out/asr_HMMER/domtbl/Stool_12_asr_B.domtblout
k141_261288_11/4-249,k141_261288_11,256,70.1,3.6e-18,3.1,246,68.9,5.9e-21,8e-18,3.1,workflow/out/asr_HMMER/domtbl/Stool_12_asr_B.domtblout
k141_84364_4/13-244,k141_84364_4,281,70.1,3.6e-18,3.2,232,69.7,3.4e-21,4.6e-18,3.2,workflow/out/asr_HMMER/domtbl/Stool_12_asr_B.domtblout
k141_176916_23/26-255,k141_176916_23,263,70.0,3.7e-18,0.1,230,69.4,4.1e-21,5.7e-18,0.1,workflow/out/asr_HMMER/domtbl/Stool_12_asr_B.domtblout
k141_216215_8/26-244,k141_216215_8,281,69.9,4.1e-18,1.1,219,69.5,4e-21,5.5e-18,1.1,workflow/out/asr_HMMER/domtbl/Stool_12_asr_B.domtblout
k141_262686_8/33-253,k141_262686_8,260,69.9,4.2e-18,0.3,221,68.8,6.7e-21,9.1e-18,0.3,workflow/out/asr_HMMER/domtbl/Stool_12_asr_B.domtblout
k141_7693_75/27-245,k141_7693_75,284,69.7,4.6e-18,1.9,219,69.7,3.4e-21,4.6e-18,1.9,workflow/out/asr_HMMER/domtbl/Stool_12_asr_B.domtblout
k141_146600_8/31-254,k141_146600_8,261,69.7,4.8e-18,0.6,224,68.0,1.2e-20,1.6e-17,0.6,workflow/out/asr_HMMER/domtbl/Stool_12_asr_B.domtblout
k141_59781_10/29-252,k141_59781_10,259,69.4,5.9e-18,0.5,224,68.3,9.1e-21,1.2e-17,0.5,workflow/out/asr_HMMER/domtbl/Stool_12_asr_B.domtblout
k141_72866_2/26-254,k141_72866_2,292,69.3,6e-18,0.4,229,68.8,6.3e-21,8.6e-18,0.4,workflow/out/asr_HMMER/domtbl/Stool_12_asr_B.domtblout
k141_65619_16/27-252,k141_65619_16,297,69.1,7.1e-18,3.4,226,68.7,7e-21,9.6e-18,3.4,workflow/out/asr_HMMER/domtbl/Stool_12_asr_B.domtblout
k141_190589_2/26-243,k141_190589_2,282,69.1,7.1e-18,1.6,218,68.7,6.9e-21,9.5e-18,1.6,workflow/out/asr_HMMER/domtbl/Stool_12_asr_B.domtblout
k141_274360_4/29-254,k141_274360_4,261,68.9,8.5e-18,0.4,226,67.3,1.9e-20,2.5e-17,0.4,workflow/out/asr_HMMER/domtbl/Stool_12_asr_B.domtblout
k141_85255_3/27-252,k141_85255_3,297,68.8,8.7e-18,1.5,226,68.3,9.1e-21,1.2e-17,1.5,workflow/out/asr_HMMER/domtbl/Stool_12_asr_B.domtblout
k141_81538_6/2-245,k141_81538_6,280,68.7,9.4e-18,0.0,244,68.4,8.5e-21,1.2e-17,0.0,workflow/out/asr_HMMER/domtbl/Stool_12_asr_B.domtblout
k141_147561_1/26-243,k141_147561_1,282,68.6,1e-17,2.0,218,68.2,9.9e-21,1.4e-17,2.0,workflow/out/asr_HMMER/domtbl/Stool_12_asr_B.domtblout
k141_49053_1/33-249,k141_49053_1,256,68.6,1e-17,1.9,217,66.6,3.1e-20,4.2e-17,1.9,workflow/out/asr_HMMER/domtbl/Stool_12_asr_B.domtblout
k141_190704_17/31-247,k141_190704_17,254,68.1,1.5e-17,0.2,217,67.6,1.5e-20,2.1e-17,0.2,workflow/out/asr_HMMER/domtbl/Stool_12_asr_B.domtblout
k141_213434_9/31-254,k141_213434_9,261,67.9,1.6e-17,0.4,224,66.4,3.4e-20,4.6e-17,0.4,workflow/out/asr_HMMER/domtbl/Stool_12_asr_B.domtblout
k141_260736_27/35-253,k141_260736_27,258,67.9,1.7e-17,2.3,219,66.3,3.9e-20,5.3e-17,2.3,workflow/out/asr_HMMER/domtbl/Stool_12_asr_B.domtblout
k141_251442_3/31-256,k141_251442_3,261,67.8,1.7e-17,0.2,226,66.3,3.6e-20,4.9e-17,0.2,workflow/out/asr_HMMER/domtbl/Stool_12_asr_B.domtblout
k141_208542_22/44-265,k141_208542_22,273,67.8,1.8e-17,0.9,222,66.2,4e-20,5.5e-17,0.9,workflow/out/asr_HMMER/domtbl/Stool_12_asr_B.domtblout
k141_156633_67/26-245,k141_156633_67,281,67.7,1.9e-17,0.6,220,67.2,1.9e-20,2.6e-17,0.6,workflow/out/asr_HMMER/domtbl/Stool_12_asr_B.domtblout
k141_235105_2/34-253,k141_235105_2,258,67.6,2e-17,1.2,220,66.1,4.3e-20,5.8e-17,1.2,workflow/out/asr_HMMER/domtbl/Stool_12_asr_B.domtblout
k141_187194_4/28-243,k141_187194_4,266,67.4,2.4e-17,3.5,216,67.0,2.3e-20,3.2e-17,3.5,workflow/out/asr_HMMER/domtbl/Stool_12_asr_B.domtblout
k141_182291_5/34-253,k141_182291_5,258,67.3,2.5e-17,1.7,220,65.7,5.6e-20,7.7e-17,1.7,workflow/out/asr_HMMER/domtbl/Stool_12_asr_B.domtblout
k141_158875_11/55-251,k141_158875_11,257,67.3,2.6e-17,0.0,197,66.7,2.8e-20,3.8e-17,0.0,workflow/out/asr_HMMER/domtbl/Stool_12_asr_B.domtblout
k141_64655_4/28-243,k141_64655_4,266,67.1,2.8e-17,3.7,216,66.7,2.8e-20,3.8e-17,3.7,workflow/out/asr_HMMER/domtbl/Stool_12_asr_B.domtblout
k141_64418_50/28-246,k141_64418_50,284,67.1,3e-17,0.3,219,66.7,2.9e-20,4e-17,0.3,workflow/out/asr_HMMER/domtbl/Stool_12_asr_B.domtblout
k141_156633_87/34-247,k141_156633_87,256,67.0,3.2e-17,0.1,214,66.6,3.1e-20,4.2e-17,0.1,workflow/out/asr_HMMER/domtbl/Stool_12_asr_B.domtblout
k141_294643_10/35-253,k141_294643_10,258,66.9,3.2e-17,1.4,219,65.4,7e-20,9.5e-17,1.4,workflow/out/asr_HMMER/domtbl/Stool_12_asr_B.domtblout
k141_292590_2/34-256,k141_292590_2,262,66.9,3.3e-17,0.1,223,66.6,3.1e-20,4.2e-17,0.1,workflow/out/asr_HMMER/domtbl/Stool_12_asr_B.domtblout
k141_28405_28/13-237,k141_28405_28,245,66.8,3.5e-17,0.6,225,65.7,5.8e-20,7.9e-17,0.6,workflow/out/asr_HMMER/domtbl/Stool_12_asr_B.domtblout
k141_97354_32/26-243,k141_97354_32,282,66.7,4e-17,2.3,218,66.2,3.9e-20,5.3e-17,2.3,workflow/out/asr_HMMER/domtbl/Stool_12_asr_B.domtblout
k141_72379_40/34-253,k141_72379_40,259,66.6,4.1e-17,0.0,220,66.2,4e-20,5.4e-17,0.0,workflow/out/asr_HMMER/domtbl/Stool_12_asr_B.domtblout
k141_271570_3/26-244,k141_271570_3,286,66.6,4.2e-17,0.1,219,66.1,4.2e-20,5.8e-17,0.1,workflow/out/asr_HMMER/domtbl/Stool_12_asr_B.domtblout
k141_3948_67/29-246,k141_3948_67,255,66.6,4.3e-17,4.1,218,66.2,3.9e-20,5.3e-17,4.1,workflow/out/asr_HMMER/domtbl/Stool_12_asr_B.domtblout
k141_302349_23/34-249,k141_302349_23,257,66.6,4.3e-17,1.3,216,65.3,7.4e-20,1e-16,1.3,workflow/out/asr_HMMER/domtbl/Stool_12_asr_B.domtblout
k141_286137_4/37-253,k141_286137_4,260,66.1,6e-17,1.0,217,65.0,9.2e-20,1.3e-16,0.9,workflow/out/asr_HMMER/domtbl/Stool_12_asr_B.domtblout
k141_182713_10/35-252,k141_182713_10,257,66.1,6e-17,2.1,218,63.2,3.3e-19,4.5e-16,2.1,workflow/out/asr_HMMER/domtbl/Stool_12_asr_B.domtblout
k141_284677_1/26-243,k141_284677_1,282,66.0,6.1e-17,2.4,218,65.6,6e-20,8.2e-17,2.4,workflow/out/asr_HMMER/domtbl/Stool_12_asr_B.domtblout
k141_130338_4/26-244,k141_130338_4,281,66.0,6.2e-17,1.6,219,65.6,6e-20,8.2e-17,1.6,workflow/out/asr_HMMER/domtbl/Stool_12_asr_B.domtblout
k141_278887_45/34-252,k141_278887_45,260,65.6,8.2e-17,0.1,219,65.1,8.5e-20,1.2e-16,0.1,workflow/out/asr_HMMER/domtbl/Stool_12_asr_B.domtblout
k141_254494_32/27-243,k141_254494_32,764,65.5,8.8e-17,3.2,217,63.8,2.2e-19,3e-16,3.2,workflow/out/asr_HMMER/domtbl/Stool_12_asr_B.domtblout
k141_9196_39/30-238,k141_9196_39,245,65.4,9.7e-17,2.1,209,64.5,1.4e-19,1.9e-16,2.1,workflow/out/asr_HMMER/domtbl/Stool_12_asr_B.domtblout
k141_100943_3/35-252,k141_100943_3,257,65.4,9.9e-17,1.7,218,62.3,6.1e-19,8.4e-16,1.7,workflow/out/asr_HMMER/domtbl/Stool_12_asr_B.domtblout
k141_323619_28/29-255,k141_323619_28,262,65.3,1e-16,0.9,227,63.6,2.5e-19,3.5e-16,0.9,workflow/out/asr_HMMER/domtbl/Stool_12_asr_B.domtblout
k141_312256_51/31-250,k141_312256_51,257,65.3,1e-16,4.0,220,62.2,6.8e-19,9.3e-16,4.0,workflow/out/asr_HMMER/domtbl/Stool_12_asr_B.domtblout
k141_166434_2/31-252,k141_166434_2,259,65.2,1.1e-16,0.5,222,63.8,2.2e-19,3e-16,0.5,workflow/out/asr_HMMER/domtbl/Stool_12_asr_B.domtblout
k141_103554_2/25-244,k141_103554_2,281,65.1,1.2e-16,1.0,220,64.7,1.2e-19,1.6e-16,1.0,workflow/out/asr_HMMER/domtbl/Stool_12_asr_B.domtblout
k141_95840_24/31-236,k141_95840_24,244,65.0,1.3e-16,1.0,206,62.0,7.9e-19,1.1e-15,1.0,workflow/out/asr_HMMER/domtbl/Stool_12_asr_B.domtblout
k141_108861_2/29-252,k141_108861_2,259,64.9,1.4e-16,0.6,224,63.7,2.4e-19,3.3e-16,0.6,workflow/out/asr_HMMER/domtbl/Stool_12_asr_B.domtblout
k141_9268_228/25-248,k141_9268_228,298,64.7,1.6e-16,1.4,224,64.2,1.6e-19,2.2e-16,1.4,workflow/out/asr_HMMER/domtbl/Stool_12_asr_B.domtblout
k141_54177_10/29-254,k141_54177_10,261,64.5,1.8e-16,0.9,226,62.9,4.1e-19,5.7e-16,0.9,workflow/out/asr_HMMER/domtbl/Stool_12_asr_B.domtblout
k141_10667_4/12-245,k141_10667_4,255,64.5,1.8e-16,0.0,234,64.1,1.8e-19,2.4e-16,0.0,workflow/out/asr_HMMER/domtbl/Stool_12_asr_B.domtblout
k141_241515_2/33-253,k141_241515_2,259,64.5,1.8e-16,0.0,221,64.1,1.7e-19,2.3e-16,0.0,workflow/out/asr_HMMER/domtbl/Stool_12_asr_B.domtblout
k141_33087_22/29-245,k141_33087_22,284,64.4,1.9e-16,0.4,217,64.0,1.9e-19,2.6e-16,0.4,workflow/out/asr_HMMER/domtbl/Stool_12_asr_B.domtblout
k141_147896_3/28-246,k141_147896_3,280,64.3,2e-16,0.1,219,63.9,2e-19,2.8e-16,0.1,workflow/out/asr_HMMER/domtbl/Stool_12_asr_B.domtblout
k141_191501_1/40-262,k141_191501_1,269,64.2,2.3e-16,0.0,223,63.6,2.5e-19,3.4e-16,0.0,workflow/out/asr_HMMER/domtbl/Stool_12_asr_B.domtblout
k141_16541_23/26-243,k141_16541_23,767,64.1,2.4e-16,3.4,218,62.7,4.8e-19,6.6e-16,3.4,workflow/out/asr_HMMER/domtbl/Stool_12_asr_B.domtblout
k141_253168_147/26-244,k141_253168_147,281,64.1,2.4e-16,1.1,219,63.7,2.3e-19,3.1e-16,1.1,workflow/out/asr_HMMER/domtbl/Stool_12_asr_B.domtblout
k141_159529_85/34-250,k141_159529_85,256,64.0,2.5e-16,0.2,217,63.6,2.4e-19,3.3e-16,0.2,workflow/out/asr_HMMER/domtbl/Stool_12_asr_B.domtblout
k141_240948_240/31-246,k141_240948_240,253,64.0,2.6e-16,4.4,216,63.3,3.1e-19,4.2e-16,4.4,workflow/out/asr_HMMER/domtbl/Stool_12_asr_B.domtblout
k141_178067_37/26-252,k141_178067_37,297,63.9,2.7e-16,2.1,227,63.2,3.3e-19,4.5e-16,2.1,workflow/out/asr_HMMER/domtbl/Stool_12_asr_B.domtblout
k141_210673_2/7-192,k141_210673_2,200,63.9,2.7e-16,0.8,186,63.6,2.5e-19,3.5e-16,0.8,workflow/out/asr_HMMER/domtbl/Stool_12_asr_B.domtblout
k141_208999_5/34-253,k141_208999_5,259,63.9,2.7e-16,0.0,220,63.5,2.8e-19,3.8e-16,0.0,workflow/out/asr_HMMER/domtbl/Stool_12_asr_B.domtblout
k141_198976_118/29-245,k141_198976_118,253,63.9,2.8e-16,0.0,217,63.4,2.8e-19,3.8e-16,0.0,workflow/out/asr_HMMER/domtbl/Stool_12_asr_B.domtblout
k141_31632_227/34-253,k141_31632_227,259,63.8,2.9e-16,0.1,220,63.4,2.9e-19,3.9e-16,0.1,workflow/out/asr_HMMER/domtbl/Stool_12_asr_B.domtblout
k141_275352_7/37-248,k141_275352_7,257,63.6,3.4e-16,1.5,212,62.0,7.7e-19,1.1e-15,1.5,workflow/out/asr_HMMER/domtbl/Stool_12_asr_B.domtblout
k141_125764_4/27-244,k141_125764_4,281,63.6,3.5e-16,1.4,218,63.2,3.2e-19,4.4e-16,1.4,workflow/out/asr_HMMER/domtbl/Stool_12_asr_B.domtblout
k141_179934_2/28-247,k141_179934_2,286,63.4,3.8e-16,0.5,220,63.0,3.7e-19,5.1e-16,0.5,workflow/out/asr_HMMER/domtbl/Stool_12_asr_B.domtblout
k141_161580_2/26-244,k141_161580_2,281,63.4,4e-16,1.1,219,63.0,3.8e-19,5.2e-16,1.1,workflow/out/asr_HMMER/domtbl/Stool_12_asr_B.domtblout
k141_261605_4/41-261,k141_261605_4,268,63.2,4.4e-16,0.2,221,62.0,7.8e-19,1.1e-15,0.2,workflow/out/asr_HMMER/domtbl/Stool_12_asr_B.domtblout
k141_259951_10/38-258,k141_259951_10,265,63.1,4.7e-16,0.6,221,61.8,9.1e-19,1.2e-15,0.6,workflow/out/asr_HMMER/domtbl/Stool_12_asr_B.domtblout
k141_66346_52/32-256,k141_66346_52,263,63.1,5e-16,0.7,225,61.7,9.7e-19,1.3e-15,0.7,workflow/out/asr_HMMER/domtbl/Stool_12_asr_B.domtblout
k141_242869_57/34-253,k141_242869_57,259,63.0,5.1e-16,0.3,220,62.6,5.2e-19,7e-16,0.3,workflow/out/asr_HMMER/domtbl/Stool_12_asr_B.domtblout
k141_171162_6/53-246,k141_171162_6,253,63.0,5.2e-16,1.9,194,61.0,1.5e-18,2.1e-15,1.9,workflow/out/asr_HMMER/domtbl/Stool_12_asr_B.domtblout
k141_106581_2/26-245,k141_106581_2,278,62.9,5.6e-16,1.5,220,62.5,5.5e-19,7.5e-16,1.5,workflow/out/asr_HMMER/domtbl/Stool_12_asr_B.domtblout
k141_17708_4/26-245,k141_17708_4,287,62.8,6e-16,0.6,220,62.3,6.4e-19,8.7e-16,0.6,workflow/out/asr_HMMER/domtbl/Stool_12_asr_B.domtblout
k141_273942_22/31-257,k141_273942_22,263,62.7,6.4e-16,0.4,227,60.1,2.8e-18,3.9e-15,0.4,workflow/out/asr_HMMER/domtbl/Stool_12_asr_B.domtblout
k141_227521_6/28-243,k141_227521_6,266,62.6,7e-16,2.5,216,62.2,6.9e-19,9.4e-16,2.5,workflow/out/asr_HMMER/domtbl/Stool_12_asr_B.domtblout
k141_161853_2/26-244,k141_161853_2,285,62.4,7.9e-16,1.0,219,61.9,8e-19,1.1e-15,1.0,workflow/out/asr_HMMER/domtbl/Stool_12_asr_B.domtblout
k141_89262_38/26-245,k141_89262_38,278,62.3,8.6e-16,0.9,220,61.9,8.4e-19,1.1e-15,0.9,workflow/out/asr_HMMER/domtbl/Stool_12_asr_B.domtblout
k141_35012_22/38-258,k141_35012_22,265,62.2,9.2e-16,0.2,221,61.0,1.6e-18,2.1e-15,0.2,workflow/out/asr_HMMER/domtbl/Stool_12_asr_B.domtblout
k141_175062_81/30-239,k141_175062_81,247,62.2,9.3e-16,0.0,210,61.4,1.2e-18,1.6e-15,0.0,workflow/out/asr_HMMER/domtbl/Stool_12_asr_B.domtblout
k141_140545_92/42-264,k141_140545_92,273,62.1,9.9e-16,0.3,223,59.2,5.5e-18,7.4e-15,0.3,workflow/out/asr_HMMER/domtbl/Stool_12_asr_B.domtblout
k141_218726_6/31-250,k141_218726_6,257,62.0,1.1e-15,0.5,220,60.4,2.3e-18,3.1e-15,0.5,workflow/out/asr_HMMER/domtbl/Stool_12_asr_B.domtblout
k141_60421_1/21-178,k141_60421_1,189,61.6,1.4e-15,0.7,158,61.5,1.1e-18,1.5e-15,0.7,workflow/out/asr_HMMER/domtbl/Stool_12_asr_B.domtblout
k141_224180_18/31-247,k141_224180_18,254,61.4,1.6e-15,2.4,217,60.1,3e-18,4e-15,2.4,workflow/out/asr_HMMER/domtbl/Stool_12_asr_B.domtblout
k141_91405_58/31-255,k141_91405_58,262,61.3,1.7e-15,1.7,225,60.1,2.9e-18,4e-15,1.7,workflow/out/asr_HMMER/domtbl/Stool_12_asr_B.domtblout
k141_207459_10/30-247,k141_207459_10,255,61.0,2.1e-15,0.4,218,59.9,3.4e-18,4.6e-15,0.4,workflow/out/asr_HMMER/domtbl/Stool_12_asr_B.domtblout
k141_108993_2/39-257,k141_108993_2,296,60.9,2.2e-15,1.4,219,60.4,2.3e-18,3.2e-15,1.4,workflow/out/asr_HMMER/domtbl/Stool_12_asr_B.domtblout
k141_229023_2/31-249,k141_229023_2,256,60.9,2.3e-15,1.0,219,59.0,6.4e-18,8.8e-15,1.0,workflow/out/asr_HMMER/domtbl/Stool_12_asr_B.domtblout
k141_299206_63/26-244,k141_299206_63,285,60.7,2.5e-15,1.4,219,60.3,2.5e-18,3.4e-15,1.4,workflow/out/asr_HMMER/domtbl/Stool_12_asr_B.domtblout
k141_132328_8/33-248,k141_132328_8,256,60.4,3.3e-15,3.1,216,58.7,7.6e-18,1e-14,3.1,workflow/out/asr_HMMER/domtbl/Stool_12_asr_B.domtblout
k141_71829_37/26-252,k141_71829_37,297,60.3,3.5e-15,2.1,227,60.3,2.5e-18,3.5e-15,2.1,workflow/out/asr_HMMER/domtbl/Stool_12_asr_B.domtblout
k141_1048_2/25-244,k141_1048_2,283,60.2,3.7e-15,1.0,220,59.7,3.8e-18,5.2e-15,1.0,workflow/out/asr_HMMER/domtbl/Stool_12_asr_B.domtblout
k141_54416_2/34-253,k141_54416_2,259,60.0,4.2e-15,0.0,220,59.6,4.2e-18,5.7e-15,0.0,workflow/out/asr_HMMER/domtbl/Stool_12_asr_B.domtblout
k141_169713_1/31-237,k141_169713_1,240,59.9,4.4e-15,1.0,207,58.6,8.4e-18,1.1e-14,1.0,workflow/out/asr_HMMER/domtbl/Stool_12_asr_B.domtblout
k141_276786_3/31-243,k141_276786_3,253,59.9,4.6e-15,0.0,213,59.2,5.5e-18,7.5e-15,0.0,workflow/out/asr_HMMER/domtbl/Stool_12_asr_B.domtblout
k141_245627_76/32-248,k141_245627_76,256,59.9,4.7e-15,2.9,217,58.3,1.1e-17,1.4e-14,2.9,workflow/out/asr_HMMER/domtbl/Stool_12_asr_B.domtblout
k141_313217_25/25-244,k141_313217_25,285,59.8,4.9e-15,2.0,220,59.5,4.6e-18,6.3e-15,2.0,workflow/out/asr_HMMER/domtbl/Stool_12_asr_B.domtblout
k141_81923_18/32-254,k141_81923_18,261,59.8,5.1e-15,0.7,223,58.2,1.1e-17,1.5e-14,0.7,workflow/out/asr_HMMER/domtbl/Stool_12_asr_B.domtblout
k141_169716_133/18-244,k141_169716_133,278,59.7,5.3e-15,0.2,227,59.3,5.1e-18,7e-15,0.2,workflow/out/asr_HMMER/domtbl/Stool_12_asr_B.domtblout
k141_10036_2/30-246,k141_10036_2,255,59.5,6.1e-15,0.1,217,58.2,1.1e-17,1.5e-14,0.1,workflow/out/asr_HMMER/domtbl/Stool_12_asr_B.domtblout
k141_185690_6/31-246,k141_185690_6,253,59.3,6.9e-15,0.5,216,58.6,8.1e-18,1.1e-14,0.5,workflow/out/asr_HMMER/domtbl/Stool_12_asr_B.domtblout
k141_236061_2/28-246,k141_236061_2,282,59.2,7.7e-15,2.1,219,58.7,7.8e-18,1.1e-14,2.1,workflow/out/asr_HMMER/domtbl/Stool_12_asr_B.domtblout
k141_65103_2/27-244,k141_65103_2,281,59.0,8.5e-15,1.5,218,58.6,8.4e-18,1.1e-14,1.5,workflow/out/asr_HMMER/domtbl/Stool_12_asr_B.domtblout
k141_211042_7/18-174,k141_211042_7,247,59.0,8.7e-15,0.0,157,42.6,6.2e-13,8.4e-10,0.0,workflow/out/asr_HMMER/domtbl/Stool_12_asr_B.domtblout
k141_211042_7/201-236,k141_211042_7,247,59.0,8.7e-15,0.0,36,14.1,0.00031,0.43,0.5,workflow/out/asr_HMMER/domtbl/Stool_12_asr_B.domtblout
k141_288423_62/33-252,k141_288423_62,259,59.0,8.7e-15,0.8,220,56.5,3.5e-17,4.8e-14,0.8,workflow/out/asr_HMMER/domtbl/Stool_12_asr_B.domtblout
k141_5367_30/26-244,k141_5367_30,281,58.5,1.2e-14,3.1,219,58.2,1.1e-17,1.5e-14,3.1,workflow/out/asr_HMMER/domtbl/Stool_12_asr_B.domtblout
k141_34792_6/30-238,k141_34792_6,246,58.3,1.4e-14,0.1,209,57.3,2.1e-17,2.9e-14,0.1,workflow/out/asr_HMMER/domtbl/Stool_12_asr_B.domtblout
k141_87518_13/35-251,k141_87518_13,259,58.1,1.6e-14,1.2,217,56.0,5.3e-17,7.3e-14,1.2,workflow/out/asr_HMMER/domtbl/Stool_12_asr_B.domtblout
k141_216290_13/30-254,k141_216290_13,262,58.1,1.6e-14,0.0,225,57.1,2.3e-17,3.2e-14,0.0,workflow/out/asr_HMMER/domtbl/Stool_12_asr_B.domtblout
k141_267053_109/35-253,k141_267053_109,259,58.1,1.6e-14,0.1,219,57.6,1.7e-17,2.3e-14,0.1,workflow/out/asr_HMMER/domtbl/Stool_12_asr_B.domtblout
k141_168805_36/29-245,k141_168805_36,286,57.9,1.8e-14,0.1,217,57.5,1.8e-17,2.5e-14,0.1,workflow/out/asr_HMMER/domtbl/Stool_12_asr_B.domtblout
k141_210843_11/35-231,k141_210843_11,237,57.8,2e-14,3.3,197,56.6,3.4e-17,4.6e-14,3.3,workflow/out/asr_HMMER/domtbl/Stool_12_asr_B.domtblout
k141_152255_2/41-257,k141_152255_2,286,57.8,2.1e-14,0.0,217,56.9,2.7e-17,3.7e-14,0.0,workflow/out/asr_HMMER/domtbl/Stool_12_asr_B.domtblout
k141_82332_49/28-243,k141_82332_49,767,57.7,2.1e-14,3.0,216,55.2,9.3e-17,1.3e-13,1.6,workflow/out/asr_HMMER/domtbl/Stool_12_asr_B.domtblout
k141_47368_3/27-244,k141_47368_3,283,57.7,2.1e-14,1.7,218,57.2,2.2e-17,3.1e-14,1.7,workflow/out/asr_HMMER/domtbl/Stool_12_asr_B.domtblout
k141_1693_81/29-264,k141_1693_81,270,57.6,2.2e-14,3.5,236,54.9,1.1e-16,1.5e-13,3.5,workflow/out/asr_HMMER/domtbl/Stool_12_asr_B.domtblout
k141_157731_2/6-195,k141_157731_2,205,57.6,2.3e-14,6.1,190,55.6,7e-17,9.6e-14,6.1,workflow/out/asr_HMMER/domtbl/Stool_12_asr_B.domtblout
k141_9650_28/26-244,k141_9650_28,281,57.6,2.3e-14,3.7,219,57.2,2.2e-17,3e-14,3.7,workflow/out/asr_HMMER/domtbl/Stool_12_asr_B.domtblout
k141_318281_1/27-244,k141_318281_1,283,57.4,2.6e-14,1.5,218,57.0,2.6e-17,3.6e-14,1.5,workflow/out/asr_HMMER/domtbl/Stool_12_asr_B.domtblout
k141_216021_4/33-248,k141_216021_4,256,57.1,3.2e-14,4.6,216,55.4,8.2e-17,1.1e-13,4.6,workflow/out/asr_HMMER/domtbl/Stool_12_asr_B.domtblout
k141_132964_1/34-254,k141_132964_1,260,57.1,3.2e-14,0.5,221,56.6,3.5e-17,4.7e-14,0.5,workflow/out/asr_HMMER/domtbl/Stool_12_asr_B.domtblout
k141_119220_39/31-256,k141_119220_39,264,57.0,3.5e-14,0.2,226,55.2,9.1e-17,1.2e-13,0.2,workflow/out/asr_HMMER/domtbl/Stool_12_asr_B.domtblout
k141_315552_4/27-244,k141_315552_4,274,56.9,3.7e-14,2.0,218,56.6,3.5e-17,4.7e-14,2.0,workflow/out/asr_HMMER/domtbl/Stool_12_asr_B.domtblout
k141_104931_15/31-258,k141_104931_15,265,56.8,4.1e-14,0.1,228,55.8,6.1e-17,8.4e-14,0.1,workflow/out/asr_HMMER/domtbl/Stool_12_asr_B.domtblout
k141_124243_47/31-256,k141_124243_47,260,56.5,4.9e-14,0.0,226,56.1,4.9e-17,6.6e-14,0.0,workflow/out/asr_HMMER/domtbl/Stool_12_asr_B.domtblout
k141_73736_11/33-248,k141_73736_11,280,56.5,5e-14,0.5,216,55.4,7.7e-17,1.1e-13,0.5,workflow/out/asr_HMMER/domtbl/Stool_12_asr_B.domtblout
k141_213489_2/37-259,k141_213489_2,264,55.7,8.9e-14,0.0,223,55.3,8.6e-17,1.2e-13,0.0,workflow/out/asr_HMMER/domtbl/Stool_12_asr_B.domtblout
k141_135005_2/18-105,k141_135005_2,212,55.5,9.9e-14,6.3,88,33.9,2.8e-10,3.9e-07,0.1,workflow/out/asr_HMMER/domtbl/Stool_12_asr_B.domtblout
k141_135005_2/140-202,k141_135005_2,212,55.5,9.9e-14,6.3,63,23.5,4.4e-07,0.00059,2.7,workflow/out/asr_HMMER/domtbl/Stool_12_asr_B.domtblout
k141_32009_2/33-125,k141_32009_2,283,55.4,1.1e-13,0.4,93,26.9,4e-08,5.5e-05,0.0,workflow/out/asr_HMMER/domtbl/Stool_12_asr_B.domtblout
k141_32009_2/157-276,k141_32009_2,283,55.4,1.1e-13,0.4,120,25.4,1.1e-07,0.00015,0.2,workflow/out/asr_HMMER/domtbl/Stool_12_asr_B.domtblout
k141_36514_20/33-135,k141_36514_20,261,55.4,1.1e-13,1.0,103,28.2,1.6e-08,2.1e-05,0.0,workflow/out/asr_HMMER/domtbl/Stool_12_asr_B.domtblout
k141_36514_20/193-254,k141_36514_20,261,55.4,1.1e-13,1.0,62,24.7,1.8e-07,0.00025,1.5,workflow/out/asr_HMMER/domtbl/Stool_12_asr_B.domtblout
k141_23368_2/37-259,k141_23368_2,264,55.1,1.3e-13,0.0,223,54.7,1.3e-16,1.8e-13,0.0,workflow/out/asr_HMMER/domtbl/Stool_12_asr_B.domtblout
k141_168656_133/249-415,k141_168656_133,421,54.8,1.6e-13,0.6,167,53.5,2.9e-16,4e-13,0.0,workflow/out/asr_HMMER/domtbl/Stool_12_asr_B.domtblout
k141_50198_2/36-253,k141_50198_2,262,54.6,1.9e-13,0.0,218,54.1,2e-16,2.8e-13,0.0,workflow/out/asr_HMMER/domtbl/Stool_12_asr_B.domtblout
k141_236063_1/26-202,k141_236063_1,202,54.2,2.5e-13,1.3,177,54.1,2e-16,2.8e-13,1.3,workflow/out/asr_HMMER/domtbl/Stool_12_asr_B.domtblout
k141_204036_2/104-305,k141_204036_2,310,54.2,2.5e-13,0.0,202,54.2,1.8e-16,2.5e-13,0.0,workflow/out/asr_HMMER/domtbl/Stool_12_asr_B.domtblout
k141_275377_39/249-415,k141_275377_39,421,54.2,2.5e-13,0.1,167,52.0,8.5e-16,1.2e-12,0.0,workflow/out/asr_HMMER/domtbl/Stool_12_asr_B.domtblout
k141_95108_15/249-415,k141_95108_15,421,53.9,3e-13,1.4,167,53.3,3.5e-16,4.7e-13,0.0,workflow/out/asr_HMMER/domtbl/Stool_12_asr_B.domtblout
k141_38386_1/25-213,k141_38386_1,250,53.9,3e-13,2.0,189,53.5,2.9e-16,4e-13,2.0,workflow/out/asr_HMMER/domtbl/Stool_12_asr_B.domtblout
k141_71479_135/27-266,k141_71479_135,275,53.9,3.2e-13,0.0,240,52.5,6e-16,8.1e-13,0.0,workflow/out/asr_HMMER/domtbl/Stool_12_asr_B.domtblout
k141_191946_2/16-143,k141_191946_2,143,53.7,3.4e-13,0.0,128,53.5,2.9e-16,4e-13,0.0,workflow/out/asr_HMMER/domtbl/Stool_12_asr_B.domtblout
k141_161981_12/249-415,k141_161981_12,421,53.4,4.5e-13,0.7,167,52.0,8.6e-16,1.2e-12,0.0,workflow/out/asr_HMMER/domtbl/Stool_12_asr_B.domtblout
k141_100193_31/249-409,k141_100193_31,415,53.3,4.8e-13,0.0,161,53.3,3.5e-16,4.8e-13,0.0,workflow/out/asr_HMMER/domtbl/Stool_12_asr_B.domtblout
k141_261319_75/34-251,k141_261319_75,259,53.3,4.8e-13,2.4,218,51.5,1.2e-15,1.6e-12,2.4,workflow/out/asr_HMMER/domtbl/Stool_12_asr_B.domtblout
k141_211998_256/249-415,k141_211998_256,421,53.2,5.1e-13,0.2,167,51.8,1e-15,1.4e-12,0.0,workflow/out/asr_HMMER/domtbl/Stool_12_asr_B.domtblout
k141_115520_27/31-255,k141_115520_27,263,53.1,5.3e-13,0.0,225,52.6,5.6e-16,7.7e-13,0.0,workflow/out/asr_HMMER/domtbl/Stool_12_asr_B.domtblout
k141_245627_113/26-244,k141_245627_113,285,53.0,5.8e-13,1.3,219,52.6,5.7e-16,7.8e-13,1.3,workflow/out/asr_HMMER/domtbl/Stool_12_asr_B.domtblout
k141_154866_2/23-213,k141_154866_2,250,52.8,6.5e-13,3.1,191,52.6,5.5e-16,7.5e-13,3.1,workflow/out/asr_HMMER/domtbl/Stool_12_asr_B.domtblout
k141_102129_4/250-415,k141_102129_4,423,52.6,7.5e-13,0.3,166,50.7,2.1e-15,2.9e-12,0.0,workflow/out/asr_HMMER/domtbl/Stool_12_asr_B.domtblout
k141_82807_2/26-204,k141_82807_2,215,52.4,9e-13,0.1,179,51.9,9.2e-16,1.2e-12,0.1,workflow/out/asr_HMMER/domtbl/Stool_12_asr_B.domtblout
k141_57294_106/30-241,k141_57294_106,251,52.3,9.5e-13,7.3,212,49.8,3.9e-15,5.3e-12,7.3,workflow/out/asr_HMMER/domtbl/Stool_12_asr_B.domtblout
k141_84428_4/35-250,k141_84428_4,259,52.2,1e-12,0.1,216,51.8,1e-15,1.4e-12,0.1,workflow/out/asr_HMMER/domtbl/Stool_12_asr_B.domtblout
k141_156876_26/27-244,k141_156876_26,281,52.1,1.1e-12,4.1,218,51.7,1e-15,1.4e-12,4.1,workflow/out/asr_HMMER/domtbl/Stool_12_asr_B.domtblout
k141_229269_1/1-206,k141_229269_1,212,51.8,1.4e-12,1.7,206,50.5,2.4e-15,3.3e-12,1.7,workflow/out/asr_HMMER/domtbl/Stool_12_asr_B.domtblout
k141_214959_2/28-199,k141_214959_2,216,51.7,1.5e-12,0.0,172,51.3,1.4e-15,1.9e-12,0.0,workflow/out/asr_HMMER/domtbl/Stool_12_asr_B.domtblout
k141_122361_2/62-309,k141_122361_2,316,51.7,1.5e-12,4.8,248,46.1,5.3e-14,7.2e-11,4.8,workflow/out/asr_HMMER/domtbl/Stool_12_asr_B.domtblout
k141_164034_1/2-48,k141_164034_1,53,51.4,1.7e-12,0.2,47,51.3,1.4e-15,1.9e-12,0.2,workflow/out/asr_HMMER/domtbl/Stool_12_asr_B.domtblout
k141_161375_39/252-415,k141_161375_39,423,51.3,1.9e-12,1.8,164,50.9,1.8e-15,2.5e-12,0.0,workflow/out/asr_HMMER/domtbl/Stool_12_asr_B.domtblout
k141_1236_1/32-228,k141_1236_1,228,51.1,2.3e-12,0.0,197,50.6,2.3e-15,3.1e-12,0.0,workflow/out/asr_HMMER/domtbl/Stool_12_asr_B.domtblout
k141_251847_23/26-244,k141_251847_23,283,50.7,2.9e-12,1.2,219,50.3,2.8e-15,3.8e-12,1.2,workflow/out/asr_HMMER/domtbl/Stool_12_asr_B.domtblout
k141_278887_52/259-422,k141_278887_52,430,50.4,3.5e-12,0.0,164,47.0,2.9e-14,4e-11,0.0,workflow/out/asr_HMMER/domtbl/Stool_12_asr_B.domtblout
k141_266023_8/258-421,k141_266023_8,429,49.8,5.4e-12,0.3,164,47.1,2.8e-14,3.8e-11,0.0,workflow/out/asr_HMMER/domtbl/Stool_12_asr_B.domtblout
k141_139445_34/250-414,k141_139445_34,421,49.0,9.6e-12,1.3,165,48.4,1.1e-14,1.5e-11,0.0,workflow/out/asr_HMMER/domtbl/Stool_12_asr_B.domtblout
k141_323985_13/21-236,k141_323985_13,245,48.9,1e-11,0.0,216,48.4,1.1e-14,1.5e-11,0.0,workflow/out/asr_HMMER/domtbl/Stool_12_asr_B.domtblout
k141_48565_34/252-416,k141_48565_34,423,48.9,1.1e-11,1.5,165,48.3,1.2e-14,1.6e-11,0.0,workflow/out/asr_HMMER/domtbl/Stool_12_asr_B.domtblout
k141_31946_65/252-416,k141_31946_65,423,48.8,1.1e-11,0.5,165,47.2,2.5e-14,3.4e-11,0.0,workflow/out/asr_HMMER/domtbl/Stool_12_asr_B.domtblout
k141_62258_22/250-414,k141_62258_22,421,48.4,1.4e-11,0.1,165,45.8,6.6e-14,9e-11,0.0,workflow/out/asr_HMMER/domtbl/Stool_12_asr_B.domtblout
k141_242985_31/254-418,k141_242985_31,425,48.4,1.5e-11,0.5,165,47.0,2.9e-14,3.9e-11,0.0,workflow/out/asr_HMMER/domtbl/Stool_12_asr_B.domtblout
k141_18069_6/254-416,k141_18069_6,423,48.0,1.9e-11,0.0,163,48.0,1.4e-14,1.9e-11,0.0,workflow/out/asr_HMMER/domtbl/Stool_12_asr_B.domtblout
k141_245964_103/252-416,k141_245964_103,423,47.9,2.1e-11,0.0,165,47.1,2.7e-14,3.7e-11,0.0,workflow/out/asr_HMMER/domtbl/Stool_12_asr_B.domtblout
k141_60881_41/254-416,k141_60881_41,423,47.7,2.4e-11,0.0,163,47.7,1.7e-14,2.4e-11,0.0,workflow/out/asr_HMMER/domtbl/Stool_12_asr_B.domtblout
k141_46121_62/254-418,k141_46121_62,425,47.7,2.5e-11,1.1,165,46.9,3e-14,4.1e-11,0.0,workflow/out/asr_HMMER/domtbl/Stool_12_asr_B.domtblout
k141_76268_2/31-139,k141_76268_2,141,45.5,1.1e-10,0.0,109,45.4,8.7e-14,1.2e-10,0.0,workflow/out/asr_HMMER/domtbl/Stool_12_asr_B.domtblout
k141_242371_1/25-124,k141_242371_1,190,44.4,2.4e-10,0.0,100,44.2,2.1e-13,2.8e-10,0.0,workflow/out/asr_HMMER/domtbl/Stool_12_asr_B.domtblout
k141_185347_1/32-125,k141_185347_1,134,41.0,2.7e-09,0.0,94,40.8,2.2e-12,3e-09,0.0,workflow/out/asr_HMMER/domtbl/Stool_12_asr_B.domtblout
k141_114672_1/17-135,k141_114672_1,172,40.9,2.8e-09,0.3,119,40.5,2.8e-12,3.8e-09,0.3,workflow/out/asr_HMMER/domtbl/Stool_12_asr_B.domtblout
k141_71636_1/33-125,k141_71636_1,130,39.6,7e-09,0.0,93,39.4,6.2e-12,8.4e-09,0.0,workflow/out/asr_HMMER/domtbl/Stool_12_asr_B.domtblout
k141_42580_1/12-131,k141_42580_1,168,39.4,8.1e-09,0.4,120,39.1,7.4e-12,1e-08,0.4,workflow/out/asr_HMMER/domtbl/Stool_12_asr_B.domtblout
k141_186220_4/60-237,k141_186220_4,272,38.8,1.2e-08,0.0,178,37.5,2.2e-11,3e-08,0.0,workflow/out/asr_HMMER/domtbl/Stool_12_asr_B.domtblout
k141_151479_2/29-120,k141_151479_2,127,38.0,2.1e-08,0.0,92,37.9,1.8e-11,2.4e-08,0.0,workflow/out/asr_HMMER/domtbl/Stool_12_asr_B.domtblout
k141_9940_1/5-99,k141_9940_1,103,37.5,3.1e-08,0.0,95,37.5,2.3e-11,3.2e-08,0.0,workflow/out/asr_HMMER/domtbl/Stool_12_asr_B.domtblout
k141_226907_6/40-236,k141_226907_6,270,37.2,3.7e-08,0.2,197,32.1,1e-09,1.4e-06,0.2,workflow/out/asr_HMMER/domtbl/Stool_12_asr_B.domtblout
k141_58976_1/113-274,k141_58976_1,302,37.1,4.1e-08,0.0,162,36.8,3.9e-11,5.3e-08,0.0,workflow/out/asr_HMMER/domtbl/Stool_12_asr_B.domtblout
k141_207638_1/6-198,k141_207638_1,211,36.6,5.7e-08,0.0,193,36.3,5.2e-11,7e-08,0.0,workflow/out/asr_HMMER/domtbl/Stool_12_asr_B.domtblout
k141_284420_1/20-127,k141_284420_1,136,36.3,7e-08,0.0,108,36.2,5.9e-11,8e-08,0.0,workflow/out/asr_HMMER/domtbl/Stool_12_asr_B.domtblout
k141_117859_3/27-147,k141_117859_3,155,34.3,2.9e-07,0.0,121,34.1,2.5e-10,3.3e-07,0.0,workflow/out/asr_HMMER/domtbl/Stool_12_asr_B.domtblout
k141_32913_5/27-133,k141_32913_5,143,33.7,4.5e-07,0.1,107,33.6,3.6e-10,4.9e-07,0.1,workflow/out/asr_HMMER/domtbl/Stool_12_asr_B.domtblout
k141_9035_1/288-520,k141_9035_1,526,33.4,5.5e-07,0.0,233,32.6,7.1e-10,9.6e-07,0.0,workflow/out/asr_HMMER/domtbl/Stool_12_asr_B.domtblout
k141_55408_2/32-267,k141_55408_2,275,32.9,7.9e-07,0.0,236,31.8,1.2e-09,1.7e-06,0.0,workflow/out/asr_HMMER/domtbl/Stool_12_asr_B.domtblout
k141_171068_34/54-277,k141_171068_34,397,32.9,8e-07,0.0,224,31.5,1.5e-09,2.1e-06,0.0,workflow/out/asr_HMMER/domtbl/Stool_12_asr_B.domtblout
k141_125279_1/41-103,k141_125279_1,111,29.1,1.1e-05,1.0,63,28.9,9.7e-09,1.3e-05,1.0,workflow/out/asr_HMMER/domtbl/Stool_12_asr_B.domtblout
k141_86820_1/2-154,k141_86820_1,161,28.9,1.3e-05,2.5,153,25.7,9.2e-08,0.00013,2.5,workflow/out/asr_HMMER/domtbl/Stool_12_asr_B.domtblout
k141_169105_3/1-108,k141_169105_3,115,28.2,2.2e-05,0.0,108,27.9,2e-08,2.7e-05,0.0,workflow/out/asr_HMMER/domtbl/Stool_12_asr_B.domtblout
k141_269111_2/2-142,k141_269111_2,149,27.5,3.6e-05,1.0,141,26.9,3.9e-08,5.4e-05,1.0,workflow/out/asr_HMMER/domtbl/Stool_12_asr_B.domtblout
k141_168805_63/59-223,k141_168805_63,231,27.1,4.7e-05,0.0,165,25.3,1.2e-07,0.00017,0.0,workflow/out/asr_HMMER/domtbl/Stool_12_asr_B.domtblout
k141_200319_6/68-167,k141_200319_6,339,25.3,0.00017,0.0,100,24.0,3e-07,0.00041,0.0,workflow/out/asr_HMMER/domtbl/Stool_12_asr_B.domtblout
k141_218432_4/2-40,k141_218432_4,46,24.5,0.00029,1.5,39,24.4,2.3e-07,0.00031,1.5,workflow/out/asr_HMMER/domtbl/Stool_12_asr_B.domtblout
k141_261401_1/2-40,k141_261401_1,46,24.5,0.00029,1.5,39,24.4,2.3e-07,0.00031,1.5,workflow/out/asr_HMMER/domtbl/Stool_12_asr_B.domtblout
k141_278522_1/9-122,k141_278522_1,130,23.0,0.00084,0.5,114,22.2,1.1e-06,0.0015,0.5,workflow/out/asr_HMMER/domtbl/Stool_12_asr_B.domtblout
k141_43569_2/30-100,k141_43569_2,106,22.3,0.0014,0.0,71,22.1,1.1e-06,0.0015,0.0,workflow/out/asr_HMMER/domtbl/Stool_12_asr_B.domtblout
k141_166800_1/1-79,k141_166800_1,397,21.9,0.0017,2.0,79,21.9,1.3e-06,0.0017,2.0,workflow/out/asr_HMMER/domtbl/Stool_12_asr_B.domtblout
k141_227335_2/2-111,k141_227335_2,119,21.4,0.0026,2.0,110,19.1,9.2e-06,0.013,2.0,workflow/out/asr_HMMER/domtbl/Stool_12_asr_B.domtblout
k141_49620_1/16-61,k141_49620_1,69,19.5,0.0097,4.4,46,18.1,1.9e-05,0.026,4.4,workflow/out/asr_HMMER/domtbl/Stool_12_asr_B.domtblout
k141_134158_1/35-124,k141_134158_1,126,19.4,0.01,0.0,90,19.3,8.3e-06,0.011,0.0,workflow/out/asr_HMMER/domtbl/Stool_12_asr_B.domtblout
k141_28064_20/3-262,k141_28064_20,263,433.8,2e-129,0.4,260,433.7,1.6e-132,2.2e-129,0.4,workflow/out/asr_HMMER/domtbl/Stool_10_asr_B.domtblout
k141_28031_2/1-244,k141_28031_2,245,410.0,3.8e-122,0.0,244,409.8,3.1e-125,4.3e-122,0.0,workflow/out/asr_HMMER/domtbl/Stool_10_asr_B.domtblout
k141_108158_4/4-263,k141_108158_4,264,337.5,5e-100,0.2,260,337.3,4.1e-103,5.7e-100,0.2,workflow/out/asr_HMMER/domtbl/Stool_10_asr_B.domtblout
k141_27523_1/1-178,k141_27523_1,180,284.7,6.1e-84,0.3,178,284.6,4.8e-87,6.7e-84,0.3,workflow/out/asr_HMMER/domtbl/Stool_10_asr_B.domtblout
k141_63923_3/33-299,k141_63923_3,304,238.1,1e-69,0.0,267,237.9,8.4e-73,1.2e-69,0.0,workflow/out/asr_HMMER/domtbl/Stool_10_asr_B.domtblout
k141_160252_2/13-273,k141_160252_2,285,193.7,3.7e-56,0.3,261,193.4,3.2e-59,4.5e-56,0.3,workflow/out/asr_HMMER/domtbl/Stool_10_asr_B.domtblout
k141_54263_9/15-276,k141_54263_9,285,188.4,1.6e-54,0.3,262,188.1,1.4e-57,1.9e-54,0.3,workflow/out/asr_HMMER/domtbl/Stool_10_asr_B.domtblout
k141_128186_32/15-273,k141_128186_32,285,187.9,2.2e-54,0.2,259,187.6,1.9e-57,2.7e-54,0.2,workflow/out/asr_HMMER/domtbl/Stool_10_asr_B.domtblout
k141_70392_26/15-274,k141_70392_26,286,185.6,1.1e-53,0.1,260,185.2,1e-56,1.4e-53,0.1,workflow/out/asr_HMMER/domtbl/Stool_10_asr_B.domtblout
k141_22590_3/15-273,k141_22590_3,285,185.0,1.6e-53,0.1,259,184.7,1.4e-56,2e-53,0.1,workflow/out/asr_HMMER/domtbl/Stool_10_asr_B.domtblout
k141_126240_2/6-115,k141_126240_2,115,136.6,9.6e-39,0.0,110,136.5,7.5e-42,1e-38,0.0,workflow/out/asr_HMMER/domtbl/Stool_10_asr_B.domtblout
k141_157413_79/33-249,k141_157413_79,255,88.0,6.5e-24,0.6,217,87.6,6.1e-27,8.5e-24,0.6,workflow/out/asr_HMMER/domtbl/Stool_10_asr_B.domtblout
k141_138757_1/25-251,k141_138757_1,296,87.6,8.5e-24,2.8,227,87.0,9.7e-27,1.3e-23,2.8,workflow/out/asr_HMMER/domtbl/Stool_10_asr_B.domtblout
k141_177394_3/15-238,k141_177394_3,246,87.4,1e-23,3.3,224,86.2,1.7e-26,2.3e-23,3.3,workflow/out/asr_HMMER/domtbl/Stool_10_asr_B.domtblout
k141_25617_5/27-251,k141_25617_5,296,84.8,6.1e-23,1.5,225,84.4,5.7e-26,8e-23,1.5,workflow/out/asr_HMMER/domtbl/Stool_10_asr_B.domtblout
k141_99414_159/26-251,k141_99414_159,296,83.4,1.6e-22,1.9,226,83.1,1.5e-25,2.1e-22,1.9,workflow/out/asr_HMMER/domtbl/Stool_10_asr_B.domtblout
k141_62193_6/26-251,k141_62193_6,296,81.3,7e-22,2.5,226,81.3,5e-25,7e-22,2.5,workflow/out/asr_HMMER/domtbl/Stool_10_asr_B.domtblout
k141_96562_174/32-250,k141_96562_174,256,81.0,8.8e-22,0.5,219,80.7,8.1e-25,1.1e-21,0.5,workflow/out/asr_HMMER/domtbl/Stool_10_asr_B.domtblout
k141_30722_57/27-252,k141_30722_57,297,81.0,8.9e-22,3.2,226,80.6,8.4e-25,1.2e-21,3.2,workflow/out/asr_HMMER/domtbl/Stool_10_asr_B.domtblout
k141_146883_1/41-262,k141_146883_1,269,80.5,1.2e-21,0.1,222,80.2,1.1e-24,1.6e-21,0.1,workflow/out/asr_HMMER/domtbl/Stool_10_asr_B.domtblout
k141_59550_16/25-251,k141_59550_16,293,78.8,4.2e-21,2.8,227,78.5,3.7e-24,5.1e-21,2.8,workflow/out/asr_HMMER/domtbl/Stool_10_asr_B.domtblout
k141_17586_4/3-251,k141_17586_4,296,78.4,5.5e-21,2.8,249,78.1,4.9e-24,6.9e-21,2.8,workflow/out/asr_HMMER/domtbl/Stool_10_asr_B.domtblout
k141_61821_2/27-251,k141_61821_2,293,78.0,7.2e-21,1.3,225,77.6,6.8e-24,9.4e-21,1.3,workflow/out/asr_HMMER/domtbl/Stool_10_asr_B.domtblout
k141_99458_15/25-251,k141_99458_15,296,76.6,1.9e-20,2.2,227,76.3,1.7e-23,2.4e-20,2.2,workflow/out/asr_HMMER/domtbl/Stool_10_asr_B.domtblout
k141_171525_4/25-251,k141_171525_4,293,76.0,2.9e-20,2.5,227,75.7,2.6e-23,3.6e-20,2.5,workflow/out/asr_HMMER/domtbl/Stool_10_asr_B.domtblout
k141_166628_14/34-253,k141_166628_14,259,75.9,3.3e-20,0.4,220,75.4,3.2e-23,4.4e-20,0.4,workflow/out/asr_HMMER/domtbl/Stool_10_asr_B.domtblout
k141_101144_2/26-244,k141_101144_2,283,75.5,4.2e-20,0.1,219,75.1,3.9e-23,5.5e-20,0.1,workflow/out/asr_HMMER/domtbl/Stool_10_asr_B.domtblout
k141_107975_2/34-253,k141_107975_2,259,74.0,1.2e-19,0.4,220,73.7,1.1e-22,1.5e-19,0.4,workflow/out/asr_HMMER/domtbl/Stool_10_asr_B.domtblout
k141_118500_36/34-251,k141_118500_36,259,73.6,1.5e-19,0.1,218,73.2,1.5e-22,2.1e-19,0.1,workflow/out/asr_HMMER/domtbl/Stool_10_asr_B.domtblout
k141_45020_11/34-251,k141_45020_11,259,73.6,1.6e-19,0.3,218,73.2,1.5e-22,2.1e-19,0.3,workflow/out/asr_HMMER/domtbl/Stool_10_asr_B.domtblout
k141_188266_2/18-133,k141_188266_2,233,73.2,2.1e-19,5.6,116,51.1,8.2e-16,1.1e-12,0.1,workflow/out/asr_HMMER/domtbl/Stool_10_asr_B.domtblout
k141_188266_2/170-227,k141_188266_2,233,73.2,2.1e-19,5.6,58,23.3,2.5e-07,0.00035,2.5,workflow/out/asr_HMMER/domtbl/Stool_10_asr_B.domtblout
k141_73444_65/26-251,k141_73444_65,296,73.1,2.2e-19,1.9,226,72.6,2.2e-22,3.1e-19,1.9,workflow/out/asr_HMMER/domtbl/Stool_10_asr_B.domtblout
k141_48938_5/34-251,k141_48938_5,259,72.9,2.5e-19,0.1,218,72.5,2.5e-22,3.4e-19,0.1,workflow/out/asr_HMMER/domtbl/Stool_10_asr_B.domtblout
k141_148049_8/26-244,k141_148049_8,248,72.4,3.7e-19,1.9,219,71.5,5.1e-22,7.2e-19,1.9,workflow/out/asr_HMMER/domtbl/Stool_10_asr_B.domtblout
k141_115449_1/24-243,k141_115449_1,283,71.3,8e-19,0.8,220,70.9,7.7e-22,1.1e-18,0.8,workflow/out/asr_HMMER/domtbl/Stool_10_asr_B.domtblout
k141_172007_4/6-216,k141_172007_4,225,71.3,8.3e-19,0.1,211,70.9,7.7e-22,1.1e-18,0.1,workflow/out/asr_HMMER/domtbl/Stool_10_asr_B.domtblout
k141_36980_1/26-243,k141_36980_1,279,71.1,9.6e-19,2.5,218,70.7,9.1e-22,1.3e-18,2.5,workflow/out/asr_HMMER/domtbl/Stool_10_asr_B.domtblout
k141_1354_19/32-256,k141_1354_19,263,70.8,1.1e-18,0.6,225,69.1,2.7e-21,3.8e-18,0.6,workflow/out/asr_HMMER/domtbl/Stool_10_asr_B.domtblout
k141_163357_2/30-249,k141_163357_2,255,70.6,1.3e-18,1.9,220,69.4,2.2e-21,3e-18,1.9,workflow/out/asr_HMMER/domtbl/Stool_10_asr_B.domtblout
k141_80552_15/24-244,k141_80552_15,281,70.2,1.7e-18,3.4,221,69.8,1.6e-21,2.2e-18,3.4,workflow/out/asr_HMMER/domtbl/Stool_10_asr_B.domtblout
k141_161228_2/34-253,k141_161228_2,259,70.0,2e-18,0.1,220,69.6,2e-21,2.7e-18,0.1,workflow/out/asr_HMMER/domtbl/Stool_10_asr_B.domtblout
k141_73349_2/29-252,k141_73349_2,259,69.8,2.3e-18,0.2,224,68.8,3.2e-21,4.5e-18,0.2,workflow/out/asr_HMMER/domtbl/Stool_10_asr_B.domtblout
k141_178077_99/27-252,k141_178077_99,297,69.2,3.5e-18,1.6,226,68.7,3.6e-21,5e-18,1.6,workflow/out/asr_HMMER/domtbl/Stool_10_asr_B.domtblout
k141_183725_4/26-243,k141_183725_4,282,69.1,3.8e-18,1.6,218,68.7,3.6e-21,5e-18,1.6,workflow/out/asr_HMMER/domtbl/Stool_10_asr_B.domtblout
k141_170451_2/26-224,k141_170451_2,238,69.1,3.9e-18,0.3,199,68.5,4.1e-21,5.7e-18,0.3,workflow/out/asr_HMMER/domtbl/Stool_10_asr_B.domtblout
k141_92610_3/29-243,k141_92610_3,266,68.8,4.7e-18,2.3,215,68.4,4.5e-21,6.2e-18,2.3,workflow/out/asr_HMMER/domtbl/Stool_10_asr_B.domtblout
k141_121814_19/2-245,k141_121814_19,280,68.7,5e-18,0.0,244,68.4,4.4e-21,6.1e-18,0.0,workflow/out/asr_HMMER/domtbl/Stool_10_asr_B.domtblout
k141_157424_1/26-243,k141_157424_1,282,68.7,5.2e-18,2.5,218,68.2,4.9e-21,6.9e-18,2.5,workflow/out/asr_HMMER/domtbl/Stool_10_asr_B.domtblout
k141_178193_11/29-252,k141_178193_11,259,68.5,5.6e-18,0.6,224,67.5,8.4e-21,1.2e-17,0.6,workflow/out/asr_HMMER/domtbl/Stool_10_asr_B.domtblout
k141_127818_2/9-236,k141_127818_2,244,68.4,6.3e-18,0.8,228,66.7,1.4e-20,2e-17,0.8,workflow/out/asr_HMMER/domtbl/Stool_10_asr_B.domtblout
k141_7613_10/28-244,k141_7613_10,785,68.1,7.7e-18,0.9,217,67.0,1.2e-20,1.7e-17,0.9,workflow/out/asr_HMMER/domtbl/Stool_10_asr_B.domtblout
k141_180463_3/33-250,k141_180463_3,257,67.8,9.3e-18,0.4,218,66.8,1.4e-20,2e-17,0.4,workflow/out/asr_HMMER/domtbl/Stool_10_asr_B.domtblout
k141_143444_103/24-244,k141_143444_103,281,67.4,1.2e-17,3.1,221,67.0,1.2e-20,1.6e-17,3.1,workflow/out/asr_HMMER/domtbl/Stool_10_asr_B.domtblout
k141_33518_5/34-253,k141_33518_5,258,67.4,1.3e-17,1.5,220,65.8,2.8e-20,3.9e-17,1.5,workflow/out/asr_HMMER/domtbl/Stool_10_asr_B.domtblout
k141_163916_7/8-243,k141_163916_7,782,67.3,1.4e-17,2.3,236,67.3,9.7e-21,1.4e-17,2.3,workflow/out/asr_HMMER/domtbl/Stool_10_asr_B.domtblout
k141_119442_13/55-251,k141_119442_13,257,67.3,1.4e-17,0.0,197,66.7,1.4e-20,2e-17,0.0,workflow/out/asr_HMMER/domtbl/Stool_10_asr_B.domtblout
k141_59765_2/35-252,k141_59765_2,257,67.2,1.5e-17,2.4,218,64.1,8.9e-20,1.2e-16,2.4,workflow/out/asr_HMMER/domtbl/Stool_10_asr_B.domtblout
k141_44508_3/43-258,k141_44508_3,801,67.0,1.7e-17,2.3,216,66.5,1.7e-20,2.4e-17,0.5,workflow/out/asr_HMMER/domtbl/Stool_10_asr_B.domtblout
k141_117532_3/26-243,k141_117532_3,782,66.9,1.7e-17,2.5,218,65.7,2.9e-20,4e-17,2.5,workflow/out/asr_HMMER/domtbl/Stool_10_asr_B.domtblout
k141_42263_5/35-252,k141_42263_5,257,66.9,1.8e-17,2.4,218,64.0,9.8e-20,1.4e-16,2.4,workflow/out/asr_HMMER/domtbl/Stool_10_asr_B.domtblout
k141_37889_3/29-254,k141_37889_3,261,66.8,1.9e-17,0.7,226,65.2,4.2e-20,5.9e-17,0.7,workflow/out/asr_HMMER/domtbl/Stool_10_asr_B.domtblout
k141_5449_42/25-244,k141_5449_42,281,66.8,1.9e-17,1.1,220,66.4,1.9e-20,2.6e-17,1.1,workflow/out/asr_HMMER/domtbl/Stool_10_asr_B.domtblout
k141_65121_2/35-253,k141_65121_2,258,66.7,2e-17,1.3,219,65.2,4.3e-20,6e-17,1.3,workflow/out/asr_HMMER/domtbl/Stool_10_asr_B.domtblout
k141_14534_49/31-255,k141_14534_49,262,66.7,2e-17,1.2,225,65.1,4.4e-20,6.1e-17,1.2,workflow/out/asr_HMMER/domtbl/Stool_10_asr_B.domtblout
k141_80816_2/28-246,k141_80816_2,285,66.5,2.3e-17,0.5,219,66.0,2.4e-20,3.4e-17,0.5,workflow/out/asr_HMMER/domtbl/Stool_10_asr_B.domtblout
k141_102067_5/35-253,k141_102067_5,258,66.5,2.4e-17,1.5,219,64.6,6.4e-20,8.9e-17,1.5,workflow/out/asr_HMMER/domtbl/Stool_10_asr_B.domtblout
k141_38230_2/28-244,k141_38230_2,783,66.3,2.7e-17,2.9,217,65.4,3.7e-20,5.2e-17,2.9,workflow/out/asr_HMMER/domtbl/Stool_10_asr_B.domtblout
k141_151212_43/21-245,k141_151212_43,253,66.3,2.8e-17,0.1,225,65.8,2.7e-20,3.7e-17,0.1,workflow/out/asr_HMMER/domtbl/Stool_10_asr_B.domtblout
k141_13953_27/26-243,k141_13953_27,282,66.0,3.2e-17,2.4,218,65.6,3.1e-20,4.3e-17,2.4,workflow/out/asr_HMMER/domtbl/Stool_10_asr_B.domtblout
k141_80328_12/35-253,k141_80328_12,258,66.0,3.3e-17,2.1,219,64.4,7.6e-20,1.1e-16,2.1,workflow/out/asr_HMMER/domtbl/Stool_10_asr_B.domtblout
k141_140950_4/37-253,k141_140950_4,260,65.9,3.5e-17,0.9,217,64.9,5.1e-20,7.2e-17,0.9,workflow/out/asr_HMMER/domtbl/Stool_10_asr_B.domtblout
k141_72371_1/34-253,k141_72371_1,259,65.9,3.5e-17,0.0,220,65.4,3.6e-20,5e-17,0.0,workflow/out/asr_HMMER/domtbl/Stool_10_asr_B.domtblout
k141_127785_3/26-243,k141_127785_3,781,65.7,4e-17,2.5,218,65.7,2.9e-20,4e-17,2.5,workflow/out/asr_HMMER/domtbl/Stool_10_asr_B.domtblout
k141_65203_19/34-252,k141_65203_19,260,65.6,4.4e-17,0.1,219,65.1,4.4e-20,6.2e-17,0.1,workflow/out/asr_HMMER/domtbl/Stool_10_asr_B.domtblout
k141_93298_7/7-238,k141_93298_7,246,65.4,4.9e-17,0.1,232,63.3,1.6e-19,2.2e-16,0.1,workflow/out/asr_HMMER/domtbl/Stool_10_asr_B.domtblout
k141_165787_27/27-243,k141_165787_27,780,65.2,5.7e-17,1.7,217,65.2,4.1e-20,5.7e-17,1.7,workflow/out/asr_HMMER/domtbl/Stool_10_asr_B.domtblout
k141_166791_5/55-251,k141_166791_5,257,65.2,5.9e-17,0.0,197,64.6,6.4e-20,8.9e-17,0.0,workflow/out/asr_HMMER/domtbl/Stool_10_asr_B.domtblout
k141_2906_7/26-243,k141_2906_7,782,64.5,9.3e-17,2.9,218,64.5,6.7e-20,9.3e-17,2.9,workflow/out/asr_HMMER/domtbl/Stool_10_asr_B.domtblout
k141_91608_5/29-245,k141_91608_5,284,64.4,1e-16,0.4,217,64.0,1e-19,1.4e-16,0.4,workflow/out/asr_HMMER/domtbl/Stool_10_asr_B.domtblout
k141_178835_19/29-255,k141_178835_19,262,64.4,1e-16,1.3,227,62.7,2.4e-19,3.4e-16,1.3,workflow/out/asr_HMMER/domtbl/Stool_10_asr_B.domtblout
k141_23188_139/26-244,k141_23188_139,281,64.1,1.3e-16,1.1,219,63.7,1.2e-19,1.7e-16,1.1,workflow/out/asr_HMMER/domtbl/Stool_10_asr_B.domtblout
k141_120757_78/6-252,k141_120757_78,259,64.0,1.4e-16,1.1,247,61.7,4.8e-19,6.7e-16,1.1,workflow/out/asr_HMMER/domtbl/Stool_10_asr_B.domtblout
k141_125284_3/34-253,k141_125284_3,259,63.9,1.5e-16,0.0,220,63.5,1.4e-19,2e-16,0.0,workflow/out/asr_HMMER/domtbl/Stool_10_asr_B.domtblout
k141_56695_25/38-258,k141_56695_25,265,63.3,2.3e-16,0.5,221,61.8,4.4e-19,6.2e-16,0.5,workflow/out/asr_HMMER/domtbl/Stool_10_asr_B.domtblout
k141_160832_5/26-243,k141_160832_5,767,63.2,2.3e-16,3.2,218,61.8,4.5e-19,6.3e-16,3.2,workflow/out/asr_HMMER/domtbl/Stool_10_asr_B.domtblout
k141_61343_26/37-254,k141_61343_26,260,63.1,2.5e-16,0.1,218,62.8,2.3e-19,3.2e-16,0.1,workflow/out/asr_HMMER/domtbl/Stool_10_asr_B.domtblout
k141_43289_2/32-248,k141_43289_2,256,63.1,2.5e-16,0.1,217,62.7,2.4e-19,3.4e-16,0.1,workflow/out/asr_HMMER/domtbl/Stool_10_asr_B.domtblout
k141_150646_1/28-243,k141_150646_1,758,63.1,2.6e-16,5.4,216,62.4,3e-19,4.2e-16,4.2,workflow/out/asr_HMMER/domtbl/Stool_10_asr_B.domtblout
k141_102487_6/6-238,k141_102487_6,246,62.7,3.3e-16,2.8,233,62.1,3.7e-19,5.2e-16,2.8,workflow/out/asr_HMMER/domtbl/Stool_10_asr_B.domtblout
k141_155541_134/42-264,k141_155541_134,273,62.1,5.2e-16,0.3,223,59.2,2.8e-18,3.9e-15,0.3,workflow/out/asr_HMMER/domtbl/Stool_10_asr_B.domtblout
k141_58623_6/32-248,k141_58623_6,256,62.0,5.4e-16,0.1,217,61.6,5.2e-19,7.3e-16,0.1,workflow/out/asr_HMMER/domtbl/Stool_10_asr_B.domtblout
k141_57877_19/55-251,k141_57877_19,257,61.9,5.8e-16,1.7,197,61.1,7.7e-19,1.1e-15,1.7,workflow/out/asr_HMMER/domtbl/Stool_10_asr_B.domtblout
k141_91917_2/34-252,k141_91917_2,259,61.8,6.5e-16,0.1,219,61.4,6e-19,8.4e-16,0.1,workflow/out/asr_HMMER/domtbl/Stool_10_asr_B.domtblout
k141_154848_26/34-250,k141_154848_26,256,61.7,7e-16,0.3,217,61.3,6.7e-19,9.3e-16,0.3,workflow/out/asr_HMMER/domtbl/Stool_10_asr_B.domtblout
k141_45625_13/31-255,k141_45625_13,262,61.4,8.3e-16,1.7,225,60.3,1.3e-18,1.8e-15,1.7,workflow/out/asr_HMMER/domtbl/Stool_10_asr_B.domtblout
k141_96483_7/33-243,k141_96483_7,253,61.3,9.2e-16,0.2,211,60.6,1.1e-18,1.5e-15,0.2,workflow/out/asr_HMMER/domtbl/Stool_10_asr_B.domtblout
k141_96528_6/33-243,k141_96528_6,253,61.0,1.1e-15,0.2,211,60.4,1.2e-18,1.7e-15,0.2,workflow/out/asr_HMMER/domtbl/Stool_10_asr_B.domtblout
k141_130380_2/26-231,k141_130380_2,231,61.0,1.1e-15,2.3,206,60.9,8.8e-19,1.2e-15,2.3,workflow/out/asr_HMMER/domtbl/Stool_10_asr_B.domtblout
k141_64827_97/30-247,k141_64827_97,255,60.8,1.3e-15,0.4,218,59.8,1.8e-18,2.5e-15,0.4,workflow/out/asr_HMMER/domtbl/Stool_10_asr_B.domtblout
k141_63065_3/34-253,k141_63065_3,259,60.0,2.2e-15,0.0,220,59.6,2.2e-18,3e-15,0.0,workflow/out/asr_HMMER/domtbl/Stool_10_asr_B.domtblout
k141_153055_2/26-248,k141_153055_2,285,60.0,2.3e-15,1.9,223,59.6,2.2e-18,3.1e-15,1.9,workflow/out/asr_HMMER/domtbl/Stool_10_asr_B.domtblout
k141_163961_71/29-251,k141_163961_71,256,59.6,3.1e-15,0.0,223,59.2,2.9e-18,4.1e-15,0.0,workflow/out/asr_HMMER/domtbl/Stool_10_asr_B.domtblout
k141_38758_12/31-252,k141_38758_12,259,59.0,4.5e-15,1.3,222,56.5,1.8e-17,2.6e-14,1.3,workflow/out/asr_HMMER/domtbl/Stool_10_asr_B.domtblout
k141_16881_1/26-244,k141_16881_1,281,58.4,6.9e-15,3.0,219,58.0,6.4e-18,9e-15,3.0,workflow/out/asr_HMMER/domtbl/Stool_10_asr_B.domtblout
k141_16017_5/36-261,k141_16017_5,268,58.4,7.2e-15,0.8,226,57.8,7.7e-18,1.1e-14,0.8,workflow/out/asr_HMMER/domtbl/Stool_10_asr_B.domtblout
k141_89588_4/26-213,k141_89588_4,229,58.0,9.1e-15,0.1,188,57.6,8.9e-18,1.2e-14,0.1,workflow/out/asr_HMMER/domtbl/Stool_10_asr_B.domtblout
k141_176726_3/30-254,k141_176726_3,262,57.9,1e-14,0.1,225,56.8,1.5e-17,2.1e-14,0.1,workflow/out/asr_HMMER/domtbl/Stool_10_asr_B.domtblout
k141_176399_5/26-244,k141_176399_5,281,57.6,1.2e-14,3.3,219,57.2,1.1e-17,1.6e-14,3.3,workflow/out/asr_HMMER/domtbl/Stool_10_asr_B.domtblout
k141_175845_11/35-231,k141_175845_11,237,57.6,1.3e-14,3.5,197,56.3,2.1e-17,3e-14,3.5,workflow/out/asr_HMMER/domtbl/Stool_10_asr_B.domtblout
k141_109079_35/26-244,k141_109079_35,281,57.5,1.3e-14,3.1,219,57.1,1.2e-17,1.7e-14,3.1,workflow/out/asr_HMMER/domtbl/Stool_10_asr_B.domtblout
k141_79206_5/26-244,k141_79206_5,283,56.9,2e-14,2.6,219,56.4,2.1e-17,2.9e-14,2.6,workflow/out/asr_HMMER/domtbl/Stool_10_asr_B.domtblout
k141_118039_1/3-164,k141_118039_1,209,56.8,2.1e-14,1.7,162,56.5,1.9e-17,2.7e-14,1.7,workflow/out/asr_HMMER/domtbl/Stool_10_asr_B.domtblout
k141_88945_7/35-253,k141_88945_7,261,56.6,2.4e-14,0.0,219,56.1,2.5e-17,3.5e-14,0.0,workflow/out/asr_HMMER/domtbl/Stool_10_asr_B.domtblout
k141_9705_38/26-244,k141_9705_38,281,56.6,2.5e-14,3.4,219,56.2,2.3e-17,3.2e-14,3.4,workflow/out/asr_HMMER/domtbl/Stool_10_asr_B.domtblout
k141_41675_3/32-125,k141_41675_3,292,55.9,4.1e-14,5.7,94,30.2,2e-09,2.8e-06,0.0,workflow/out/asr_HMMER/domtbl/Stool_10_asr_B.domtblout
k141_41675_3/160-286,k141_41675_3,292,55.9,4.1e-14,5.7,127,25.5,5.3e-08,7.4e-05,2.8,workflow/out/asr_HMMER/domtbl/Stool_10_asr_B.domtblout
k141_106226_10/33-135,k141_106226_10,261,55.3,6.2e-14,1.1,103,28.3,7.7e-09,1.1e-05,0.0,workflow/out/asr_HMMER/domtbl/Stool_10_asr_B.domtblout
k141_106226_10/193-254,k141_106226_10,261,55.3,6.2e-14,1.1,62,24.7,9.6e-08,0.00013,1.5,workflow/out/asr_HMMER/domtbl/Stool_10_asr_B.domtblout
k141_4844_1/34-258,k141_4844_1,264,55.2,6.4e-14,0.0,225,54.8,6.1e-17,8.5e-14,0.0,workflow/out/asr_HMMER/domtbl/Stool_10_asr_B.domtblout
k141_5241_6/36-253,k141_5241_6,262,54.7,9.1e-14,0.0,218,54.2,9.5e-17,1.3e-13,0.0,workflow/out/asr_HMMER/domtbl/Stool_10_asr_B.domtblout
k141_100003_9/27-266,k141_100003_9,275,53.9,1.7e-13,0.0,240,52.5,3.1e-16,4.3e-13,0.0,workflow/out/asr_HMMER/domtbl/Stool_10_asr_B.domtblout
k141_132282_1/237-402,k141_132282_1,410,52.8,3.7e-13,0.3,166,50.8,1e-15,1.4e-12,0.0,workflow/out/asr_HMMER/domtbl/Stool_10_asr_B.domtblout
k141_38135_1/2-187,k141_38135_1,402,52.5,4.3e-13,3.8,186,51.7,5.5e-16,7.7e-13,3.8,workflow/out/asr_HMMER/domtbl/Stool_10_asr_B.domtblout
k141_95260_4/27-244,k141_95260_4,281,52.1,5.8e-13,4.1,218,51.7,5.4e-16,7.5e-13,4.1,workflow/out/asr_HMMER/domtbl/Stool_10_asr_B.domtblout
k141_62099_18/33-280,k141_62099_18,287,52.0,6e-13,5.0,248,46.1,2.8e-14,3.9e-11,5.0,workflow/out/asr_HMMER/domtbl/Stool_10_asr_B.domtblout
k141_100369_29/255-419,k141_100369_29,426,51.4,9.3e-13,0.1,165,49.7,2.2e-15,3.1e-12,0.0,workflow/out/asr_HMMER/domtbl/Stool_10_asr_B.domtblout
k141_105015_6/259-422,k141_105015_6,430,50.4,1.9e-12,0.0,164,47.0,1.5e-14,2.1e-11,0.0,workflow/out/asr_HMMER/domtbl/Stool_10_asr_B.domtblout
k141_17922_14/254-418,k141_17922_14,424,49.3,4.3e-12,0.2,165,48.4,5.5e-15,7.7e-12,0.0,workflow/out/asr_HMMER/domtbl/Stool_10_asr_B.domtblout
k141_165787_53/255-419,k141_165787_53,425,49.2,4.4e-12,0.2,165,48.4,5.6e-15,7.8e-12,0.0,workflow/out/asr_HMMER/domtbl/Stool_10_asr_B.domtblout
k141_1528_22/255-419,k141_1528_22,425,49.2,4.4e-12,0.2,165,48.4,5.6e-15,7.8e-12,0.0,workflow/out/asr_HMMER/domtbl/Stool_10_asr_B.domtblout
k141_63995_1/254-418,k141_63995_1,424,49.1,4.7e-12,0.2,165,48.3,6.1e-15,8.6e-12,0.0,workflow/out/asr_HMMER/domtbl/Stool_10_asr_B.domtblout
k141_28718_2/246-407,k141_28718_2,412,48.9,5.5e-12,0.0,162,48.0,7.4e-15,1e-11,0.0,workflow/out/asr_HMMER/domtbl/Stool_10_asr_B.domtblout
k141_111437_67/252-416,k141_111437_67,423,48.8,5.7e-12,0.5,165,47.2,1.3e-14,1.8e-11,0.0,workflow/out/asr_HMMER/domtbl/Stool_10_asr_B.domtblout
k141_137220_76/254-418,k141_137220_76,425,48.4,8.1e-12,0.5,165,47.0,1.5e-14,2.1e-11,0.0,workflow/out/asr_HMMER/domtbl/Stool_10_asr_B.domtblout
k141_95749_45/252-416,k141_95749_45,423,48.1,9.3e-12,0.3,165,46.4,2.2e-14,3.1e-11,0.0,workflow/out/asr_HMMER/domtbl/Stool_10_asr_B.domtblout
k141_16475_1/10-166,k141_16475_1,189,47.8,1.2e-11,2.0,157,47.4,1.1e-14,1.5e-11,2.0,workflow/out/asr_HMMER/domtbl/Stool_10_asr_B.domtblout
k141_122467_2/8-142,k141_122467_2,145,47.6,1.4e-11,0.0,135,47.5,1e-14,1.4e-11,0.0,workflow/out/asr_HMMER/domtbl/Stool_10_asr_B.domtblout
k141_174648_3/26-187,k141_174648_3,192,47.4,1.6e-11,0.0,162,47.0,1.5e-14,2.1e-11,0.0,workflow/out/asr_HMMER/domtbl/Stool_10_asr_B.domtblout
k141_158263_15/242-403,k141_158263_15,408,47.3,1.7e-11,0.0,162,45.6,4.1e-14,5.7e-11,0.0,workflow/out/asr_HMMER/domtbl/Stool_10_asr_B.domtblout
k141_113134_1/39-226,k141_113134_1,235,47.2,1.8e-11,0.4,188,46.9,1.6e-14,2.2e-11,0.4,workflow/out/asr_HMMER/domtbl/Stool_10_asr_B.domtblout
k141_2312_52/117-328,k141_2312_52,339,44.2,1.5e-10,0.0,212,41.7,6.3e-13,8.8e-10,0.0,workflow/out/asr_HMMER/domtbl/Stool_10_asr_B.domtblout
k141_185759_5/255-420,k141_185759_5,431,43.0,3.5e-10,0.0,166,40.7,1.2e-12,1.7e-09,0.0,workflow/out/asr_HMMER/domtbl/Stool_10_asr_B.domtblout
k141_74831_9/8-218,k141_74831_9,323,42.2,6.2e-10,0.5,211,41.2,8.8e-13,1.2e-09,0.0,workflow/out/asr_HMMER/domtbl/Stool_10_asr_B.domtblout
k141_149048_2/27-181,k141_149048_2,189,40.9,1.6e-09,0.3,155,40.6,1.3e-12,1.9e-09,0.3,workflow/out/asr_HMMER/domtbl/Stool_10_asr_B.domtblout
k141_120397_4/125-351,k141_120397_4,359,40.2,2.4e-09,0.0,227,39.5,3e-12,4.2e-09,0.0,workflow/out/asr_HMMER/domtbl/Stool_10_asr_B.domtblout
k141_142917_3/32-125,k141_142917_3,130,39.1,5.2e-09,0.2,94,39.0,4.2e-12,5.9e-09,0.2,workflow/out/asr_HMMER/domtbl/Stool_10_asr_B.domtblout
k141_181477_2/15-132,k141_181477_2,172,38.4,8.8e-09,0.1,118,37.8,9.5e-12,1.3e-08,0.1,workflow/out/asr_HMMER/domtbl/Stool_10_asr_B.domtblout
k141_99960_43/8-207,k141_99960_43,323,38.3,9.3e-09,0.1,200,36.3,2.7e-11,3.8e-08,0.0,workflow/out/asr_HMMER/domtbl/Stool_10_asr_B.domtblout
k141_146750_6/254-384,k141_146750_6,388,36.3,3.8e-08,0.5,131,35.8,4e-11,5.6e-08,0.0,workflow/out/asr_HMMER/domtbl/Stool_10_asr_B.domtblout
k141_5713_1/6-93,k141_5713_1,135,27.5,1.8e-05,0.5,88,27.1,1.8e-08,2.5e-05,0.5,workflow/out/asr_HMMER/domtbl/Stool_10_asr_B.domtblout
k141_130075_1/24-95,k141_130075_1,102,26.9,2.9e-05,1.2,72,24.3,1.3e-07,0.00018,1.2,workflow/out/asr_HMMER/domtbl/Stool_10_asr_B.domtblout
k141_77794_69/86-242,k141_77794_69,357,25.4,8.3e-05,0.0,157,24.9,8.4e-08,0.00012,0.0,workflow/out/asr_HMMER/domtbl/Stool_10_asr_B.domtblout
k141_88127_7/69-167,k141_88127_7,339,25.1,0.0001,0.0,99,23.8,1.8e-07,0.00024,0.0,workflow/out/asr_HMMER/domtbl/Stool_10_asr_B.domtblout
k141_14563_1/21-84,k141_14563_1,85,23.4,0.00033,0.0,64,23.3,2.5e-07,0.00035,0.0,workflow/out/asr_HMMER/domtbl/Stool_10_asr_B.domtblout
k141_98514_7/7-184,k141_98514_7,234,21.4,0.0014,0.0,178,21.1,1.2e-06,0.0017,0.0,workflow/out/asr_HMMER/domtbl/Stool_10_asr_B.domtblout
k141_108807_2/5-64,k141_108807_2,109,20.4,0.0028,2.0,60,20.0,2.6e-06,0.0036,2.0,workflow/out/asr_HMMER/domtbl/Stool_10_asr_B.domtblout
k141_119455_35/225-386,k141_119455_35,397,20.0,0.0037,0.0,162,18.7,6.4e-06,0.009,0.0,workflow/out/asr_HMMER/domtbl/Stool_10_asr_B.domtblout
k141_47218_41/224-386,k141_47218_41,397,19.8,0.0042,0.0,163,18.7,6.5e-06,0.0091,0.0,workflow/out/asr_HMMER/domtbl/Stool_10_asr_B.domtblout
k141_109113_71/7-183,k141_109113_71,234,18.6,0.01,0.0,177,18.2,9e-06,0.012,0.0,workflow/out/asr_HMMER/domtbl/Stool_10_asr_B.domtblout
k141_89630_3/4-264,k141_89630_3,265,472.3,5.7e-141,2.8,261,472.1,4.6e-144,6.4e-141,2.8,workflow/out/asr_HMMER/domtbl/Capsule_12_asr_B.domtblout
k141_93031_8/3-262,k141_93031_8,263,435.1,1.3e-129,0.5,260,434.9,1.1e-132,1.5e-129,0.5,workflow/out/asr_HMMER/domtbl/Capsule_12_asr_B.domtblout
k141_81666_6/3-262,k141_81666_6,263,434.5,2e-129,0.3,260,434.3,1.6e-132,2.2e-129,0.3,workflow/out/asr_HMMER/domtbl/Capsule_12_asr_B.domtblout
k141_71385_2/3-262,k141_71385_2,263,432.8,6.5e-129,1.0,260,432.6,5.2e-132,7.3e-129,1.0,workflow/out/asr_HMMER/domtbl/Capsule_12_asr_B.domtblout
k141_43711_4/2-263,k141_43711_4,264,421.3,2.1e-125,2.4,262,421.2,1.6e-128,2.3e-125,2.4,workflow/out/asr_HMMER/domtbl/Capsule_12_asr_B.domtblout
k141_276453_24/5-264,k141_276453_24,265,420.2,4.5e-125,0.0,260,420.0,3.6e-128,5.1e-125,0.0,workflow/out/asr_HMMER/domtbl/Capsule_12_asr_B.domtblout
k141_218262_4/4-263,k141_218262_4,264,330.8,8.8e-98,0.2,260,330.6,7.2e-101,1e-97,0.2,workflow/out/asr_HMMER/domtbl/Capsule_12_asr_B.domtblout
k141_94413_1/1-241,k141_94413_1,242,318.6,4.5e-94,0.4,241,318.4,3.6e-97,5e-94,0.4,workflow/out/asr_HMMER/domtbl/Capsule_12_asr_B.domtblout
k141_279597_79/33-299,k141_279597_79,304,240.9,2.3e-70,0.0,267,240.7,1.9e-73,2.6e-70,0.0,workflow/out/asr_HMMER/domtbl/Capsule_12_asr_B.domtblout
k141_69612_3/13-279,k141_69612_3,284,239.4,6.4e-70,0.0,267,239.2,5.2e-73,7.3e-70,0.0,workflow/out/asr_HMMER/domtbl/Capsule_12_asr_B.domtblout
k141_98790_31/30-296,k141_98790_31,301,235.0,1.5e-68,0.0,267,234.8,1.2e-71,1.7e-68,0.0,workflow/out/asr_HMMER/domtbl/Capsule_12_asr_B.domtblout
k141_161448_21/35-301,k141_161448_21,306,229.2,8.3e-67,0.0,267,229.1,6.7e-70,9.4e-67,0.0,workflow/out/asr_HMMER/domtbl/Capsule_12_asr_B.domtblout
k141_76077_1/1-120,k141_76077_1,121,195.5,1.7e-56,1.3,120,195.3,1.3e-59,1.8e-56,1.3,workflow/out/asr_HMMER/domtbl/Capsule_12_asr_B.domtblout
k141_233833_18/13-273,k141_233833_18,285,193.7,5.9e-56,0.3,261,193.4,5e-59,7e-56,0.3,workflow/out/asr_HMMER/domtbl/Capsule_12_asr_B.domtblout
k141_253889_5/8-267,k141_253889_5,278,191.8,2.2e-55,0.2,260,191.7,1.7e-58,2.4e-55,0.2,workflow/out/asr_HMMER/domtbl/Capsule_12_asr_B.domtblout
k141_31730_11/15-273,k141_31730_11,285,189.3,1.2e-54,0.2,259,189.0,1.1e-57,1.6e-54,0.2,workflow/out/asr_HMMER/domtbl/Capsule_12_asr_B.domtblout
k141_120743_35/15-276,k141_120743_35,285,188.4,2.5e-54,0.3,262,188.1,2.2e-57,3e-54,0.3,workflow/out/asr_HMMER/domtbl/Capsule_12_asr_B.domtblout
k141_112452_25/15-274,k141_112452_25,286,185.6,1.7e-53,0.1,260,185.2,1.6e-56,2.3e-53,0.1,workflow/out/asr_HMMER/domtbl/Capsule_12_asr_B.domtblout
k141_231335_2/15-273,k141_231335_2,285,185.0,2.6e-53,0.1,259,184.7,2.2e-56,3.1e-53,0.1,workflow/out/asr_HMMER/domtbl/Capsule_12_asr_B.domtblout
k141_61271_9/15-273,k141_61271_9,285,184.6,3.3e-53,0.4,259,184.2,3.3e-56,4.7e-53,0.4,workflow/out/asr_HMMER/domtbl/Capsule_12_asr_B.domtblout
k141_89084_2/14-273,k141_89084_2,285,184.3,4.2e-53,0.1,260,184.0,3.7e-56,5.2e-53,0.1,workflow/out/asr_HMMER/domtbl/Capsule_12_asr_B.domtblout
k141_174916_1/4-255,k141_174916_1,267,182.7,1.3e-52,0.2,252,182.4,1.1e-55,1.6e-52,0.2,workflow/out/asr_HMMER/domtbl/Capsule_12_asr_B.domtblout
k141_180880_24/8-272,k141_180880_24,279,181.1,4.1e-52,0.0,265,180.8,3.5e-55,4.9e-52,0.0,workflow/out/asr_HMMER/domtbl/Capsule_12_asr_B.domtblout
k141_53984_31/15-279,k141_53984_31,285,180.3,7.2e-52,0.3,265,179.8,7.1e-55,1e-51,0.3,workflow/out/asr_HMMER/domtbl/Capsule_12_asr_B.domtblout
k141_244532_5/15-279,k141_244532_5,285,180.3,7.3e-52,0.3,265,179.8,7.2e-55,1e-51,0.3,workflow/out/asr_HMMER/domtbl/Capsule_12_asr_B.domtblout
k141_196934_3/16-279,k141_196934_3,285,179.8,1e-51,0.4,264,179.3,1e-54,1.4e-51,0.4,workflow/out/asr_HMMER/domtbl/Capsule_12_asr_B.domtblout
k141_275558_20/5-270,k141_275558_20,280,178.2,3e-51,0.0,266,178.0,2.6e-54,3.7e-51,0.0,workflow/out/asr_HMMER/domtbl/Capsule_12_asr_B.domtblout
k141_138186_14/404-631,k141_138186_14,640,158.6,3e-45,0.0,228,158.1,3e-48,4.3e-45,0.0,workflow/out/asr_HMMER/domtbl/Capsule_12_asr_B.domtblout
k141_228921_14/404-663,k141_228921_14,672,151.6,4e-43,0.0,260,151.0,4.4e-46,6.1e-43,0.0,workflow/out/asr_HMMER/domtbl/Capsule_12_asr_B.domtblout
k141_7158_16/15-225,k141_7158_16,226,117.7,9e-33,0.0,211,117.4,7.7e-36,1.1e-32,0.0,workflow/out/asr_HMMER/domtbl/Capsule_12_asr_B.domtblout
k141_89197_1/4-100,k141_89197_1,100,117.5,1.1e-32,0.0,97,117.3,8.3e-36,1.2e-32,0.0,workflow/out/asr_HMMER/domtbl/Capsule_12_asr_B.domtblout
k141_255450_1/2-145,k141_255450_1,157,115.1,5.7e-32,0.1,144,114.9,4.7e-35,6.5e-32,0.1,workflow/out/asr_HMMER/domtbl/Capsule_12_asr_B.domtblout
k141_43536_4/3-249,k141_43536_4,258,94.2,1.3e-25,0.3,247,94.0,1.1e-28,1.5e-25,0.3,workflow/out/asr_HMMER/domtbl/Capsule_12_asr_B.domtblout
k141_151989_42/25-252,k141_151989_42,295,91.6,8.2e-25,0.3,228,91.2,7.9e-28,1.1e-24,0.3,workflow/out/asr_HMMER/domtbl/Capsule_12_asr_B.domtblout
k141_297029_1/25-251,k141_297029_1,295,88.9,5.3e-24,2.3,227,88.3,6e-27,8.4e-24,2.3,workflow/out/asr_HMMER/domtbl/Capsule_12_asr_B.domtblout
k141_249998_3/25-251,k141_249998_3,296,88.6,6.6e-24,2.3,227,88.3,6e-27,8.5e-24,2.3,workflow/out/asr_HMMER/domtbl/Capsule_12_asr_B.domtblout
k141_243946_7/10-236,k141_243946_7,281,88.0,1e-23,2.7,227,87.6,9.8e-27,1.4e-23,2.7,workflow/out/asr_HMMER/domtbl/Capsule_12_asr_B.domtblout
k141_39290_3/25-251,k141_39290_3,296,87.9,1.1e-23,2.4,227,87.5,1e-26,1.4e-23,2.4,workflow/out/asr_HMMER/domtbl/Capsule_12_asr_B.domtblout
k141_141463_5/25-251,k141_141463_5,296,87.6,1.3e-23,2.8,227,87.0,1.5e-26,2.1e-23,2.8,workflow/out/asr_HMMER/domtbl/Capsule_12_asr_B.domtblout
k141_89500_4/19-239,k141_89500_4,246,85.8,4.7e-23,5.9,221,85.5,4.3e-26,6.1e-23,5.9,workflow/out/asr_HMMER/domtbl/Capsule_12_asr_B.domtblout
k141_125734_83/25-252,k141_125734_83,295,85.5,6.1e-23,0.3,228,85.1,5.6e-26,7.8e-23,0.3,workflow/out/asr_HMMER/domtbl/Capsule_12_asr_B.domtblout
k141_110332_16/27-251,k141_110332_16,296,84.8,9.5e-23,1.5,225,84.4,9e-26,1.3e-22,1.5,workflow/out/asr_HMMER/domtbl/Capsule_12_asr_B.domtblout
k141_159392_38/32-249,k141_159392_38,256,84.3,1.3e-22,0.6,218,84.0,1.2e-25,1.7e-22,0.6,workflow/out/asr_HMMER/domtbl/Capsule_12_asr_B.domtblout
k141_244953_3/26-251,k141_244953_3,293,84.3,1.4e-22,2.1,226,84.0,1.2e-25,1.7e-22,2.1,workflow/out/asr_HMMER/domtbl/Capsule_12_asr_B.domtblout
k141_279922_115/26-251,k141_279922_115,296,84.2,1.5e-22,2.0,226,83.8,1.3e-25,1.9e-22,2.0,workflow/out/asr_HMMER/domtbl/Capsule_12_asr_B.domtblout
k141_122395_16/34-246,k141_122395_16,254,83.6,2.3e-22,1.6,213,83.2,2.1e-25,2.9e-22,1.6,workflow/out/asr_HMMER/domtbl/Capsule_12_asr_B.domtblout
k141_249158_7/27-252,k141_249158_7,297,82.7,4.1e-22,3.2,226,82.3,4e-25,5.6e-22,3.2,workflow/out/asr_HMMER/domtbl/Capsule_12_asr_B.domtblout
k141_159493_4/27-252,k141_159493_4,297,82.3,5.5e-22,3.0,226,81.9,5.2e-25,7.3e-22,3.0,workflow/out/asr_HMMER/domtbl/Capsule_12_asr_B.domtblout
k141_43995_2/26-251,k141_43995_2,255,81.9,7.4e-22,1.2,226,81.4,7.4e-25,1e-21,1.2,workflow/out/asr_HMMER/domtbl/Capsule_12_asr_B.domtblout
k141_148633_2/26-251,k141_148633_2,296,81.3,1.1e-21,2.5,226,81.3,7.9e-25,1.1e-21,2.5,workflow/out/asr_HMMER/domtbl/Capsule_12_asr_B.domtblout
k141_136939_2/26-251,k141_136939_2,296,81.1,1.3e-21,1.8,226,80.7,1.3e-24,1.8e-21,1.8,workflow/out/asr_HMMER/domtbl/Capsule_12_asr_B.domtblout
k141_94836_115/32-244,k141_94836_115,251,80.8,1.6e-21,0.0,213,80.5,1.4e-24,2e-21,0.0,workflow/out/asr_HMMER/domtbl/Capsule_12_asr_B.domtblout
k141_34150_1/25-246,k141_34150_1,253,80.4,2.2e-21,0.2,222,80.0,2e-24,2.9e-21,0.2,workflow/out/asr_HMMER/domtbl/Capsule_12_asr_B.domtblout
k141_36236_191/26-252,k141_36236_191,295,80.1,2.7e-21,0.0,227,79.7,2.6e-24,3.6e-21,0.0,workflow/out/asr_HMMER/domtbl/Capsule_12_asr_B.domtblout
k141_47345_15/27-251,k141_47345_15,294,79.7,3.6e-21,1.9,225,79.2,3.4e-24,4.8e-21,1.9,workflow/out/asr_HMMER/domtbl/Capsule_12_asr_B.domtblout
k141_43134_96/26-244,k141_43134_96,283,79.2,4.9e-21,0.3,219,78.8,4.8e-24,6.7e-21,0.3,workflow/out/asr_HMMER/domtbl/Capsule_12_asr_B.domtblout
k141_121845_71/3-251,k141_121845_71,296,78.4,8.7e-21,2.8,249,78.1,7.7e-24,1.1e-20,2.8,workflow/out/asr_HMMER/domtbl/Capsule_12_asr_B.domtblout
k141_158255_3/27-251,k141_158255_3,280,78.3,9.1e-21,1.4,225,78.0,8.4e-24,1.2e-20,1.4,workflow/out/asr_HMMER/domtbl/Capsule_12_asr_B.domtblout
k141_44333_2/27-253,k141_44333_2,269,77.4,1.7e-20,2.7,227,77.1,1.5e-23,2.2e-20,2.7,workflow/out/asr_HMMER/domtbl/Capsule_12_asr_B.domtblout
k141_62469_17/27-251,k141_62469_17,293,77.2,2e-20,2.3,225,76.8,1.9e-23,2.7e-20,2.3,workflow/out/asr_HMMER/domtbl/Capsule_12_asr_B.domtblout
k141_47352_28/15-252,k141_47352_28,295,77.0,2.3e-20,0.1,238,76.7,2e-23,2.8e-20,0.1,workflow/out/asr_HMMER/domtbl/Capsule_12_asr_B.domtblout
k141_110138_81/25-251,k141_110138_81,296,76.6,3e-20,2.2,227,76.3,2.7e-23,3.7e-20,2.2,workflow/out/asr_HMMER/domtbl/Capsule_12_asr_B.domtblout
k141_183294_25/24-251,k141_183294_25,296,76.6,3e-20,2.7,228,76.6,2.1e-23,3e-20,2.7,workflow/out/asr_HMMER/domtbl/Capsule_12_asr_B.domtblout
k141_287635_7/26-252,k141_287635_7,295,76.5,3.3e-20,0.0,227,76.0,3.3e-23,4.6e-20,0.0,workflow/out/asr_HMMER/domtbl/Capsule_12_asr_B.domtblout
k141_61288_69/26-252,k141_61288_69,295,76.0,4.7e-20,0.1,227,75.5,4.7e-23,6.6e-20,0.1,workflow/out/asr_HMMER/domtbl/Capsule_12_asr_B.domtblout
k141_134107_60/26-252,k141_134107_60,297,75.8,5.4e-20,2.2,227,75.4,4.9e-23,7e-20,2.2,workflow/out/asr_HMMER/domtbl/Capsule_12_asr_B.domtblout
k141_49080_187/27-252,k141_49080_187,297,75.6,6.4e-20,3.0,226,75.1,6.3e-23,8.8e-20,3.0,workflow/out/asr_HMMER/domtbl/Capsule_12_asr_B.domtblout
k141_155009_70/27-252,k141_155009_70,297,74.7,1.2e-19,3.3,226,74.2,1.2e-22,1.7e-19,3.3,workflow/out/asr_HMMER/domtbl/Capsule_12_asr_B.domtblout
k141_158007_2/26-251,k141_158007_2,296,74.2,1.7e-19,1.3,226,73.7,1.6e-22,2.3e-19,1.3,workflow/out/asr_HMMER/domtbl/Capsule_12_asr_B.domtblout
k141_14955_2/27-252,k141_14955_2,297,74.1,1.8e-19,2.3,226,73.7,1.7e-22,2.4e-19,2.3,workflow/out/asr_HMMER/domtbl/Capsule_12_asr_B.domtblout
k141_148016_103/21-239,k141_148016_103,247,73.7,2.4e-19,1.8,219,72.1,5.1e-22,7.2e-19,1.8,workflow/out/asr_HMMER/domtbl/Capsule_12_asr_B.domtblout
k141_101513_1/21-253,k141_101513_1,260,72.8,4.5e-19,0.7,233,70.9,1.2e-21,1.6e-18,0.7,workflow/out/asr_HMMER/domtbl/Capsule_12_asr_B.domtblout
k141_198470_85/8-239,k141_198470_85,247,72.8,4.5e-19,1.3,232,71.1,1e-21,1.5e-18,1.3,workflow/out/asr_HMMER/domtbl/Capsule_12_asr_B.domtblout
k141_213619_2/10-237,k141_213619_2,245,72.5,5.3e-19,3.8,228,69.6,3.1e-21,4.3e-18,3.8,workflow/out/asr_HMMER/domtbl/Capsule_12_asr_B.domtblout
k141_158080_114/19-239,k141_158080_114,247,72.1,7.5e-19,2.3,221,69.4,3.4e-21,4.8e-18,2.3,workflow/out/asr_HMMER/domtbl/Capsule_12_asr_B.domtblout
k141_262984_5/26-244,k141_262984_5,288,71.9,8.1e-19,0.0,219,71.5,7.6e-22,1.1e-18,0.0,workflow/out/asr_HMMER/domtbl/Capsule_12_asr_B.domtblout
k141_204210_7/21-239,k141_204210_7,247,71.8,8.7e-19,0.5,219,70.8,1.2e-21,1.8e-18,0.5,workflow/out/asr_HMMER/domtbl/Capsule_12_asr_B.domtblout
k141_193985_187/5-247,k141_193985_187,254,71.8,9e-19,0.5,243,71.5,7.9e-22,1.1e-18,0.5,workflow/out/asr_HMMER/domtbl/Capsule_12_asr_B.domtblout
k141_12973_8/27-251,k141_12973_8,296,71.7,9.3e-19,1.8,225,71.4,8.7e-22,1.2e-18,1.8,workflow/out/asr_HMMER/domtbl/Capsule_12_asr_B.domtblout
k141_125365_1/24-243,k141_125365_1,283,71.6,1e-18,0.9,220,71.2,9.7e-22,1.4e-18,0.9,workflow/out/asr_HMMER/domtbl/Capsule_12_asr_B.domtblout
k141_92467_7/30-249,k141_92467_7,255,71.4,1.2e-18,2.0,220,70.2,1.9e-21,2.7e-18,2.0,workflow/out/asr_HMMER/domtbl/Capsule_12_asr_B.domtblout
k141_148531_7/26-255,k141_148531_7,263,71.4,1.2e-18,0.1,230,70.8,1.3e-21,1.8e-18,0.1,workflow/out/asr_HMMER/domtbl/Capsule_12_asr_B.domtblout
k141_247882_20/26-251,k141_247882_20,296,71.2,1.4e-18,1.8,226,70.8,1.3e-21,1.8e-18,1.8,workflow/out/asr_HMMER/domtbl/Capsule_12_asr_B.domtblout
k141_120932_12/30-247,k141_120932_12,256,71.1,1.5e-18,0.0,218,70.7,1.4e-21,2e-18,0.0,workflow/out/asr_HMMER/domtbl/Capsule_12_asr_B.domtblout
k141_265564_2/29-252,k141_265564_2,259,71.0,1.6e-18,0.2,224,70.0,2.3e-21,3.2e-18,0.2,workflow/out/asr_HMMER/domtbl/Capsule_12_asr_B.domtblout
k141_93269_4/27-251,k141_93269_4,296,70.9,1.7e-18,1.7,225,70.2,1.9e-21,2.7e-18,1.7,workflow/out/asr_HMMER/domtbl/Capsule_12_asr_B.domtblout
k141_169056_1/26-243,k141_169056_1,281,70.8,1.8e-18,2.4,218,70.4,1.6e-21,2.3e-18,2.4,workflow/out/asr_HMMER/domtbl/Capsule_12_asr_B.domtblout
k141_38938_9/32-256,k141_38938_9,263,70.8,1.8e-18,0.6,225,69.1,4.2e-21,5.9e-18,0.6,workflow/out/asr_HMMER/domtbl/Capsule_12_asr_B.domtblout
k141_65159_58/20-240,k141_65159_58,248,70.3,2.6e-18,3.7,221,67.3,1.5e-20,2.2e-17,3.7,workflow/out/asr_HMMER/domtbl/Capsule_12_asr_B.domtblout
k141_286304_11/4-249,k141_286304_11,256,70.1,3e-18,3.1,246,68.9,4.8e-21,6.7e-18,3.1,workflow/out/asr_HMMER/domtbl/Capsule_12_asr_B.domtblout
k141_240828_49/33-253,k141_240828_49,260,69.9,3.5e-18,0.3,221,68.8,5.4e-21,7.6e-18,0.3,workflow/out/asr_HMMER/domtbl/Capsule_12_asr_B.domtblout
k141_53876_75/27-245,k141_53876_75,284,69.7,3.9e-18,1.9,219,69.7,2.8e-21,3.9e-18,1.9,workflow/out/asr_HMMER/domtbl/Capsule_12_asr_B.domtblout
k141_238669_16/31-254,k141_238669_16,261,69.7,4e-18,0.6,224,68.0,9.4e-21,1.3e-17,0.6,workflow/out/asr_HMMER/domtbl/Capsule_12_asr_B.domtblout
k141_169866_5/27-252,k141_169866_5,297,69.1,5.9e-18,3.4,226,68.7,5.7e-21,8e-18,3.4,workflow/out/asr_HMMER/domtbl/Capsule_12_asr_B.domtblout
k141_204516_5/26-243,k141_204516_5,282,69.1,5.9e-18,1.6,218,68.7,5.6e-21,7.9e-18,1.6,workflow/out/asr_HMMER/domtbl/Capsule_12_asr_B.domtblout
k141_169867_5/27-252,k141_169867_5,297,69.0,6.3e-18,2.6,226,68.6,6.1e-21,8.6e-18,2.6,workflow/out/asr_HMMER/domtbl/Capsule_12_asr_B.domtblout
k141_263677_4/29-254,k141_263677_4,261,68.9,7.1e-18,0.4,226,67.3,1.5e-20,2.1e-17,0.4,workflow/out/asr_HMMER/domtbl/Capsule_12_asr_B.domtblout
k141_213998_9/27-252,k141_213998_9,297,68.8,7.2e-18,1.5,226,68.3,7.4e-21,1e-17,1.5,workflow/out/asr_HMMER/domtbl/Capsule_12_asr_B.domtblout
k141_3213_5/2-245,k141_3213_5,280,68.7,7.9e-18,0.0,244,68.4,6.9e-21,9.7e-18,0.0,workflow/out/asr_HMMER/domtbl/Capsule_12_asr_B.domtblout
k141_260655_19/31-254,k141_260655_19,261,67.9,1.4e-17,0.4,224,66.4,2.7e-20,3.9e-17,0.4,workflow/out/asr_HMMER/domtbl/Capsule_12_asr_B.domtblout
k141_43798_11/31-256,k141_43798_11,261,67.8,1.5e-17,0.2,226,66.3,2.9e-20,4.1e-17,0.2,workflow/out/asr_HMMER/domtbl/Capsule_12_asr_B.domtblout
k141_23743_8/26-245,k141_23743_8,281,67.7,1.6e-17,0.6,220,67.2,1.6e-20,2.2e-17,0.6,workflow/out/asr_HMMER/domtbl/Capsule_12_asr_B.domtblout
k141_31929_3/13-233,k141_31929_3,240,67.6,1.7e-17,0.1,221,66.4,2.7e-20,3.9e-17,0.1,workflow/out/asr_HMMER/domtbl/Capsule_12_asr_B.domtblout
k141_184316_4/34-253,k141_184316_4,258,67.6,1.7e-17,1.2,220,66.1,3.5e-20,4.9e-17,1.2,workflow/out/asr_HMMER/domtbl/Capsule_12_asr_B.domtblout
k141_209797_1/37-251,k141_209797_1,251,67.6,1.7e-17,0.0,215,67.1,1.8e-20,2.5e-17,0.0,workflow/out/asr_HMMER/domtbl/Capsule_12_asr_B.domtblout
k141_157137_87/28-243,k141_157137_87,266,67.4,2e-17,3.5,216,67.0,1.9e-20,2.7e-17,3.5,workflow/out/asr_HMMER/domtbl/Capsule_12_asr_B.domtblout
k141_230784_5/34-253,k141_230784_5,258,67.3,2.1e-17,1.7,220,65.7,4.6e-20,6.4e-17,1.7,workflow/out/asr_HMMER/domtbl/Capsule_12_asr_B.domtblout
k141_211200_11/55-251,k141_211200_11,257,67.3,2.2e-17,0.0,197,66.7,2.3e-20,3.2e-17,0.0,workflow/out/asr_HMMER/domtbl/Capsule_12_asr_B.domtblout
k141_16040_3/28-243,k141_16040_3,266,67.1,2.3e-17,3.7,216,66.7,2.3e-20,3.2e-17,3.7,workflow/out/asr_HMMER/domtbl/Capsule_12_asr_B.domtblout
k141_34447_225/28-246,k141_34447_225,284,67.1,2.5e-17,0.3,219,66.7,2.4e-20,3.3e-17,0.3,workflow/out/asr_HMMER/domtbl/Capsule_12_asr_B.domtblout
k141_55589_6/34-247,k141_55589_6,256,67.0,2.7e-17,0.1,214,66.6,2.5e-20,3.5e-17,0.1,workflow/out/asr_HMMER/domtbl/Capsule_12_asr_B.domtblout
k141_17823_4/35-253,k141_17823_4,258,66.9,2.7e-17,1.4,219,65.4,5.7e-20,8e-17,1.4,workflow/out/asr_HMMER/domtbl/Capsule_12_asr_B.domtblout
k141_117376_7/34-256,k141_117376_7,262,66.9,2.8e-17,0.1,223,66.6,2.5e-20,3.5e-17,0.1,workflow/out/asr_HMMER/domtbl/Capsule_12_asr_B.domtblout
k141_118597_12/31-255,k141_118597_12,262,66.9,2.9e-17,1.2,225,65.3,6.1e-20,8.6e-17,1.2,workflow/out/asr_HMMER/domtbl/Capsule_12_asr_B.domtblout
k141_283866_2/26-243,k141_283866_2,282,66.7,3.3e-17,2.3,218,66.2,3.2e-20,4.4e-17,2.3,workflow/out/asr_HMMER/domtbl/Capsule_12_asr_B.domtblout
k141_167704_110/29-246,k141_167704_110,255,66.6,3.6e-17,4.1,218,66.2,3.2e-20,4.4e-17,4.1,workflow/out/asr_HMMER/domtbl/Capsule_12_asr_B.domtblout
k141_209445_4/29-254,k141_209445_4,261,66.3,4.2e-17,0.8,226,65.4,5.7e-20,8e-17,0.8,workflow/out/asr_HMMER/domtbl/Capsule_12_asr_B.domtblout
k141_216729_4/37-253,k141_216729_4,260,66.1,5e-17,1.0,217,65.0,7.4e-20,1e-16,0.9,workflow/out/asr_HMMER/domtbl/Capsule_12_asr_B.domtblout
k141_84549_1/26-243,k141_84549_1,282,66.0,5.1e-17,2.4,218,65.6,4.9e-20,6.8e-17,2.4,workflow/out/asr_HMMER/domtbl/Capsule_12_asr_B.domtblout
k141_150534_4/26-244,k141_150534_4,281,66.0,5.2e-17,1.6,219,65.6,4.9e-20,6.9e-17,1.6,workflow/out/asr_HMMER/domtbl/Capsule_12_asr_B.domtblout
k141_150759_2/37-248,k141_150759_2,257,65.7,6.4e-17,1.6,212,64.0,1.6e-19,2.2e-16,1.6,workflow/out/asr_HMMER/domtbl/Capsule_12_asr_B.domtblout
k141_37519_23/34-252,k141_37519_23,260,65.6,6.9e-17,0.1,219,65.1,6.9e-20,9.7e-17,0.1,workflow/out/asr_HMMER/domtbl/Capsule_12_asr_B.domtblout
k141_84910_1/18-215,k141_84910_1,220,65.4,8e-17,3.1,198,63.8,1.8e-19,2.5e-16,3.1,workflow/out/asr_HMMER/domtbl/Capsule_12_asr_B.domtblout
k141_68732_2/30-238,k141_68732_2,245,65.4,8.1e-17,2.1,209,64.5,1.1e-19,1.6e-16,2.1,workflow/out/asr_HMMER/domtbl/Capsule_12_asr_B.domtblout
k141_233709_2/29-255,k141_233709_2,262,65.3,8.5e-17,0.9,227,63.6,2.1e-19,2.9e-16,0.9,workflow/out/asr_HMMER/domtbl/Capsule_12_asr_B.domtblout
k141_156778_6/31-250,k141_156778_6,257,65.3,8.7e-17,4.0,220,62.2,5.5e-19,7.8e-16,4.0,workflow/out/asr_HMMER/domtbl/Capsule_12_asr_B.domtblout
k141_203439_19/31-236,k141_203439_19,244,65.0,1.1e-16,1.0,206,62.0,6.4e-19,9e-16,1.0,workflow/out/asr_HMMER/domtbl/Capsule_12_asr_B.domtblout
k141_70833_4/25-248,k141_70833_4,298,64.7,1.3e-16,1.4,224,64.2,1.3e-19,1.9e-16,1.4,workflow/out/asr_HMMER/domtbl/Capsule_12_asr_B.domtblout
k141_304661_10/29-254,k141_304661_10,261,64.5,1.5e-16,0.9,226,62.9,3.4e-19,4.7e-16,0.9,workflow/out/asr_HMMER/domtbl/Capsule_12_asr_B.domtblout
k141_264010_8/28-246,k141_264010_8,280,64.3,1.7e-16,0.1,219,63.9,1.6e-19,2.3e-16,0.1,workflow/out/asr_HMMER/domtbl/Capsule_12_asr_B.domtblout
k141_148161_1/32-252,k141_148161_1,259,64.2,1.9e-16,0.3,221,63.0,3e-19,4.3e-16,0.2,workflow/out/asr_HMMER/domtbl/Capsule_12_asr_B.domtblout
k141_267862_2/24-245,k141_267862_2,280,64.2,1.9e-16,0.0,222,63.9,1.6e-19,2.2e-16,0.0,workflow/out/asr_HMMER/domtbl/Capsule_12_asr_B.domtblout
k141_245890_324/40-262,k141_245890_324,269,64.2,1.9e-16,0.0,223,63.6,2e-19,2.9e-16,0.0,workflow/out/asr_HMMER/domtbl/Capsule_12_asr_B.domtblout
k141_299162_4/34-243,k141_299162_4,253,64.2,1.9e-16,5.2,210,62.3,5.2e-19,7.2e-16,5.2,workflow/out/asr_HMMER/domtbl/Capsule_12_asr_B.domtblout
k141_162895_147/26-244,k141_162895_147,281,64.1,2e-16,1.1,219,63.7,1.9e-19,2.6e-16,1.1,workflow/out/asr_HMMER/domtbl/Capsule_12_asr_B.domtblout
k141_200858_85/34-250,k141_200858_85,256,64.0,2.1e-16,0.2,217,63.6,2e-19,2.8e-16,0.2,workflow/out/asr_HMMER/domtbl/Capsule_12_asr_B.domtblout
k141_200568_240/31-246,k141_200568_240,253,64.0,2.2e-16,4.4,216,63.3,2.5e-19,3.5e-16,4.4,workflow/out/asr_HMMER/domtbl/Capsule_12_asr_B.domtblout
k141_129027_7/34-253,k141_129027_7,259,63.9,2.3e-16,0.0,220,63.5,2.2e-19,3.2e-16,0.0,workflow/out/asr_HMMER/domtbl/Capsule_12_asr_B.domtblout
k141_257152_2/31-251,k141_257152_2,258,63.9,2.3e-16,0.0,221,63.5,2.2e-19,3.1e-16,0.0,workflow/out/asr_HMMER/domtbl/Capsule_12_asr_B.domtblout
k141_245943_35/29-245,k141_245943_35,253,63.9,2.4e-16,0.0,217,63.4,2.3e-19,3.2e-16,0.0,workflow/out/asr_HMMER/domtbl/Capsule_12_asr_B.domtblout
k141_221195_42/34-254,k141_221195_42,261,63.4,3.2e-16,0.2,221,62.2,5.5e-19,7.7e-16,0.2,workflow/out/asr_HMMER/domtbl/Capsule_12_asr_B.domtblout
k141_178752_1/21-213,k141_178752_1,220,63.1,4e-16,2.0,193,61.1,1.2e-18,1.6e-15,2.0,workflow/out/asr_HMMER/domtbl/Capsule_12_asr_B.domtblout
k141_222616_10/1-220,k141_222616_10,226,63.0,4.2e-16,0.1,220,62.8,3.5e-19,4.9e-16,0.1,workflow/out/asr_HMMER/domtbl/Capsule_12_asr_B.domtblout
k141_69026_2/26-243,k141_69026_2,262,62.9,4.5e-16,2.4,218,62.6,4.1e-19,5.7e-16,2.4,workflow/out/asr_HMMER/domtbl/Capsule_12_asr_B.domtblout
k141_232204_3/26-245,k141_232204_3,278,62.9,4.7e-16,1.5,220,62.5,4.4e-19,6.3e-16,1.5,workflow/out/asr_HMMER/domtbl/Capsule_12_asr_B.domtblout
k141_256689_1/9-223,k141_256689_1,246,62.8,5.1e-16,2.4,215,62.4,4.8e-19,6.7e-16,2.4,workflow/out/asr_HMMER/domtbl/Capsule_12_asr_B.domtblout
k141_281210_12/26-245,k141_281210_12,278,62.3,7.2e-16,0.9,220,61.9,6.8e-19,9.6e-16,0.9,workflow/out/asr_HMMER/domtbl/Capsule_12_asr_B.domtblout
k141_253119_2/15-124,k141_253119_2,231,62.2,7.5e-16,8.7,110,43.6,2.5e-13,3.5e-10,0.4,workflow/out/asr_HMMER/domtbl/Capsule_12_asr_B.domtblout
k141_253119_2/152-221,k141_253119_2,231,62.2,7.5e-16,8.7,70,22.0,9.9e-07,0.0014,3.3,workflow/out/asr_HMMER/domtbl/Capsule_12_asr_B.domtblout
k141_86786_24/38-258,k141_86786_24,265,62.2,7.7e-16,0.2,221,61.0,1.3e-18,1.8e-15,0.2,workflow/out/asr_HMMER/domtbl/Capsule_12_asr_B.domtblout
k141_98889_95/42-264,k141_98889_95,273,62.1,8.3e-16,0.3,223,59.2,4.4e-18,6.2e-15,0.3,workflow/out/asr_HMMER/domtbl/Capsule_12_asr_B.domtblout
k141_74033_16/6-228,k141_74033_16,238,61.6,1.2e-15,4.9,223,52.0,6.9e-16,9.7e-13,4.9,workflow/out/asr_HMMER/domtbl/Capsule_12_asr_B.domtblout
k141_214740_58/31-255,k141_214740_58,262,61.3,1.4e-15,1.7,225,60.1,2.4e-18,3.4e-15,1.7,workflow/out/asr_HMMER/domtbl/Capsule_12_asr_B.domtblout
k141_190061_14/31-249,k141_190061_14,256,61.3,1.5e-15,0.8,219,59.4,3.9e-18,5.5e-15,0.8,workflow/out/asr_HMMER/domtbl/Capsule_12_asr_B.domtblout
k141_208047_23/30-247,k141_208047_23,255,61.0,1.8e-15,0.4,218,59.9,2.8e-18,3.9e-15,0.4,workflow/out/asr_HMMER/domtbl/Capsule_12_asr_B.domtblout
k141_179539_3/39-257,k141_179539_3,296,60.9,1.8e-15,1.4,219,60.4,1.9e-18,2.7e-15,1.4,workflow/out/asr_HMMER/domtbl/Capsule_12_asr_B.domtblout
k141_188022_2/26-244,k141_188022_2,285,60.7,2.1e-15,1.4,219,60.3,2e-18,2.9e-15,1.4,workflow/out/asr_HMMER/domtbl/Capsule_12_asr_B.domtblout
k141_142501_17/33-248,k141_142501_17,256,60.4,2.8e-15,3.1,216,58.7,6.2e-18,8.7e-15,3.1,workflow/out/asr_HMMER/domtbl/Capsule_12_asr_B.domtblout
k141_104585_3/26-252,k141_104585_3,297,60.3,2.9e-15,2.1,227,60.3,2.1e-18,2.9e-15,2.1,workflow/out/asr_HMMER/domtbl/Capsule_12_asr_B.domtblout
k141_138159_54/31-254,k141_138159_54,262,60.3,2.9e-15,0.1,224,58.5,7.3e-18,1e-14,0.1,workflow/out/asr_HMMER/domtbl/Capsule_12_asr_B.domtblout
k141_44150_8/25-244,k141_44150_8,283,60.2,3.1e-15,1.0,220,59.7,3.1e-18,4.3e-15,1.0,workflow/out/asr_HMMER/domtbl/Capsule_12_asr_B.domtblout
k141_80158_29/32-258,k141_80158_29,265,60.1,3.4e-15,0.0,227,58.7,6.2e-18,8.7e-15,0.0,workflow/out/asr_HMMER/domtbl/Capsule_12_asr_B.domtblout
k141_200188_35/32-248,k141_200188_35,256,59.9,3.9e-15,2.9,217,58.3,8.6e-18,1.2e-14,2.9,workflow/out/asr_HMMER/domtbl/Capsule_12_asr_B.domtblout
k141_225999_133/18-244,k141_225999_133,278,59.7,4.5e-15,0.2,227,59.3,4.2e-18,5.9e-15,0.2,workflow/out/asr_HMMER/domtbl/Capsule_12_asr_B.domtblout
k141_98104_1/22-246,k141_98104_1,253,59.5,5e-15,1.0,225,58.9,5.3e-18,7.5e-15,1.0,workflow/out/asr_HMMER/domtbl/Capsule_12_asr_B.domtblout
k141_95959_2/33-254,k141_95959_2,261,59.4,5.6e-15,1.0,222,57.7,1.3e-17,1.8e-14,1.0,workflow/out/asr_HMMER/domtbl/Capsule_12_asr_B.domtblout
k141_147606_15/28-246,k141_147606_15,282,59.2,6.5e-15,2.1,219,58.7,6.3e-18,8.9e-15,2.1,workflow/out/asr_HMMER/domtbl/Capsule_12_asr_B.domtblout
k141_223284_1/22-246,k141_223284_1,253,59.1,6.9e-15,1.1,225,58.5,7.4e-18,1e-14,1.1,workflow/out/asr_HMMER/domtbl/Capsule_12_asr_B.domtblout
k141_111545_3/18-174,k141_111545_3,247,59.0,7.3e-15,0.0,157,42.6,5e-13,7e-10,0.0,workflow/out/asr_HMMER/domtbl/Capsule_12_asr_B.domtblout
k141_111545_3/201-236,k141_111545_3,247,59.0,7.3e-15,0.0,36,14.1,0.00026,0.36,0.5,workflow/out/asr_HMMER/domtbl/Capsule_12_asr_B.domtblout
k141_84581_2/33-252,k141_84581_2,259,59.0,7.3e-15,0.8,220,56.5,2.9e-17,4e-14,0.8,workflow/out/asr_HMMER/domtbl/Capsule_12_asr_B.domtblout
k141_46872_2/54-246,k141_46872_2,253,58.7,8.7e-15,0.0,193,57.2,1.8e-17,2.6e-14,0.0,workflow/out/asr_HMMER/domtbl/Capsule_12_asr_B.domtblout
k141_10054_4/30-254,k141_10054_4,262,58.6,9.8e-15,0.0,225,57.6,1.4e-17,2e-14,0.0,workflow/out/asr_HMMER/domtbl/Capsule_12_asr_B.domtblout
k141_15756_30/26-244,k141_15756_30,281,58.5,9.9e-15,3.1,219,58.2,9.2e-18,1.3e-14,3.1,workflow/out/asr_HMMER/domtbl/Capsule_12_asr_B.domtblout
k141_185428_15/37-261,k141_185428_15,268,58.4,1.1e-14,1.0,225,57.8,1.2e-17,1.6e-14,1.0,workflow/out/asr_HMMER/domtbl/Capsule_12_asr_B.domtblout
k141_131998_17/26-244,k141_131998_17,281,58.3,1.2e-14,2.6,219,57.9,1.1e-17,1.6e-14,2.6,workflow/out/asr_HMMER/domtbl/Capsule_12_asr_B.domtblout
k141_77640_13/35-251,k141_77640_13,259,58.1,1.3e-14,1.2,217,56.0,4.3e-17,6.1e-14,1.2,workflow/out/asr_HMMER/domtbl/Capsule_12_asr_B.domtblout
k141_91783_7/29-245,k141_91783_7,286,57.9,1.5e-14,0.1,217,57.5,1.5e-17,2.1e-14,0.1,workflow/out/asr_HMMER/domtbl/Capsule_12_asr_B.domtblout
k141_150675_4/30-254,k141_150675_4,262,57.9,1.6e-14,0.1,225,56.8,2.4e-17,3.4e-14,0.1,workflow/out/asr_HMMER/domtbl/Capsule_12_asr_B.domtblout
k141_211460_11/35-231,k141_211460_11,237,57.8,1.7e-14,3.3,197,56.6,2.7e-17,3.9e-14,3.3,workflow/out/asr_HMMER/domtbl/Capsule_12_asr_B.domtblout
k141_174675_7/41-264,k141_174675_7,273,57.8,1.7e-14,0.3,224,56.7,2.6e-17,3.6e-14,0.3,workflow/out/asr_HMMER/domtbl/Capsule_12_asr_B.domtblout
k141_89979_4/27-244,k141_89979_4,283,57.7,1.8e-14,1.7,218,57.2,1.8e-17,2.6e-14,1.7,workflow/out/asr_HMMER/domtbl/Capsule_12_asr_B.domtblout
k141_128224_16/29-264,k141_128224_16,270,57.6,1.9e-14,3.5,236,54.9,8.9e-17,1.2e-13,3.5,workflow/out/asr_HMMER/domtbl/Capsule_12_asr_B.domtblout
k141_16266_31/26-244,k141_16266_31,283,57.4,2.3e-14,3.7,219,56.9,2.2e-17,3.1e-14,3.7,workflow/out/asr_HMMER/domtbl/Capsule_12_asr_B.domtblout
k141_113039_6/33-248,k141_113039_6,256,57.1,2.7e-14,4.6,216,55.4,6.6e-17,9.3e-14,4.6,workflow/out/asr_HMMER/domtbl/Capsule_12_asr_B.domtblout
k141_95012_19/31-256,k141_95012_19,264,57.0,3e-14,0.2,226,55.2,7.4e-17,1e-13,0.2,workflow/out/asr_HMMER/domtbl/Capsule_12_asr_B.domtblout
k141_67281_1/6-221,k141_67281_1,253,56.8,3.4e-14,0.4,216,55.8,5e-17,7e-14,0.4,workflow/out/asr_HMMER/domtbl/Capsule_12_asr_B.domtblout
k141_88202_205/31-256,k141_88202_205,260,56.5,4.1e-14,0.0,226,56.1,3.9e-17,5.5e-14,0.0,workflow/out/asr_HMMER/domtbl/Capsule_12_asr_B.domtblout
k141_215500_3/31-258,k141_215500_3,265,56.5,4.2e-14,0.2,228,55.4,6.2e-17,8.8e-14,0.2,workflow/out/asr_HMMER/domtbl/Capsule_12_asr_B.domtblout
k141_117611_1/10-198,k141_117611_1,235,55.9,6.3e-14,2.4,189,55.5,5.8e-17,8.2e-14,2.4,workflow/out/asr_HMMER/domtbl/Capsule_12_asr_B.domtblout
k141_17039_2/37-259,k141_17039_2,264,55.7,7.4e-14,0.0,223,55.3,7e-17,9.8e-14,0.0,workflow/out/asr_HMMER/domtbl/Capsule_12_asr_B.domtblout
k141_46831_20/33-135,k141_46831_20,261,55.3,9.7e-14,1.1,103,28.3,1.2e-08,1.7e-05,0.0,workflow/out/asr_HMMER/domtbl/Capsule_12_asr_B.domtblout
k141_46831_20/193-254,k141_46831_20,261,55.3,9.7e-14,1.1,62,24.7,1.5e-07,0.00021,1.5,workflow/out/asr_HMMER/domtbl/Capsule_12_asr_B.domtblout
k141_187596_1/26-206,k141_187596_1,218,55.3,9.9e-14,0.4,181,54.9,9.1e-17,1.3e-13,0.4,workflow/out/asr_HMMER/domtbl/Capsule_12_asr_B.domtblout
k141_231249_4/44-262,k141_231249_4,292,55.2,1e-13,3.6,219,54.9,9e-17,1.3e-13,3.6,workflow/out/asr_HMMER/domtbl/Capsule_12_asr_B.domtblout
k141_17045_2/37-259,k141_17045_2,264,55.1,1.1e-13,0.0,223,54.7,1e-16,1.5e-13,0.0,workflow/out/asr_HMMER/domtbl/Capsule_12_asr_B.domtblout
k141_147475_133/249-415,k141_147475_133,421,54.8,1.4e-13,0.6,167,53.5,2.4e-16,3.3e-13,0.0,workflow/out/asr_HMMER/domtbl/Capsule_12_asr_B.domtblout
k141_28989_15/249-415,k141_28989_15,421,54.6,1.6e-13,0.8,167,53.3,2.8e-16,4e-13,0.0,workflow/out/asr_HMMER/domtbl/Capsule_12_asr_B.domtblout
k141_194106_30/249-415,k141_194106_30,421,54.2,2.1e-13,0.1,167,52.0,6.9e-16,9.7e-13,0.0,workflow/out/asr_HMMER/domtbl/Capsule_12_asr_B.domtblout
k141_79571_15/21-186,k141_79571_15,193,54.1,2.3e-13,0.0,166,53.7,2.1e-16,2.9e-13,0.0,workflow/out/asr_HMMER/domtbl/Capsule_12_asr_B.domtblout
k141_275993_15/129-330,k141_275993_15,335,53.9,2.6e-13,0.0,202,53.9,1.9e-16,2.6e-13,0.0,workflow/out/asr_HMMER/domtbl/Capsule_12_asr_B.domtblout
k141_262218_78/27-266,k141_262218_78,275,53.9,2.7e-13,0.0,240,52.5,4.8e-16,6.8e-13,0.0,workflow/out/asr_HMMER/domtbl/Capsule_12_asr_B.domtblout
k141_276198_4/13-211,k141_276198_4,218,53.7,3e-13,4.3,199,51.8,8.3e-16,1.2e-12,4.3,workflow/out/asr_HMMER/domtbl/Capsule_12_asr_B.domtblout
k141_262109_28/34-254,k141_262109_28,260,53.4,3.7e-13,2.9,221,52.7,4.3e-16,6.1e-13,2.9,workflow/out/asr_HMMER/domtbl/Capsule_12_asr_B.domtblout
k141_190735_31/249-409,k141_190735_31,415,53.3,4e-13,0.0,161,53.3,2.8e-16,4e-13,0.0,workflow/out/asr_HMMER/domtbl/Capsule_12_asr_B.domtblout
k141_55568_3/86-249,k141_55568_3,257,53.2,4.2e-13,0.0,164,52.7,4.2e-16,5.8e-13,0.0,workflow/out/asr_HMMER/domtbl/Capsule_12_asr_B.domtblout
k141_260263_92/249-415,k141_260263_92,421,53.2,4.3e-13,0.2,167,51.8,8.1e-16,1.1e-12,0.0,workflow/out/asr_HMMER/domtbl/Capsule_12_asr_B.domtblout
k141_3716_47/31-255,k141_3716_47,263,53.1,4.4e-13,0.0,225,52.6,4.6e-16,6.4e-13,0.0,workflow/out/asr_HMMER/domtbl/Capsule_12_asr_B.domtblout
k141_23959_16/26-244,k141_23959_16,285,53.0,4.8e-13,1.3,219,52.6,4.7e-16,6.6e-13,1.3,workflow/out/asr_HMMER/domtbl/Capsule_12_asr_B.domtblout
k141_206223_1/7-194,k141_206223_1,200,52.7,6.1e-13,0.4,188,52.3,5.8e-16,8.1e-13,0.4,workflow/out/asr_HMMER/domtbl/Capsule_12_asr_B.domtblout
k141_97475_145/12-241,k141_97475_145,251,52.6,6.6e-13,7.1,230,50.1,2.7e-15,3.7e-12,7.1,workflow/out/asr_HMMER/domtbl/Capsule_12_asr_B.domtblout
k141_6795_1/5-221,k141_6795_1,229,52.6,6.7e-13,3.4,217,50.8,1.7e-15,2.3e-12,3.4,workflow/out/asr_HMMER/domtbl/Capsule_12_asr_B.domtblout
k141_212026_2/33-280,k141_212026_2,287,52.3,8e-13,4.8,248,46.7,3e-14,4.2e-11,4.8,workflow/out/asr_HMMER/domtbl/Capsule_12_asr_B.domtblout
k141_108995_48/249-415,k141_108995_48,421,52.1,9e-13,1.0,167,51.1,1.3e-15,1.9e-12,0.0,workflow/out/asr_HMMER/domtbl/Capsule_12_asr_B.domtblout
k141_153486_3/27-244,k141_153486_3,281,52.1,9.1e-13,4.1,218,51.7,8.5e-16,1.2e-12,4.1,workflow/out/asr_HMMER/domtbl/Capsule_12_asr_B.domtblout
k141_15086_1/2-48,k141_15086_1,53,51.4,1.5e-12,0.2,47,51.3,1.1e-15,1.6e-12,0.2,workflow/out/asr_HMMER/domtbl/Capsule_12_asr_B.domtblout
k141_266074_4/97-302,k141_266074_4,331,51.4,1.5e-12,2.0,206,50.7,1.8e-15,2.5e-12,2.0,workflow/out/asr_HMMER/domtbl/Capsule_12_asr_B.domtblout
k141_243672_8/6-158,k141_243672_8,203,51.3,1.6e-12,2.1,153,50.7,1.7e-15,2.5e-12,2.1,workflow/out/asr_HMMER/domtbl/Capsule_12_asr_B.domtblout
k141_170949_23/26-244,k141_170949_23,283,50.7,2.4e-12,1.2,219,50.3,2.3e-15,3.2e-12,1.2,workflow/out/asr_HMMER/domtbl/Capsule_12_asr_B.domtblout
k141_37519_30/259-422,k141_37519_30,430,50.4,3e-12,0.0,164,47.0,2.4e-14,3.3e-11,0.0,workflow/out/asr_HMMER/domtbl/Capsule_12_asr_B.domtblout
k141_21897_2/14-162,k141_21897_2,174,49.9,4.3e-12,0.0,149,49.6,3.9e-15,5.4e-12,0.0,workflow/out/asr_HMMER/domtbl/Capsule_12_asr_B.domtblout
k141_147446_10/252-416,k141_147446_10,423,48.8,9e-12,0.5,165,47.2,2e-14,2.8e-11,0.0,workflow/out/asr_HMMER/domtbl/Capsule_12_asr_B.domtblout
k141_105013_6/250-414,k141_105013_6,421,48.4,1.2e-11,0.1,165,45.8,5.4e-14,7.6e-11,0.0,workflow/out/asr_HMMER/domtbl/Capsule_12_asr_B.domtblout
k141_67756_3/180-344,k141_67756_3,351,48.4,1.2e-11,0.0,165,47.7,1.5e-14,2.1e-11,0.0,workflow/out/asr_HMMER/domtbl/Capsule_12_asr_B.domtblout
k141_126228_2/252-416,k141_126228_2,423,47.9,1.8e-11,0.0,165,47.1,2.2e-14,3.1e-11,0.0,workflow/out/asr_HMMER/domtbl/Capsule_12_asr_B.domtblout
k141_277439_2/4-42,k141_277439_2,64,44.7,1.7e-10,0.0,39,44.6,1.2e-13,1.7e-10,0.0,workflow/out/asr_HMMER/domtbl/Capsule_12_asr_B.domtblout
k141_101746_1/252-382,k141_101746_1,390,42.5,7.9e-10,1.3,131,41.6,1.1e-12,1.5e-09,0.0,workflow/out/asr_HMMER/domtbl/Capsule_12_asr_B.domtblout
k141_219854_1/4-172,k141_219854_1,176,41.3,1.8e-09,0.0,169,41.2,1.4e-12,1.9e-09,0.0,workflow/out/asr_HMMER/domtbl/Capsule_12_asr_B.domtblout
k141_1251_1/15-132,k141_1251_1,174,40.1,4.3e-09,0.7,118,39.7,4.1e-12,5.7e-09,0.7,workflow/out/asr_HMMER/domtbl/Capsule_12_asr_B.domtblout
k141_97859_4/12-131,k141_97859_4,174,40.1,4.3e-09,3.6,120,39.7,3.9e-12,5.5e-09,3.6,workflow/out/asr_HMMER/domtbl/Capsule_12_asr_B.domtblout
k141_80488_1/37-189,k141_80488_1,220,39.4,7.1e-09,0.2,153,39.1,6e-12,8.5e-09,0.2,workflow/out/asr_HMMER/domtbl/Capsule_12_asr_B.domtblout
k141_269589_4/60-237,k141_269589_4,272,38.8,1e-08,0.0,178,37.5,1.8e-11,2.6e-08,0.0,workflow/out/asr_HMMER/domtbl/Capsule_12_asr_B.domtblout
k141_21163_1/41-137,k141_21163_1,149,38.4,1.4e-08,0.0,97,38.2,1.2e-11,1.6e-08,0.0,workflow/out/asr_HMMER/domtbl/Capsule_12_asr_B.domtblout
k141_83858_2/29-120,k141_83858_2,127,38.0,1.8e-08,0.0,92,37.9,1.4e-11,2e-08,0.0,workflow/out/asr_HMMER/domtbl/Capsule_12_asr_B.domtblout
k141_28182_6/40-236,k141_28182_6,270,37.2,3.1e-08,0.2,197,32.1,8.3e-10,1.2e-06,0.2,workflow/out/asr_HMMER/domtbl/Capsule_12_asr_B.domtblout
k141_139064_1/11-101,k141_139064_1,146,35.5,1e-07,0.9,91,35.1,1e-10,1.4e-07,0.9,workflow/out/asr_HMMER/domtbl/Capsule_12_asr_B.domtblout
k141_57315_58/279-511,k141_57315_58,517,33.5,4.4e-07,0.0,233,32.7,5.5e-10,7.7e-07,0.0,workflow/out/asr_HMMER/domtbl/Capsule_12_asr_B.domtblout
k141_290608_171/54-277,k141_290608_171,397,32.9,6.7e-07,0.0,224,31.5,1.2e-09,1.7e-06,0.0,workflow/out/asr_HMMER/domtbl/Capsule_12_asr_B.domtblout
k141_92863_5/192-342,k141_92863_5,398,30.8,3e-06,0.1,151,30.0,3.5e-09,4.9e-06,0.1,workflow/out/asr_HMMER/domtbl/Capsule_12_asr_B.domtblout
k141_293278_3/17-119,k141_293278_3,121,29.4,7.9e-06,0.0,103,29.2,6.3e-09,8.9e-06,0.0,workflow/out/asr_HMMER/domtbl/Capsule_12_asr_B.domtblout
k141_33080_2/24-142,k141_33080_2,177,27.9,2.3e-05,0.1,119,27.6,1.9e-08,2.7e-05,0.1,workflow/out/asr_HMMER/domtbl/Capsule_12_asr_B.domtblout
k141_129649_4/59-223,k141_129649_4,231,27.1,3.9e-05,0.0,165,25.3,9.8e-08,0.00014,0.0,workflow/out/asr_HMMER/domtbl/Capsule_12_asr_B.domtblout
k141_65460_2/27-239,k141_65460_2,247,26.7,5.2e-05,0.2,213,25.5,8.5e-08,0.00012,0.2,workflow/out/asr_HMMER/domtbl/Capsule_12_asr_B.domtblout
k141_76310_1/26-120,k141_76310_1,121,25.4,0.00013,0.0,95,25.3,9.5e-08,0.00013,0.0,workflow/out/asr_HMMER/domtbl/Capsule_12_asr_B.domtblout
k141_154890_6/68-167,k141_154890_6,339,25.3,0.00014,0.0,100,24.0,2.4e-07,0.00034,0.0,workflow/out/asr_HMMER/domtbl/Capsule_12_asr_B.domtblout
k141_290532_1/32-104,k141_290532_1,104,22.2,0.0012,0.0,73,22.1,9e-07,0.0013,0.0,workflow/out/asr_HMMER/domtbl/Capsule_12_asr_B.domtblout
k141_210391_2/7-71,k141_210391_2,79,22.1,0.0013,1.2,65,20.0,4.1e-06,0.0057,1.2,workflow/out/asr_HMMER/domtbl/Capsule_12_asr_B.domtblout
k141_96865_2/191-300,k141_96865_2,314,20.2,0.005,0.1,110,19.6,5.3e-06,0.0075,0.1,workflow/out/asr_HMMER/domtbl/Capsule_12_asr_B.domtblout
k141_270772_3/4-264,k141_270772_3,265,468.2,1.6e-139,3.0,261,468.0,1.3e-142,1.8e-139,3.0,workflow/out/asr_HMMER/domtbl/Capsule_1_asr_B.domtblout
k141_262899_52/4-264,k141_262899_52,265,454.0,3.3e-135,0.7,261,453.8,2.7e-138,3.7e-135,0.7,workflow/out/asr_HMMER/domtbl/Capsule_1_asr_B.domtblout
k141_218212_5/3-262,k141_218212_5,263,434.4,3.3e-129,0.4,260,434.2,2.6e-132,3.7e-129,0.4,workflow/out/asr_HMMER/domtbl/Capsule_1_asr_B.domtblout
k141_353989_5/3-262,k141_353989_5,263,434.0,4.1e-129,0.5,260,433.9,3.3e-132,4.6e-129,0.5,workflow/out/asr_HMMER/domtbl/Capsule_1_asr_B.domtblout
k141_174669_9/3-262,k141_174669_9,263,421.0,3.9e-125,0.5,260,420.8,3.1e-128,4.4e-125,0.5,workflow/out/asr_HMMER/domtbl/Capsule_1_asr_B.domtblout
k141_99675_9/3-263,k141_99675_9,264,420.0,7.9e-125,1.3,261,419.8,6.4e-128,8.9e-125,1.3,workflow/out/asr_HMMER/domtbl/Capsule_1_asr_B.domtblout
k141_98218_9/2-263,k141_98218_9,264,418.3,2.7e-124,2.9,262,418.1,2.2e-127,3e-124,2.9,workflow/out/asr_HMMER/domtbl/Capsule_1_asr_B.domtblout
k141_53199_127/4-269,k141_53199_127,270,383.3,1.3e-113,0.2,266,383.1,1e-116,1.5e-113,0.2,workflow/out/asr_HMMER/domtbl/Capsule_1_asr_B.domtblout
k141_416203_113/4-263,k141_416203_113,264,348.9,3.9e-103,0.4,260,348.7,3.2e-106,4.5e-103,0.4,workflow/out/asr_HMMER/domtbl/Capsule_1_asr_B.domtblout
k141_358292_6/3-262,k141_358292_6,263,330.7,1.4e-97,0.0,260,330.5,1.1e-100,1.6e-97,0.0,workflow/out/asr_HMMER/domtbl/Capsule_1_asr_B.domtblout
k141_467379_7/5-262,k141_467379_7,263,320.9,1.4e-94,0.1,258,320.7,1.1e-97,1.5e-94,0.1,workflow/out/asr_HMMER/domtbl/Capsule_1_asr_B.domtblout
k141_154385_74/33-299,k141_154385_74,304,235.0,2.1e-68,0.0,267,234.9,1.7e-71,2.4e-68,0.0,workflow/out/asr_HMMER/domtbl/Capsule_1_asr_B.domtblout
k141_454985_112/6-272,k141_454985_112,277,232.4,1.3e-67,0.0,267,232.3,1.1e-70,1.5e-67,0.0,workflow/out/asr_HMMER/domtbl/Capsule_1_asr_B.domtblout
k141_480921_27/12-278,k141_480921_27,283,228.4,2.2e-66,0.0,267,228.3,1.8e-69,2.5e-66,0.0,workflow/out/asr_HMMER/domtbl/Capsule_1_asr_B.domtblout
k141_245419_100/14-275,k141_245419_100,285,196.0,1.7e-56,0.2,262,195.8,1.4e-59,2e-56,0.2,workflow/out/asr_HMMER/domtbl/Capsule_1_asr_B.domtblout
k141_55624_3/13-273,k141_55624_3,285,193.7,8.8e-56,0.3,261,193.4,7.6e-59,1.1e-55,0.3,workflow/out/asr_HMMER/domtbl/Capsule_1_asr_B.domtblout
k141_184796_2/18-276,k141_184796_2,288,193.6,9.4e-56,0.4,259,193.3,8e-59,1.1e-55,0.4,workflow/out/asr_HMMER/domtbl/Capsule_1_asr_B.domtblout
k141_393768_9/7-268,k141_393768_9,276,189.8,1.4e-54,0.2,262,189.6,1.1e-57,1.5e-54,0.2,workflow/out/asr_HMMER/domtbl/Capsule_1_asr_B.domtblout
k141_223448_3/15-276,k141_223448_3,285,188.4,3.7e-54,0.3,262,188.1,3.3e-57,4.6e-54,0.3,workflow/out/asr_HMMER/domtbl/Capsule_1_asr_B.domtblout
k141_25177_3/15-276,k141_25177_3,285,188.2,4.2e-54,0.2,262,187.9,3.7e-57,5.1e-54,0.2,workflow/out/asr_HMMER/domtbl/Capsule_1_asr_B.domtblout
k141_23450_8/15-273,k141_23450_8,285,187.9,5.2e-54,0.2,259,187.6,4.6e-57,6.4e-54,0.2,workflow/out/asr_HMMER/domtbl/Capsule_1_asr_B.domtblout
k141_341030_3/11-270,k141_341030_3,281,187.5,6.6e-54,0.2,260,187.4,5.3e-57,7.4e-54,0.2,workflow/out/asr_HMMER/domtbl/Capsule_1_asr_B.domtblout
k141_250456_8/15-276,k141_250456_8,285,187.4,7e-54,0.2,262,187.1,6.3e-57,8.8e-54,0.2,workflow/out/asr_HMMER/domtbl/Capsule_1_asr_B.domtblout
k141_329264_5/6-271,k141_329264_5,281,186.5,1.4e-53,0.0,266,186.3,1.1e-56,1.6e-53,0.0,workflow/out/asr_HMMER/domtbl/Capsule_1_asr_B.domtblout
k141_379678_5/15-273,k141_379678_5,285,185.7,2.4e-53,0.3,259,185.2,2.4e-56,3.3e-53,0.3,workflow/out/asr_HMMER/domtbl/Capsule_1_asr_B.domtblout
k141_155875_4/15-274,k141_155875_4,286,185.6,2.6e-53,0.1,260,185.2,2.5e-56,3.4e-53,0.1,workflow/out/asr_HMMER/domtbl/Capsule_1_asr_B.domtblout
k141_149119_5/15-273,k141_149119_5,285,185.0,3.9e-53,0.1,259,184.7,3.4e-56,4.7e-53,0.1,workflow/out/asr_HMMER/domtbl/Capsule_1_asr_B.domtblout
k141_339313_14/10-272,k141_339313_14,278,184.5,5.7e-53,0.1,263,184.3,4.6e-56,6.4e-53,0.1,workflow/out/asr_HMMER/domtbl/Capsule_1_asr_B.domtblout
k141_459215_2/14-273,k141_459215_2,285,184.0,8.2e-53,0.2,260,183.6,7.4e-56,1e-52,0.2,workflow/out/asr_HMMER/domtbl/Capsule_1_asr_B.domtblout
k141_190204_13/7-267,k141_190204_13,279,183.2,1.4e-52,0.0,261,183.0,1.1e-55,1.5e-52,0.0,workflow/out/asr_HMMER/domtbl/Capsule_1_asr_B.domtblout
k141_132918_16/8-272,k141_132918_16,279,181.5,4.5e-52,0.0,265,181.3,3.9e-55,5.4e-52,0.0,workflow/out/asr_HMMER/domtbl/Capsule_1_asr_B.domtblout
k141_8561_1/7-219,k141_8561_1,225,180.6,8.4e-52,0.1,213,180.5,6.5e-55,9e-52,0.1,workflow/out/asr_HMMER/domtbl/Capsule_1_asr_B.domtblout
k141_117502_2/15-279,k141_117502_2,285,180.3,1.1e-51,0.3,265,179.8,1.1e-54,1.5e-51,0.3,workflow/out/asr_HMMER/domtbl/Capsule_1_asr_B.domtblout
k141_336903_2/15-279,k141_336903_2,285,180.3,1.1e-51,0.3,265,179.8,1.1e-54,1.5e-51,0.3,workflow/out/asr_HMMER/domtbl/Capsule_1_asr_B.domtblout
k141_289307_2/5-270,k141_289307_2,280,179.5,1.9e-51,0.0,266,179.2,1.7e-54,2.3e-51,0.0,workflow/out/asr_HMMER/domtbl/Capsule_1_asr_B.domtblout
k141_316442_109/5-270,k141_316442_109,280,179.2,2.4e-51,0.0,266,178.9,2.1e-54,2.9e-51,0.0,workflow/out/asr_HMMER/domtbl/Capsule_1_asr_B.domtblout
k141_50748_61/39-279,k141_50748_61,291,166.0,2.5e-47,0.0,241,165.7,2.2e-50,3.1e-47,0.0,workflow/out/asr_HMMER/domtbl/Capsule_1_asr_B.domtblout
k141_313316_23/39-279,k141_313316_23,291,160.1,1.5e-45,0.0,241,159.7,1.4e-48,2e-45,0.0,workflow/out/asr_HMMER/domtbl/Capsule_1_asr_B.domtblout
k141_379519_2/404-663,k141_379519_2,672,152.8,2.6e-43,0.0,260,152.2,2.9e-46,4e-43,0.0,workflow/out/asr_HMMER/domtbl/Capsule_1_asr_B.domtblout
k141_446963_3/14-210,k141_446963_3,216,106.8,2.9e-29,0.0,197,106.6,2.3e-32,3.2e-29,0.0,workflow/out/asr_HMMER/domtbl/Capsule_1_asr_B.domtblout
k141_78721_1/2-146,k141_78721_1,152,106.5,3.5e-29,0.3,145,106.4,2.7e-32,3.7e-29,0.3,workflow/out/asr_HMMER/domtbl/Capsule_1_asr_B.domtblout
k141_468206_1/16-207,k141_468206_1,211,102.3,6.8e-28,0.1,192,101.5,8.1e-31,1.1e-27,0.1,workflow/out/asr_HMMER/domtbl/Capsule_1_asr_B.domtblout
k141_466562_1/2-130,k141_466562_1,136,96.4,4.4e-26,0.2,129,96.3,3.4e-29,4.7e-26,0.2,workflow/out/asr_HMMER/domtbl/Capsule_1_asr_B.domtblout
k141_424035_2/25-252,k141_424035_2,295,91.6,1.2e-24,0.3,228,91.2,1.2e-27,1.7e-24,0.3,workflow/out/asr_HMMER/domtbl/Capsule_1_asr_B.domtblout
k141_196380_499/25-252,k141_196380_499,295,91.3,1.6e-24,0.4,228,90.9,1.5e-27,2.1e-24,0.4,workflow/out/asr_HMMER/domtbl/Capsule_1_asr_B.domtblout
k141_130942_9/25-251,k141_130942_9,296,89.6,4.9e-24,2.2,227,89.3,4.5e-27,6.3e-24,2.2,workflow/out/asr_HMMER/domtbl/Capsule_1_asr_B.domtblout
k141_222894_7/24-251,k141_222894_7,296,89.2,6.5e-24,2.1,228,88.7,6.6e-27,9.2e-24,2.1,workflow/out/asr_HMMER/domtbl/Capsule_1_asr_B.domtblout
k141_42926_4/25-251,k141_42926_4,296,88.6,9.9e-24,2.3,227,88.3,9.2e-27,1.3e-23,2.3,workflow/out/asr_HMMER/domtbl/Capsule_1_asr_B.domtblout
k141_410783_1/25-251,k141_410783_1,296,87.4,2.4e-23,2.9,227,86.7,2.7e-26,3.7e-23,2.9,workflow/out/asr_HMMER/domtbl/Capsule_1_asr_B.domtblout
k141_99675_91/29-252,k141_99675_91,259,87.3,2.6e-23,1.0,224,86.0,4.4e-26,6.1e-23,1.0,workflow/out/asr_HMMER/domtbl/Capsule_1_asr_B.domtblout
k141_418989_17/25-251,k141_418989_17,296,87.2,2.7e-23,2.4,227,86.5,3.2e-26,4.5e-23,2.4,workflow/out/asr_HMMER/domtbl/Capsule_1_asr_B.domtblout
k141_84632_26/25-251,k141_84632_26,296,86.9,3.4e-23,2.4,227,86.5,3.2e-26,4.4e-23,2.4,workflow/out/asr_HMMER/domtbl/Capsule_1_asr_B.domtblout
k141_393184_1/27-254,k141_393184_1,299,86.1,5.8e-23,2.8,228,85.7,5.5e-26,7.7e-23,2.8,workflow/out/asr_HMMER/domtbl/Capsule_1_asr_B.domtblout
k141_338244_3/19-239,k141_338244_3,246,85.8,7.1e-23,5.9,221,85.5,6.6e-26,9.2e-23,5.9,workflow/out/asr_HMMER/domtbl/Capsule_1_asr_B.domtblout
k141_179785_2/25-252,k141_179785_2,297,85.5,8.8e-23,1.1,228,85.2,8e-26,1.1e-22,1.1,workflow/out/asr_HMMER/domtbl/Capsule_1_asr_B.domtblout
k141_120686_19/25-252,k141_120686_19,295,85.5,9.2e-23,0.3,228,85.1,8.5e-26,1.2e-22,0.3,workflow/out/asr_HMMER/domtbl/Capsule_1_asr_B.domtblout
k141_97259_6/27-251,k141_97259_6,296,84.6,1.7e-22,1.6,225,84.2,1.6e-25,2.3e-22,1.6,workflow/out/asr_HMMER/domtbl/Capsule_1_asr_B.domtblout
k141_233765_7/32-249,k141_233765_7,256,84.3,2e-22,0.5,218,84.0,1.9e-25,2.6e-22,0.5,workflow/out/asr_HMMER/domtbl/Capsule_1_asr_B.domtblout
k141_329465_29/26-251,k141_329465_29,293,84.3,2.1e-22,2.1,226,84.0,1.9e-25,2.6e-22,2.1,workflow/out/asr_HMMER/domtbl/Capsule_1_asr_B.domtblout
k141_375460_1/15-176,k141_375460_1,180,84.2,2.2e-22,0.0,162,84.0,1.9e-25,2.6e-22,0.0,workflow/out/asr_HMMER/domtbl/Capsule_1_asr_B.domtblout
k141_433086_19/25-252,k141_433086_19,296,83.9,2.8e-22,3.6,228,83.5,2.7e-25,3.7e-22,3.6,workflow/out/asr_HMMER/domtbl/Capsule_1_asr_B.domtblout
k141_5957_60/22-250,k141_5957_60,257,83.4,3.8e-22,2.2,229,81.2,1.3e-24,1.9e-21,2.2,workflow/out/asr_HMMER/domtbl/Capsule_1_asr_B.domtblout
k141_29050_11/30-250,k141_29050_11,256,83.1,4.8e-22,2.2,221,82.0,7.7e-25,1.1e-21,2.2,workflow/out/asr_HMMER/domtbl/Capsule_1_asr_B.domtblout
k141_220444_15/44-272,k141_220444_15,315,82.9,5.7e-22,2.9,229,82.4,5.5e-25,7.6e-22,2.9,workflow/out/asr_HMMER/domtbl/Capsule_1_asr_B.domtblout
k141_313639_2/26-251,k141_313639_2,296,82.4,8.1e-22,1.5,226,82.0,7.6e-25,1.1e-21,1.5,workflow/out/asr_HMMER/domtbl/Capsule_1_asr_B.domtblout
k141_415393_3/27-252,k141_415393_3,297,82.3,8.3e-22,3.0,226,81.9,7.9e-25,1.1e-21,3.0,workflow/out/asr_HMMER/domtbl/Capsule_1_asr_B.domtblout
k141_340466_6/26-250,k141_340466_6,293,81.5,1.5e-21,2.8,225,80.9,1.7e-24,2.3e-21,2.8,workflow/out/asr_HMMER/domtbl/Capsule_1_asr_B.domtblout
k141_159208_64/26-251,k141_159208_64,296,81.3,1.7e-21,2.5,226,81.3,1.2e-24,1.7e-21,2.5,workflow/out/asr_HMMER/domtbl/Capsule_1_asr_B.domtblout
k141_49099_44/26-252,k141_49099_44,295,81.0,2.1e-21,0.0,227,80.6,2e-24,2.8e-21,0.0,workflow/out/asr_HMMER/domtbl/Capsule_1_asr_B.domtblout
k141_253520_43/24-251,k141_253520_43,296,80.9,2.3e-21,3.0,228,80.6,2e-24,2.8e-21,3.0,workflow/out/asr_HMMER/domtbl/Capsule_1_asr_B.domtblout
k141_6734_1/25-236,k141_6734_1,248,80.8,2.5e-21,1.6,212,80.6,2e-24,2.8e-21,1.6,workflow/out/asr_HMMER/domtbl/Capsule_1_asr_B.domtblout
k141_40030_235/26-252,k141_40030_235,295,80.7,2.6e-21,2.1,227,80.3,2.5e-24,3.4e-21,2.1,workflow/out/asr_HMMER/domtbl/Capsule_1_asr_B.domtblout
k141_230558_10/26-252,k141_230558_10,297,80.6,2.7e-21,2.5,227,80.2,2.6e-24,3.6e-21,2.5,workflow/out/asr_HMMER/domtbl/Capsule_1_asr_B.domtblout
k141_179782_3/26-251,k141_179782_3,296,80.6,2.8e-21,1.7,226,80.2,2.7e-24,3.8e-21,1.7,workflow/out/asr_HMMER/domtbl/Capsule_1_asr_B.domtblout
k141_441271_3/4-233,k141_441271_3,241,79.7,5.1e-21,0.0,230,79.0,6.3e-24,8.8e-21,0.0,workflow/out/asr_HMMER/domtbl/Capsule_1_asr_B.domtblout
k141_441784_12/27-251,k141_441784_12,294,79.7,5.2e-21,1.7,225,79.3,5e-24,6.9e-21,1.7,workflow/out/asr_HMMER/domtbl/Capsule_1_asr_B.domtblout
k141_124986_9/26-244,k141_124986_9,283,79.2,7.4e-21,0.3,219,78.8,7.3e-24,1e-20,0.3,workflow/out/asr_HMMER/domtbl/Capsule_1_asr_B.domtblout
k141_135086_31/26-251,k141_135086_31,296,79.2,7.7e-21,3.0,226,79.2,5.5e-24,7.7e-21,3.0,workflow/out/asr_HMMER/domtbl/Capsule_1_asr_B.domtblout
k141_164506_1/26-251,k141_164506_1,293,79.0,8.7e-21,2.9,226,78.7,7.9e-24,1.1e-20,2.9,workflow/out/asr_HMMER/domtbl/Capsule_1_asr_B.domtblout
k141_450097_12/19-236,k141_450097_12,244,78.6,1.1e-20,2.9,218,76.2,4.4e-23,6.2e-20,2.9,workflow/out/asr_HMMER/domtbl/Capsule_1_asr_B.domtblout
k141_452224_2/31-243,k141_452224_2,250,78.5,1.2e-20,0.0,213,78.1,1.1e-23,1.6e-20,0.0,workflow/out/asr_HMMER/domtbl/Capsule_1_asr_B.domtblout
k141_50856_51/26-252,k141_50856_51,297,78.1,1.7e-20,3.0,227,77.8,1.5e-23,2.1e-20,3.0,workflow/out/asr_HMMER/domtbl/Capsule_1_asr_B.domtblout
k141_217212_41/15-252,k141_217212_41,295,77.0,3.5e-20,0.1,238,76.7,3e-23,4.2e-20,0.1,workflow/out/asr_HMMER/domtbl/Capsule_1_asr_B.domtblout
k141_50827_16/25-251,k141_50827_16,296,76.6,4.5e-20,2.2,227,76.3,4.1e-23,5.7e-20,2.2,workflow/out/asr_HMMER/domtbl/Capsule_1_asr_B.domtblout
k141_252268_2/24-251,k141_252268_2,296,76.6,4.5e-20,2.7,228,76.6,3.3e-23,4.5e-20,2.7,workflow/out/asr_HMMER/domtbl/Capsule_1_asr_B.domtblout
k141_365080_3/26-252,k141_365080_3,294,76.5,5e-20,3.2,227,76.5,3.6e-23,5e-20,3.2,workflow/out/asr_HMMER/domtbl/Capsule_1_asr_B.domtblout
k141_468062_3/26-252,k141_468062_3,295,76.5,5e-20,0.0,227,76.1,4.8e-23,6.7e-20,0.0,workflow/out/asr_HMMER/domtbl/Capsule_1_asr_B.domtblout
k141_64911_10/26-252,k141_64911_10,295,76.5,5e-20,0.0,227,76.0,5e-23,6.9e-20,0.0,workflow/out/asr_HMMER/domtbl/Capsule_1_asr_B.domtblout
k141_309592_1/3-251,k141_309592_1,296,76.3,5.9e-20,2.4,249,75.9,5.3e-23,7.3e-20,2.4,workflow/out/asr_HMMER/domtbl/Capsule_1_asr_B.domtblout
k141_417049_16/25-251,k141_417049_16,293,76.0,7e-20,2.5,227,75.7,6.1e-23,8.5e-20,2.5,workflow/out/asr_HMMER/domtbl/Capsule_1_asr_B.domtblout
k141_468077_2/26-252,k141_468077_2,295,76.0,7.1e-20,0.1,227,75.5,7.2e-23,1e-19,0.1,workflow/out/asr_HMMER/domtbl/Capsule_1_asr_B.domtblout
k141_322672_55/25-252,k141_322672_55,294,76.0,7.2e-20,3.6,228,76.0,5.2e-23,7.2e-20,3.6,workflow/out/asr_HMMER/domtbl/Capsule_1_asr_B.domtblout
k141_149601_61/26-252,k141_149601_61,297,75.8,8.2e-20,2.2,227,75.4,7.5e-23,1e-19,2.2,workflow/out/asr_HMMER/domtbl/Capsule_1_asr_B.domtblout
k141_201081_2/37-256,k141_201081_2,260,75.1,1.3e-19,0.0,220,74.6,1.3e-22,1.9e-19,0.0,workflow/out/asr_HMMER/domtbl/Capsule_1_asr_B.domtblout
k141_262_3/25-251,k141_262_3,296,75.0,1.5e-19,3.4,227,74.7,1.3e-22,1.8e-19,3.4,workflow/out/asr_HMMER/domtbl/Capsule_1_asr_B.domtblout
k141_344796_3/32-254,k141_344796_3,261,74.7,1.8e-19,0.6,223,73.0,4.1e-22,5.8e-19,0.6,workflow/out/asr_HMMER/domtbl/Capsule_1_asr_B.domtblout
k141_383581_74/4-252,k141_383581_74,297,73.8,3.2e-19,0.7,249,73.5,2.9e-22,4.1e-19,0.7,workflow/out/asr_HMMER/domtbl/Capsule_1_asr_B.domtblout
k141_149594_44/34-251,k141_149594_44,259,73.6,3.8e-19,0.3,218,73.2,3.6e-22,5e-19,0.3,workflow/out/asr_HMMER/domtbl/Capsule_1_asr_B.domtblout
k141_383818_9/26-251,k141_383818_9,296,73.4,4.4e-19,1.2,226,73.0,4.3e-22,6e-19,1.2,workflow/out/asr_HMMER/domtbl/Capsule_1_asr_B.domtblout
k141_290163_56/8-239,k141_290163_56,247,73.2,4.9e-19,1.1,232,71.8,9.6e-22,1.3e-18,1.1,workflow/out/asr_HMMER/domtbl/Capsule_1_asr_B.domtblout
k141_198156_18/29-251,k141_198156_18,257,73.0,5.6e-19,2.1,223,72.6,5.5e-22,7.7e-19,2.1,workflow/out/asr_HMMER/domtbl/Capsule_1_asr_B.domtblout
k141_443750_41/7-239,k141_443750_41,247,73.0,5.7e-19,2.8,233,70.4,2.6e-21,3.6e-18,2.8,workflow/out/asr_HMMER/domtbl/Capsule_1_asr_B.domtblout
k141_486209_26/21-253,k141_486209_26,260,73.0,5.9e-19,0.8,233,71.1,1.5e-21,2.1e-18,0.8,workflow/out/asr_HMMER/domtbl/Capsule_1_asr_B.domtblout
k141_421839_42/26-252,k141_421839_42,295,72.8,6.9e-19,3.8,227,72.4,6.4e-22,8.8e-19,3.8,workflow/out/asr_HMMER/domtbl/Capsule_1_asr_B.domtblout
k141_468765_8/29-247,k141_468765_8,254,72.5,8e-19,0.4,219,72.1,8e-22,1.1e-18,0.4,workflow/out/asr_HMMER/domtbl/Capsule_1_asr_B.domtblout
k141_281395_108/21-239,k141_281395_108,247,72.3,9.7e-19,2.2,219,70.1,3.3e-21,4.6e-18,2.2,workflow/out/asr_HMMER/domtbl/Capsule_1_asr_B.domtblout
k141_297464_127/19-239,k141_297464_127,247,72.1,1.1e-18,2.3,221,69.4,5.2e-21,7.2e-18,2.3,workflow/out/asr_HMMER/domtbl/Capsule_1_asr_B.domtblout
k141_446921_2/25-244,k141_446921_2,284,72.0,1.2e-18,0.7,220,71.6,1.1e-21,1.5e-18,0.7,workflow/out/asr_HMMER/domtbl/Capsule_1_asr_B.domtblout
k141_336361_21/27-252,k141_336361_21,297,71.7,1.5e-18,1.8,226,71.0,1.7e-21,2.3e-18,1.8,workflow/out/asr_HMMER/domtbl/Capsule_1_asr_B.domtblout
k141_294804_22/25-244,k141_294804_22,284,71.6,1.5e-18,0.9,220,71.2,1.5e-21,2e-18,0.9,workflow/out/asr_HMMER/domtbl/Capsule_1_asr_B.domtblout
k141_322614_24/5-249,k141_322614_24,256,71.4,1.7e-18,2.9,245,70.4,2.7e-21,3.7e-18,2.9,workflow/out/asr_HMMER/domtbl/Capsule_1_asr_B.domtblout
k141_254501_2/30-236,k141_254501_2,243,71.3,1.9e-18,0.0,207,70.3,2.8e-21,3.8e-18,0.0,workflow/out/asr_HMMER/domtbl/Capsule_1_asr_B.domtblout
k141_324418_2/30-249,k141_324418_2,255,71.2,2e-18,1.4,220,70.1,3.2e-21,4.4e-18,1.4,workflow/out/asr_HMMER/domtbl/Capsule_1_asr_B.domtblout
k141_103754_19/26-251,k141_103754_19,296,71.2,2.1e-18,1.8,226,70.8,1.9e-21,2.7e-18,1.8,workflow/out/asr_HMMER/domtbl/Capsule_1_asr_B.domtblout
k141_164386_118/26-252,k141_164386_118,297,71.0,2.4e-18,1.5,227,70.4,2.5e-21,3.5e-18,1.5,workflow/out/asr_HMMER/domtbl/Capsule_1_asr_B.domtblout
k141_286390_37/21-239,k141_286390_37,247,71.0,2.4e-18,0.8,219,69.6,4.5e-21,6.2e-18,0.8,workflow/out/asr_HMMER/domtbl/Capsule_1_asr_B.domtblout
k141_138398_9/32-256,k141_138398_9,263,70.8,2.6e-18,0.6,225,69.1,6.4e-21,8.9e-18,0.6,workflow/out/asr_HMMER/domtbl/Capsule_1_asr_B.domtblout
k141_345164_2/26-252,k141_345164_2,295,70.8,2.7e-18,5.0,227,70.8,2e-21,2.7e-18,5.0,workflow/out/asr_HMMER/domtbl/Capsule_1_asr_B.domtblout
k141_51593_3/31-247,k141_51593_3,254,70.7,2.9e-18,0.3,217,70.2,2.9e-21,4.1e-18,0.3,workflow/out/asr_HMMER/domtbl/Capsule_1_asr_B.domtblout
k141_233718_21/26-244,k141_233718_21,284,70.5,3.3e-18,2.6,219,70.1,3.2e-21,4.5e-18,2.6,workflow/out/asr_HMMER/domtbl/Capsule_1_asr_B.domtblout
k141_223837_8/26-243,k141_223837_8,282,70.4,3.7e-18,2.4,218,69.9,3.6e-21,5e-18,2.4,workflow/out/asr_HMMER/domtbl/Capsule_1_asr_B.domtblout
k141_399822_6/31-254,k141_399822_6,261,70.3,3.8e-18,0.8,224,69.0,7.2e-21,1e-17,0.8,workflow/out/asr_HMMER/domtbl/Capsule_1_asr_B.domtblout
k141_326764_2/27-207,k141_326764_2,230,70.3,3.9e-18,0.6,181,70.1,3.1e-21,4.4e-18,0.6,workflow/out/asr_HMMER/domtbl/Capsule_1_asr_B.domtblout
k141_335294_52/26-252,k141_335294_52,294,70.3,3.9e-18,3.8,227,69.9,3.7e-21,5.1e-18,3.8,workflow/out/asr_HMMER/domtbl/Capsule_1_asr_B.domtblout
k141_79263_2/16-230,k141_79263_2,240,70.1,4.3e-18,6.2,215,63.7,2.9e-19,4e-16,6.2,workflow/out/asr_HMMER/domtbl/Capsule_1_asr_B.domtblout
k141_466232_23/4-249,k141_466232_23,256,70.1,4.6e-18,3.1,246,68.9,7.3e-21,1e-17,3.1,workflow/out/asr_HMMER/domtbl/Capsule_1_asr_B.domtblout
k141_100568_118/28-250,k141_100568_118,256,70.1,4.6e-18,2.4,223,68.0,1.4e-20,2e-17,2.4,workflow/out/asr_HMMER/domtbl/Capsule_1_asr_B.domtblout
k141_282909_37/20-240,k141_282909_37,248,70.0,4.8e-18,3.3,221,67.2,2.5e-20,3.5e-17,3.3,workflow/out/asr_HMMER/domtbl/Capsule_1_asr_B.domtblout
k141_12242_1/26-243,k141_12242_1,282,69.9,5e-18,1.4,218,69.5,4.8e-21,6.6e-18,1.4,workflow/out/asr_HMMER/domtbl/Capsule_1_asr_B.domtblout
k141_120535_2/26-244,k141_120535_2,281,69.9,5.2e-18,1.1,219,69.5,5e-21,6.9e-18,1.1,workflow/out/asr_HMMER/domtbl/Capsule_1_asr_B.domtblout
k141_196422_12/33-253,k141_196422_12,260,69.9,5.3e-18,0.3,221,68.8,8.3e-21,1.2e-17,0.3,workflow/out/asr_HMMER/domtbl/Capsule_1_asr_B.domtblout
k141_313871_52/29-252,k141_313871_52,259,69.8,5.4e-18,0.2,224,68.8,7.7e-21,1.1e-17,0.2,workflow/out/asr_HMMER/domtbl/Capsule_1_asr_B.domtblout
k141_37052_3/28-243,k141_37052_3,264,69.8,5.4e-18,3.8,216,69.4,5.3e-21,7.3e-18,3.8,workflow/out/asr_HMMER/domtbl/Capsule_1_asr_B.domtblout
k141_283838_2/6-177,k141_283838_2,186,69.8,5.6e-18,0.0,172,69.4,5.2e-21,7.2e-18,0.0,workflow/out/asr_HMMER/domtbl/Capsule_1_asr_B.domtblout
k141_136424_1/27-245,k141_136424_1,284,69.7,5.9e-18,1.9,219,69.7,4.2e-21,5.9e-18,1.9,workflow/out/asr_HMMER/domtbl/Capsule_1_asr_B.domtblout
k141_194282_3/31-254,k141_194282_3,261,69.7,6.1e-18,0.6,224,68.0,1.4e-20,2e-17,0.6,workflow/out/asr_HMMER/domtbl/Capsule_1_asr_B.domtblout
k141_83017_2/27-252,k141_83017_2,297,69.6,6.3e-18,3.1,226,69.2,6.2e-21,8.6e-18,3.1,workflow/out/asr_HMMER/domtbl/Capsule_1_asr_B.domtblout
k141_90964_4/31-249,k141_90964_4,255,69.6,6.5e-18,2.7,219,68.3,1.1e-20,1.5e-17,2.7,workflow/out/asr_HMMER/domtbl/Capsule_1_asr_B.domtblout
k141_269117_2/26-255,k141_269117_2,262,69.6,6.5e-18,2.6,230,68.6,9.5e-21,1.3e-17,2.6,workflow/out/asr_HMMER/domtbl/Capsule_1_asr_B.domtblout
k141_35483_2/31-249,k141_35483_2,258,69.4,7.5e-18,0.3,219,69.0,6.9e-21,9.5e-18,0.3,workflow/out/asr_HMMER/domtbl/Capsule_1_asr_B.domtblout
k141_177865_4/7-236,k141_177865_4,244,69.3,7.8e-18,0.0,230,68.6,8.9e-21,1.2e-17,0.0,workflow/out/asr_HMMER/domtbl/Capsule_1_asr_B.domtblout
k141_48604_2/26-243,k141_48604_2,282,69.1,9e-18,1.6,218,68.7,8.6e-21,1.2e-17,1.6,workflow/out/asr_HMMER/domtbl/Capsule_1_asr_B.domtblout
k141_143442_2/26-244,k141_143442_2,281,69.1,9.2e-18,0.7,219,68.7,8.6e-21,1.2e-17,0.7,workflow/out/asr_HMMER/domtbl/Capsule_1_asr_B.domtblout
k141_391684_6/27-252,k141_391684_6,297,69.0,9.5e-18,2.6,226,68.6,9.3e-21,1.3e-17,2.6,workflow/out/asr_HMMER/domtbl/Capsule_1_asr_B.domtblout
k141_131155_17/34-253,k141_131155_17,257,68.9,1.1e-17,1.3,220,67.1,2.6e-20,3.6e-17,1.3,workflow/out/asr_HMMER/domtbl/Capsule_1_asr_B.domtblout
k141_332021_52/26-243,k141_332021_52,282,68.8,1.1e-17,1.4,218,68.4,1.1e-20,1.5e-17,1.4,workflow/out/asr_HMMER/domtbl/Capsule_1_asr_B.domtblout
k141_90174_10/29-243,k141_90174_10,266,68.8,1.1e-17,2.3,215,68.4,1.1e-20,1.5e-17,2.3,workflow/out/asr_HMMER/domtbl/Capsule_1_asr_B.domtblout
k141_68841_41/28-251,k141_68841_41,259,68.8,1.1e-17,0.1,224,67.7,1.7e-20,2.4e-17,0.1,workflow/out/asr_HMMER/domtbl/Capsule_1_asr_B.domtblout
k141_155873_1/2-245,k141_155873_1,280,68.7,1.2e-17,0.0,244,68.4,1e-20,1.5e-17,0.0,workflow/out/asr_HMMER/domtbl/Capsule_1_asr_B.domtblout
k141_349547_9/27-252,k141_349547_9,297,68.7,1.2e-17,1.4,226,68.2,1.3e-20,1.7e-17,1.4,workflow/out/asr_HMMER/domtbl/Capsule_1_asr_B.domtblout
k141_363075_2/24-244,k141_363075_2,281,68.6,1.2e-17,3.0,221,68.3,1.2e-20,1.6e-17,3.0,workflow/out/asr_HMMER/domtbl/Capsule_1_asr_B.domtblout
k141_65004_9/31-254,k141_65004_9,261,68.4,1.5e-17,0.5,224,66.9,3e-20,4.1e-17,0.5,workflow/out/asr_HMMER/domtbl/Capsule_1_asr_B.domtblout
k141_415698_108/26-243,k141_415698_108,782,68.3,1.6e-17,2.6,218,67.1,2.6e-20,3.6e-17,2.6,workflow/out/asr_HMMER/domtbl/Capsule_1_asr_B.domtblout
k141_195063_2/31-256,k141_195063_2,261,68.3,1.6e-17,0.1,226,66.9,3.1e-20,4.3e-17,0.1,workflow/out/asr_HMMER/domtbl/Capsule_1_asr_B.domtblout
k141_127406_2/11-255,k141_127406_2,263,68.2,1.7e-17,0.0,245,67.9,1.5e-20,2.2e-17,0.0,workflow/out/asr_HMMER/domtbl/Capsule_1_asr_B.domtblout
k141_130851_53/31-249,k141_130851_53,258,68.2,1.7e-17,0.2,219,67.8,1.6e-20,2.2e-17,0.2,workflow/out/asr_HMMER/domtbl/Capsule_1_asr_B.domtblout
k141_447863_26/29-254,k141_447863_26,261,67.9,2.1e-17,0.7,226,66.3,4.5e-20,6.3e-17,0.7,workflow/out/asr_HMMER/domtbl/Capsule_1_asr_B.domtblout
k141_65939_5/30-247,k141_65939_5,256,67.8,2.2e-17,0.2,218,67.4,2.1e-20,2.9e-17,0.2,workflow/out/asr_HMMER/domtbl/Capsule_1_asr_B.domtblout
k141_353165_49/26-245,k141_353165_49,281,67.8,2.3e-17,2.0,220,67.3,2.3e-20,3.1e-17,2.0,workflow/out/asr_HMMER/domtbl/Capsule_1_asr_B.domtblout
k141_182359_2/28-243,k141_182359_2,266,67.6,2.5e-17,3.5,216,67.2,2.4e-20,3.4e-17,3.5,workflow/out/asr_HMMER/domtbl/Capsule_1_asr_B.domtblout
k141_314557_2/34-253,k141_314557_2,255,67.6,2.6e-17,1.5,220,66.2,4.9e-20,6.8e-17,1.5,workflow/out/asr_HMMER/domtbl/Capsule_1_asr_B.domtblout
k141_100491_7/31-256,k141_100491_7,263,67.6,2.6e-17,0.2,226,66.0,5.8e-20,8e-17,0.2,workflow/out/asr_HMMER/domtbl/Capsule_1_asr_B.domtblout
k141_453673_8/28-244,k141_453673_8,248,67.5,2.8e-17,2.3,217,65.9,6.2e-20,8.6e-17,2.3,workflow/out/asr_HMMER/domtbl/Capsule_1_asr_B.domtblout
k141_316172_2/35-253,k141_316172_2,258,67.4,3e-17,1.3,219,65.9,6.2e-20,8.7e-17,1.3,workflow/out/asr_HMMER/domtbl/Capsule_1_asr_B.domtblout
k141_44831_5/34-254,k141_44831_5,261,67.4,3.1e-17,0.1,221,66.2,5.1e-20,7.1e-17,0.1,workflow/out/asr_HMMER/domtbl/Capsule_1_asr_B.domtblout
k141_468388_307/32-237,k141_468388_307,245,67.2,3.3e-17,5.2,206,65.4,8.5e-20,1.2e-16,5.2,workflow/out/asr_HMMER/domtbl/Capsule_1_asr_B.domtblout
k141_138210_7/34-249,k141_138210_7,257,67.2,3.4e-17,1.2,216,66.0,5.8e-20,8.1e-17,1.2,workflow/out/asr_HMMER/domtbl/Capsule_1_asr_B.domtblout
k141_123131_42/28-243,k141_123131_42,266,67.1,3.5e-17,3.7,216,66.7,3.4e-20,4.8e-17,3.7,workflow/out/asr_HMMER/domtbl/Capsule_1_asr_B.domtblout
k141_67883_10/35-252,k141_67883_10,257,67.1,3.6e-17,2.4,218,64.1,2.1e-19,3e-16,2.4,workflow/out/asr_HMMER/domtbl/Capsule_1_asr_B.domtblout
k141_97715_2/29-254,k141_97715_2,261,67.0,4e-17,0.9,226,65.3,9.3e-20,1.3e-16,0.9,workflow/out/asr_HMMER/domtbl/Capsule_1_asr_B.domtblout
k141_447776_96/34-256,k141_447776_96,262,66.9,4.2e-17,0.1,223,66.6,3.8e-20,5.3e-17,0.1,workflow/out/asr_HMMER/domtbl/Capsule_1_asr_B.domtblout
k141_416075_9/29-246,k141_416075_9,255,66.7,4.9e-17,3.8,218,66.4,4.3e-20,6e-17,3.8,workflow/out/asr_HMMER/domtbl/Capsule_1_asr_B.domtblout
k141_389836_9/26-243,k141_389836_9,282,66.7,5e-17,2.3,218,66.2,4.8e-20,6.7e-17,2.3,workflow/out/asr_HMMER/domtbl/Capsule_1_asr_B.domtblout
k141_61925_46/34-253,k141_61925_46,259,66.6,5.1e-17,0.0,220,66.2,4.9e-20,6.9e-17,0.0,workflow/out/asr_HMMER/domtbl/Capsule_1_asr_B.domtblout
k141_488005_79/29-254,k141_488005_79,261,66.6,5.3e-17,1.1,226,65.7,7.3e-20,1e-16,1.1,workflow/out/asr_HMMER/domtbl/Capsule_1_asr_B.domtblout
k141_268151_13/35-253,k141_268151_13,258,66.4,6.2e-17,2.1,219,64.6,1.5e-19,2.1e-16,2.1,workflow/out/asr_HMMER/domtbl/Capsule_1_asr_B.domtblout
k141_233561_34/2-247,k141_233561_34,281,66.3,6.3e-17,0.0,246,66.0,5.6e-20,7.8e-17,0.0,workflow/out/asr_HMMER/domtbl/Capsule_1_asr_B.domtblout
k141_25349_30/30-248,k141_25349_30,256,66.2,6.7e-17,0.2,219,64.9,1.3e-19,1.8e-16,0.2,workflow/out/asr_HMMER/domtbl/Capsule_1_asr_B.domtblout
k141_420453_8/37-253,k141_420453_8,260,66.0,7.9e-17,0.9,217,65.0,1.2e-19,1.7e-16,0.9,workflow/out/asr_HMMER/domtbl/Capsule_1_asr_B.domtblout
k141_349898_3/35-253,k141_349898_3,258,66.0,7.9e-17,2.1,219,64.4,1.8e-19,2.5e-16,2.1,workflow/out/asr_HMMER/domtbl/Capsule_1_asr_B.domtblout
k141_33320_2/26-250,k141_33320_2,295,65.8,9.3e-17,1.5,225,65.3,9.3e-20,1.3e-16,1.5,workflow/out/asr_HMMER/domtbl/Capsule_1_asr_B.domtblout
k141_295191_17/28-246,k141_295191_17,284,65.7,9.7e-17,0.3,219,65.3,9.2e-20,1.3e-16,0.3,workflow/out/asr_HMMER/domtbl/Capsule_1_asr_B.domtblout
k141_279585_9/36-253,k141_279585_9,260,65.6,1e-16,0.4,218,64.6,1.5e-19,2.2e-16,0.4,workflow/out/asr_HMMER/domtbl/Capsule_1_asr_B.domtblout
k141_381087_17/34-252,k141_381087_17,260,65.6,1e-16,0.1,219,65.1,1.1e-19,1.5e-16,0.1,workflow/out/asr_HMMER/domtbl/Capsule_1_asr_B.domtblout
k141_295260_5/29-254,k141_295260_5,261,65.6,1.1e-16,0.9,226,63.9,2.5e-19,3.4e-16,0.9,workflow/out/asr_HMMER/domtbl/Capsule_1_asr_B.domtblout
k141_263555_8/27-243,k141_263555_8,764,65.5,1.1e-16,3.2,217,63.8,2.7e-19,3.8e-16,3.2,workflow/out/asr_HMMER/domtbl/Capsule_1_asr_B.domtblout
k141_53440_26/29-245,k141_53440_26,253,65.4,1.2e-16,0.0,217,65.0,1.2e-19,1.6e-16,0.0,workflow/out/asr_HMMER/domtbl/Capsule_1_asr_B.domtblout
k141_86250_120/25-245,k141_86250_120,281,65.4,1.2e-16,0.8,221,64.9,1.2e-19,1.7e-16,0.8,workflow/out/asr_HMMER/domtbl/Capsule_1_asr_B.domtblout
k141_409506_6/31-250,k141_409506_6,257,65.3,1.3e-16,4.0,220,62.2,8.4e-19,1.2e-15,4.0,workflow/out/asr_HMMER/domtbl/Capsule_1_asr_B.domtblout
k141_330616_60/29-255,k141_330616_60,262,65.2,1.4e-16,0.8,227,63.6,3.1e-19,4.3e-16,0.8,workflow/out/asr_HMMER/domtbl/Capsule_1_asr_B.domtblout
k141_213810_4/55-251,k141_213810_4,257,65.2,1.4e-16,0.0,197,64.6,1.5e-19,2.1e-16,0.0,workflow/out/asr_HMMER/domtbl/Capsule_1_asr_B.domtblout
k141_340655_2/35-253,k141_340655_2,258,65.2,1.4e-16,1.3,219,62.9,4.9e-19,6.8e-16,1.3,workflow/out/asr_HMMER/domtbl/Capsule_1_asr_B.domtblout
k141_196290_17/25-244,k141_196290_17,281,65.1,1.5e-16,1.0,220,64.7,1.4e-19,2e-16,1.0,workflow/out/asr_HMMER/domtbl/Capsule_1_asr_B.domtblout
k141_417067_4/35-253,k141_417067_4,258,65.1,1.5e-16,2.2,219,63.1,4.4e-19,6.1e-16,2.2,workflow/out/asr_HMMER/domtbl/Capsule_1_asr_B.domtblout
k141_81728_10/41-259,k141_81728_10,265,65.0,1.6e-16,0.0,219,64.7,1.4e-19,2e-16,0.0,workflow/out/asr_HMMER/domtbl/Capsule_1_asr_B.domtblout
k141_248043_1/6-243,k141_248043_1,787,65.0,1.6e-16,3.6,238,64.0,2.3e-19,3.1e-16,3.6,workflow/out/asr_HMMER/domtbl/Capsule_1_asr_B.domtblout
k141_414964_44/34-253,k141_414964_44,259,65.0,1.6e-16,0.0,220,64.6,1.6e-19,2.2e-16,0.0,workflow/out/asr_HMMER/domtbl/Capsule_1_asr_B.domtblout
k141_470504_2/26-227,k141_470504_2,237,64.9,1.7e-16,1.7,202,64.5,1.6e-19,2.2e-16,1.7,workflow/out/asr_HMMER/domtbl/Capsule_1_asr_B.domtblout
k141_181539_1/33-249,k141_181539_1,256,64.9,1.7e-16,0.1,217,64.4,1.8e-19,2.5e-16,0.1,workflow/out/asr_HMMER/domtbl/Capsule_1_asr_B.domtblout
k141_213776_2/29-252,k141_213776_2,259,64.9,1.7e-16,0.6,224,63.7,3e-19,4.1e-16,0.6,workflow/out/asr_HMMER/domtbl/Capsule_1_asr_B.domtblout
k141_395719_2/31-261,k141_395719_2,267,64.5,2.3e-16,1.6,231,63.3,3.9e-19,5.5e-16,1.6,workflow/out/asr_HMMER/domtbl/Capsule_1_asr_B.domtblout
k141_141138_20/34-254,k141_141138_20,261,64.3,2.6e-16,0.3,221,63.1,4.5e-19,6.2e-16,0.3,workflow/out/asr_HMMER/domtbl/Capsule_1_asr_B.domtblout
k141_427251_46/31-254,k141_427251_46,261,64.2,2.7e-16,0.6,224,62.6,6.3e-19,8.8e-16,0.6,workflow/out/asr_HMMER/domtbl/Capsule_1_asr_B.domtblout
k141_416981_2/3-206,k141_416981_2,248,64.2,2.8e-16,3.9,204,63.9,2.4e-19,3.4e-16,3.9,workflow/out/asr_HMMER/domtbl/Capsule_1_asr_B.domtblout
k141_410160_26/26-243,k141_410160_26,767,64.1,3.1e-16,4.3,218,62.9,5.2e-19,7.2e-16,4.3,workflow/out/asr_HMMER/domtbl/Capsule_1_asr_B.domtblout
k141_85413_78/31-246,k141_85413_78,253,64.0,3.2e-16,4.4,216,63.3,3.8e-19,5.3e-16,4.4,workflow/out/asr_HMMER/domtbl/Capsule_1_asr_B.domtblout
k141_466949_1/34-250,k141_466949_1,256,64.0,3.3e-16,0.2,217,63.6,3.1e-19,4.4e-16,0.2,workflow/out/asr_HMMER/domtbl/Capsule_1_asr_B.domtblout
k141_483507_6/34-253,k141_483507_6,259,63.9,3.5e-16,0.0,220,63.5,3.4e-19,4.7e-16,0.0,workflow/out/asr_HMMER/domtbl/Capsule_1_asr_B.domtblout
k141_367940_8/35-253,k141_367940_8,259,63.9,3.5e-16,0.0,219,63.4,3.5e-19,4.9e-16,0.0,workflow/out/asr_HMMER/domtbl/Capsule_1_asr_B.domtblout
k141_35579_25/35-265,k141_35579_25,271,63.8,3.7e-16,2.2,231,61.9,1e-18,1.4e-15,2.2,workflow/out/asr_HMMER/domtbl/Capsule_1_asr_B.domtblout
k141_193596_27/34-254,k141_193596_27,261,63.7,4.1e-16,0.1,221,62.5,6.8e-19,9.4e-16,0.1,workflow/out/asr_HMMER/domtbl/Capsule_1_asr_B.domtblout
k141_75991_4/26-243,k141_75991_4,767,63.6,4.2e-16,3.7,218,62.2,8.2e-19,1.1e-15,3.7,workflow/out/asr_HMMER/domtbl/Capsule_1_asr_B.domtblout
k141_241164_5/34-253,k141_241164_5,259,63.5,4.5e-16,0.0,220,63.1,4.3e-19,6e-16,0.0,workflow/out/asr_HMMER/domtbl/Capsule_1_asr_B.domtblout
k141_103792_7/6-238,k141_103792_7,246,63.4,5e-16,2.6,233,62.8,5.6e-19,7.8e-16,2.6,workflow/out/asr_HMMER/domtbl/Capsule_1_asr_B.domtblout
k141_301996_74/27-243,k141_301996_74,763,63.3,5.3e-16,5.6,217,62.4,7e-19,9.7e-16,4.1,workflow/out/asr_HMMER/domtbl/Capsule_1_asr_B.domtblout
k141_5172_29/38-258,k141_5172_29,265,63.3,5.5e-16,0.5,221,61.8,1.1e-18,1.5e-15,0.5,workflow/out/asr_HMMER/domtbl/Capsule_1_asr_B.domtblout
k141_190136_16/42-264,k141_190136_16,273,63.0,6.6e-16,0.1,223,61.4,1.5e-18,2e-15,0.1,workflow/out/asr_HMMER/domtbl/Capsule_1_asr_B.domtblout
k141_226501_18/115-332,k141_226501_18,338,63.0,6.7e-16,0.1,218,62.2,8.2e-19,1.1e-15,0.1,workflow/out/asr_HMMER/domtbl/Capsule_1_asr_B.domtblout
k141_491434_2/35-250,k141_491434_2,259,62.9,7.1e-16,0.0,216,62.5,6.6e-19,9.2e-16,0.0,workflow/out/asr_HMMER/domtbl/Capsule_1_asr_B.domtblout
k141_467973_17/26-245,k141_467973_17,278,62.9,7.1e-16,1.5,220,62.5,6.8e-19,9.4e-16,1.5,workflow/out/asr_HMMER/domtbl/Capsule_1_asr_B.domtblout
k141_6450_5/30-250,k141_6450_5,256,62.9,7.2e-16,0.1,221,62.5,6.5e-19,9e-16,0.1,workflow/out/asr_HMMER/domtbl/Capsule_1_asr_B.domtblout
k141_296166_3/32-248,k141_296166_3,256,62.6,8.4e-16,3.3,217,61.0,1.9e-18,2.6e-15,3.3,workflow/out/asr_HMMER/domtbl/Capsule_1_asr_B.domtblout
k141_316442_13/33-252,k141_316442_13,259,62.2,1.1e-15,0.0,220,61.9,1.1e-18,1.5e-15,0.0,workflow/out/asr_HMMER/domtbl/Capsule_1_asr_B.domtblout
k141_438813_21/15-124,k141_438813_21,231,62.2,1.1e-15,8.7,110,43.6,3.8e-13,5.3e-10,0.4,workflow/out/asr_HMMER/domtbl/Capsule_1_asr_B.domtblout
k141_438813_21/152-221,k141_438813_21,231,62.2,1.1e-15,8.7,70,22.0,1.5e-06,0.0021,3.3,workflow/out/asr_HMMER/domtbl/Capsule_1_asr_B.domtblout
k141_326707_3/30-251,k141_326707_3,258,62.2,1.2e-15,1.2,222,60.2,3.3e-18,4.6e-15,1.2,workflow/out/asr_HMMER/domtbl/Capsule_1_asr_B.domtblout
k141_117907_2/38-258,k141_117907_2,265,62.2,1.2e-15,0.2,221,61.0,1.9e-18,2.7e-15,0.2,workflow/out/asr_HMMER/domtbl/Capsule_1_asr_B.domtblout
k141_436198_27/28-243,k141_436198_27,266,62.2,1.2e-15,2.6,216,61.7,1.1e-18,1.6e-15,2.6,workflow/out/asr_HMMER/domtbl/Capsule_1_asr_B.domtblout
k141_16610_3/33-250,k141_16610_3,256,62.1,1.2e-15,0.1,218,61.8,1.1e-18,1.5e-15,0.1,workflow/out/asr_HMMER/domtbl/Capsule_1_asr_B.domtblout
k141_75855_11/28-243,k141_75855_11,758,62.1,1.3e-15,5.7,216,61.4,1.5e-18,2e-15,4.5,workflow/out/asr_HMMER/domtbl/Capsule_1_asr_B.domtblout
k141_467760_4/31-250,k141_467760_4,257,62.0,1.3e-15,0.5,220,60.4,2.8e-18,4e-15,0.5,workflow/out/asr_HMMER/domtbl/Capsule_1_asr_B.domtblout
k141_278891_4/34-253,k141_278891_4,259,61.9,1.4e-15,0.0,220,61.5,1.3e-18,1.9e-15,0.0,workflow/out/asr_HMMER/domtbl/Capsule_1_asr_B.domtblout
k141_337892_16/26-244,k141_337892_16,281,61.9,1.4e-15,2.5,219,61.5,1.4e-18,1.9e-15,2.5,workflow/out/asr_HMMER/domtbl/Capsule_1_asr_B.domtblout
k141_192116_39/26-252,k141_192116_39,297,61.8,1.5e-15,2.1,227,61.8,1.1e-18,1.5e-15,2.1,workflow/out/asr_HMMER/domtbl/Capsule_1_asr_B.domtblout
k141_312817_9/6-228,k141_312817_9,238,61.6,1.8e-15,4.9,223,52.0,1e-15,1.5e-12,4.9,workflow/out/asr_HMMER/domtbl/Capsule_1_asr_B.domtblout
k141_357604_34/31-247,k141_357604_34,254,61.4,2e-15,2.4,217,60.1,3.7e-18,5.1e-15,2.4,workflow/out/asr_HMMER/domtbl/Capsule_1_asr_B.domtblout
k141_406623_12/31-255,k141_406623_12,262,61.4,2.1e-15,1.6,225,60.3,3.2e-18,4.4e-15,1.6,workflow/out/asr_HMMER/domtbl/Capsule_1_asr_B.domtblout
k141_299808_2/31-249,k141_299808_2,256,61.3,2.2e-15,0.8,219,59.4,5.9e-18,8.2e-15,0.8,workflow/out/asr_HMMER/domtbl/Capsule_1_asr_B.domtblout
k141_379855_4/55-251,k141_379855_4,257,61.2,2.3e-15,2.1,197,60.3,3.1e-18,4.3e-15,2.1,workflow/out/asr_HMMER/domtbl/Capsule_1_asr_B.domtblout
k141_337905_6/26-244,k141_337905_6,281,60.9,2.8e-15,1.4,219,60.6,2.6e-18,3.6e-15,1.4,workflow/out/asr_HMMER/domtbl/Capsule_1_asr_B.domtblout
k141_491483_4/33-253,k141_491483_4,259,60.9,2.9e-15,0.0,221,60.5,2.7e-18,3.7e-15,0.0,workflow/out/asr_HMMER/domtbl/Capsule_1_asr_B.domtblout
k141_376822_3/31-243,k141_376822_3,253,60.8,3e-15,0.0,213,60.1,3.5e-18,4.9e-15,0.0,workflow/out/asr_HMMER/domtbl/Capsule_1_asr_B.domtblout
k141_20905_19/30-247,k141_20905_19,255,60.8,3e-15,0.4,218,59.8,4.4e-18,6.1e-15,0.4,workflow/out/asr_HMMER/domtbl/Capsule_1_asr_B.domtblout
k141_161622_1/27-244,k141_161622_1,281,60.5,3.8e-15,1.9,218,60.1,3.6e-18,5.1e-15,1.9,workflow/out/asr_HMMER/domtbl/Capsule_1_asr_B.domtblout
k141_183529_152/110-336,k141_183529_152,339,60.5,3.8e-15,0.0,227,60.0,4e-18,5.5e-15,0.0,workflow/out/asr_HMMER/domtbl/Capsule_1_asr_B.domtblout
k141_444035_3/45-261,k141_444035_3,809,60.3,4.3e-15,4.4,217,59.3,6.3e-18,8.7e-15,4.4,workflow/out/asr_HMMER/domtbl/Capsule_1_asr_B.domtblout
k141_472029_5/30-250,k141_472029_5,257,60.2,4.6e-15,0.8,221,58.6,1e-17,1.5e-14,0.8,workflow/out/asr_HMMER/domtbl/Capsule_1_asr_B.domtblout
k141_334341_38/26-248,k141_334341_38,285,60.2,4.8e-15,1.8,223,59.7,4.6e-18,6.4e-15,1.8,workflow/out/asr_HMMER/domtbl/Capsule_1_asr_B.domtblout
k141_284960_5/34-253,k141_284960_5,259,60.0,5.3e-15,0.0,220,59.6,5.1e-18,7.2e-15,0.0,workflow/out/asr_HMMER/domtbl/Capsule_1_asr_B.domtblout
k141_93487_18/32-254,k141_93487_18,261,59.8,6.4e-15,0.7,223,58.2,1.4e-17,1.9e-14,0.7,workflow/out/asr_HMMER/domtbl/Capsule_1_asr_B.domtblout
k141_280727_18/33-249,k141_280727_18,278,59.4,8e-15,0.0,217,58.6,1e-17,1.4e-14,0.0,workflow/out/asr_HMMER/domtbl/Capsule_1_asr_B.domtblout
k141_180069_27/37-261,k141_180069_27,268,59.3,8.7e-15,0.8,225,58.9,8.7e-18,1.2e-14,0.8,workflow/out/asr_HMMER/domtbl/Capsule_1_asr_B.domtblout
k141_146473_1/26-244,k141_146473_1,249,59.3,8.8e-15,3.0,219,58.9,8.4e-18,1.2e-14,3.0,workflow/out/asr_HMMER/domtbl/Capsule_1_asr_B.domtblout
k141_51752_2/51-275,k141_51752_2,282,59.2,9.6e-15,0.8,225,58.7,9.7e-18,1.3e-14,0.8,workflow/out/asr_HMMER/domtbl/Capsule_1_asr_B.domtblout
k141_186799_26/29-247,k141_186799_26,255,59.2,9.6e-15,1.7,219,58.0,1.6e-17,2.2e-14,1.7,workflow/out/asr_HMMER/domtbl/Capsule_1_asr_B.domtblout
k141_72954_3/26-244,k141_72954_3,249,59.2,9.7e-15,2.9,219,58.8,9.3e-18,1.3e-14,2.9,workflow/out/asr_HMMER/domtbl/Capsule_1_asr_B.domtblout
k141_208920_3/249-409,k141_208920_3,415,58.8,1.2e-14,0.0,161,57.4,2.4e-17,3.4e-14,0.0,workflow/out/asr_HMMER/domtbl/Capsule_1_asr_B.domtblout
k141_257904_2/26-244,k141_257904_2,284,58.7,1.3e-14,0.2,219,58.3,1.3e-17,1.8e-14,0.2,workflow/out/asr_HMMER/domtbl/Capsule_1_asr_B.domtblout
k141_146482_1/26-244,k141_146482_1,281,58.7,1.4e-14,3.2,219,58.3,1.3e-17,1.8e-14,3.2,workflow/out/asr_HMMER/domtbl/Capsule_1_asr_B.domtblout
k141_451902_2/31-254,k141_451902_2,261,58.6,1.5e-14,1.8,224,57.1,3e-17,4.2e-14,1.8,workflow/out/asr_HMMER/domtbl/Capsule_1_asr_B.domtblout
k141_408743_8/30-254,k141_408743_8,262,58.5,1.6e-14,0.0,225,57.5,2.3e-17,3.2e-14,0.0,workflow/out/asr_HMMER/domtbl/Capsule_1_asr_B.domtblout
k141_50748_136/40-261,k141_50748_136,268,58.4,1.6e-14,0.0,222,57.8,1.8e-17,2.5e-14,0.0,workflow/out/asr_HMMER/domtbl/Capsule_1_asr_B.domtblout
k141_185225_1/36-261,k141_185225_1,268,58.4,1.6e-14,1.0,226,57.8,1.8e-17,2.4e-14,1.0,workflow/out/asr_HMMER/domtbl/Capsule_1_asr_B.domtblout
k141_86865_50/19-235,k141_86865_50,243,58.2,1.9e-14,3.5,217,55.3,1e-16,1.4e-13,3.5,workflow/out/asr_HMMER/domtbl/Capsule_1_asr_B.domtblout
k141_233718_28/33-246,k141_233718_28,253,58.1,2e-14,0.5,214,57.1,2.9e-17,4e-14,0.5,workflow/out/asr_HMMER/domtbl/Capsule_1_asr_B.domtblout
k141_312390_4/35-253,k141_312390_4,259,58.1,2.1e-14,0.1,219,57.6,2.1e-17,2.9e-14,0.1,workflow/out/asr_HMMER/domtbl/Capsule_1_asr_B.domtblout
k141_431393_13/30-254,k141_431393_13,262,57.9,2.4e-14,0.1,225,56.8,3.7e-17,5.1e-14,0.1,workflow/out/asr_HMMER/domtbl/Capsule_1_asr_B.domtblout
k141_203860_2/41-264,k141_203860_2,273,57.8,2.6e-14,0.3,224,56.7,3.9e-17,5.5e-14,0.3,workflow/out/asr_HMMER/domtbl/Capsule_1_asr_B.domtblout
k141_433086_37/48-264,k141_433086_37,293,57.7,2.7e-14,0.0,217,56.9,3.4e-17,4.7e-14,0.0,workflow/out/asr_HMMER/domtbl/Capsule_1_asr_B.domtblout
k141_7377_4/28-243,k141_7377_4,767,57.7,2.7e-14,2.5,216,55.0,1.3e-16,1.9e-13,1.2,workflow/out/asr_HMMER/domtbl/Capsule_1_asr_B.domtblout
k141_182970_126/29-264,k141_182970_126,270,57.6,2.8e-14,3.5,236,54.9,1.4e-16,1.9e-13,3.5,workflow/out/asr_HMMER/domtbl/Capsule_1_asr_B.domtblout
k141_269162_2/35-231,k141_269162_2,237,57.6,3e-14,3.5,197,56.3,5.1e-17,7e-14,3.5,workflow/out/asr_HMMER/domtbl/Capsule_1_asr_B.domtblout
k141_490499_2/26-207,k141_490499_2,212,57.5,3e-14,0.4,182,57.2,2.8e-17,3.9e-14,0.4,workflow/out/asr_HMMER/domtbl/Capsule_1_asr_B.domtblout
k141_218092_25/37-259,k141_218092_25,264,57.4,3.3e-14,0.0,223,57.1,3.1e-17,4.3e-14,0.0,workflow/out/asr_HMMER/domtbl/Capsule_1_asr_B.domtblout
k141_123925_4/28-243,k141_123925_4,753,57.3,3.5e-14,2.8,216,54.9,1.4e-16,1.9e-13,1.4,workflow/out/asr_HMMER/domtbl/Capsule_1_asr_B.domtblout
k141_139194_3/27-163,k141_139194_3,168,57.3,3.6e-14,0.8,137,57.0,3.3e-17,4.5e-14,0.8,workflow/out/asr_HMMER/domtbl/Capsule_1_asr_B.domtblout
k141_296315_41/33-248,k141_296315_41,256,57.2,3.7e-14,5.2,216,55.2,1.1e-16,1.6e-13,5.2,workflow/out/asr_HMMER/domtbl/Capsule_1_asr_B.domtblout
k141_266239_5/34-254,k141_266239_5,260,57.1,4.1e-14,0.5,221,56.6,4.3e-17,6e-14,0.5,workflow/out/asr_HMMER/domtbl/Capsule_1_asr_B.domtblout
k141_479847_2/41-264,k141_479847_2,273,57.1,4.1e-14,0.2,224,56.0,6.6e-17,9.2e-14,0.2,workflow/out/asr_HMMER/domtbl/Capsule_1_asr_B.domtblout
k141_388817_89/26-244,k141_388817_89,285,56.9,4.8e-14,2.1,219,56.5,4.6e-17,6.4e-14,2.1,workflow/out/asr_HMMER/domtbl/Capsule_1_asr_B.domtblout
k141_139012_4/26-244,k141_139012_4,281,56.9,4.9e-14,3.0,219,56.5,4.6e-17,6.4e-14,3.0,workflow/out/asr_HMMER/domtbl/Capsule_1_asr_B.domtblout
k141_217738_15/31-256,k141_217738_15,264,56.3,7.5e-14,0.2,226,54.5,1.8e-16,2.6e-13,0.2,workflow/out/asr_HMMER/domtbl/Capsule_1_asr_B.domtblout
k141_111659_52/34-258,k141_111659_52,264,56.1,8.2e-14,0.0,225,55.7,7.8e-17,1.1e-13,0.0,workflow/out/asr_HMMER/domtbl/Capsule_1_asr_B.domtblout
k141_117193_31/34-254,k141_117193_31,260,56.1,8.2e-14,0.6,221,55.7,8.1e-17,1.1e-13,0.6,workflow/out/asr_HMMER/domtbl/Capsule_1_asr_B.domtblout
k141_182152_4/1-189,k141_182152_4,197,56.0,8.7e-14,2.0,189,54.7,1.6e-16,2.2e-13,2.0,workflow/out/asr_HMMER/domtbl/Capsule_1_asr_B.domtblout
k141_45639_10/249-415,k141_45639_10,421,55.8,1e-13,0.0,167,55.8,7.2e-17,1e-13,0.0,workflow/out/asr_HMMER/domtbl/Capsule_1_asr_B.domtblout
k141_207456_4/29-247,k141_207456_4,256,55.7,1.1e-13,0.1,219,53.8,2.9e-16,4.1e-13,0.1,workflow/out/asr_HMMER/domtbl/Capsule_1_asr_B.domtblout
k141_370016_17/29-247,k141_370016_17,277,55.7,1.1e-13,3.4,219,55.4,1e-16,1.4e-13,3.4,workflow/out/asr_HMMER/domtbl/Capsule_1_asr_B.domtblout
k141_237311_2/14-228,k141_237311_2,238,55.5,1.3e-13,7.9,215,46.7,4.6e-14,6.3e-11,7.9,workflow/out/asr_HMMER/domtbl/Capsule_1_asr_B.domtblout
k141_279193_42/32-125,k141_279193_42,292,55.5,1.3e-13,5.9,94,30.1,5.2e-09,7.3e-06,0.1,workflow/out/asr_HMMER/domtbl/Capsule_1_asr_B.domtblout
k141_279193_42/161-286,k141_279193_42,292,55.5,1.3e-13,5.9,126,25.4,1.4e-07,0.00019,2.8,workflow/out/asr_HMMER/domtbl/Capsule_1_asr_B.domtblout
k141_311535_3/38-257,k141_311535_3,264,55.4,1.3e-13,0.0,220,54.9,1.4e-16,2e-13,0.0,workflow/out/asr_HMMER/domtbl/Capsule_1_asr_B.domtblout
k141_116163_1/23-174,k141_116163_1,217,55.3,1.4e-13,0.1,152,54.9,1.4e-16,2e-13,0.1,workflow/out/asr_HMMER/domtbl/Capsule_1_asr_B.domtblout
k141_464089_6/33-135,k141_464089_6,261,55.3,1.5e-13,1.1,103,28.3,1.8e-08,2.6e-05,0.0,workflow/out/asr_HMMER/domtbl/Capsule_1_asr_B.domtblout
k141_464089_6/193-254,k141_464089_6,261,55.3,1.5e-13,1.1,62,24.7,2.3e-07,0.00032,1.5,workflow/out/asr_HMMER/domtbl/Capsule_1_asr_B.domtblout
k141_289513_13/44-262,k141_289513_13,292,55.2,1.5e-13,3.6,219,54.9,1.4e-16,1.9e-13,3.6,workflow/out/asr_HMMER/domtbl/Capsule_1_asr_B.domtblout
k141_53331_1/1-178,k141_53331_1,216,54.8,2.1e-13,2.4,178,54.5,1.8e-16,2.5e-13,2.4,workflow/out/asr_HMMER/domtbl/Capsule_1_asr_B.domtblout
k141_65148_107/249-415,k141_65148_107,421,54.8,2.1e-13,0.6,167,53.5,3.6e-16,5e-13,0.0,workflow/out/asr_HMMER/domtbl/Capsule_1_asr_B.domtblout
k141_396285_8/32-249,k141_396285_8,259,54.7,2.2e-13,5.7,218,51.2,1.9e-15,2.6e-12,5.7,workflow/out/asr_HMMER/domtbl/Capsule_1_asr_B.domtblout
k141_16273_53/29-265,k141_16273_53,272,54.7,2.2e-13,0.0,237,54.2,2.3e-16,3.2e-13,0.0,workflow/out/asr_HMMER/domtbl/Capsule_1_asr_B.domtblout
k141_298273_10/26-248,k141_298273_10,283,54.5,2.6e-13,2.2,223,54.1,2.5e-16,3.5e-13,2.2,workflow/out/asr_HMMER/domtbl/Capsule_1_asr_B.domtblout
k141_192348_7/129-330,k141_192348_7,335,54.4,2.8e-13,0.0,202,53.9,2.9e-16,4e-13,0.0,workflow/out/asr_HMMER/domtbl/Capsule_1_asr_B.domtblout
k141_464324_23/249-415,k141_464324_23,421,54.1,3.5e-13,0.1,167,52.0,1.1e-15,1.5e-12,0.0,workflow/out/asr_HMMER/domtbl/Capsule_1_asr_B.domtblout
k141_45639_46/249-415,k141_45639_46,421,53.9,4e-13,0.7,167,52.5,7.5e-16,1e-12,0.0,workflow/out/asr_HMMER/domtbl/Capsule_1_asr_B.domtblout
k141_135822_59/27-266,k141_135822_59,275,53.9,4e-13,0.0,240,52.5,7.4e-16,1e-12,0.0,workflow/out/asr_HMMER/domtbl/Capsule_1_asr_B.domtblout
k141_309908_3/29-274,k141_309908_3,280,53.6,4.9e-13,2.4,246,45.8,8.5e-14,1.2e-10,2.4,workflow/out/asr_HMMER/domtbl/Capsule_1_asr_B.domtblout
k141_39349_20/30-245,k141_39349_20,252,53.5,5.1e-13,0.1,216,52.7,6.7e-16,9.3e-13,0.1,workflow/out/asr_HMMER/domtbl/Capsule_1_asr_B.domtblout
k141_346137_2/26-244,k141_346137_2,285,53.4,5.4e-13,1.5,219,53.0,5.3e-16,7.3e-13,1.5,workflow/out/asr_HMMER/domtbl/Capsule_1_asr_B.domtblout
k141_304169_41/249-415,k141_304169_41,421,53.2,6.5e-13,0.2,167,51.8,1.2e-15,1.7e-12,0.0,workflow/out/asr_HMMER/domtbl/Capsule_1_asr_B.domtblout
k141_65909_25/249-415,k141_65909_25,421,52.8,8.3e-13,1.2,167,52.0,1.1e-15,1.5e-12,0.0,workflow/out/asr_HMMER/domtbl/Capsule_1_asr_B.domtblout
k141_259269_2/13-231,k141_259269_2,269,52.8,8.4e-13,1.4,219,52.4,7.9e-16,1.1e-12,1.4,workflow/out/asr_HMMER/domtbl/Capsule_1_asr_B.domtblout
k141_350407_3/30-241,k141_350407_3,251,52.7,9.3e-13,6.6,212,50.2,3.7e-15,5.1e-12,6.6,workflow/out/asr_HMMER/domtbl/Capsule_1_asr_B.domtblout
k141_15762_2/1-198,k141_15762_2,205,52.6,9.9e-13,2.4,198,50.9,2.3e-15,3.1e-12,2.4,workflow/out/asr_HMMER/domtbl/Capsule_1_asr_B.domtblout
k141_19968_15/33-280,k141_19968_15,287,52.3,1.2e-12,4.8,248,46.7,4.4e-14,6.2e-11,4.8,workflow/out/asr_HMMER/domtbl/Capsule_1_asr_B.domtblout
k141_114254_1/3-163,k141_114254_1,170,52.2,1.3e-12,0.0,161,51.9,1.1e-15,1.6e-12,0.0,workflow/out/asr_HMMER/domtbl/Capsule_1_asr_B.domtblout
k141_416604_2/27-244,k141_416604_2,281,52.1,1.4e-12,4.1,218,51.7,1.3e-15,1.8e-12,4.1,workflow/out/asr_HMMER/domtbl/Capsule_1_asr_B.domtblout
k141_196380_47/249-408,k141_196380_47,415,52.0,1.5e-12,0.0,160,52.0,1.1e-15,1.5e-12,0.0,workflow/out/asr_HMMER/domtbl/Capsule_1_asr_B.domtblout
k141_79544_3/13-229,k141_79544_3,237,51.8,1.7e-12,3.8,217,49.6,5.8e-15,8.1e-12,3.8,workflow/out/asr_HMMER/domtbl/Capsule_1_asr_B.domtblout
k141_126656_1/34-238,k141_126656_1,258,51.5,2.1e-12,0.0,205,51.1,2e-15,2.8e-12,0.0,workflow/out/asr_HMMER/domtbl/Capsule_1_asr_B.domtblout
k141_346142_17/255-419,k141_346142_17,426,51.4,2.2e-12,0.1,165,49.7,5.3e-15,7.4e-12,0.0,workflow/out/asr_HMMER/domtbl/Capsule_1_asr_B.domtblout
k141_213683_3/97-302,k141_213683_3,331,51.4,2.3e-12,2.0,206,50.7,2.7e-15,3.8e-12,2.0,workflow/out/asr_HMMER/domtbl/Capsule_1_asr_B.domtblout
k141_115799_2/28-122,k141_115799_2,152,50.6,3.9e-12,0.0,95,50.4,3.3e-15,4.6e-12,0.0,workflow/out/asr_HMMER/domtbl/Capsule_1_asr_B.domtblout
k141_276896_6/259-422,k141_276896_6,430,50.4,4.5e-12,0.0,164,47.0,3.6e-14,5e-11,0.0,workflow/out/asr_HMMER/domtbl/Capsule_1_asr_B.domtblout
k141_364103_1/24-154,k141_364103_1,158,50.2,5.1e-12,0.0,131,50.0,4.5e-15,6.2e-12,0.0,workflow/out/asr_HMMER/domtbl/Capsule_1_asr_B.domtblout
k141_131567_5/26-244,k141_131567_5,283,50.0,5.9e-12,1.1,219,49.6,5.6e-15,7.8e-12,1.1,workflow/out/asr_HMMER/domtbl/Capsule_1_asr_B.domtblout
k141_227627_26/26-195,k141_227627_26,195,49.9,6.6e-12,0.1,170,49.7,5.5e-15,7.7e-12,0.1,workflow/out/asr_HMMER/domtbl/Capsule_1_asr_B.domtblout
k141_447776_104/258-421,k141_447776_104,429,49.8,6.8e-12,0.3,164,47.1,3.4e-14,4.8e-11,0.0,workflow/out/asr_HMMER/domtbl/Capsule_1_asr_B.domtblout
k141_5342_8/29-248,k141_5342_8,257,49.8,6.9e-12,0.2,220,45.5,1e-13,1.4e-10,0.2,workflow/out/asr_HMMER/domtbl/Capsule_1_asr_B.domtblout
k141_10862_17/1-140,k141_10862_17,185,49.8,6.9e-12,1.2,140,49.5,6.4e-15,8.9e-12,1.2,workflow/out/asr_HMMER/domtbl/Capsule_1_asr_B.domtblout
k141_165879_10/252-416,k141_165879_10,423,49.6,8.1e-12,0.1,165,47.3,2.8e-14,3.9e-11,0.0,workflow/out/asr_HMMER/domtbl/Capsule_1_asr_B.domtblout
k141_75912_3/254-418,k141_75912_3,425,49.3,1e-11,0.5,165,47.9,2e-14,2.7e-11,0.0,workflow/out/asr_HMMER/domtbl/Capsule_1_asr_B.domtblout
k141_152154_2/4-149,k141_152154_2,189,49.3,1e-11,1.8,146,48.9,9.6e-15,1.3e-11,1.8,workflow/out/asr_HMMER/domtbl/Capsule_1_asr_B.domtblout
k141_80176_3/255-419,k141_80176_3,425,49.2,1e-11,0.2,165,48.4,1.3e-14,1.8e-11,0.0,workflow/out/asr_HMMER/domtbl/Capsule_1_asr_B.domtblout
k141_212849_215/37-260,k141_212849_215,265,49.1,1.1e-11,0.0,224,48.7,1.1e-14,1.5e-11,0.0,workflow/out/asr_HMMER/domtbl/Capsule_1_asr_B.domtblout
k141_438859_12/24-154,k141_438859_12,158,49.1,1.1e-11,0.0,131,48.8,9.8e-15,1.4e-11,0.0,workflow/out/asr_HMMER/domtbl/Capsule_1_asr_B.domtblout
k141_9418_37/37-262,k141_9418_37,280,49.1,1.1e-11,0.1,226,45.7,9.2e-14,1.3e-10,0.1,workflow/out/asr_HMMER/domtbl/Capsule_1_asr_B.domtblout
k141_183830_5/254-418,k141_183830_5,425,49.0,1.2e-11,0.9,165,47.9,1.9e-14,2.7e-11,0.0,workflow/out/asr_HMMER/domtbl/Capsule_1_asr_B.domtblout
k141_320693_6/252-416,k141_320693_6,423,48.8,1.4e-11,0.5,165,47.2,3.1e-14,4.3e-11,0.0,workflow/out/asr_HMMER/domtbl/Capsule_1_asr_B.domtblout
k141_425487_1/42-239,k141_425487_1,248,48.7,1.5e-11,0.0,198,48.3,1.4e-14,2e-11,0.0,workflow/out/asr_HMMER/domtbl/Capsule_1_asr_B.domtblout
k141_75993_2/252-416,k141_75993_2,423,48.7,1.5e-11,0.8,165,47.2,3.1e-14,4.3e-11,0.0,workflow/out/asr_HMMER/domtbl/Capsule_1_asr_B.domtblout
k141_92441_3/253-415,k141_92441_3,422,48.5,1.7e-11,0.0,163,48.5,1.2e-14,1.7e-11,0.0,workflow/out/asr_HMMER/domtbl/Capsule_1_asr_B.domtblout
k141_245395_21/250-414,k141_245395_21,421,48.4,1.8e-11,0.1,165,45.8,8.2e-14,1.1e-10,0.0,workflow/out/asr_HMMER/domtbl/Capsule_1_asr_B.domtblout
k141_4559_66/68-266,k141_4559_66,275,48.1,2.2e-11,0.9,199,45.5,9.9e-14,1.4e-10,0.9,workflow/out/asr_HMMER/domtbl/Capsule_1_asr_B.domtblout
k141_200053_24/254-416,k141_200053_24,423,48.0,2.4e-11,0.0,163,48.0,1.7e-14,2.4e-11,0.0,workflow/out/asr_HMMER/domtbl/Capsule_1_asr_B.domtblout
k141_130923_23/254-418,k141_130923_23,425,47.9,2.6e-11,0.9,165,46.9,3.8e-14,5.3e-11,0.0,workflow/out/asr_HMMER/domtbl/Capsule_1_asr_B.domtblout
k141_279632_41/252-416,k141_279632_41,423,47.9,2.6e-11,0.0,165,47.1,3.3e-14,4.6e-11,0.0,workflow/out/asr_HMMER/domtbl/Capsule_1_asr_B.domtblout
k141_489666_3/254-416,k141_489666_3,423,47.9,2.7e-11,0.0,163,47.9,1.9e-14,2.7e-11,0.0,workflow/out/asr_HMMER/domtbl/Capsule_1_asr_B.domtblout
k141_315594_34/254-418,k141_315594_34,425,47.7,3.1e-11,1.1,165,46.9,3.7e-14,5.2e-11,0.0,workflow/out/asr_HMMER/domtbl/Capsule_1_asr_B.domtblout
k141_368510_2/30-246,k141_368510_2,256,47.2,4.3e-11,0.5,217,44.7,1.8e-13,2.4e-10,0.5,workflow/out/asr_HMMER/domtbl/Capsule_1_asr_B.domtblout
k141_47627_3/26-164,k141_47627_3,171,46.2,8.6e-11,0.1,139,46.0,7.1e-14,9.9e-11,0.1,workflow/out/asr_HMMER/domtbl/Capsule_1_asr_B.domtblout
k141_465409_8/252-416,k141_465409_8,423,45.4,1.5e-10,1.2,165,44.6,2e-13,2.7e-10,0.0,workflow/out/asr_HMMER/domtbl/Capsule_1_asr_B.domtblout
k141_117213_84/32-263,k141_117213_84,269,44.8,2.3e-10,0.0,232,44.4,2.2e-13,3e-10,0.0,workflow/out/asr_HMMER/domtbl/Capsule_1_asr_B.domtblout
k141_4811_42/253-416,k141_4811_42,424,43.0,8.4e-10,1.4,164,42.9,6.4e-13,9e-10,0.0,workflow/out/asr_HMMER/domtbl/Capsule_1_asr_B.domtblout
k141_52936_72/255-420,k141_52936_72,431,42.8,9.3e-10,0.0,166,40.6,3.3e-12,4.6e-09,0.0,workflow/out/asr_HMMER/domtbl/Capsule_1_asr_B.domtblout
k141_269578_1/2-155,k141_269578_1,162,42.1,1.6e-09,0.0,154,41.9,1.3e-12,1.8e-09,0.0,workflow/out/asr_HMMER/domtbl/Capsule_1_asr_B.domtblout
k141_328210_1/175-334,k141_328210_1,342,41.9,1.8e-09,0.0,160,40.5,3.4e-12,4.7e-09,0.0,workflow/out/asr_HMMER/domtbl/Capsule_1_asr_B.domtblout
k141_6441_5/60-237,k141_6441_5,272,38.6,1.9e-08,0.1,178,36.9,4.4e-11,6.1e-08,0.1,workflow/out/asr_HMMER/domtbl/Capsule_1_asr_B.domtblout
k141_18169_3/29-120,k141_18169_3,127,38.1,2.6e-08,0.0,92,37.9,2.1e-11,2.9e-08,0.0,workflow/out/asr_HMMER/domtbl/Capsule_1_asr_B.domtblout
k141_386196_10/25-252,k141_386196_10,259,35.6,1.5e-07,0.0,228,34.7,2.1e-10,2.9e-07,0.0,workflow/out/asr_HMMER/domtbl/Capsule_1_asr_B.domtblout
k141_209090_100/117-245,k141_209090_100,272,34.6,3.1e-07,0.1,129,34.0,3.2e-10,4.5e-07,0.1,workflow/out/asr_HMMER/domtbl/Capsule_1_asr_B.domtblout
k141_495044_1/29-128,k141_495044_1,143,32.7,1.2e-06,0.0,100,32.3,1.1e-09,1.5e-06,0.0,workflow/out/asr_HMMER/domtbl/Capsule_1_asr_B.domtblout
k141_106463_5/141-271,k141_106463_5,302,32.2,1.6e-06,0.0,131,31.8,1.5e-09,2.1e-06,0.0,workflow/out/asr_HMMER/domtbl/Capsule_1_asr_B.domtblout
k141_1604_1/1-26,k141_1604_1,34,30.9,4.1e-06,0.3,26,30.9,3e-09,4.1e-06,0.3,workflow/out/asr_HMMER/domtbl/Capsule_1_asr_B.domtblout
k141_200130_12/242-374,k141_200130_12,432,28.2,2.8e-05,0.0,133,26.7,5.6e-08,7.8e-05,0.0,workflow/out/asr_HMMER/domtbl/Capsule_1_asr_B.domtblout
k141_49850_4/1-24,k141_49850_4,29,27.7,3.9e-05,0.2,24,27.7,2.8e-08,3.9e-05,0.2,workflow/out/asr_HMMER/domtbl/Capsule_1_asr_B.domtblout
k141_49914_4/1-24,k141_49914_4,29,27.7,3.9e-05,0.2,24,27.7,2.8e-08,3.9e-05,0.2,workflow/out/asr_HMMER/domtbl/Capsule_1_asr_B.domtblout
k141_126892_1/52-122,k141_126892_1,122,26.8,7.3e-05,0.0,71,26.6,5.9e-08,8.2e-05,0.0,workflow/out/asr_HMMER/domtbl/Capsule_1_asr_B.domtblout
k141_72700_4/27-161,k141_72700_4,174,26.8,7.5e-05,0.0,135,26.5,6.5e-08,9.1e-05,0.0,workflow/out/asr_HMMER/domtbl/Capsule_1_asr_B.domtblout
k141_470672_1/252-307,k141_470672_1,308,26.5,8.9e-05,2.0,56,26.4,7e-08,9.7e-05,0.0,workflow/out/asr_HMMER/domtbl/Capsule_1_asr_B.domtblout
k141_463736_3/254-309,k141_463736_3,310,26.5,9e-05,2.0,56,26.4,7.1e-08,9.9e-05,0.0,workflow/out/asr_HMMER/domtbl/Capsule_1_asr_B.domtblout
k141_470255_2/68-166,k141_470255_2,228,25.5,0.00018,0.0,99,25.5,1.3e-07,0.00018,0.0,workflow/out/asr_HMMER/domtbl/Capsule_1_asr_B.domtblout
k141_286670_2/111-186,k141_286670_2,273,24.6,0.00035,0.0,76,23.9,4e-07,0.00055,0.0,workflow/out/asr_HMMER/domtbl/Capsule_1_asr_B.domtblout
k141_296392_1/15-104,k141_296392_1,104,24.5,0.00037,0.0,90,24.3,3.1e-07,0.00043,0.0,workflow/out/asr_HMMER/domtbl/Capsule_1_asr_B.domtblout
k141_340187_2/12-83,k141_340187_2,90,23.9,0.00054,1.8,72,22.5,1e-06,0.0015,1.8,workflow/out/asr_HMMER/domtbl/Capsule_1_asr_B.domtblout
k141_238384_1/250-299,k141_238384_1,299,23.9,0.00056,2.2,50,23.4,5.5e-07,0.00077,0.0,workflow/out/asr_HMMER/domtbl/Capsule_1_asr_B.domtblout
k141_42936_1/7-82,k141_42936_1,87,22.4,0.0016,0.0,76,22.3,1.2e-06,0.0017,0.0,workflow/out/asr_HMMER/domtbl/Capsule_1_asr_B.domtblout
k141_72700_5/2-61,k141_72700_5,98,21.6,0.0027,2.2,60,21.4,2.4e-06,0.0033,2.2,workflow/out/asr_HMMER/domtbl/Capsule_1_asr_B.domtblout
k141_434009_7/112-292,k141_434009_7,315,21.3,0.0034,8.2,181,15.2,0.00018,0.25,8.2,workflow/out/asr_HMMER/domtbl/Capsule_1_asr_B.domtblout
k141_140835_2/4-81,k141_140835_2,126,21.0,0.0043,1.4,78,20.7,3.9e-06,0.0054,1.4,workflow/out/asr_HMMER/domtbl/Capsule_1_asr_B.domtblout
k141_427300_9/30-226,k141_427300_9,245,21.0,0.0043,0.0,197,20.7,3.8e-06,0.0053,0.0,workflow/out/asr_HMMER/domtbl/Capsule_1_asr_B.domtblout
k141_348923_1/18-89,k141_348923_1,96,20.9,0.0046,2.4,72,19.2,1.1e-05,0.015,2.4,workflow/out/asr_HMMER/domtbl/Capsule_1_asr_B.domtblout
k141_445518_1/2-45,k141_445518_1,52,20.1,0.0082,2.1,44,17.6,3.3e-05,0.046,2.1,workflow/out/asr_HMMER/domtbl/Capsule_1_asr_B.domtblout
k141_190691_10/3-262,k141_190691_10,263,434.4,1.5e-129,0.4,260,434.2,1.1e-132,1.7e-129,0.4,workflow/out/asr_HMMER/domtbl/Capsule_14_asr_B.domtblout
k141_8855_5/3-262,k141_8855_5,263,423.0,4.5e-126,0.5,260,422.9,3.2e-129,5e-126,0.5,workflow/out/asr_HMMER/domtbl/Capsule_14_asr_B.domtblout
k141_89767_13/2-263,k141_89767_13,264,418.3,1.3e-124,2.9,262,418.1,9.2e-128,1.4e-124,2.9,workflow/out/asr_HMMER/domtbl/Capsule_14_asr_B.domtblout
k141_32722_4/1-181,k141_32722_4,182,256.6,2.6e-75,0.2,181,256.5,1.8e-78,2.9e-75,0.2,workflow/out/asr_HMMER/domtbl/Capsule_14_asr_B.domtblout
k141_143960_3/12-278,k141_143960_3,283,234.1,2e-68,0.0,267,233.9,1.4e-71,2.2e-68,0.0,workflow/out/asr_HMMER/domtbl/Capsule_14_asr_B.domtblout
k141_111933_6/12-278,k141_111933_6,283,231.8,1e-67,0.0,267,231.6,7.3e-71,1.1e-67,0.0,workflow/out/asr_HMMER/domtbl/Capsule_14_asr_B.domtblout
k141_100274_35/15-276,k141_100274_35,285,188.1,2.2e-54,0.3,262,187.8,1.7e-57,2.7e-54,0.3,workflow/out/asr_HMMER/domtbl/Capsule_14_asr_B.domtblout
k141_15465_10/15-273,k141_15465_10,285,188.0,2.2e-54,0.2,259,187.7,1.8e-57,2.8e-54,0.2,workflow/out/asr_HMMER/domtbl/Capsule_14_asr_B.domtblout
k141_4868_17/15-273,k141_4868_17,285,185.0,1.9e-53,0.1,259,184.7,1.5e-56,2.3e-53,0.1,workflow/out/asr_HMMER/domtbl/Capsule_14_asr_B.domtblout
k141_116276_20/8-267,k141_116276_20,279,183.6,5.2e-53,0.2,260,183.4,3.8e-56,5.8e-53,0.2,workflow/out/asr_HMMER/domtbl/Capsule_14_asr_B.domtblout
k141_204851_12/8-272,k141_204851_12,279,181.5,2.1e-52,0.0,265,181.3,1.7e-55,2.6e-52,0.0,workflow/out/asr_HMMER/domtbl/Capsule_14_asr_B.domtblout
k141_99002_8/15-279,k141_99002_8,285,180.3,5.2e-52,0.3,265,179.8,4.6e-55,7.2e-52,0.3,workflow/out/asr_HMMER/domtbl/Capsule_14_asr_B.domtblout
k141_170993_4/160-426,k141_170993_4,431,165.2,2e-47,0.0,267,164.9,1.6e-50,2.5e-47,0.0,workflow/out/asr_HMMER/domtbl/Capsule_14_asr_B.domtblout
k141_241762_8/39-279,k141_241762_8,291,164.2,4e-47,0.0,241,164.0,3.2e-50,4.9e-47,0.0,workflow/out/asr_HMMER/domtbl/Capsule_14_asr_B.domtblout
k141_137012_8/405-631,k141_137012_8,640,160.7,4.8e-46,0.0,227,160.1,4.8e-49,7.4e-46,0.0,workflow/out/asr_HMMER/domtbl/Capsule_14_asr_B.domtblout
k141_86540_2/404-663,k141_86540_2,672,152.8,1.2e-43,0.0,260,152.2,1.2e-46,1.9e-43,0.0,workflow/out/asr_HMMER/domtbl/Capsule_14_asr_B.domtblout
k141_233673_3/3-161,k141_233673_3,173,133.8,7.9e-38,0.1,159,133.6,5.9e-41,9.1e-38,0.1,workflow/out/asr_HMMER/domtbl/Capsule_14_asr_B.domtblout
k141_213364_2/25-251,k141_213364_2,296,88.7,4.5e-24,2.2,227,88.3,3.8e-27,5.9e-24,2.2,workflow/out/asr_HMMER/domtbl/Capsule_14_asr_B.domtblout
k141_206307_6/25-251,k141_206307_6,296,88.4,5.5e-24,2.4,227,88.0,4.6e-27,7.2e-24,2.4,workflow/out/asr_HMMER/domtbl/Capsule_14_asr_B.domtblout
k141_235080_3/25-251,k141_235080_3,296,87.6,9.6e-24,2.8,227,87.0,9.8e-27,1.5e-23,2.8,workflow/out/asr_HMMER/domtbl/Capsule_14_asr_B.domtblout
k141_110065_3/29-252,k141_110065_3,259,87.3,1.2e-23,1.0,224,86.0,1.9e-26,2.9e-23,1.0,workflow/out/asr_HMMER/domtbl/Capsule_14_asr_B.domtblout
k141_66621_5/25-251,k141_66621_5,296,86.8,1.7e-23,2.5,227,86.4,1.5e-26,2.2e-23,2.5,workflow/out/asr_HMMER/domtbl/Capsule_14_asr_B.domtblout
k141_89514_60/31-249,k141_89514_60,256,86.4,2.2e-23,1.2,219,86.1,1.9e-26,2.9e-23,1.2,workflow/out/asr_HMMER/domtbl/Capsule_14_asr_B.domtblout
k141_10254_12/27-251,k141_10254_12,296,85.6,4e-23,1.7,225,85.2,3.4e-26,5.2e-23,1.7,workflow/out/asr_HMMER/domtbl/Capsule_14_asr_B.domtblout
k141_210068_46/26-251,k141_210068_46,293,84.3,9.8e-23,2.1,226,84.0,8e-26,1.2e-22,2.1,workflow/out/asr_HMMER/domtbl/Capsule_14_asr_B.domtblout
k141_53586_2/26-251,k141_53586_2,296,83.8,1.4e-22,4.9,226,83.8,9e-26,1.4e-22,4.9,workflow/out/asr_HMMER/domtbl/Capsule_14_asr_B.domtblout
k141_95874_13/34-246,k141_95874_13,254,83.6,1.6e-22,1.6,213,83.2,1.3e-25,2.1e-22,1.6,workflow/out/asr_HMMER/domtbl/Capsule_14_asr_B.domtblout
k141_75036_55/26-251,k141_75036_55,296,83.4,1.8e-22,1.9,226,83.1,1.5e-25,2.4e-22,1.9,workflow/out/asr_HMMER/domtbl/Capsule_14_asr_B.domtblout
k141_100614_2/25-251,k141_100614_2,296,81.6,6.6e-22,3.7,227,81.2,5.6e-25,8.6e-22,3.7,workflow/out/asr_HMMER/domtbl/Capsule_14_asr_B.domtblout
k141_96214_2/24-272,k141_96214_2,317,81.1,9.4e-22,2.9,249,80.7,8.1e-25,1.3e-21,2.9,workflow/out/asr_HMMER/domtbl/Capsule_14_asr_B.domtblout
k141_54586_9/26-244,k141_54586_9,283,79.2,3.5e-21,0.3,219,78.8,3.1e-24,4.8e-21,0.3,workflow/out/asr_HMMER/domtbl/Capsule_14_asr_B.domtblout
k141_204720_9/26-251,k141_204720_9,293,79.0,4.1e-21,2.9,226,78.7,3.4e-24,5.2e-21,2.9,workflow/out/asr_HMMER/domtbl/Capsule_14_asr_B.domtblout
k141_128137_12/25-251,k141_128137_12,293,78.8,4.8e-21,2.8,227,78.5,3.7e-24,5.8e-21,2.8,workflow/out/asr_HMMER/domtbl/Capsule_14_asr_B.domtblout
k141_137275_2/27-251,k141_137275_2,293,78.0,8.1e-21,1.3,225,77.6,6.9e-24,1.1e-20,1.3,workflow/out/asr_HMMER/domtbl/Capsule_14_asr_B.domtblout
k141_244926_4/2-251,k141_244926_4,296,77.8,9.5e-21,2.4,250,77.5,7.8e-24,1.2e-20,2.4,workflow/out/asr_HMMER/domtbl/Capsule_14_asr_B.domtblout
k141_41230_13/25-251,k141_41230_13,296,76.6,2.2e-20,2.2,227,76.3,1.7e-23,2.7e-20,2.2,workflow/out/asr_HMMER/domtbl/Capsule_14_asr_B.domtblout
k141_126436_28/24-251,k141_126436_28,296,76.6,2.2e-20,2.7,228,76.6,1.4e-23,2.2e-20,2.7,workflow/out/asr_HMMER/domtbl/Capsule_14_asr_B.domtblout
k141_193608_2/27-246,k141_193608_2,252,75.9,3.6e-20,0.4,220,75.5,3e-23,4.7e-20,0.4,workflow/out/asr_HMMER/domtbl/Capsule_14_asr_B.domtblout
k141_8730_3/33-255,k141_8730_3,262,75.9,3.7e-20,0.5,223,74.6,6e-23,9.3e-20,0.5,workflow/out/asr_HMMER/domtbl/Capsule_14_asr_B.domtblout
k141_149708_29/25-251,k141_149708_29,296,75.0,7e-20,3.4,227,74.7,5.5e-23,8.6e-20,3.4,workflow/out/asr_HMMER/domtbl/Capsule_14_asr_B.domtblout
k141_152846_123/28-247,k141_152846_123,256,74.5,9.3e-20,0.2,220,74.2,7.8e-23,1.2e-19,0.2,workflow/out/asr_HMMER/domtbl/Capsule_14_asr_B.domtblout
k141_234903_54/24-245,k141_234903_54,281,74.3,1.1e-19,0.6,222,73.9,9.4e-23,1.5e-19,0.6,workflow/out/asr_HMMER/domtbl/Capsule_14_asr_B.domtblout
k141_121633_2/34-253,k141_121633_2,259,73.7,1.7e-19,0.4,220,73.3,1.4e-22,2.2e-19,0.4,workflow/out/asr_HMMER/domtbl/Capsule_14_asr_B.domtblout
k141_201216_2/26-247,k141_201216_2,282,72.6,3.6e-19,1.0,222,72.3,3e-22,4.6e-19,1.0,workflow/out/asr_HMMER/domtbl/Capsule_14_asr_B.domtblout
k141_49670_36/27-252,k141_49670_36,297,72.1,5.1e-19,2.0,226,71.4,5.5e-22,8.5e-19,2.0,workflow/out/asr_HMMER/domtbl/Capsule_14_asr_B.domtblout
k141_241923_20/34-251,k141_241923_20,259,72.0,5.5e-19,0.1,218,71.6,4.7e-22,7.2e-19,0.1,workflow/out/asr_HMMER/domtbl/Capsule_14_asr_B.domtblout
k141_136300_1/25-244,k141_136300_1,284,71.6,7.3e-19,0.9,220,71.2,6.2e-22,9.6e-19,0.9,workflow/out/asr_HMMER/domtbl/Capsule_14_asr_B.domtblout
k141_145216_97/26-252,k141_145216_97,297,71.5,8e-19,1.5,227,71.0,7.5e-22,1.2e-18,1.5,workflow/out/asr_HMMER/domtbl/Capsule_14_asr_B.domtblout
k141_112781_9/30-249,k141_112781_9,255,71.4,8.5e-19,2.0,220,70.2,1.3e-21,2e-18,2.0,workflow/out/asr_HMMER/domtbl/Capsule_14_asr_B.domtblout
k141_208143_5/30-247,k141_208143_5,256,71.1,1.1e-18,0.0,218,70.7,9e-22,1.4e-18,0.0,workflow/out/asr_HMMER/domtbl/Capsule_14_asr_B.domtblout
k141_38531_17/32-256,k141_38531_17,263,70.8,1.3e-18,0.6,225,69.1,2.7e-21,4.2e-18,0.6,workflow/out/asr_HMMER/domtbl/Capsule_14_asr_B.domtblout
k141_89759_1/29-252,k141_89759_1,259,70.1,2.1e-18,0.5,224,69.1,2.9e-21,4.4e-18,0.5,workflow/out/asr_HMMER/domtbl/Capsule_14_asr_B.domtblout
k141_94864_20/14-262,k141_94864_20,269,70.1,2.2e-18,3.6,249,68.9,3.1e-21,4.8e-18,3.6,workflow/out/asr_HMMER/domtbl/Capsule_14_asr_B.domtblout
k141_97366_1/21-244,k141_97366_1,251,69.8,2.6e-18,0.2,224,68.7,3.5e-21,5.5e-18,0.2,workflow/out/asr_HMMER/domtbl/Capsule_14_asr_B.domtblout
k141_37966_3/27-252,k141_37966_3,297,69.0,4.5e-18,2.6,226,68.6,4e-21,6.1e-18,2.6,workflow/out/asr_HMMER/domtbl/Capsule_14_asr_B.domtblout
k141_17557_2/31-249,k141_17557_2,256,69.0,4.7e-18,1.3,219,66.9,1.3e-20,1.9e-17,1.3,workflow/out/asr_HMMER/domtbl/Capsule_14_asr_B.domtblout
k141_157024_289/27-252,k141_157024_289,297,68.8,5.2e-18,1.5,226,68.3,4.8e-21,7.4e-18,1.5,workflow/out/asr_HMMER/domtbl/Capsule_14_asr_B.domtblout
k141_51433_2/2-245,k141_51433_2,280,68.7,5.6e-18,0.0,244,68.4,4.5e-21,6.9e-18,0.0,workflow/out/asr_HMMER/domtbl/Capsule_14_asr_B.domtblout
k141_40108_3/28-244,k141_40108_3,785,68.3,7.5e-18,2.6,217,67.3,9.7e-21,1.5e-17,2.6,workflow/out/asr_HMMER/domtbl/Capsule_14_asr_B.domtblout
k141_186665_135/29-254,k141_186665_135,261,67.9,9.7e-18,0.7,226,66.3,1.9e-20,3e-17,0.7,workflow/out/asr_HMMER/domtbl/Capsule_14_asr_B.domtblout
k141_195872_11/35-231,k141_195872_11,237,67.6,1.2e-17,0.0,197,67.1,1.1e-20,1.8e-17,0.0,workflow/out/asr_HMMER/domtbl/Capsule_14_asr_B.domtblout
k141_195853_6/14-243,k141_195853_6,367,67.6,1.3e-17,2.9,230,67.1,1.1e-20,1.7e-17,2.9,workflow/out/asr_HMMER/domtbl/Capsule_14_asr_B.domtblout
k141_124806_1/26-243,k141_124806_1,583,67.6,1.3e-17,2.5,218,67.6,8.2e-21,1.3e-17,2.5,workflow/out/asr_HMMER/domtbl/Capsule_14_asr_B.domtblout
k141_25749_16/28-243,k141_25749_16,266,67.4,1.4e-17,3.5,216,67.0,1.2e-20,1.9e-17,3.5,workflow/out/asr_HMMER/domtbl/Capsule_14_asr_B.domtblout
k141_26840_2/34-253,k141_26840_2,258,67.3,1.5e-17,1.7,220,65.7,3e-20,4.6e-17,1.7,workflow/out/asr_HMMER/domtbl/Capsule_14_asr_B.domtblout
k141_172989_32/28-243,k141_172989_32,266,67.3,1.5e-17,3.4,216,66.8,1.3e-20,2.1e-17,3.4,workflow/out/asr_HMMER/domtbl/Capsule_14_asr_B.domtblout
k141_164582_125/34-256,k141_164582_125,262,66.9,2e-17,0.1,223,66.6,1.6e-20,2.5e-17,0.1,workflow/out/asr_HMMER/domtbl/Capsule_14_asr_B.domtblout
k141_124413_15/26-244,k141_124413_15,283,66.8,2.1e-17,1.2,219,66.4,1.8e-20,2.8e-17,1.2,workflow/out/asr_HMMER/domtbl/Capsule_14_asr_B.domtblout
k141_226949_1/27-212,k141_226949_1,228,66.5,2.7e-17,0.1,186,66.1,2.2e-20,3.4e-17,0.1,workflow/out/asr_HMMER/domtbl/Capsule_14_asr_B.domtblout
k141_147193_1/21-245,k141_147193_1,253,66.3,3.1e-17,0.1,225,65.8,2.7e-20,4.2e-17,0.1,workflow/out/asr_HMMER/domtbl/Capsule_14_asr_B.domtblout
k141_87324_124/26-244,k141_87324_124,281,66.0,3.7e-17,1.6,219,65.6,3.2e-20,4.9e-17,1.6,workflow/out/asr_HMMER/domtbl/Capsule_14_asr_B.domtblout
k141_55622_84/28-246,k141_55622_84,284,65.7,4.6e-17,0.3,219,65.3,3.9e-20,6.1e-17,0.3,workflow/out/asr_HMMER/domtbl/Capsule_14_asr_B.domtblout
k141_116437_23/29-254,k141_116437_23,261,65.7,4.7e-17,1.0,226,64.0,9.7e-20,1.5e-16,1.0,workflow/out/asr_HMMER/domtbl/Capsule_14_asr_B.domtblout
k141_210907_223/34-252,k141_210907_223,260,65.6,4.9e-17,0.1,219,65.1,4.5e-20,7e-17,0.1,workflow/out/asr_HMMER/domtbl/Capsule_14_asr_B.domtblout
k141_201007_2/29-255,k141_201007_2,262,65.3,6.1e-17,0.9,227,63.6,1.3e-19,2.1e-16,0.9,workflow/out/asr_HMMER/domtbl/Capsule_14_asr_B.domtblout
k141_88225_2/31-250,k141_88225_2,257,65.3,6.2e-17,4.0,220,62.2,3.6e-19,5.6e-16,4.0,workflow/out/asr_HMMER/domtbl/Capsule_14_asr_B.domtblout
k141_59778_7/31-261,k141_59778_7,267,65.1,7.2e-17,1.5,231,63.3,1.6e-19,2.5e-16,1.5,workflow/out/asr_HMMER/domtbl/Capsule_14_asr_B.domtblout
k141_162321_2/25-245,k141_162321_2,282,63.7,1.8e-16,0.9,221,63.3,1.6e-19,2.4e-16,0.9,workflow/out/asr_HMMER/domtbl/Capsule_14_asr_B.domtblout
k141_28023_4/38-258,k141_28023_4,265,63.5,2.1e-16,0.4,221,62.2,3.5e-19,5.4e-16,0.4,workflow/out/asr_HMMER/domtbl/Capsule_14_asr_B.domtblout
k141_127908_3/41-261,k141_127908_3,268,63.2,2.6e-16,0.2,221,62.0,4.1e-19,6.4e-16,0.2,workflow/out/asr_HMMER/domtbl/Capsule_14_asr_B.domtblout
k141_238092_21/34-254,k141_238092_21,261,63.0,3e-16,0.2,221,61.8,4.8e-19,7.4e-16,0.2,workflow/out/asr_HMMER/domtbl/Capsule_14_asr_B.domtblout
k141_179931_3/32-231,k141_179931_3,253,62.9,3.2e-16,0.4,200,61.9,4.5e-19,6.9e-16,0.4,workflow/out/asr_HMMER/domtbl/Capsule_14_asr_B.domtblout
k141_649_1/125-341,k141_649_1,347,62.8,3.6e-16,0.2,217,62.2,3.4e-19,5.3e-16,0.2,workflow/out/asr_HMMER/domtbl/Capsule_14_asr_B.domtblout
k141_173616_9/15-124,k141_173616_9,231,62.6,4.1e-16,9.2,110,44.4,9.5e-14,1.5e-10,0.5,workflow/out/asr_HMMER/domtbl/Capsule_14_asr_B.domtblout
k141_173616_9/152-221,k141_173616_9,231,62.6,4.1e-16,9.2,70,22.1,6.1e-07,0.00094,3.3,workflow/out/asr_HMMER/domtbl/Capsule_14_asr_B.domtblout
k141_23348_23/28-246,k141_23348_23,280,62.2,5.4e-16,0.1,219,61.8,4.8e-19,7.4e-16,0.1,workflow/out/asr_HMMER/domtbl/Capsule_14_asr_B.domtblout
k141_15640_2/26-245,k141_15640_2,278,62.2,5.6e-16,1.6,220,61.8,4.8e-19,7.5e-16,1.6,workflow/out/asr_HMMER/domtbl/Capsule_14_asr_B.domtblout
k141_112026_99/42-264,k141_112026_99,273,62.1,5.9e-16,0.3,223,59.2,2.9e-18,4.5e-15,0.3,workflow/out/asr_HMMER/domtbl/Capsule_14_asr_B.domtblout
k141_230188_16/55-251,k141_230188_16,257,61.9,6.5e-16,1.7,197,61.1,7.8e-19,1.2e-15,1.7,workflow/out/asr_HMMER/domtbl/Capsule_14_asr_B.domtblout
k141_174938_2/26-244,k141_174938_2,281,61.4,9.6e-16,3.2,219,61.0,8.1e-19,1.2e-15,3.2,workflow/out/asr_HMMER/domtbl/Capsule_14_asr_B.domtblout
k141_158037_28/31-255,k141_158037_28,262,61.4,9.8e-16,1.6,225,60.3,1.4e-18,2.1e-15,1.6,workflow/out/asr_HMMER/domtbl/Capsule_14_asr_B.domtblout
k141_135190_2/31-249,k141_135190_2,256,61.3,1e-15,0.8,219,59.4,2.5e-18,3.9e-15,0.8,workflow/out/asr_HMMER/domtbl/Capsule_14_asr_B.domtblout
k141_90228_11/33-243,k141_90228_11,253,60.6,1.7e-15,0.2,211,59.9,1.7e-18,2.7e-15,0.2,workflow/out/asr_HMMER/domtbl/Capsule_14_asr_B.domtblout
k141_135956_5/37-261,k141_135956_5,268,59.4,4e-15,0.8,225,58.9,3.6e-18,5.6e-15,0.8,workflow/out/asr_HMMER/domtbl/Capsule_14_asr_B.domtblout
k141_98916_39/33-272,k141_98916_39,279,59.3,4.2e-15,0.9,240,57.6,8.8e-18,1.4e-14,0.9,workflow/out/asr_HMMER/domtbl/Capsule_14_asr_B.domtblout
k141_62592_69/40-261,k141_62592_69,268,59.1,4.7e-15,0.0,222,58.5,4.6e-18,7.2e-15,0.0,workflow/out/asr_HMMER/domtbl/Capsule_14_asr_B.domtblout
k141_156252_10/2-176,k141_156252_10,183,59.0,5.3e-15,0.0,175,58.7,4.2e-18,6.5e-15,0.0,workflow/out/asr_HMMER/domtbl/Capsule_14_asr_B.domtblout
k141_217865_2/17-234,k141_217865_2,271,58.6,6.9e-15,3.3,218,58.2,5.9e-18,9.2e-15,3.3,workflow/out/asr_HMMER/domtbl/Capsule_14_asr_B.domtblout
k141_26271_3/32-254,k141_26271_3,261,58.3,8.2e-15,0.8,223,56.6,1.8e-17,2.8e-14,0.8,workflow/out/asr_HMMER/domtbl/Capsule_14_asr_B.domtblout
k141_120365_2/33-252,k141_120365_2,259,58.0,1e-14,1.1,220,55.5,3.9e-17,6.1e-14,1.1,workflow/out/asr_HMMER/domtbl/Capsule_14_asr_B.domtblout
k141_224864_45/29-245,k141_224864_45,286,57.9,1.1e-14,0.1,217,57.5,9.6e-18,1.5e-14,0.1,workflow/out/asr_HMMER/domtbl/Capsule_14_asr_B.domtblout
k141_86889_67/29-264,k141_86889_67,270,57.6,1.3e-14,3.5,236,54.9,5.8e-17,8.9e-14,3.5,workflow/out/asr_HMMER/domtbl/Capsule_14_asr_B.domtblout
k141_3665_45/33-248,k141_3665_45,256,57.1,1.9e-14,4.6,216,55.4,4.3e-17,6.7e-14,4.6,workflow/out/asr_HMMER/domtbl/Capsule_14_asr_B.domtblout
k141_161060_49/34-254,k141_161060_49,260,57.1,1.9e-14,0.5,221,56.6,1.8e-17,2.8e-14,0.5,workflow/out/asr_HMMER/domtbl/Capsule_14_asr_B.domtblout
k141_123088_11/35-231,k141_123088_11,237,56.9,2.2e-14,2.7,197,55.6,3.5e-17,5.5e-14,2.7,workflow/out/asr_HMMER/domtbl/Capsule_14_asr_B.domtblout
k141_150372_4/26-244,k141_150372_4,283,56.9,2.2e-14,2.6,219,56.4,2.1e-17,3.3e-14,2.6,workflow/out/asr_HMMER/domtbl/Capsule_14_asr_B.domtblout
k141_31401_9/26-244,k141_31401_9,281,56.6,2.8e-14,3.4,219,56.2,2.4e-17,3.7e-14,3.4,workflow/out/asr_HMMER/domtbl/Capsule_14_asr_B.domtblout
k141_210810_3/32-249,k141_210810_3,286,56.5,3e-14,2.8,218,56.1,2.5e-17,3.9e-14,2.8,workflow/out/asr_HMMER/domtbl/Capsule_14_asr_B.domtblout
k141_194506_6/34-254,k141_194506_6,260,56.1,3.9e-14,0.6,221,55.7,3.4e-17,5.3e-14,0.6,workflow/out/asr_HMMER/domtbl/Capsule_14_asr_B.domtblout
k141_176528_2/32-248,k141_176528_2,256,56.0,4.2e-14,2.8,217,54.0,1.1e-16,1.7e-13,2.8,workflow/out/asr_HMMER/domtbl/Capsule_14_asr_B.domtblout
k141_172915_178/29-247,k141_172915_178,255,55.5,6.2e-14,1.2,219,54.1,1e-16,1.6e-13,1.2,workflow/out/asr_HMMER/domtbl/Capsule_14_asr_B.domtblout
k141_201949_2/33-135,k141_201949_2,261,55.3,7e-14,1.1,103,28.3,7.8e-09,1.2e-05,0.0,workflow/out/asr_HMMER/domtbl/Capsule_14_asr_B.domtblout
k141_201949_2/193-254,k141_201949_2,261,55.3,7e-14,1.1,62,24.7,9.7e-08,0.00015,1.5,workflow/out/asr_HMMER/domtbl/Capsule_14_asr_B.domtblout
k141_40090_5/44-262,k141_40090_5,292,55.2,7.2e-14,3.6,219,54.9,5.9e-17,9.1e-14,3.6,workflow/out/asr_HMMER/domtbl/Capsule_14_asr_B.domtblout
k141_214417_1/2-192,k141_214417_1,196,55.2,7.3e-14,2.9,191,54.2,9.8e-17,1.5e-13,2.9,workflow/out/asr_HMMER/domtbl/Capsule_14_asr_B.domtblout
k141_123069_92/57-150,k141_123069_92,317,54.8,9.7e-14,6.2,94,29.8,2.8e-09,4.3e-06,0.1,workflow/out/asr_HMMER/domtbl/Capsule_14_asr_B.domtblout
k141_123069_92/185-311,k141_123069_92,317,54.8,9.7e-14,6.2,127,25.0,7.8e-08,0.00012,3.1,workflow/out/asr_HMMER/domtbl/Capsule_14_asr_B.domtblout
k141_81108_2/2-192,k141_81108_2,196,53.2,3e-13,3.5,191,51.9,5.1e-16,7.8e-13,3.5,workflow/out/asr_HMMER/domtbl/Capsule_14_asr_B.domtblout
k141_118487_3/37-259,k141_118487_3,264,53.1,3.3e-13,0.0,223,52.7,2.7e-16,4.2e-13,0.0,workflow/out/asr_HMMER/domtbl/Capsule_14_asr_B.domtblout
k141_161060_118/250-415,k141_161060_118,423,52.5,4.9e-13,0.3,166,50.7,1.1e-15,1.8e-12,0.0,workflow/out/asr_HMMER/domtbl/Capsule_14_asr_B.domtblout
k141_222734_2/30-241,k141_222734_2,251,52.3,5.7e-13,7.3,212,49.8,2.1e-15,3.2e-12,7.3,workflow/out/asr_HMMER/domtbl/Capsule_14_asr_B.domtblout
k141_200210_23/27-244,k141_200210_23,281,52.1,6.5e-13,4.1,218,51.7,5.5e-16,8.5e-13,4.1,workflow/out/asr_HMMER/domtbl/Capsule_14_asr_B.domtblout
k141_33494_1/34-167,k141_33494_1,192,51.6,9.4e-13,0.1,134,51.2,7.7e-16,1.2e-12,0.1,workflow/out/asr_HMMER/domtbl/Capsule_14_asr_B.domtblout
k141_243216_1/26-197,k141_243216_1,212,51.1,1.3e-12,0.1,172,50.8,1e-15,1.6e-12,0.1,workflow/out/asr_HMMER/domtbl/Capsule_14_asr_B.domtblout
k141_210907_216/259-422,k141_210907_216,430,50.4,2.1e-12,0.0,164,47.0,1.5e-14,2.4e-11,0.0,workflow/out/asr_HMMER/domtbl/Capsule_14_asr_B.domtblout
k141_138058_12/26-244,k141_138058_12,283,50.1,2.8e-12,1.1,219,49.6,2.4e-15,3.7e-12,1.1,workflow/out/asr_HMMER/domtbl/Capsule_14_asr_B.domtblout
k141_72741_37/258-421,k141_72741_37,429,49.8,3.2e-12,0.3,164,47.1,1.5e-14,2.3e-11,0.0,workflow/out/asr_HMMER/domtbl/Capsule_14_asr_B.domtblout
k141_165710_10/254-418,k141_165710_10,424,48.7,7.2e-12,0.5,165,48.1,7.1e-15,1.1e-11,0.0,workflow/out/asr_HMMER/domtbl/Capsule_14_asr_B.domtblout
k141_168066_1/242-403,k141_168066_1,408,47.7,1.5e-11,0.0,162,45.9,3.2e-14,5e-11,0.0,workflow/out/asr_HMMER/domtbl/Capsule_14_asr_B.domtblout
k141_171277_1/2-32,k141_171277_1,37,47.3,1.9e-11,2.2,31,47.3,1.3e-14,1.9e-11,2.2,workflow/out/asr_HMMER/domtbl/Capsule_14_asr_B.domtblout
k141_177202_4/5-150,k141_177202_4,187,46.0,4.8e-11,2.8,146,45.6,4.1e-14,6.4e-11,2.8,workflow/out/asr_HMMER/domtbl/Capsule_14_asr_B.domtblout
k141_88794_26/243-404,k141_88794_26,409,45.7,5.7e-11,0.0,162,42.4,3.9e-13,6.1e-10,0.0,workflow/out/asr_HMMER/domtbl/Capsule_14_asr_B.domtblout
k141_107369_1/3-121,k141_107369_1,128,42.0,7.9e-10,0.8,119,41.7,6.2e-13,9.6e-10,0.8,workflow/out/asr_HMMER/domtbl/Capsule_14_asr_B.domtblout
k141_112291_2/29-248,k141_112291_2,257,41.7,9.8e-10,0.6,220,37.6,1.1e-11,1.7e-08,0.6,workflow/out/asr_HMMER/domtbl/Capsule_14_asr_B.domtblout
k141_137505_69/8-218,k141_137505_69,323,41.0,1.6e-09,0.7,211,40.1,2e-12,3e-09,0.0,workflow/out/asr_HMMER/domtbl/Capsule_14_asr_B.domtblout
k141_200400_2/2-150,k141_200400_2,156,38.8,7.4e-09,0.0,149,38.5,5.8e-12,9e-09,0.0,workflow/out/asr_HMMER/domtbl/Capsule_14_asr_B.domtblout
k141_246387_5/6-180,k141_246387_5,290,38.7,8.1e-09,0.2,175,37.1,1.6e-11,2.5e-08,0.0,workflow/out/asr_HMMER/domtbl/Capsule_14_asr_B.domtblout
k141_189532_5/60-237,k141_189532_5,272,38.6,8.8e-09,0.1,178,36.9,1.9e-11,2.9e-08,0.1,workflow/out/asr_HMMER/domtbl/Capsule_14_asr_B.domtblout
k141_171158_2/8-214,k141_171158_2,323,38.3,1.1e-08,0.3,207,36.4,2.5e-11,3.9e-08,0.0,workflow/out/asr_HMMER/domtbl/Capsule_14_asr_B.domtblout
k141_61428_8/29-120,k141_61428_8,127,38.0,1.3e-08,0.0,92,37.9,9.3e-12,1.4e-08,0.0,workflow/out/asr_HMMER/domtbl/Capsule_14_asr_B.domtblout
k141_207719_2/5-161,k141_207719_2,168,38.0,1.3e-08,0.5,157,37.3,1.4e-11,2.1e-08,0.5,workflow/out/asr_HMMER/domtbl/Capsule_14_asr_B.domtblout
k141_24931_14/40-236,k141_24931_14,270,37.4,2e-08,0.1,197,33.3,2.4e-10,3.7e-07,0.1,workflow/out/asr_HMMER/domtbl/Capsule_14_asr_B.domtblout
k141_83606_3/28-253,k141_83606_3,260,37.3,2.2e-08,0.1,226,35.5,5e-11,7.8e-08,0.1,workflow/out/asr_HMMER/domtbl/Capsule_14_asr_B.domtblout
k141_107369_2/24-120,k141_107369_2,121,36.3,4.2e-08,0.0,97,36.2,3e-11,4.7e-08,0.0,workflow/out/asr_HMMER/domtbl/Capsule_14_asr_B.domtblout
k141_160595_1/26-128,k141_160595_1,135,34.9,1.2e-07,0.0,103,34.6,9.3e-11,1.4e-07,0.0,workflow/out/asr_HMMER/domtbl/Capsule_14_asr_B.domtblout
k141_186073_2/30-156,k141_186073_2,176,34.6,1.5e-07,0.0,127,34.4,1.1e-10,1.6e-07,0.0,workflow/out/asr_HMMER/domtbl/Capsule_14_asr_B.domtblout
k141_41254_1/31-126,k141_41254_1,212,30.5,2.6e-06,0.0,96,29.5,3.2e-09,5e-06,0.0,workflow/out/asr_HMMER/domtbl/Capsule_14_asr_B.domtblout
k141_87988_2/32-244,k141_87988_2,282,29.8,4e-06,0.0,213,29.3,3.8e-09,5.9e-06,0.0,workflow/out/asr_HMMER/domtbl/Capsule_14_asr_B.domtblout
k141_173250_1/68-168,k141_173250_1,339,27.2,2.7e-05,0.0,101,25.9,4.2e-08,6.5e-05,0.0,workflow/out/asr_HMMER/domtbl/Capsule_14_asr_B.domtblout
k141_18819_1/27-120,k141_18819_1,121,27.2,2.7e-05,0.0,94,27.0,1.9e-08,3e-05,0.0,workflow/out/asr_HMMER/domtbl/Capsule_14_asr_B.domtblout
k141_224864_69/59-223,k141_224864_69,231,27.1,2.8e-05,0.0,165,25.3,6.4e-08,9.9e-05,0.0,workflow/out/asr_HMMER/domtbl/Capsule_14_asr_B.domtblout
k141_145998_1/242-326,k141_145998_1,334,24.2,0.00021,0.0,85,22.3,5.1e-07,0.00079,0.0,workflow/out/asr_HMMER/domtbl/Capsule_14_asr_B.domtblout
k141_61518_1/20-182,k141_61518_1,193,22.1,0.00093,0.0,163,21.2,1.1e-06,0.0017,0.0,workflow/out/asr_HMMER/domtbl/Capsule_14_asr_B.domtblout
k141_133536_69/7-184,k141_133536_69,234,21.4,0.0016,0.0,178,21.1,1.2e-06,0.0019,0.0,workflow/out/asr_HMMER/domtbl/Capsule_14_asr_B.domtblout
k141_151393_7/112-292,k141_151393_7,315,21.3,0.0016,8.2,181,15.2,7.7e-05,0.12,8.2,workflow/out/asr_HMMER/domtbl/Capsule_14_asr_B.domtblout
k141_189601_1/99-242,k141_189601_1,313,20.8,0.0023,0.0,144,20.2,2.3e-06,0.0036,0.0,workflow/out/asr_HMMER/domtbl/Capsule_14_asr_B.domtblout
k141_175966_35/104-241,k141_175966_35,357,20.7,0.0025,0.0,138,20.0,2.6e-06,0.0041,0.0,workflow/out/asr_HMMER/domtbl/Capsule_14_asr_B.domtblout
k141_869_4/104-241,k141_869_4,357,20.5,0.0028,0.0,138,19.8,2.9e-06,0.0046,0.0,workflow/out/asr_HMMER/domtbl/Capsule_14_asr_B.domtblout
k141_66315_146/224-386,k141_66315_146,397,20.2,0.0034,0.0,163,19.0,5.3e-06,0.0082,0.0,workflow/out/asr_HMMER/domtbl/Capsule_14_asr_B.domtblout
k141_16201_5/7-155,k141_16201_5,234,19.3,0.0069,0.0,149,18.9,5.5e-06,0.0085,0.0,workflow/out/asr_HMMER/domtbl/Capsule_14_asr_B.domtblout
k141_11701_4/4-264,k141_11701_4,265,443.0,2.2e-132,0.1,261,442.9,1.6e-135,2.5e-132,0.1,workflow/out/asr_HMMER/domtbl/Capsule_5_asr_B.domtblout
k141_13443_3/3-262,k141_13443_3,263,434.0,1.2e-129,0.5,260,433.9,8.8e-133,1.4e-129,0.5,workflow/out/asr_HMMER/domtbl/Capsule_5_asr_B.domtblout
k141_56125_3/4-264,k141_56125_3,265,430.9,1.1e-128,1.0,261,430.8,7.8e-132,1.2e-128,1.0,workflow/out/asr_HMMER/domtbl/Capsule_5_asr_B.domtblout
k141_40210_4/4-263,k141_40210_4,264,333.5,5.7e-99,0.8,260,333.3,4.2e-102,6.6e-99,0.8,workflow/out/asr_HMMER/domtbl/Capsule_5_asr_B.domtblout
k141_2228_28/33-299,k141_2228_28,304,239.6,2.6e-70,0.0,267,239.4,1.9e-73,3e-70,0.0,workflow/out/asr_HMMER/domtbl/Capsule_5_asr_B.domtblout
k141_32435_1/2-140,k141_32435_1,141,222.2,5.4e-65,0.9,139,222.0,3.8e-68,5.9e-65,0.9,workflow/out/asr_HMMER/domtbl/Capsule_5_asr_B.domtblout
k141_102124_4/8-160,k141_102124_4,165,195.7,6.4e-57,0.0,153,195.6,4.5e-60,7e-57,0.0,workflow/out/asr_HMMER/domtbl/Capsule_5_asr_B.domtblout
k141_51519_34/13-273,k141_51519_34,285,193.7,2.6e-56,0.3,261,193.4,2e-59,3.2e-56,0.3,workflow/out/asr_HMMER/domtbl/Capsule_5_asr_B.domtblout
k141_22415_7/15-273,k141_22415_7,285,189.8,3.9e-55,0.3,259,189.5,3.2e-58,4.9e-55,0.3,workflow/out/asr_HMMER/domtbl/Capsule_5_asr_B.domtblout
k141_146227_2/15-273,k141_146227_2,285,185.2,1e-53,0.1,259,184.9,7.9e-57,1.2e-53,0.1,workflow/out/asr_HMMER/domtbl/Capsule_5_asr_B.domtblout
k141_143098_30/17-275,k141_143098_30,287,183.4,3.6e-53,0.1,259,183.1,2.9e-56,4.5e-53,0.1,workflow/out/asr_HMMER/domtbl/Capsule_5_asr_B.domtblout
k141_70875_2/15-279,k141_70875_2,285,180.3,3.3e-52,0.3,265,179.8,2.9e-55,4.6e-52,0.3,workflow/out/asr_HMMER/domtbl/Capsule_5_asr_B.domtblout
k141_50608_1/1-224,k141_50608_1,236,177.6,2.1e-51,0.5,224,177.4,1.6e-54,2.5e-51,0.5,workflow/out/asr_HMMER/domtbl/Capsule_5_asr_B.domtblout
k141_113729_1/2-119,k141_113729_1,119,173.1,4.9e-50,0.8,118,173.0,3.4e-53,5.4e-50,0.8,workflow/out/asr_HMMER/domtbl/Capsule_5_asr_B.domtblout
k141_134358_1/6-124,k141_134358_1,127,145.4,1.4e-41,0.0,119,145.3,9.6e-45,1.5e-41,0.0,workflow/out/asr_HMMER/domtbl/Capsule_5_asr_B.domtblout
k141_87857_1/5-96,k141_87857_1,97,127.2,5e-36,0.2,92,127.1,3.4e-39,5.3e-36,0.2,workflow/out/asr_HMMER/domtbl/Capsule_5_asr_B.domtblout
k141_109306_31/25-251,k141_109306_31,296,87.4,7.1e-24,2.9,227,86.7,7.1e-27,1.1e-23,2.9,workflow/out/asr_HMMER/domtbl/Capsule_5_asr_B.domtblout
k141_34589_1/15-168,k141_34589_1,169,85.8,2.2e-23,0.0,154,85.6,1.6e-26,2.5e-23,0.0,workflow/out/asr_HMMER/domtbl/Capsule_5_asr_B.domtblout
k141_105550_2/26-252,k141_105550_2,297,84.9,4.1e-23,2.4,227,84.9,2.6e-26,4.1e-23,2.4,workflow/out/asr_HMMER/domtbl/Capsule_5_asr_B.domtblout
k141_113476_12/3-251,k141_113476_12,296,84.8,4.4e-23,3.1,249,84.8,2.8e-26,4.4e-23,3.1,workflow/out/asr_HMMER/domtbl/Capsule_5_asr_B.domtblout
k141_18491_5/25-252,k141_18491_5,297,83.8,8.9e-23,2.1,228,83.8,5.7e-26,8.9e-23,2.1,workflow/out/asr_HMMER/domtbl/Capsule_5_asr_B.domtblout
k141_160669_25/26-251,k141_160669_25,296,81.8,3.6e-22,2.1,226,81.8,2.3e-25,3.6e-22,2.1,workflow/out/asr_HMMER/domtbl/Capsule_5_asr_B.domtblout
k141_1305_18/26-251,k141_1305_18,296,81.1,6e-22,1.8,226,80.7,5.1e-25,8e-22,1.8,workflow/out/asr_HMMER/domtbl/Capsule_5_asr_B.domtblout
k141_23611_14/26-251,k141_23611_14,296,79.2,2.3e-21,3.0,226,79.2,1.5e-24,2.3e-21,3.0,workflow/out/asr_HMMER/domtbl/Capsule_5_asr_B.domtblout
k141_25952_42/30-252,k141_25952_42,259,78.7,3.3e-21,1.4,223,77.9,3.6e-24,5.7e-21,1.4,workflow/out/asr_HMMER/domtbl/Capsule_5_asr_B.domtblout
k141_102074_25/26-251,k141_102074_25,296,77.5,7.5e-21,4.4,226,77.5,4.8e-24,7.5e-21,4.4,workflow/out/asr_HMMER/domtbl/Capsule_5_asr_B.domtblout
k141_19635_37/25-251,k141_19635_37,296,76.6,1.4e-20,2.2,227,76.3,1.1e-23,1.7e-20,2.2,workflow/out/asr_HMMER/domtbl/Capsule_5_asr_B.domtblout
k141_146646_9/9-228,k141_146646_9,278,73.0,1.8e-19,0.0,220,72.5,1.6e-22,2.4e-19,0.0,workflow/out/asr_HMMER/domtbl/Capsule_5_asr_B.domtblout
k141_55315_1/32-231,k141_55315_1,240,72.2,3.1e-19,0.3,200,71.8,2.5e-22,3.9e-19,0.3,workflow/out/asr_HMMER/domtbl/Capsule_5_asr_B.domtblout
k141_51919_10/27-251,k141_51919_10,296,72.0,3.6e-19,2.0,225,71.6,3e-22,4.7e-19,2.0,workflow/out/asr_HMMER/domtbl/Capsule_5_asr_B.domtblout
k141_153659_80/26-251,k141_153659_80,296,71.2,6.2e-19,1.8,226,70.8,5.1e-22,7.9e-19,1.8,workflow/out/asr_HMMER/domtbl/Capsule_5_asr_B.domtblout
k141_48477_1/21-241,k141_48477_1,243,71.1,6.8e-19,1.9,221,69.8,1.1e-21,1.7e-18,1.9,workflow/out/asr_HMMER/domtbl/Capsule_5_asr_B.domtblout
k141_44307_50/4-249,k141_44307_50,256,71.0,7e-19,3.4,246,70.0,9.2e-22,1.4e-18,3.4,workflow/out/asr_HMMER/domtbl/Capsule_5_asr_B.domtblout
k141_9675_11/32-256,k141_9675_11,263,70.8,7.9e-19,0.6,225,69.1,1.7e-21,2.7e-18,0.6,workflow/out/asr_HMMER/domtbl/Capsule_5_asr_B.domtblout
k141_82427_25/31-254,k141_82427_25,261,70.3,1.1e-18,0.8,224,69.0,1.9e-21,3e-18,0.8,workflow/out/asr_HMMER/domtbl/Capsule_5_asr_B.domtblout
k141_106893_2/27-245,k141_106893_2,284,69.7,1.8e-18,1.9,219,69.7,1.1e-21,1.8e-18,1.9,workflow/out/asr_HMMER/domtbl/Capsule_5_asr_B.domtblout
k141_72850_6/31-254,k141_72850_6,261,69.7,1.8e-18,0.6,224,68.0,3.8e-21,5.9e-18,0.6,workflow/out/asr_HMMER/domtbl/Capsule_5_asr_B.domtblout
k141_42107_102/25-243,k141_42107_102,280,69.6,1.9e-18,0.1,219,69.2,1.6e-21,2.4e-18,0.1,workflow/out/asr_HMMER/domtbl/Capsule_5_asr_B.domtblout
k141_100716_1/31-256,k141_100716_1,259,69.3,2.4e-18,0.1,226,68.0,3.6e-21,5.7e-18,0.1,workflow/out/asr_HMMER/domtbl/Capsule_5_asr_B.domtblout
k141_66355_11/27-252,k141_66355_11,297,68.8,3.3e-18,1.5,226,68.3,3e-21,4.7e-18,1.5,workflow/out/asr_HMMER/domtbl/Capsule_5_asr_B.domtblout
k141_41061_18/38-258,k141_41061_18,265,68.2,4.9e-18,1.0,221,66.9,8.1e-21,1.3e-17,1.0,workflow/out/asr_HMMER/domtbl/Capsule_5_asr_B.domtblout
k141_43175_2/28-243,k141_43175_2,266,67.6,7.6e-18,3.5,216,67.2,6.4e-21,1e-17,3.5,workflow/out/asr_HMMER/domtbl/Capsule_5_asr_B.domtblout
k141_72655_2/33-258,k141_72655_2,265,67.1,1.1e-17,0.8,226,66.1,1.4e-20,2.2e-17,0.8,workflow/out/asr_HMMER/domtbl/Capsule_5_asr_B.domtblout
k141_73136_1/25-249,k141_73136_1,256,66.9,1.2e-17,1.1,225,65.2,2.6e-20,4.1e-17,1.1,workflow/out/asr_HMMER/domtbl/Capsule_5_asr_B.domtblout
k141_57691_5/29-246,k141_57691_5,255,66.9,1.3e-17,4.1,218,66.6,9.9e-21,1.5e-17,4.1,workflow/out/asr_HMMER/domtbl/Capsule_5_asr_B.domtblout
k141_43852_4/34-253,k141_43852_4,259,66.6,1.5e-17,0.0,220,66.2,1.3e-20,2.1e-17,0.0,workflow/out/asr_HMMER/domtbl/Capsule_5_asr_B.domtblout
k141_76901_2/28-254,k141_76901_2,261,66.5,1.7e-17,0.8,227,65.6,2e-20,3.1e-17,0.8,workflow/out/asr_HMMER/domtbl/Capsule_5_asr_B.domtblout
k141_107534_4/31-250,k141_107534_4,257,65.3,3.9e-17,4.0,220,62.2,2.2e-19,3.5e-16,4.0,workflow/out/asr_HMMER/domtbl/Capsule_5_asr_B.domtblout
k141_128820_11/33-253,k141_128820_11,259,64.5,6.7e-17,0.0,221,64.1,5.6e-20,8.8e-17,0.0,workflow/out/asr_HMMER/domtbl/Capsule_5_asr_B.domtblout
k141_42659_12/31-254,k141_42659_12,261,64.2,8.2e-17,0.6,224,62.6,1.7e-19,2.6e-16,0.6,workflow/out/asr_HMMER/domtbl/Capsule_5_asr_B.domtblout
k141_90543_15/33-258,k141_90543_15,265,63.7,1.2e-16,1.2,226,62.5,1.8e-19,2.8e-16,1.2,workflow/out/asr_HMMER/domtbl/Capsule_5_asr_B.domtblout
k141_32680_10/26-245,k141_32680_10,278,62.9,2.1e-16,1.5,220,62.5,1.8e-19,2.8e-16,1.5,workflow/out/asr_HMMER/domtbl/Capsule_5_asr_B.domtblout
k141_68394_1/12-221,k141_68394_1,230,62.9,2.1e-16,0.7,210,61.8,2.8e-19,4.4e-16,0.7,workflow/out/asr_HMMER/domtbl/Capsule_5_asr_B.domtblout
k141_48958_83/31-257,k141_48958_83,264,62.2,3.3e-16,0.8,227,60.8,5.8e-19,9.1e-16,0.8,workflow/out/asr_HMMER/domtbl/Capsule_5_asr_B.domtblout
k141_21719_30/31-255,k141_21719_30,262,61.7,4.9e-16,1.6,225,60.6,6.6e-19,1e-15,1.6,workflow/out/asr_HMMER/domtbl/Capsule_5_asr_B.domtblout
k141_147237_2/32-254,k141_147237_2,261,60.9,8.8e-16,0.2,223,59.4,1.5e-18,2.4e-15,0.2,workflow/out/asr_HMMER/domtbl/Capsule_5_asr_B.domtblout
k141_70639_3/15-221,k141_70639_3,231,59.5,2.3e-15,9.1,207,51.2,5e-16,7.8e-13,9.1,workflow/out/asr_HMMER/domtbl/Capsule_5_asr_B.domtblout
k141_91638_3/33-272,k141_91638_3,279,59.3,2.6e-15,0.9,240,57.6,5.4e-18,8.5e-15,0.9,workflow/out/asr_HMMER/domtbl/Capsule_5_asr_B.domtblout
k141_62664_2/26-244,k141_62664_2,283,58.5,4.6e-15,2.1,219,58.3,3.3e-18,5.2e-15,1.6,workflow/out/asr_HMMER/domtbl/Capsule_5_asr_B.domtblout
k141_123129_23/32-254,k141_123129_23,261,58.2,5.8e-15,0.7,223,56.8,9.8e-18,1.5e-14,0.7,workflow/out/asr_HMMER/domtbl/Capsule_5_asr_B.domtblout
k141_123799_2/26-244,k141_123799_2,281,57.7,7.9e-15,3.1,219,57.4,6.6e-18,1e-14,3.1,workflow/out/asr_HMMER/domtbl/Capsule_5_asr_B.domtblout
k141_153505_87/41-264,k141_153505_87,273,57.6,8.5e-15,0.2,224,56.5,1.2e-17,1.9e-14,0.2,workflow/out/asr_HMMER/domtbl/Capsule_5_asr_B.domtblout
k141_3480_44/35-231,k141_3480_44,237,57.6,9e-15,3.5,197,56.3,1.3e-17,2.1e-14,3.5,workflow/out/asr_HMMER/domtbl/Capsule_5_asr_B.domtblout
k141_78921_50/34-254,k141_78921_50,260,57.1,1.2e-14,0.5,221,56.6,1.1e-17,1.8e-14,0.5,workflow/out/asr_HMMER/domtbl/Capsule_5_asr_B.domtblout
k141_105541_1/26-244,k141_105541_1,281,56.9,1.4e-14,3.6,219,56.5,1.2e-17,1.9e-14,3.6,workflow/out/asr_HMMER/domtbl/Capsule_5_asr_B.domtblout
k141_33634_40/27-244,k141_33634_40,274,55.9,2.9e-14,2.2,218,55.5,2.4e-17,3.8e-14,2.2,workflow/out/asr_HMMER/domtbl/Capsule_5_asr_B.domtblout
k141_34124_50/33-248,k141_34124_50,256,55.7,3.3e-14,4.8,216,53.9,7.4e-17,1.2e-13,4.8,workflow/out/asr_HMMER/domtbl/Capsule_5_asr_B.domtblout
k141_97438_9/27-266,k141_97438_9,275,53.9,1.2e-13,0.0,240,52.5,2e-16,3.1e-13,0.0,workflow/out/asr_HMMER/domtbl/Capsule_5_asr_B.domtblout
k141_78921_120/250-415,k141_78921_120,423,52.6,2.9e-13,0.3,166,50.7,7e-16,1.1e-12,0.0,workflow/out/asr_HMMER/domtbl/Capsule_5_asr_B.domtblout
k141_124531_1/27-195,k141_124531_1,197,52.5,3.1e-13,0.6,169,52.4,2.2e-16,3.5e-13,0.6,workflow/out/asr_HMMER/domtbl/Capsule_5_asr_B.domtblout
k141_24661_6/9-242,k141_24661_6,245,52.4,3.3e-13,5.5,234,50.6,7.6e-16,1.2e-12,5.5,workflow/out/asr_HMMER/domtbl/Capsule_5_asr_B.domtblout
k141_130354_7/30-247,k141_130354_7,256,52.3,3.5e-13,0.4,218,49.9,1.2e-15,1.9e-12,0.4,workflow/out/asr_HMMER/domtbl/Capsule_5_asr_B.domtblout
k141_73935_1/4-197,k141_73935_1,205,52.2,4e-13,1.7,194,49.9,1.2e-15,2e-12,1.7,workflow/out/asr_HMMER/domtbl/Capsule_5_asr_B.domtblout
k141_36635_169/30-241,k141_36635_169,251,52.0,4.3e-13,7.3,212,49.5,1.6e-15,2.5e-12,7.3,workflow/out/asr_HMMER/domtbl/Capsule_5_asr_B.domtblout
k141_105853_10/27-244,k141_105853_10,281,51.9,4.9e-13,3.8,218,51.5,4.1e-16,6.4e-13,3.8,workflow/out/asr_HMMER/domtbl/Capsule_5_asr_B.domtblout
k141_14913_1/11-206,k141_14913_1,238,51.5,6.3e-13,1.0,196,50.4,8.9e-16,1.4e-12,1.0,workflow/out/asr_HMMER/domtbl/Capsule_5_asr_B.domtblout
k141_119946_2/4-126,k141_119946_2,152,51.4,6.6e-13,0.0,123,51.3,4.6e-16,7.3e-13,0.0,workflow/out/asr_HMMER/domtbl/Capsule_5_asr_B.domtblout
k141_151677_3/32-254,k141_151677_3,261,51.1,8.4e-13,5.5,223,47.6,6.1e-15,9.5e-12,5.5,workflow/out/asr_HMMER/domtbl/Capsule_5_asr_B.domtblout
k141_92188_1/21-139,k141_92188_1,180,50.7,1.1e-12,0.1,119,50.3,9.4e-16,1.5e-12,0.1,workflow/out/asr_HMMER/domtbl/Capsule_5_asr_B.domtblout
k141_83676_86/26-244,k141_83676_86,283,50.0,1.8e-12,1.1,219,49.6,1.5e-15,2.3e-12,1.1,workflow/out/asr_HMMER/domtbl/Capsule_5_asr_B.domtblout
k141_101049_40/253-417,k141_101049_40,424,47.9,7.9e-12,0.1,165,46.3,1.6e-14,2.5e-11,0.0,workflow/out/asr_HMMER/domtbl/Capsule_5_asr_B.domtblout
k141_76889_8/254-418,k141_76889_8,425,47.7,9.4e-12,1.1,165,46.9,9.9e-15,1.5e-11,0.0,workflow/out/asr_HMMER/domtbl/Capsule_5_asr_B.domtblout
k141_144972_13/1-140,k141_144972_13,185,46.2,2.5e-11,1.9,140,46.2,1.6e-14,2.5e-11,1.9,workflow/out/asr_HMMER/domtbl/Capsule_5_asr_B.domtblout
k141_97854_1/5-177,k141_97854_1,183,46.1,2.8e-11,0.7,173,45.6,2.5e-14,3.9e-11,0.7,workflow/out/asr_HMMER/domtbl/Capsule_5_asr_B.domtblout
k141_99757_28/242-403,k141_99757_28,408,45.4,4.7e-11,0.0,162,43.7,9.8e-14,1.5e-10,0.0,workflow/out/asr_HMMER/domtbl/Capsule_5_asr_B.domtblout
k141_64805_2/29-219,k141_64805_2,219,45.2,5.3e-11,0.0,191,44.7,4.6e-14,7.3e-11,0.0,workflow/out/asr_HMMER/domtbl/Capsule_5_asr_B.domtblout
k141_150750_1/16-133,k141_150750_1,178,43.5,1.7e-10,2.9,118,43.5,1.1e-13,1.7e-10,2.9,workflow/out/asr_HMMER/domtbl/Capsule_5_asr_B.domtblout
k141_16193_34/8-218,k141_16193_34,323,41.3,8e-10,0.6,211,40.4,1e-12,1.6e-09,0.0,workflow/out/asr_HMMER/domtbl/Capsule_5_asr_B.domtblout
k141_68627_3/32-264,k141_68627_3,270,40.8,1.2e-09,0.0,233,39.7,1.6e-12,2.4e-09,0.0,workflow/out/asr_HMMER/domtbl/Capsule_5_asr_B.domtblout
k141_151587_2/29-153,k141_151587_2,163,40.4,1.5e-09,0.0,125,40.2,1.2e-12,1.8e-09,0.0,workflow/out/asr_HMMER/domtbl/Capsule_5_asr_B.domtblout
k141_19767_369/8-219,k141_19767_369,323,38.0,8.4e-09,0.1,212,36.3,1.7e-11,2.7e-08,0.0,workflow/out/asr_HMMER/domtbl/Capsule_5_asr_B.domtblout
k141_138383_2/54-117,k141_138383_2,122,32.1,5.3e-07,0.6,64,31.9,3.8e-10,5.9e-07,0.6,workflow/out/asr_HMMER/domtbl/Capsule_5_asr_B.domtblout
k141_13163_487/103-242,k141_13163_487,357,21.8,0.00072,0.0,140,21.0,8.3e-07,0.0013,0.0,workflow/out/asr_HMMER/domtbl/Capsule_5_asr_B.domtblout
k141_122111_95/7-184,k141_122111_95,234,21.4,0.00098,0.0,178,21.1,7.6e-07,0.0012,0.0,workflow/out/asr_HMMER/domtbl/Capsule_5_asr_B.domtblout
k141_108302_24/7-182,k141_108302_24,234,20.3,0.0021,0.0,176,19.9,1.7e-06,0.0027,0.0,workflow/out/asr_HMMER/domtbl/Capsule_5_asr_B.domtblout
k141_133422_2/225-386,k141_133422_2,397,18.7,0.0062,0.0,162,17.0,1.3e-05,0.021,0.0,workflow/out/asr_HMMER/domtbl/Capsule_5_asr_B.domtblout
k141_114606_3/3-262,k141_114606_3,263,434.5,9.5e-130,0.3,260,434.3,6.3e-133,1.1e-129,0.3,workflow/out/asr_HMMER/domtbl/Stool_8_asr_B.domtblout
k141_120829_82/13-273,k141_120829_82,285,193.7,2.8e-56,0.3,261,193.4,2e-59,3.4e-56,0.3,workflow/out/asr_HMMER/domtbl/Stool_8_asr_B.domtblout
k141_94934_4/15-276,k141_94934_4,285,188.4,1.2e-54,0.3,262,188.1,8.6e-58,1.5e-54,0.3,workflow/out/asr_HMMER/domtbl/Stool_8_asr_B.domtblout
k141_41753_5/15-273,k141_41753_5,285,188.0,1.5e-54,0.2,259,187.7,1.1e-57,1.9e-54,0.2,workflow/out/asr_HMMER/domtbl/Stool_8_asr_B.domtblout
k141_129950_15/15-276,k141_129950_15,285,187.4,2.2e-54,0.2,262,187.1,1.7e-57,2.8e-54,0.2,workflow/out/asr_HMMER/domtbl/Stool_8_asr_B.domtblout
k141_21300_14/15-273,k141_21300_14,285,185.6,8.2e-54,0.3,259,185.1,6.8e-57,1.2e-53,0.3,workflow/out/asr_HMMER/domtbl/Stool_8_asr_B.domtblout
k141_66554_3/15-273,k141_66554_3,285,185.0,1.2e-53,0.1,259,184.7,8.9e-57,1.5e-53,0.1,workflow/out/asr_HMMER/domtbl/Stool_8_asr_B.domtblout
k141_85248_175/39-279,k141_85248_175,291,164.5,2.2e-47,0.0,241,164.2,1.6e-50,2.7e-47,0.0,workflow/out/asr_HMMER/domtbl/Stool_8_asr_B.domtblout
k141_147483_14/25-251,k141_147483_14,296,87.4,7.5e-24,2.9,227,86.7,7e-27,1.2e-23,2.9,workflow/out/asr_HMMER/domtbl/Stool_8_asr_B.domtblout
k141_141029_5/29-252,k141_141029_5,259,87.1,9.2e-24,1.0,224,85.9,1.3e-26,2.2e-23,1.0,workflow/out/asr_HMMER/domtbl/Stool_8_asr_B.domtblout
k141_31243_2/27-251,k141_31243_2,296,84.8,4.6e-23,1.5,225,84.4,3.6e-26,6e-23,1.5,workflow/out/asr_HMMER/domtbl/Stool_8_asr_B.domtblout
k141_55127_2/26-251,k141_55127_2,293,84.3,6.5e-23,2.1,226,84.0,4.9e-26,8.2e-23,2.1,workflow/out/asr_HMMER/domtbl/Stool_8_asr_B.domtblout
k141_155583_30/28-252,k141_155583_30,297,82.7,2e-22,3.0,225,82.2,1.6e-25,2.8e-22,3.0,workflow/out/asr_HMMER/domtbl/Stool_8_asr_B.domtblout
k141_83157_7/26-251,k141_83157_7,296,82.7,2.1e-22,2.0,226,82.0,2e-25,3.3e-22,2.0,workflow/out/asr_HMMER/domtbl/Stool_8_asr_B.domtblout
k141_76948_64/26-251,k141_76948_64,296,81.3,5.3e-22,2.5,226,81.3,3.1e-25,5.3e-22,2.5,workflow/out/asr_HMMER/domtbl/Stool_8_asr_B.domtblout
k141_120783_1/25-273,k141_120783_1,318,81.1,6.3e-22,2.9,249,80.7,5e-25,8.5e-22,2.9,workflow/out/asr_HMMER/domtbl/Stool_8_asr_B.domtblout
k141_24857_70/26-251,k141_24857_70,296,80.2,1.2e-21,1.7,226,79.7,9.5e-25,1.6e-21,1.7,workflow/out/asr_HMMER/domtbl/Stool_8_asr_B.domtblout
k141_55595_91/27-251,k141_55595_91,294,79.7,1.6e-21,1.8,225,79.3,1.3e-24,2.2e-21,1.8,workflow/out/asr_HMMER/domtbl/Stool_8_asr_B.domtblout
k141_82632_1/25-251,k141_82632_1,280,76.9,1.2e-20,2.2,227,76.6,8.7e-24,1.5e-20,2.2,workflow/out/asr_HMMER/domtbl/Stool_8_asr_B.domtblout
k141_151334_26/24-251,k141_151334_26,296,76.6,1.4e-20,2.7,228,76.6,8.5e-24,1.4e-20,2.7,workflow/out/asr_HMMER/domtbl/Stool_8_asr_B.domtblout
k141_151533_16/25-251,k141_151533_16,293,76.0,2.2e-20,2.5,227,75.7,1.6e-23,2.7e-20,2.5,workflow/out/asr_HMMER/domtbl/Stool_8_asr_B.domtblout
k141_105979_12/26-251,k141_105979_12,296,74.1,8.3e-20,1.3,226,73.7,6.5e-23,1.1e-19,1.3,workflow/out/asr_HMMER/domtbl/Stool_8_asr_B.domtblout
k141_142622_1/25-212,k141_142622_1,219,73.9,9.8e-20,0.6,188,73.6,7e-23,1.2e-19,0.6,workflow/out/asr_HMMER/domtbl/Stool_8_asr_B.domtblout
k141_108419_1/8-239,k141_108419_1,247,71.8,4.4e-19,1.4,232,70.1,8.4e-22,1.4e-18,1.4,workflow/out/asr_HMMER/domtbl/Stool_8_asr_B.domtblout
k141_133272_1/24-243,k141_133272_1,283,71.6,4.9e-19,0.9,220,71.2,3.9e-22,6.5e-19,0.9,workflow/out/asr_HMMER/domtbl/Stool_8_asr_B.domtblout
k141_99507_19/4-249,k141_99507_19,256,71.6,5.1e-19,3.1,246,70.4,6.6e-22,1.1e-18,3.1,workflow/out/asr_HMMER/domtbl/Stool_8_asr_B.domtblout
k141_19120_21/26-251,k141_19120_21,296,71.2,6.6e-19,1.8,226,70.8,5e-22,8.4e-19,1.8,workflow/out/asr_HMMER/domtbl/Stool_8_asr_B.domtblout
k141_123264_10/26-243,k141_123264_10,281,71.0,7.4e-19,2.5,218,70.6,5.8e-22,9.8e-19,2.5,workflow/out/asr_HMMER/domtbl/Stool_8_asr_B.domtblout
k141_90444_10/32-256,k141_90444_10,263,70.8,8.4e-19,0.6,225,69.1,1.7e-21,2.8e-18,0.6,workflow/out/asr_HMMER/domtbl/Stool_8_asr_B.domtblout
k141_33132_20/26-243,k141_33132_20,282,70.5,1.1e-18,2.2,218,70.1,8.5e-22,1.4e-18,2.2,workflow/out/asr_HMMER/domtbl/Stool_8_asr_B.domtblout
k141_16900_15/31-254,k141_16900_15,261,70.3,1.2e-18,0.8,224,69.0,1.9e-21,3.2e-18,0.8,workflow/out/asr_HMMER/domtbl/Stool_8_asr_B.domtblout
k141_374_6/26-243,k141_374_6,281,70.1,1.4e-18,2.2,218,69.7,1.1e-21,1.9e-18,2.2,workflow/out/asr_HMMER/domtbl/Stool_8_asr_B.domtblout
k141_6897_18/33-253,k141_6897_18,260,69.8,1.7e-18,0.8,221,68.3,3e-21,5.1e-18,0.8,workflow/out/asr_HMMER/domtbl/Stool_8_asr_B.domtblout
k141_156145_19/29-252,k141_156145_19,259,69.8,1.7e-18,0.2,224,68.8,2e-21,3.4e-18,0.2,workflow/out/asr_HMMER/domtbl/Stool_8_asr_B.domtblout
k141_42386_2/31-256,k141_42386_2,261,69.8,1.7e-18,0.1,226,68.5,2.6e-21,4.4e-18,0.1,workflow/out/asr_HMMER/domtbl/Stool_8_asr_B.domtblout
k141_65070_9/27-245,k141_65070_9,284,69.7,1.9e-18,1.9,219,69.7,1.1e-21,1.9e-18,1.9,workflow/out/asr_HMMER/domtbl/Stool_8_asr_B.domtblout
k141_72261_3/27-205,k141_72261_3,230,69.3,2.4e-18,1.0,179,69.2,1.6e-21,2.7e-18,1.0,workflow/out/asr_HMMER/domtbl/Stool_8_asr_B.domtblout
k141_37705_7/34-253,k141_37705_7,257,69.2,2.8e-18,1.1,220,67.5,5.1e-21,8.7e-18,1.1,workflow/out/asr_HMMER/domtbl/Stool_8_asr_B.domtblout
k141_8531_2/26-243,k141_8531_2,282,69.2,2.8e-18,1.6,218,68.7,2.2e-21,3.7e-18,1.6,workflow/out/asr_HMMER/domtbl/Stool_8_asr_B.domtblout
k141_50159_79/27-252,k141_50159_79,297,68.8,3.5e-18,1.5,226,68.3,2.9e-21,4.9e-18,1.5,workflow/out/asr_HMMER/domtbl/Stool_8_asr_B.domtblout
k141_68594_9/31-254,k141_68594_9,261,68.1,5.8e-18,0.5,224,66.6,9.7e-21,1.6e-17,0.5,workflow/out/asr_HMMER/domtbl/Stool_8_asr_B.domtblout
k141_150551_39/31-249,k141_150551_39,258,67.9,6.8e-18,0.2,219,67.5,5.2e-21,8.8e-18,0.2,workflow/out/asr_HMMER/domtbl/Stool_8_asr_B.domtblout
k141_94258_3/34-253,k141_94258_3,258,67.8,7.1e-18,1.5,220,66.3,1.2e-20,2e-17,1.5,workflow/out/asr_HMMER/domtbl/Stool_8_asr_B.domtblout
k141_100796_2/26-243,k141_100796_2,282,67.7,7.7e-18,2.2,218,67.3,6.1e-21,1e-17,2.2,workflow/out/asr_HMMER/domtbl/Stool_8_asr_B.domtblout
k141_106895_6/31-250,k141_106895_6,257,67.4,9.3e-18,3.1,220,63.0,1.2e-19,2e-16,3.1,workflow/out/asr_HMMER/domtbl/Stool_8_asr_B.domtblout
k141_126916_3/34-253,k141_126916_3,258,67.3,1e-17,1.7,220,65.7,1.8e-20,3.1e-17,1.7,workflow/out/asr_HMMER/domtbl/Stool_8_asr_B.domtblout
k141_75022_17/28-243,k141_75022_17,266,67.1,1.1e-17,3.7,216,66.7,8.9e-21,1.5e-17,3.7,workflow/out/asr_HMMER/domtbl/Stool_8_asr_B.domtblout
k141_6360_140/29-246,k141_6360_140,255,67.1,1.2e-17,3.9,218,66.8,8.8e-21,1.5e-17,3.9,workflow/out/asr_HMMER/domtbl/Stool_8_asr_B.domtblout
k141_90948_11/29-254,k141_90948_11,261,66.3,2e-17,0.8,226,65.4,2.3e-20,3.8e-17,0.8,workflow/out/asr_HMMER/domtbl/Stool_8_asr_B.domtblout
k141_59842_6/38-258,k141_59842_6,265,66.1,2.4e-17,0.9,221,64.7,3.6e-20,6.1e-17,0.9,workflow/out/asr_HMMER/domtbl/Stool_8_asr_B.domtblout
k141_96814_7/35-252,k141_96814_7,257,66.1,2.4e-17,2.1,218,63.2,1.1e-19,1.8e-16,2.1,workflow/out/asr_HMMER/domtbl/Stool_8_asr_B.domtblout
k141_14103_5/35-253,k141_14103_5,258,66.0,2.5e-17,2.1,219,64.4,4.7e-20,8e-17,2.1,workflow/out/asr_HMMER/domtbl/Stool_8_asr_B.domtblout
k141_150769_2/34-253,k141_150769_2,259,65.5,3.5e-17,0.0,220,65.1,2.8e-20,4.7e-17,0.0,workflow/out/asr_HMMER/domtbl/Stool_8_asr_B.domtblout
k141_33727_13/29-255,k141_33727_13,262,65.4,3.7e-17,0.9,227,63.8,6.9e-20,1.2e-16,0.9,workflow/out/asr_HMMER/domtbl/Stool_8_asr_B.domtblout
k141_69671_12/29-254,k141_69671_12,261,64.5,7e-17,0.9,226,62.9,1.3e-19,2.3e-16,0.9,workflow/out/asr_HMMER/domtbl/Stool_8_asr_B.domtblout
k141_34705_34/25-245,k141_34705_34,281,64.3,8e-17,0.8,221,63.9,6.5e-20,1.1e-16,0.8,workflow/out/asr_HMMER/domtbl/Stool_8_asr_B.domtblout
k141_1755_5/26-243,k141_1755_5,767,64.1,9.4e-17,3.4,218,62.7,1.6e-19,2.6e-16,3.4,workflow/out/asr_HMMER/domtbl/Stool_8_asr_B.domtblout
k141_42379_3/5-219,k141_42379_3,740,64.0,1.1e-16,3.9,215,62.1,2.3e-19,3.9e-16,3.9,workflow/out/asr_HMMER/domtbl/Stool_8_asr_B.domtblout
k141_1787_2/38-258,k141_1787_2,265,63.2,1.7e-16,0.4,221,61.8,2.8e-19,4.7e-16,0.4,workflow/out/asr_HMMER/domtbl/Stool_8_asr_B.domtblout
k141_16936_21/26-245,k141_16936_21,278,62.9,2.3e-16,1.5,220,62.5,1.8e-19,3e-16,1.5,workflow/out/asr_HMMER/domtbl/Stool_8_asr_B.domtblout
k141_117327_93/125-341,k141_117327_93,347,62.8,2.4e-16,0.2,217,62.2,2.1e-19,3.5e-16,0.2,workflow/out/asr_HMMER/domtbl/Stool_8_asr_B.domtblout
k141_73945_2/31-255,k141_73945_2,262,61.7,5.2e-16,1.6,225,60.6,6.5e-19,1.1e-15,1.6,workflow/out/asr_HMMER/domtbl/Stool_8_asr_B.domtblout
k141_50069_44/31-249,k141_50069_44,256,61.3,7e-16,0.8,219,59.4,1.5e-18,2.6e-15,0.8,workflow/out/asr_HMMER/domtbl/Stool_8_asr_B.domtblout
k141_66131_1/26-214,k141_66131_1,227,61.2,7.2e-16,0.0,189,60.8,5.6e-19,9.5e-16,0.0,workflow/out/asr_HMMER/domtbl/Stool_8_asr_B.domtblout
k141_65294_7/30-247,k141_65294_7,255,60.8,9.5e-16,0.4,218,59.8,1.1e-18,1.9e-15,0.4,workflow/out/asr_HMMER/domtbl/Stool_8_asr_B.domtblout
k141_133902_1/3-243,k141_133902_1,279,60.5,1.2e-15,0.1,241,60.2,8.5e-19,1.4e-15,0.1,workflow/out/asr_HMMER/domtbl/Stool_8_asr_B.domtblout
k141_24990_6/34-253,k141_24990_6,259,60.0,1.7e-15,0.0,220,59.6,1.3e-18,2.3e-15,0.0,workflow/out/asr_HMMER/domtbl/Stool_8_asr_B.domtblout
k141_73390_1/32-248,k141_73390_1,249,59.9,1.8e-15,3.6,217,58.4,3.1e-18,5.3e-15,3.6,workflow/out/asr_HMMER/domtbl/Stool_8_asr_B.domtblout
k141_153724_2/32-254,k141_153724_2,261,59.7,2.1e-15,0.8,223,58.2,3.7e-18,6.2e-15,0.8,workflow/out/asr_HMMER/domtbl/Stool_8_asr_B.domtblout
k141_36968_78/26-252,k141_36968_78,297,59.5,2.3e-15,2.0,227,59.5,1.4e-18,2.3e-15,2.0,workflow/out/asr_HMMER/domtbl/Stool_8_asr_B.domtblout
k141_71196_3/2-188,k141_71196_3,233,59.4,2.7e-15,1.3,187,59.0,2e-18,3.3e-15,1.3,workflow/out/asr_HMMER/domtbl/Stool_8_asr_B.domtblout
k141_85248_101/40-261,k141_85248_101,268,58.6,4.5e-15,0.0,222,58.0,4e-18,6.7e-15,0.0,workflow/out/asr_HMMER/domtbl/Stool_8_asr_B.domtblout
k141_60437_47/55-251,k141_60437_47,257,57.9,7.4e-15,2.9,197,56.6,1.1e-17,1.8e-14,2.9,workflow/out/asr_HMMER/domtbl/Stool_8_asr_B.domtblout
k141_136227_2/41-264,k141_136227_2,273,57.8,7.7e-15,0.3,224,56.6,1.1e-17,1.9e-14,0.3,workflow/out/asr_HMMER/domtbl/Stool_8_asr_B.domtblout
k141_14112_9/31-256,k141_14112_9,264,57.6,9.1e-15,0.3,226,55.8,1.9e-17,3.2e-14,0.3,workflow/out/asr_HMMER/domtbl/Stool_8_asr_B.domtblout
k141_91030_21/26-244,k141_91030_21,281,57.6,9.2e-15,3.3,219,57.2,7.1e-18,1.2e-14,3.3,workflow/out/asr_HMMER/domtbl/Stool_8_asr_B.domtblout
k141_30005_39/33-248,k141_30005_39,256,57.2,1.2e-14,5.2,216,55.2,2.9e-17,5e-14,5.2,workflow/out/asr_HMMER/domtbl/Stool_8_asr_B.domtblout
k141_144395_50/34-254,k141_144395_50,260,57.1,1.3e-14,0.5,221,56.6,1.1e-17,1.9e-14,0.5,workflow/out/asr_HMMER/domtbl/Stool_8_asr_B.domtblout
k141_26727_3/27-244,k141_26727_3,274,56.9,1.5e-14,2.0,218,56.6,1.1e-17,1.9e-14,2.0,workflow/out/asr_HMMER/domtbl/Stool_8_asr_B.domtblout
k141_122234_2/27-244,k141_122234_2,274,55.9,3.1e-14,2.2,218,55.5,2.4e-17,4e-14,2.2,workflow/out/asr_HMMER/domtbl/Stool_8_asr_B.domtblout
k141_138873_17/27-266,k141_138873_17,275,53.9,1.3e-13,0.0,240,52.5,1.9e-16,3.3e-13,0.0,workflow/out/asr_HMMER/domtbl/Stool_8_asr_B.domtblout
k141_119771_4/26-244,k141_119771_4,285,53.4,1.7e-13,1.5,219,53.0,1.4e-16,2.3e-13,1.5,workflow/out/asr_HMMER/domtbl/Stool_8_asr_B.domtblout
k141_67076_2/3-179,k141_67076_2,187,52.6,3e-13,0.8,177,51.3,4.7e-16,7.9e-13,0.8,workflow/out/asr_HMMER/domtbl/Stool_8_asr_B.domtblout
k141_45743_65/250-415,k141_45743_65,423,52.6,3.1e-13,0.3,166,50.7,6.9e-16,1.2e-12,0.0,workflow/out/asr_HMMER/domtbl/Stool_8_asr_B.domtblout
k141_161379_22/30-241,k141_161379_22,251,52.3,3.8e-13,7.3,212,49.8,1.3e-15,2.1e-12,7.3,workflow/out/asr_HMMER/domtbl/Stool_8_asr_B.domtblout
k141_125343_4/27-244,k141_125343_4,281,52.1,4.3e-13,4.1,218,51.7,3.4e-16,5.7e-13,4.1,workflow/out/asr_HMMER/domtbl/Stool_8_asr_B.domtblout
k141_152850_48/33-280,k141_152850_48,287,51.8,5.3e-13,4.8,248,45.9,2.1e-14,3.5e-11,4.8,workflow/out/asr_HMMER/domtbl/Stool_8_asr_B.domtblout
k141_109724_2/33-254,k141_109724_2,259,51.0,9.3e-13,5.5,222,47.5,6.7e-15,1.1e-11,5.5,workflow/out/asr_HMMER/domtbl/Stool_8_asr_B.domtblout
k141_106751_6/26-244,k141_106751_6,283,50.7,1.1e-12,1.2,219,50.3,9.1e-16,1.5e-12,1.2,workflow/out/asr_HMMER/domtbl/Stool_8_asr_B.domtblout
k141_110482_59/37-260,k141_110482_59,265,50.4,1.5e-12,0.0,224,50.0,1.2e-15,2e-12,0.0,workflow/out/asr_HMMER/domtbl/Stool_8_asr_B.domtblout
k141_134176_1/258-421,k141_134176_1,429,49.8,2.1e-12,0.3,164,47.1,8.9e-15,1.5e-11,0.0,workflow/out/asr_HMMER/domtbl/Stool_8_asr_B.domtblout
k141_141975_2/176-339,k141_141975_2,347,49.3,3.2e-12,0.0,164,48.5,3.2e-15,5.5e-12,0.0,workflow/out/asr_HMMER/domtbl/Stool_8_asr_B.domtblout
k141_31645_3/254-418,k141_31645_3,425,48.4,6.1e-12,0.5,165,47.0,9.3e-15,1.6e-11,0.0,workflow/out/asr_HMMER/domtbl/Stool_8_asr_B.domtblout
k141_61185_1/2-34,k141_61185_1,39,47.5,1.1e-11,3.7,33,47.4,6.8e-15,1.2e-11,3.7,workflow/out/asr_HMMER/domtbl/Stool_8_asr_B.domtblout
k141_2640_1/29-152,k141_2640_1,169,43.0,2.6e-10,0.0,124,42.8,1.8e-13,3e-10,0.0,workflow/out/asr_HMMER/domtbl/Stool_8_asr_B.domtblout
k141_104656_1/8-168,k141_104656_1,174,42.5,3.8e-10,0.2,161,42.2,2.7e-13,4.5e-10,0.2,workflow/out/asr_HMMER/domtbl/Stool_8_asr_B.domtblout
k141_4053_1/32-176,k141_4053_1,182,29.2,4.1e-06,3.6,145,26.5,1.6e-08,2.8e-05,3.6,workflow/out/asr_HMMER/domtbl/Stool_8_asr_B.domtblout
k141_103614_2/8-125,k141_103614_2,135,23.7,0.0002,0.2,118,23.3,1.6e-07,0.00027,0.2,workflow/out/asr_HMMER/domtbl/Stool_8_asr_B.domtblout
k141_81436_1/15-106,k141_81436_1,106,22.4,0.00052,0.0,92,21.5,5.7e-07,0.00097,0.0,workflow/out/asr_HMMER/domtbl/Stool_8_asr_B.domtblout
k141_44648_1/34-105,k141_44648_1,108,21.1,0.0012,0.0,72,20.8,8.9e-07,0.0015,0.0,workflow/out/asr_HMMER/domtbl/Stool_8_asr_B.domtblout
