{"QUERY___S8": {"closest_ref": ["QUERY___Moorella_thermoacetica_2_dsrA"], "dist": 4.920286}, "QUERY___S24": {"closest_ref": ["QUERY___Moorella_thermoacetica_2_dsrA"], "dist": 4.68548}, "QUERY___S10": {"closest_ref": ["QUERY___Ley3_66761_scaffold_1830_dsrB"], "dist": 0.094414}, "QUERY___S36": {"closest_ref": ["QUERY___Ley3_66761_scaffold_1830_dsrB"], "dist": 0.112238}, "QUERY___S18": {"closest_ref": ["uncultured_bacterium__EF645667"], "dist": 0.14115417060727437}, "QUERY___S51": {"closest_ref": ["uncultured_bacterium__EF645667"], "dist": 0.14018117060727436}, "QUERY___S17": {"closest_ref": ["uncultured_bacterium__EF645667"], "dist": 0.08544067739288705}, "QUERY___S52": {"closest_ref": ["uncultured_bacterium__EF645667"], "dist": 0.09100267739288705}, "QUERY___S11": {"closest_ref": ["QUERY___Ley3_66761_scaffold_1025_dsrA"], "dist": 0.05573330359344138}, "QUERY___S12": {"closest_ref": ["QUERY___Ley3_66761_scaffold_1025_dsrA"], "dist": 0.057647303593441376}, "QUERY___S13": {"closest_ref": ["QUERY___Ley3_66761_scaffold_1025_dsrA"], "dist": 0.10337130359344138}, "QUERY___S14": {"closest_ref": ["QUERY___Ley3_66761_scaffold_1025_dsrA"], "dist": 0.08450030359344138}, "QUERY___S15": {"closest_ref": ["QUERY___Ley3_66761_scaffold_1025_dsrA"], "dist": 0.05430430359344138}, "QUERY___S30": {"closest_ref": ["QUERY___Ley3_66761_scaffold_1025_dsrA"], "dist": 0.06435130359344138}, "QUERY___S35": {"closest_ref": ["QUERY___Ley3_66761_scaffold_1025_dsrA"], "dist": 0.16505830359344137}, "QUERY___S39": {"closest_ref": ["QUERY___Ley3_66761_scaffold_1025_dsrA"], "dist": 0.058687303593441376}, "QUERY___S41": {"closest_ref": ["QUERY___Ley3_66761_scaffold_1025_dsrA"], "dist": 0.07132830359344138}, "QUERY___S49": {"closest_ref": ["QUERY___Ley3_66761_scaffold_1025_dsrA"], "dist": 0.10133530359344138}, "QUERY___S60": {"closest_ref": ["QUERY___Ley3_66761_scaffold_1025_dsrA"], "dist": 0.06104330359344138}, "QUERY___S61": {"closest_ref": ["QUERY___Ley3_66761_scaffold_1025_dsrA"], "dist": 0.061449303593441376}, "QUERY___S64": {"closest_ref": ["QUERY___Ley3_66761_scaffold_1025_dsrA"], "dist": 0.08854630359344137}, "QUERY___S9": {"closest_ref": ["QUERY___Ley3_66761_scaffold_1025_dsrA"], "dist": 2e-06}, "QUERY___S28": {"closest_ref": ["QUERY___Ley3_66761_scaffold_1025_dsrA"], "dist": 0.016235}, "QUERY___S32": {"closest_ref": ["QUERY___Ley3_66761_scaffold_1025_dsrA"], "dist": 0.067442}, "QUERY___S33": {"closest_ref": ["QUERY___Ley3_66761_scaffold_1025_dsrA"], "dist": 2e-06}, "QUERY___S34": {"closest_ref": ["QUERY___Ley3_66761_scaffold_1025_dsrA"], "dist": 2e-06}, "QUERY___S62": {"closest_ref": ["QUERY___Ley3_66761_scaffold_1025_dsrA"], "dist": 0.060794}, "QUERY___S63": {"closest_ref": ["QUERY___Ley3_66761_scaffold_1025_dsrA"], "dist": 0.057671}, "QUERY___S65": {"closest_ref": ["QUERY___Ley3_66761_scaffold_1025_dsrA"], "dist": 2e-06}, "QUERY___S40": {"closest_ref": ["Desulfovibrio_piger__DslPige4"], "dist": 0.009061500000250014}, "QUERY___S21": {"closest_ref": ["QUERY___Bilophila_wadsworthia_dsrA", "QUERY___Bilophila_wadsworthia_dsrB"], "dist": 0.007817}, "QUERY___S22": {"closest_ref": ["QUERY___Bilophila_wadsworthia_dsrA", "QUERY___Bilophila_wadsworthia_dsrB"], "dist": 0.009599}, "QUERY___S25": {"closest_ref": ["QUERY___Bilophila_wadsworthia_dsrA", "QUERY___Bilophila_wadsworthia_dsrB"], "dist": 0.018103}, "QUERY___S26": {"closest_ref": ["QUERY___Bilophila_wadsworthia_dsrA", "QUERY___Bilophila_wadsworthia_dsrB"], "dist": 0.028895}, "QUERY___S27": {"closest_ref": ["QUERY___Bilophila_wadsworthia_dsrA", "QUERY___Bilophila_wadsworthia_dsrB"], "dist": 2e-06}, "QUERY___S37": {"closest_ref": ["QUERY___Bilophila_wadsworthia_dsrA", "QUERY___Bilophila_wadsworthia_dsrB"], "dist": 0.210495}, "QUERY___S38": {"closest_ref": ["QUERY___Bilophila_wadsworthia_dsrA", "QUERY___Bilophila_wadsworthia_dsrB"], "dist": 2e-06}, "QUERY___S42": {"closest_ref": ["QUERY___Bilophila_wadsworthia_dsrA", "QUERY___Bilophila_wadsworthia_dsrB"], "dist": 2e-06}, "QUERY___S55": {"closest_ref": ["QUERY___Bilophila_wadsworthia_dsrA", "QUERY___Bilophila_wadsworthia_dsrB"], "dist": 0.009406}, "QUERY___S56": {"closest_ref": ["QUERY___Bilophila_wadsworthia_dsrA", "QUERY___Bilophila_wadsworthia_dsrB"], "dist": 2e-06}, "QUERY___S57": {"closest_ref": ["QUERY___Bilophila_wadsworthia_dsrA", "QUERY___Bilophila_wadsworthia_dsrB"], "dist": 2e-06}, "QUERY___S58": {"closest_ref": ["QUERY___Bilophila_wadsworthia_dsrA", "QUERY___Bilophila_wadsworthia_dsrB"], "dist": 0.029031}, "QUERY___S59": {"closest_ref": ["QUERY___Bilophila_wadsworthia_dsrA", "QUERY___Bilophila_wadsworthia_dsrB"], "dist": 0.024026000000000002}, "QUERY___S66": {"closest_ref": ["QUERY___Bilophila_wadsworthia_dsrA", "QUERY___Bilophila_wadsworthia_dsrB"], "dist": 2e-06}, "QUERY___S67": {"closest_ref": ["QUERY___Bilophila_wadsworthia_dsrA", "QUERY___Bilophila_wadsworthia_dsrB"], "dist": 0.212785}, "QUERY___S1": {"closest_ref": ["Bilophila_sp._4_1_30__BilSpec3"], "dist": 0.0016698334302823019}, "QUERY___S5": {"closest_ref": ["Bilophila_sp._4_1_30__BilSpec3"], "dist": 0.0016698334302823019}, "QUERY___S29": {"closest_ref": ["Bilophila_sp._4_1_30__BilSpec3"], "dist": 0.1361398334302823}, "QUERY___S43": {"closest_ref": ["Bilophila_sp._4_1_30__BilSpec3"], "dist": 0.0016698334302823019}, "QUERY___S48": {"closest_ref": ["Bilophila_sp._4_1_30__BilSpec3"], "dist": 0.0016698334302823019}, "QUERY___S2": {"closest_ref": ["Bilophila_wadsworthia__BilWads6"], "dist": 1.50000025001454e-06}, "QUERY___S4": {"closest_ref": ["Anaerobic_bacterium_sk.prop8__Bv2Prop2"], "dist": 1.3273535398282184}, "QUERY___S47": {"closest_ref": ["Anaerobic_bacterium_sk.prop8__Bv2Prop2"], "dist": 1.4612605398282181}, "QUERY___S7": {"closest_ref": ["QUERY___Desulfitibacter_alkalitolerans_dsrB"], "dist": 1.2922253977875662}, "QUERY___S16": {"closest_ref": ["QUERY___Desulfitibacter_alkalitolerans_dsrB"], "dist": 0.9160623977875663}, "QUERY___S44": {"closest_ref": ["QUERY___Desulfitibacter_alkalitolerans_dsrB"], "dist": 1.1415133977875662}, "QUERY___S50": {"closest_ref": ["QUERY___Desulfitibacter_alkalitolerans_dsrB"], "dist": 0.8278233977875663}, "QUERY___S3": {"closest_ref": ["Gordonibacter_pamelaeae__GrdPame5"], "dist": 0.26072770439316517}, "QUERY___S19": {"closest_ref": ["Gordonibacter_pamelaeae__GrdPame5"], "dist": 0.2678367043931652}, "QUERY___S23": {"closest_ref": ["Gordonibacter_pamelaeae__GrdPame5"], "dist": 0.25425470439316517}, "QUERY___S31": {"closest_ref": ["Gordonibacter_pamelaeae__GrdPame5"], "dist": 0.2608017043931652}, "QUERY___S46": {"closest_ref": ["Gordonibacter_pamelaeae__GrdPame5"], "dist": 0.2581877043931652}, "QUERY___S53": {"closest_ref": ["Gordonibacter_pamelaeae__GrdPame5"], "dist": 0.2688687043931652}, "QUERY___S6": {"closest_ref": ["Gordonibacter_pamelaeae__GrdPame5"], "dist": 0.03837422102966965}, "QUERY___S20": {"closest_ref": ["Gordonibacter_pamelaeae__GrdPame5"], "dist": 0.03843622102966965}, "QUERY___S45": {"closest_ref": ["Gordonibacter_pamelaeae__GrdPame5"], "dist": 0.02760322102966965}, "QUERY___S54": {"closest_ref": ["Gordonibacter_pamelaeae__GrdPame5"], "dist": 0.027632221029669647}}