"hit_id","query_id","biosample_id","closest_ref","distance","SRM_present","single_closest_ref"
"UEPQ01.62.1_13/64-437","UEPQ01","SAMN06115483","['Bilophila_wadsworthia__BilWads6']",1.50000025001454e-06,TRUE,"Bilophila_wadsworthia__BilWads6"
"UEPQ01.62.1_14/11-266","UEPQ01","SAMN06115483","['Bilophila_wadsworthia__BilWads6']",1.50000025001454e-06,TRUE,"Bilophila_wadsworthia__BilWads6"
"OQDE01.41009.1_2/1-77","OQDE01","SAMD00036307","['Bilophila_wadsworthia__BilWads6', 'Bilophila_sp._4_1_30__BilSpec3']",NA,TRUE,"Bilophila_wadsworthia__BilWads6"
"OWXA01.5389.1_2/11-266","OWXA01","SAMN05827029","['uncultured_bacterium__EF645667']",0.159062276190246,TRUE,"uncultured_bacterium__EF645667"
"OWXA01.5389.1_1/97-239","OWXA01","SAMN05827029","['Desulfovibrio_piger__DslPige3', 'Desulfovibrio_piger__DslPige4']",0.0753720912742298,TRUE,"Desulfovibrio_piger__DslPige3"
"UPFD01.8591.1_2/63-436","UPFD01","SAMEA2737666","['Desulfovibrio_piger__DslPige4']",0.0141257876807884,TRUE,"Desulfovibrio_piger__DslPige4"
"UPFD01.8591.1_3/11-266","UPFD01","SAMEA2737666","['Desulfovibrio_piger__DslPige3', 'Desulfovibrio_piger__DslPige4']",0.0578767876807884,TRUE,"Desulfovibrio_piger__DslPige3"
"UPMZ01.5950.1_5/51-395","UPMZ01","SAMEA2737808","['Gordonibacter_pamelaeae_7-10-1-b__FP929047']",0.00759969517357038,TRUE,"Gordonibacter_pamelaeae_7-10-1-b__FP929047"
"UPMZ01.5950.1_6/3-237","UPMZ01","SAMEA2737808","['Gordonibacter_pamelaeae__GrdPame5']",0.00338522102966964,TRUE,"Gordonibacter_pamelaeae__GrdPame5"
"UPMZ01.79208.1_1/11-136","UPMZ01","SAMEA2737808","['Bilophila_wadsworthia__BilWads6', 'Bilophila_sp._4_1_30__BilSpec3']",NA,TRUE,"Bilophila_wadsworthia__BilWads6"
"UPMZ01.44144.1_1/64-137","UPMZ01","SAMEA2737808","['Bilophila_wadsworthia__BilWads6', 'Bilophila_sp._4_1_30__BilSpec3', 'uncultured_bacterium__EF645667', 'Desulfovibrio_piger__DslPige3', 'Desulfovibrio_piger__DslPige4']",NA,TRUE,"Bilophila_wadsworthia__BilWads6"
"ORSC01.82376.1_1/1-172","ORSC01","SAMEA2338681","['Anaerobic_bacterium_sk.prop8__Bv2Prop2']",0.975806539828218,TRUE,"Anaerobic_bacterium_sk.prop8__Bv2Prop2"
"UEYD01.35306.1_1/33-281","UEYD01","SAMN06115506","['Bilophila_wadsworthia__BilWads6', 'Bilophila_sp._4_1_30__BilSpec3']",NA,TRUE,"Bilophila_wadsworthia__BilWads6"
"OPSF01.12557.1_1/64-428","OPSF01","SAMEA2042111","['Desulfovibrio_piger__DslPige4']",0.0605200912742298,TRUE,"Desulfovibrio_piger__DslPige4"
"QWCE01.3417.1_7/64-437","QWCE01","SAMN09866716","['Bilophila_wadsworthia__BilWads6']",1.50000025001454e-06,TRUE,"Bilophila_wadsworthia__BilWads6"
"QWCE01.34300.1_2/44-392","QWCE01","SAMN09866716","['Anaerobic_bacterium_sk.prop8__Bv2Prop2']",1.28961653982822,TRUE,"Anaerobic_bacterium_sk.prop8__Bv2Prop2"
"QWCE01.3417.1_6/11-266","QWCE01","SAMN09866716","['Bilophila_wadsworthia__BilWads6']",1.50000025001454e-06,TRUE,"Bilophila_wadsworthia__BilWads6"
"QWCE01.148739.1_1/3-193","QWCE01","SAMN09866716","['Gordonibacter_pamelaeae__GrdPame5']",0.287504704393165,TRUE,"Gordonibacter_pamelaeae__GrdPame5"
"QWCE01.143185.1_1/1-188","QWCE01","SAMN09866716","[]",NA,FALSE,NA
"QWCE01.34300.1_3/4-136","QWCE01","SAMN09866716","['Thermodesulfobium_narugense__CP002690']",1.84720903458103,TRUE,"Thermodesulfobium_narugense__CP002690"
"OWCY01.6912.1_3/63-436","OWCY01","SAMEA3708620","['Desulfovibrio_piger__DslPige2']",0.0216275214698588,TRUE,"Desulfovibrio_piger__DslPige2"
"OWCY01.6912.1_2/11-266","OWCY01","SAMEA3708620","['Desulfovibrio_piger__DslPige3']",0.0296697876807884,TRUE,"Desulfovibrio_piger__DslPige3"
"OWCY01.44532.1_1/11-266","OWCY01","SAMEA3708620","['Bilophila_wadsworthia__BilWads6']",1.50000025001454e-06,TRUE,"Bilophila_wadsworthia__BilWads6"
"ORRJ01.13417.1_2/63-436","ORRJ01","SAMEA2338649","['Desulfovibrio_piger__DslPige3']",0.0264067876807884,TRUE,"Desulfovibrio_piger__DslPige3"
"ORRJ01.22585.1_1/1-245","ORRJ01","SAMEA2338649","['Bilophila_wadsworthia__BilWads6']",0.132795370502427,TRUE,"Bilophila_wadsworthia__BilWads6"
"UERO01.20183.1_1/64-437","UERO01","SAMN06115397","['Bilophila_wadsworthia__BilWads6']",1.50000025001454e-06,TRUE,"Bilophila_wadsworthia__BilWads6"
"UERO01.11922.1_1/1-118","UERO01","SAMN06115397","['Bilophila_wadsworthia__BilWads6']",0.122301370502427,TRUE,"Bilophila_wadsworthia__BilWads6"
"UERO01.20183.1_2/11-91","UERO01","SAMN06115397","['Bilophila_wadsworthia__BilWads6']",0.285344370502427,TRUE,"Bilophila_wadsworthia__BilWads6"
"OPAP01.30399.1_1/1-90","OPAP01","SAMEA1967055","['Bilophila_wadsworthia__BilWads6', 'Desulfovibrio_piger__DslPige3', 'Desulfovibrio_piger__DslPige4']",NA,TRUE,"Bilophila_wadsworthia__BilWads6"
"OURY01.49778.1_1/1-252","OURY01","SAMEA2338638","['Anaerobic_bacterium_sk.prop8__Bv2Prop2']",1.16743453982822,TRUE,"Anaerobic_bacterium_sk.prop8__Bv2Prop2"
"OYXC01.9658.1_1/11-266","OYXC01","SAMN06165016","['Desulfovibrio_piger__DslPige3', 'Desulfovibrio_piger__DslPige4']",0.0390407876807884,TRUE,"Desulfovibrio_piger__DslPige3"
"OYXC01.9658.1_2/1-228","OYXC01","SAMN06165016","['Desulfovibrio_piger__DslPige3', 'Desulfovibrio_piger__DslPige4']",NA,TRUE,"Desulfovibrio_piger__DslPige3"
"USZA01.13236.1_3/38-305","USZA01","SAMN06112073","['Bilophila_wadsworthia__BilWads6']",0.147161370502427,TRUE,"Bilophila_wadsworthia__BilWads6"
"USZA01.18536.1_1/63-204","USZA01","SAMN06112073","['Desulfovibrio_piger__DslPige3', 'Desulfovibrio_piger__DslPige4']",NA,TRUE,"Desulfovibrio_piger__DslPige3"
"USZA01.41154.1_2/6-173","USZA01","SAMN06112073","['Anaerobic_bacterium_sk.prop8__Bv2Prop2']",1.12602988487643,TRUE,"Anaerobic_bacterium_sk.prop8__Bv2Prop2"
"USZA01.16685.1_1/1-148","USZA01","SAMN06112073","['Desulfovibrio_piger__DslPige3', 'Desulfovibrio_piger__DslPige4']",NA,TRUE,"Desulfovibrio_piger__DslPige3"
"USZA01.41154.1_1/3-156","USZA01","SAMN06112073","['Anaerobic_bacterium_sk.prop8__Bv2Prop2']",1.16623553982822,TRUE,"Anaerobic_bacterium_sk.prop8__Bv2Prop2"
"USZA01.130730.1_2/1-109","USZA01","SAMN06112073","['Anaerobic_bacterium_sk.prop8__Bv2Prop2']",1.05095653982822,TRUE,"Anaerobic_bacterium_sk.prop8__Bv2Prop2"
"UZLQ01.611.1_10/64-437","UZLQ01","SAMN00715227","['Bilophila_wadsworthia__BilWads6']",1.50000025001454e-06,TRUE,"Bilophila_wadsworthia__BilWads6"
"UZLQ01.611.1_9/1-253","UZLQ01","SAMN00715227","['Bilophila_wadsworthia__BilWads6']",1.50000025001454e-06,TRUE,"Bilophila_wadsworthia__BilWads6"
"UPRH01.19723.1_1/11-266","UPRH01","SAMEA2737760","['Bilophila_wadsworthia__BilWads6']",1.50000025001454e-06,TRUE,"Bilophila_wadsworthia__BilWads6"
"UPMW01.3186.1_8/63-436","UPMW01","SAMEA2737879","['uncultured_bacterium__EF645667']",0.085775677392887,TRUE,"uncultured_bacterium__EF645667"
"UPMW01.3186.1_7/11-266","UPMW01","SAMEA2737879","['uncultured_bacterium__EF645667']",0.143520170607274,TRUE,"uncultured_bacterium__EF645667"
"UPMM01.15656.1_2/63-436","UPMM01","SAMEA2737839","['Desulfovibrio_piger__DslPige3', 'Desulfovibrio_piger__DslPige4']",0.0658240912742298,TRUE,"Desulfovibrio_piger__DslPige3"
"UPMM01.15656.1_1/11-112","UPMM01","SAMEA2737839","['Bilophila_wadsworthia__BilWads6']",0.127144370502427,TRUE,"Bilophila_wadsworthia__BilWads6"
"ORIF01.8853.1_1/63-390","ORIF01","SAMN04329858","['Desulfovibrio_piger__DslPige3', 'Desulfovibrio_piger__DslPige4']",NA,TRUE,"Desulfovibrio_piger__DslPige3"
"ORIF01.8035.1_2/50-394","ORIF01","SAMN04329858","['Anaerobic_bacterium_sk.prop8__Bv2Prop2']",1.13300853982822,TRUE,"Anaerobic_bacterium_sk.prop8__Bv2Prop2"
"ORIF01.7405.1_1/8-243","ORIF01","SAMN04329858","['Desulfitibacter_alkalitolerans__DfiAlka2']",0.961880556332035,TRUE,"Desulfitibacter_alkalitolerans__DfiAlka2"
"ULQH01.22774.1_1/1-246","ULQH01","SAMEA4835653","['Bilophila_wadsworthia__BilWads6', 'Bilophila_sp._4_1_30__BilSpec3']",NA,TRUE,"Bilophila_wadsworthia__BilWads6"
"UMCV01.52177.1_1/1-141","UMCV01","SAMEA4835976","['uncultured_bacterium__EF645667', 'Desulfovibrio_piger__DslPige4', 'Desulfovibrio_piger__DslPige3', 'Desulfovibrio_piger__DslPige2']",NA,TRUE,"uncultured_bacterium__EF645667"
"UPLS01.22663.1_4/63-190","UPLS01","SAMEA2737864","['Desulfovibrio_piger__DslPige3', 'Desulfovibrio_piger__DslPige4']",NA,TRUE,"Desulfovibrio_piger__DslPige3"
"OXJK01.30384.1_1/2-184","OXJK01","SAMN05826969","['Bilophila_wadsworthia__BilWads6', 'Bilophila_sp._4_1_30__BilSpec3']",NA,TRUE,"Bilophila_wadsworthia__BilWads6"
"UPQN01.3.1_186/62-435","UPQN01","SAMEA2737804","['uncultured_bacterium__EF645667']",0.476920276190246,TRUE,"uncultured_bacterium__EF645667"
"UPQN01.3.1_187/11-266","UPQN01","SAMEA2737804","['uncultured_bacterium__EF645667']",0.608863276190246,TRUE,"uncultured_bacterium__EF645667"
"UPQN01.66372.1_1/8-172","UPQN01","SAMEA2737804","['Bilophila_sp._4_1_30__BilSpec3']",0.0131588334302823,TRUE,"Bilophila_sp._4_1_30__BilSpec3"
"USWG01.18375.1_1/2-243","USWG01","SAMN06111996","['Bilophila_sp._4_1_30__BilSpec3']",0.0208788334302823,TRUE,"Bilophila_sp._4_1_30__BilSpec3"
"USWG01.37789.1_1/64-205","USWG01","SAMN06111996","['Bilophila_wadsworthia__BilWads6', 'Bilophila_sp._4_1_30__BilSpec3', 'uncultured_bacterium__EF645667', 'Desulfovibrio_piger__DslPige3', 'Desulfovibrio_piger__DslPige4']",NA,TRUE,"Bilophila_wadsworthia__BilWads6"
"UZHZ01.1361.1_5/64-437","UZHZ01","SAMN00791913","['Bilophila_wadsworthia__BilWads6']",1.50000025001454e-06,TRUE,"Bilophila_wadsworthia__BilWads6"
"UZHZ01.1361.1_6/11-266","UZHZ01","SAMN00791913","['Bilophila_sp._4_1_30__BilSpec3']",0.0016698334302823,TRUE,"Bilophila_sp._4_1_30__BilSpec3"
"OZKV01.8779.1_1/64-430","OZKV01","SAMN06165244","['Desulfovibrio_piger__DslPige3', 'Desulfovibrio_piger__DslPige4']",0.0531957876807884,TRUE,"Desulfovibrio_piger__DslPige3"
"OZZL01.7074.1_1/28-293","OZZL01","SAMN06165153","['Moorella_thermoacetica_Y72_copy_2__MooTher5']",7.08102461945668,TRUE,"Moorella_thermoacetica_Y72_copy_2__MooTher5"
"OQPZ01.68446.1_1/2-197","OQPZ01","SAMN02712189","['Bilophila_sp._4_1_30__BilSpec3']",0.0467368334302823,TRUE,"Bilophila_sp._4_1_30__BilSpec3"
"OWBQ01.8.1_53/62-435","OWBQ01","SAMEA3708561","['uncultured_bacterium__EF645667']",0.474586276190246,TRUE,"uncultured_bacterium__EF645667"
"OWBQ01.8.1_52/11-266","OWBQ01","SAMEA3708561","['uncultured_bacterium__EF645667']",0.608863276190246,TRUE,"uncultured_bacterium__EF645667"
"OPWH01.12327.1_1/62-157","OPWH01","SAMEA2043049","['Bilophila_wadsworthia__BilWads6']",0.130667370502427,TRUE,"Bilophila_wadsworthia__BilWads6"
"OWQQ01.8304.1_2/63-436","OWQQ01","SAMEA4378285","['Desulfovibrio_piger__DslPige3', 'Desulfovibrio_piger__DslPige4']",0.0575660912742298,TRUE,"Desulfovibrio_piger__DslPige3"
"OWQQ01.8304.1_3/11-266","OWQQ01","SAMEA4378285","['Desulfovibrio_piger__DslPige3']",0.0203577876807884,TRUE,"Desulfovibrio_piger__DslPige3"
"ORRD01.1201.1_14/52-400","ORRD01","SAMEA2338677","['Gordonibacter_pamelaeae__GrdPame5']",0.914608704393165,TRUE,"Gordonibacter_pamelaeae__GrdPame5"
"UZNL01.14334.1_1/62-250","UZNL01","SAMN00715143","['Candidatus_Desulfovibrio_trichonymphae']",0.338769307406043,TRUE,"Candidatus_Desulfovibrio_trichonymphae"
"ULSH01.35401.1_1/2-238","ULSH01","SAMEA4835702","['uncultured_bacterium__EF645667']",NA,TRUE,"uncultured_bacterium__EF645667"
"UYDM01.8511.1_2/63-436","UYDM01","SAMEA2151439","['Desulfovibrio_piger__DslPige3', 'Desulfovibrio_piger__DslPige4']",0.0727370912742298,TRUE,"Desulfovibrio_piger__DslPige3"
"UYDM01.8511.1_3/11-266","UYDM01","SAMEA2151439","['uncultured_bacterium__EF645667']",0.159247276190246,TRUE,"uncultured_bacterium__EF645667"
"OQQY01.70848.1_1/1-202","OQQY01","SAMN02711295","['Bilophila_wadsworthia__BilWads6', 'Bilophila_sp._4_1_30__BilSpec3']",NA,TRUE,"Bilophila_wadsworthia__BilWads6"
"OQQY01.63187.1_2/11-158","OQQY01","SAMN02711295","['Bilophila_sp._4_1_30__BilSpec3']",0.0321688334302823,TRUE,"Bilophila_sp._4_1_30__BilSpec3"
"OQQY01.71910.1_1/1-113","OQQY01","SAMN02711295","['Bilophila_wadsworthia__BilWads6', 'Desulfovibrio_sp._6_1_46AFAA__DsvSp231']",NA,TRUE,"Bilophila_wadsworthia__BilWads6"
"OVYG01.1315.1_12/64-437","OVYG01","SAMEA3708462","['Bilophila_wadsworthia__BilWads6']",1.50000025001454e-06,TRUE,"Bilophila_wadsworthia__BilWads6"
"OVYG01.1315.1_13/11-266","OVYG01","SAMEA3708462","['Bilophila_wadsworthia__BilWads6']",1.50000025001454e-06,TRUE,"Bilophila_wadsworthia__BilWads6"
"UXRB01.19263.1_2/11-266","UXRB01","SAMEA2155512","['Desulfovibrio_piger__DslPige3']",0.0743310912742298,TRUE,"Desulfovibrio_piger__DslPige3"
"UXRB01.19263.1_3/1-286","UXRB01","SAMEA2155512","['Desulfovibrio_piger__DslPige3', 'Desulfovibrio_piger__DslPige4']",NA,TRUE,"Desulfovibrio_piger__DslPige3"
"UXRB01.66584.1_2/63-175","UXRB01","SAMEA2155512","['Desulfovibrio_piger__DslPige3']",NA,TRUE,"Desulfovibrio_piger__DslPige3"
"OZZQ01.3100.1_3/27-294","OZZQ01","SAMN06165154","['Moorella_thermoacetica_Y72_copy_2__MooTher5']",7.00372561945668,TRUE,"Moorella_thermoacetica_Y72_copy_2__MooTher5"
"OZZQ01.2726.1_4/28-293","OZZQ01","SAMN06165154","['Moorella_thermoacetica_Y72_copy_2__MooTher5']",7.08102461945668,TRUE,"Moorella_thermoacetica_Y72_copy_2__MooTher5"
"UPMR01.3615.1_10/63-436","UPMR01","SAMEA2737866","['Desulfovibrio_piger__DslPige3', 'Desulfovibrio_piger__DslPige4']",0.0788650912742298,TRUE,"Desulfovibrio_piger__DslPige3"
"UPMR01.3615.1_4/63-436","UPMR01","SAMEA2737866","['Desulfovibrio_piger__DslPige3', 'Desulfovibrio_piger__DslPige4']",0.0788650912742298,TRUE,"Desulfovibrio_piger__DslPige3"
"UPMR01.3615.1_3/11-266","UPMR01","SAMEA2737866","['Desulfovibrio_piger__DslPige3', 'Desulfovibrio_piger__DslPige4']",0.0018347876807884,TRUE,"Desulfovibrio_piger__DslPige3"
"UPMR01.3615.1_9/11-266","UPMR01","SAMEA2737866","['Desulfovibrio_piger__DslPige3', 'Desulfovibrio_piger__DslPige4']",0.0018347876807884,TRUE,"Desulfovibrio_piger__DslPige3"
"UPMR01.66066.1_2/2-136","UPMR01","SAMEA2737866","['Bilophila_sp._4_1_30__BilSpec3']",0.0157768334302823,TRUE,"Bilophila_sp._4_1_30__BilSpec3"
"UPMR01.66066.1_1/11-108","UPMR01","SAMEA2737866","['Bilophila_wadsworthia__BilWads6', 'Bilophila_sp._4_1_30__BilSpec3']",NA,TRUE,"Bilophila_wadsworthia__BilWads6"
"OWSK01.6388.1_2/63-436","OWSK01","SAMEA4378329","['Desulfovibrio_piger__DslPige3']",0.0079667876807884,TRUE,"Desulfovibrio_piger__DslPige3"
"OWSK01.6388.1_1/11-264","OWSK01","SAMEA4378329","['Desulfovibrio_piger__DslPige4']",0.0110857876807884,TRUE,"Desulfovibrio_piger__DslPige4"
"OWSK01.6388.1_6/1-82","OWSK01","SAMEA4378329","['Bilophila_wadsworthia__BilWads6', 'Desulfovibrio_piger__DslPige3', 'Desulfovibrio_piger__DslPige4']",NA,TRUE,"Bilophila_wadsworthia__BilWads6"
"OWEA01.6517.1_3/63-436","OWEA01","SAMEA3708617","['Desulfovibrio_piger__DslPige3']",0.0203517876807884,TRUE,"Desulfovibrio_piger__DslPige3"
"OWEA01.6517.1_2/11-266","OWEA01","SAMEA3708617","['uncultured_bacterium__EF645667']",0.186408276190246,TRUE,"uncultured_bacterium__EF645667"
"UZIE01.3608.1_5/64-437","UZIE01","SAMN00791944","['Bilophila_wadsworthia__BilWads6']",1.50000025001454e-06,TRUE,"Bilophila_wadsworthia__BilWads6"
"UZIE01.3608.1_6/11-266","UZIE01","SAMN00791944","['Bilophila_wadsworthia__BilWads6']",1.50000025001454e-06,TRUE,"Bilophila_wadsworthia__BilWads6"
"ORVI01.27023.1_1/64-438","ORVI01","SAMEA2338833","['Bilophila_sp._4_1_30__BilSpec3']",0.0849298334302823,TRUE,"Bilophila_sp._4_1_30__BilSpec3"
"ORVI01.27023.1_2/11-108","ORVI01","SAMEA2338833","['Bilophila_sp._4_1_30__BilSpec3']",0.0241268334302823,TRUE,"Bilophila_sp._4_1_30__BilSpec3"
"ULXL01.46695.1_1/1-339","ULXL01","SAMEA4835837","['Desulfovibrio_desulfuricans_subsp._desulfuricans_str._ATCC_27774__CP001358']",0.0193417921887412,TRUE,"Desulfovibrio_desulfuricans_subsp._desulfuricans_str._ATCC_27774__CP001358"
"ULXL01.61062.1_1/1-115","ULXL01","SAMEA4835837","['Desulfovibrio_desulfuricans__DslDes17', 'Desulfovibrio_desulfuricans_subsp._desulfuricans_str._ATCC_27774__CP001358']",NA,TRUE,"Desulfovibrio_desulfuricans__DslDes17"
"ULXL01.46695.1_2/11-123","ULXL01","SAMEA4835837","['Desulfovibrio_desulfuricans__DslDes17', 'Desulfovibrio_desulfuricans_subsp._desulfuricans_str._ATCC_27774__CP001358']",NA,TRUE,"Desulfovibrio_desulfuricans__DslDes17"
"ULXL01.82817.1_2/27-294","ULXL01","SAMEA4835837","['Moorella_thermoacetica_Y72_copy_2__MooTher5']",7.00372561945668,TRUE,"Moorella_thermoacetica_Y72_copy_2__MooTher5"
"OWGR01.71931.1_2/11-87","OWGR01","SAMEA3708494","['Bilophila_wadsworthia__BilWads6', 'Bilophila_sp._4_1_30__BilSpec3']",NA,TRUE,"Bilophila_wadsworthia__BilWads6"
"ULRD01.28831.1_1/1-232","ULRD01","SAMEA4835675","['Desulfovibrio_piger__DslPige3', 'Desulfovibrio_piger__DslPige4']",NA,TRUE,"Desulfovibrio_piger__DslPige3"
"ULRD01.52017.1_1/11-152","ULRD01","SAMEA4835675","['Desulfovibrio_piger__DslPige3', 'Desulfovibrio_piger__DslPige4']",0.0470370912742298,TRUE,"Desulfovibrio_piger__DslPige3"
"ULRD01.35842.1_2/63-146","ULRD01","SAMEA4835675","['Desulfovibrio_piger__DslPige4', 'Desulfovibrio_piger__DslPige3', 'uncultured_bacterium__EF645667']",NA,TRUE,"Desulfovibrio_piger__DslPige4"
"UEYE01.11137.1_2/64-437","UEYE01","SAMN06115512","['uncultured_bacterium__EF645667']",0.474163276190246,TRUE,"uncultured_bacterium__EF645667"
"UEYE01.31469.1_1/1-298","UEYE01","SAMN06115512","['Bilophila_sp._4_1_30__BilSpec3']",0.0091928334302823,TRUE,"Bilophila_sp._4_1_30__BilSpec3"
"UEYE01.14975.1_1/1-230","UEYE01","SAMN06115512","['Bilophila_wadsworthia__BilWads6']",0.197521370502427,TRUE,"Bilophila_wadsworthia__BilWads6"
"UEYE01.11137.1_1/11-212","UEYE01","SAMN06115512","['uncultured_bacterium__EF645667']",0.711750276190246,TRUE,"uncultured_bacterium__EF645667"
"UMHE01.11170.1_4/55-428","UMHE01","SAMEA4836090","['uncultured_bacterium__EF645667']",0.474586276190246,TRUE,"uncultured_bacterium__EF645667"
"UMHE01.11170.1_3/11-266","UMHE01","SAMEA4836090","['uncultured_bacterium__EF645667']",0.608863276190246,TRUE,"uncultured_bacterium__EF645667"
"OQXB01.18.1_117/53-401","OQXB01","SAMN04161035","['Anaerobic_bacterium_sk.prop8__Bv2Prop2']",1.29820453982822,TRUE,"Anaerobic_bacterium_sk.prop8__Bv2Prop2"
"OQXB01.18.1_116/4-240","OQXB01","SAMN04161035","['Desulfitibacter_alkalitolerans__DfiAlka2']",1.28346255633203,TRUE,"Desulfitibacter_alkalitolerans__DfiAlka2"
"ORCJ01.30263.1_1/1-206","ORCJ01","SAMN06115435","['Desulfovibrio_vulgaris__DQ826729']",0.375418911862788,TRUE,"Desulfovibrio_vulgaris__DQ826729"
"ORWY01.1258.1_16/64-437","ORWY01","SAMEA2338866","['Bilophila_wadsworthia__BilWads6']",1.50000025001454e-06,TRUE,"Bilophila_wadsworthia__BilWads6"
"ORWY01.1258.1_15/11-266","ORWY01","SAMEA2338866","['Bilophila_wadsworthia__BilWads6']",1.50000025001454e-06,TRUE,"Bilophila_wadsworthia__BilWads6"
"ORWY01.341.1_49/11-266","ORWY01","SAMEA2338866","['uncultured_bacterium__EF645667']",0.196136276190246,TRUE,"uncultured_bacterium__EF645667"
"ORWY01.95422.1_1/1-223","ORWY01","SAMEA2338866","['Desulfovibrio_piger__DslPige4', 'Desulfovibrio_piger__DslPige3']",NA,TRUE,"Desulfovibrio_piger__DslPige4"
"ORWY01.114984.1_1/1-122","ORWY01","SAMEA2338866","['Desulfovibrio_piger__DslPige4', 'Desulfovibrio_piger__DslPige3']",NA,TRUE,"Desulfovibrio_piger__DslPige4"
"ORWY01.1188.1_20/63-146","ORWY01","SAMEA2338866","['Desulfovibrio_piger__DslPige4', 'Desulfovibrio_piger__DslPige3', 'uncultured_bacterium__EF645667']",NA,TRUE,"Desulfovibrio_piger__DslPige4"
"ORWY01.113268.1_2/1-119","ORWY01","SAMEA2338866","['Anaerobic_bacterium_sk.prop8__Bv2Prop2']",1.02182153982822,TRUE,"Anaerobic_bacterium_sk.prop8__Bv2Prop2"
"ORWY01.341.1_50/1-101","ORWY01","SAMEA2338866","['Desulfovibrio_piger__DslPige4', 'Desulfovibrio_piger__DslPige3', 'Desulfovibrio_piger__DslPige2']",NA,TRUE,"Desulfovibrio_piger__DslPige4"
"OWSN01.3025.1_6/11-266","OWSN01","SAMEA4378267","['Bilophila_wadsworthia__BilWads6']",0.00918450000025001,TRUE,"Bilophila_wadsworthia__BilWads6"
"OWSN01.4779.1_1/64-165","OWSN01","SAMEA4378267","['Bilophila_wadsworthia__BilWads6', 'Bilophila_sp._4_1_30__BilSpec3', 'uncultured_bacterium__EF645667', 'Desulfovibrio_piger__DslPige3', 'Desulfovibrio_piger__DslPige4']",NA,TRUE,"Bilophila_wadsworthia__BilWads6"
"OZPB01.8102.1_2/2-283","OZPB01","SAMN06164804","['Desulfovibrio_piger__DslPige3', 'Desulfovibrio_piger__DslPige4']",NA,TRUE,"Desulfovibrio_piger__DslPige3"
"OZPB01.8102.1_1/11-266","OZPB01","SAMN06164804","['uncultured_bacterium__EF645667']",0.179042276190246,TRUE,"uncultured_bacterium__EF645667"
"UZPQ01.2536.1_3/64-437","UZPQ01","SAMN00791950","['Bilophila_wadsworthia__BilWads6']",1.50000025001454e-06,TRUE,"Bilophila_wadsworthia__BilWads6"
"UZPQ01.2536.1_4/11-266","UZPQ01","SAMN00791950","['Bilophila_wadsworthia__BilWads6']",1.50000025001454e-06,TRUE,"Bilophila_wadsworthia__BilWads6"
"UMHG01.13160.1_5/64-437","UMHG01","SAMEA4836092","['Bilophila_wadsworthia__BilWads6']",1.50000025001454e-06,TRUE,"Bilophila_wadsworthia__BilWads6"
"UMHG01.13160.1_6/11-178","UMHG01","SAMEA4836092","['Bilophila_wadsworthia__BilWads6']",NA,TRUE,"Bilophila_wadsworthia__BilWads6"
"UPPQ01.16932.1_2/1-246","UPPQ01","SAMEA2737763","['Desulfovibrio_piger__DslPige3', 'Desulfovibrio_piger__DslPige4']",NA,TRUE,"Desulfovibrio_piger__DslPige3"
"UPPQ01.49344.1_1/11-149","UPPQ01","SAMEA2737763","['Bilophila_wadsworthia__BilWads6', 'Bilophila_sp._4_1_30__BilSpec3']",NA,TRUE,"Bilophila_wadsworthia__BilWads6"
"UZHX01.6273.1_1/64-252","UZHX01","SAMN00791942","['Bilophila_wadsworthia__BilWads6', 'Bilophila_sp._4_1_30__BilSpec3']",NA,TRUE,"Bilophila_wadsworthia__BilWads6"
"UZHX01.36896.1_2/11-126","UZHX01","SAMN00791942","['Bilophila_wadsworthia__BilWads6', 'Bilophila_sp._4_1_30__BilSpec3']",NA,TRUE,"Bilophila_wadsworthia__BilWads6"
"UYDJ01.9802.1_3/63-436","UYDJ01","SAMEA2144396","['Desulfovibrio_piger__DslPige3']",0.0205247876807884,TRUE,"Desulfovibrio_piger__DslPige3"
"UYDJ01.9802.1_4/11-266","UYDJ01","SAMEA2144396","['Desulfovibrio_piger__DslPige3', 'Desulfovibrio_piger__DslPige4']",0.0018347876807884,TRUE,"Desulfovibrio_piger__DslPige3"
"OQHC01.18290.1_4/11-121","OQHC01","SAMD00036207","['Bilophila_wadsworthia__BilWads6', 'Bilophila_sp._4_1_30__BilSpec3']",NA,TRUE,"Bilophila_wadsworthia__BilWads6"
"OQHC01.18290.1_1/17-124","OQHC01","SAMD00036207","['Bilophila_sp._4_1_30__BilSpec3']",0.0411268334302823,TRUE,"Bilophila_sp._4_1_30__BilSpec3"
"OQHC01.18290.1_3/1-96","OQHC01","SAMD00036207","['Bilophila_wadsworthia__BilWads6', 'Bilophila_sp._4_1_30__BilSpec3', 'uncultured_bacterium__EF645667']",NA,TRUE,"Bilophila_wadsworthia__BilWads6"
"UZTU01.1044.1_16/64-437","UZTU01","SAMN00792072","['Bilophila_wadsworthia__BilWads6']",1.50000025001454e-06,TRUE,"Bilophila_wadsworthia__BilWads6"
"UZTU01.1044.1_15/11-266","UZTU01","SAMN00792072","['Bilophila_wadsworthia__BilWads6']",1.50000025001454e-06,TRUE,"Bilophila_wadsworthia__BilWads6"
"ORHZ01.1504.1_5/53-398","ORHZ01","SAMN04329852","['MSW_digester_clone__Unc01cxc']",1.61033480670952,TRUE,"MSW_digester_clone__Unc01cxc"
"ORHZ01.1504.1_4/5-240","ORHZ01","SAMN04329852","['Desulfitibacter_alkalitolerans__DfiAlka2']",1.09229755633203,TRUE,"Desulfitibacter_alkalitolerans__DfiAlka2"
"ORHZ01.22362.1_1/18-219","ORHZ01","SAMN04329852","['Anaerobic_bacterium_sk.prop8__Bv2Prop2']",1.14845753982822,TRUE,"Anaerobic_bacterium_sk.prop8__Bv2Prop2"
"ORHZ01.9796.1_5/7-91","ORHZ01","SAMN04329852","['Anaerobic_bacterium_sk.prop8__Bv2Prop2']",0.618707140551801,TRUE,"Anaerobic_bacterium_sk.prop8__Bv2Prop2"
"OQDZ01.8857.1_2/2-188","OQDZ01","SAMD00036330","['uncultured_bacterium__EF645667', 'uncultured_bacterium__EF645664', 'Desulfovibrio_desulfuricans__DQ092635']",NA,TRUE,"uncultured_bacterium__EF645667"
"OQDZ01.8857.1_5/11-124","OQDZ01","SAMD00036330","['Bilophila_wadsworthia__BilWads6']",NA,TRUE,"Bilophila_wadsworthia__BilWads6"
"OQDZ01.8857.1_4/1-96","OQDZ01","SAMD00036330","['Bilophila_wadsworthia__BilWads6']",NA,TRUE,"Bilophila_wadsworthia__BilWads6"
"OQDZ01.8857.1_6/1-56","OQDZ01","SAMD00036330","['Bilophila_wadsworthia__BilWads6']",0.175578370502427,TRUE,"Bilophila_wadsworthia__BilWads6"
"ORPW01.19403.1_2/63-436","ORPW01","SAMEA2338703","['Desulfovibrio_desulfuricans_subsp._desulfuricans_str._ATCC_27774__CP001358']",0.0193417921887412,TRUE,"Desulfovibrio_desulfuricans_subsp._desulfuricans_str._ATCC_27774__CP001358"
"ORPW01.41734.1_1/1-134","ORPW01","SAMEA2338703","['Desulfovibrio_desulfuricans__DslDes17', 'Desulfovibrio_desulfuricans_subsp._desulfuricans_str._ATCC_27774__CP001358']",NA,TRUE,"Desulfovibrio_desulfuricans__DslDes17"
"ORPW01.19403.1_3/11-125","ORPW01","SAMEA2338703","['Desulfovibrio_desulfuricans__DslDes17', 'Desulfovibrio_desulfuricans_subsp._desulfuricans_str._ATCC_27774__CP001358']",NA,TRUE,"Desulfovibrio_desulfuricans__DslDes17"
"ORPW01.3088.1_4/27-294","ORPW01","SAMEA2338703","['Moorella_thermoacetica_Y72_copy_2__MooTher5']",7.00372561945668,TRUE,"Moorella_thermoacetica_Y72_copy_2__MooTher5"
"ORJZ01.439.1_2/50-397","ORJZ01","SAMN04329869","['Anaerobic_bacterium_sk.prop8__Bv2Prop2']",1.13300853982822,TRUE,"Anaerobic_bacterium_sk.prop8__Bv2Prop2"
"ORJZ01.439.1_3/7-240","ORJZ01","SAMN04329869","['Desulfitibacter_alkalitolerans__DfiAlka2']",0.923001556332035,TRUE,"Desulfitibacter_alkalitolerans__DfiAlka2"
"ORJZ01.5073.1_1/63-299","ORJZ01","SAMN04329869","['uncultured_bacterium__EF645667']",0.0428470841395422,TRUE,"uncultured_bacterium__EF645667"
"ORJZ01.3824.1_2/1-203","ORJZ01","SAMN04329869","['uncultured_bacterium__EF645667']",NA,TRUE,"uncultured_bacterium__EF645667"
"ORJZ01.4803.1_1/23-242","ORJZ01","SAMN04329869","['Bilophila_wadsworthia__BilWads6']",0.136715370502427,TRUE,"Bilophila_wadsworthia__BilWads6"
"ORJZ01.17253.1_1/2-182","ORJZ01","SAMN04329869","['MSW_digester_clone__Unc01cxc']",1.38163180670952,TRUE,"MSW_digester_clone__Unc01cxc"
"ORJZ01.16040.1_1/2-139","ORJZ01","SAMN04329869","['uncultured_bacterium__EF645667']",NA,TRUE,"uncultured_bacterium__EF645667"
"UPSY01.5787.1_5/64-437","UPSY01","SAMN06111932","['Bilophila_wadsworthia__BilWads6']",1.50000025001454e-06,TRUE,"Bilophila_wadsworthia__BilWads6"
"UPSY01.8712.1_5/1-204","UPSY01","SAMN06111932","['Bilophila_wadsworthia__BilWads6']",NA,TRUE,"Bilophila_wadsworthia__BilWads6"
"OWDJ01.5587.1_5/64-437","OWDJ01","SAMEA3708596","['Bilophila_wadsworthia__BilWads6']",1.50000025001454e-06,TRUE,"Bilophila_wadsworthia__BilWads6"
"OWDJ01.5587.1_6/11-266","OWDJ01","SAMEA3708596","['Bilophila_sp._4_1_30__BilSpec3']",0.0016698334302823,TRUE,"Bilophila_sp._4_1_30__BilSpec3"
"OWDJ01.86815.1_2/1-127","OWDJ01","SAMEA3708596","['Desulfovibrio_sp._3_1_syn3__DsvSp230', 'Desulfovibrio_sp._6_1_46AFAA__DsvSp231']",NA,TRUE,"Desulfovibrio_sp._3_1_syn3__DsvSp230"
"OQSJ01.28389.1_1/2-375","OQSJ01","SAMN05214696","['Desulfovibrio_piger__DslPige3', 'Desulfovibrio_piger__DslPige4']",0.18876609127423,TRUE,"Desulfovibrio_piger__DslPige3"
"OUOT01.25188.1_1/1-370","OUOT01","SAMN05356872","['Desulfovibrio_piger__DslPige3', 'Desulfovibrio_piger__DslPige4']",0.0731360912742298,TRUE,"Desulfovibrio_piger__DslPige3"
"OUOT01.21243.1_2/10-265","OUOT01","SAMN05356872","['Desulfovibrio_piger__DslPige3', 'Desulfovibrio_piger__DslPige4']",0.0018347876807884,TRUE,"Desulfovibrio_piger__DslPige3"
"OUOT01.6296.1_6/3-237","OUOT01","SAMN05356872","['Gordonibacter_pamelaeae__GrdPame5']",0.00338522102966964,TRUE,"Gordonibacter_pamelaeae__GrdPame5"
"OUOT01.9751.1_1/1-182","OUOT01","SAMN05356872","['Gordonibacter_pamelaeae_7-10-1-b__FP929047', 'Gordonibacter_pamelaeae__GrdPame5']",NA,TRUE,"Gordonibacter_pamelaeae_7-10-1-b__FP929047"
"OUOT01.9751.1_2/1-73","OUOT01","SAMN05356872","['Gordonibacter_pamelaeae__GrdPame5']",0.0445452210296697,TRUE,"Gordonibacter_pamelaeae__GrdPame5"
"OQMR01.18366.1_2/63-436","OQMR01","SAMD00036432","['uncultured_bacterium__EF645667']",0.070401677392887,TRUE,"uncultured_bacterium__EF645667"
"OQMR01.48524.1_2/1-75","OQMR01","SAMD00036432","['uncultured_bacterium__EF645667']",0.0720286618205313,TRUE,"uncultured_bacterium__EF645667"
"ORTV01.8208.1_2/64-437","ORTV01","SAMEA2338810","['Bilophila_wadsworthia__BilWads6']",0.128321370502427,TRUE,"Bilophila_wadsworthia__BilWads6"
"ORTV01.18253.1_2/11-266","ORTV01","SAMEA2338810","['Bilophila_wadsworthia__BilWads6']",0.252511370502427,TRUE,"Bilophila_wadsworthia__BilWads6"
"ORTV01.8208.1_1/11-123","ORTV01","SAMEA2338810","['Bilophila_wadsworthia__BilWads6', 'Bilophila_sp._4_1_30__BilSpec3']",NA,TRUE,"Bilophila_wadsworthia__BilWads6"
"USYV01.24307.1_2/1-126","USYV01","SAMN06112049","['Bilophila_wadsworthia__BilWads6']",0.143996370502427,TRUE,"Bilophila_wadsworthia__BilWads6"
"UEPT01.68.1_13/64-437","UEPT01","SAMN06115510","['Bilophila_wadsworthia__BilWads6']",1.50000025001454e-06,TRUE,"Bilophila_wadsworthia__BilWads6"
"UEPT01.33940.1_1/1-286","UEPT01","SAMN06115510","['uncultured_bacterium__EF645667']",NA,TRUE,"uncultured_bacterium__EF645667"
"UEPT01.68.1_14/11-266","UEPT01","SAMN06115510","['Bilophila_wadsworthia__BilWads6']",1.50000025001454e-06,TRUE,"Bilophila_wadsworthia__BilWads6"
"UEPT01.39222.1_1/63-219","UEPT01","SAMN06115510","['Desulfovibrio_vulgaris__DQ826729']",0.311097911862788,TRUE,"Desulfovibrio_vulgaris__DQ826729"
"UEPT01.24653.1_1/100-231","UEPT01","SAMN06115510","['uncultured_bacterium__EF645667']",0.649680276190246,TRUE,"uncultured_bacterium__EF645667"
"OWRK01.2906.1_5/64-437","OWRK01","SAMEA4378258","['Bilophila_wadsworthia__BilWads6']",1.50000025001454e-06,TRUE,"Bilophila_wadsworthia__BilWads6"
"OWRK01.2906.1_6/11-266","OWRK01","SAMEA4378258","['Bilophila_sp._4_1_30__BilSpec3']",0.0016698334302823,TRUE,"Bilophila_sp._4_1_30__BilSpec3"
"UPOY01.1248.1_25/63-436","UPOY01","SAMEA2737776","['uncultured_bacterium__EF645667']",0.0216330841395422,TRUE,"uncultured_bacterium__EF645667"
"UPOY01.1248.1_26/11-266","UPOY01","SAMEA2737776","['uncultured_bacterium__EF645667']",0.00337106627032088,TRUE,"uncultured_bacterium__EF645667"
"UERT01.182.1_12/64-437","UERT01","SAMN06115458","['Bilophila_wadsworthia__BilWads6']",1.50000025001454e-06,TRUE,"Bilophila_wadsworthia__BilWads6"
"UERT01.182.1_13/11-266","UERT01","SAMN06115458","['Bilophila_wadsworthia__BilWads6']",1.50000025001454e-06,TRUE,"Bilophila_wadsworthia__BilWads6"
"ORCK01.92.1_13/64-437","ORCK01","SAMN06115433","['Bilophila_wadsworthia__BilWads6']",1.50000025001454e-06,TRUE,"Bilophila_wadsworthia__BilWads6"
"ORCK01.92.1_14/11-266","ORCK01","SAMN06115433","['Bilophila_wadsworthia__BilWads6']",1.50000025001454e-06,TRUE,"Bilophila_wadsworthia__BilWads6"
"UYCC01.33328.1_1/2-231","UYCC01","SAMEA2143633","['MSW_digester_clone__Unc01cxc']",1.77575780670952,TRUE,"MSW_digester_clone__Unc01cxc"
"UYCC01.33328.1_2/4-89","UYCC01","SAMEA2143633","['Deep_sea_sediment_clone__JN798931']",1.85351933734539,TRUE,"Deep_sea_sediment_clone__JN798931"
"OWCG01.7792.1_1/64-125","OWCG01","SAMEA3708541","['uncultured_bacterium__EF645667', 'Bilophila_wadsworthia__BilWads6', 'Candidatus_Desulfovibrio_trichonymphae']",NA,TRUE,"uncultured_bacterium__EF645667"
"ULTH01.29009.1_1/1-280","ULTH01","SAMEA4835729","['Desulfovibrio_piger__DslPige3', 'Desulfovibrio_piger__DslPige4']",0.0906590912742298,TRUE,"Desulfovibrio_piger__DslPige3"
"ULTH01.29659.1_1/11-198","ULTH01","SAMEA4835729","['uncultured_bacterium__EF645667']",0.201075276190246,TRUE,"uncultured_bacterium__EF645667"
"ULTH01.8827.1_2/63-146","ULTH01","SAMEA4835729","['Desulfovibrio_piger__DslPige4', 'Desulfovibrio_piger__DslPige3']",NA,TRUE,"Desulfovibrio_piger__DslPige4"
"ULTH01.31779.1_1/63-146","ULTH01","SAMEA4835729","['Desulfovibrio_piger__DslPige4', 'Desulfovibrio_piger__DslPige3', 'uncultured_bacterium__EF645667']",NA,TRUE,"Desulfovibrio_piger__DslPige4"
"ULTH01.23905.1_1/1-81","ULTH01","SAMEA4835729","['Bilophila_wadsworthia__BilWads6', 'uncultured_bacterium__EF645667', 'Desulfovibrio_piger__DslPige3', 'Desulfovibrio_piger__DslPige4']",NA,TRUE,"Bilophila_wadsworthia__BilWads6"
"OQQV01.41285.1_1/4-282","OQQV01","SAMN02712160","['Bilophila_sp._4_1_30__BilSpec3']",0.0107518334302823,TRUE,"Bilophila_sp._4_1_30__BilSpec3"
"OQQV01.78867.1_1/1-93","OQQV01","SAMN02712160","['Bilophila_wadsworthia__BilWads6', 'Bilophila_sp._4_1_30__BilSpec3', 'Desulfovibrio_sp._6_1_46AFAA__DsvSp231', 'uncultured_bacterium__EF645667']",NA,TRUE,"Bilophila_wadsworthia__BilWads6"
"OXWL01.18943.1_1/1-94","OXWL01","SAMN06164455","['Desulfovibrio_piger__DslPige4']",0.109911787680788,TRUE,"Desulfovibrio_piger__DslPige4"
"UXRN01.18091.1_2/63-436","UXRN01","SAMEA2144304","['Desulfovibrio_piger__DslPige3', 'Desulfovibrio_piger__DslPige4']",0.0575660912742298,TRUE,"Desulfovibrio_piger__DslPige3"
"UXRN01.36488.1_3/50-216","UXRN01","SAMEA2144304","['Anaerobic_bacterium_sk.prop8__Bv2Prop2', 'Bioreactor_clone__UncS2029']",NA,TRUE,"Anaerobic_bacterium_sk.prop8__Bv2Prop2"
"UXRN01.76753.1_1/1-155","UXRN01","SAMEA2144304","['Desulfitibacter_alkalitolerans__DfiAlka2']",0.869262556332035,TRUE,"Desulfitibacter_alkalitolerans__DfiAlka2"
"UXRN01.18091.1_1/11-148","UXRN01","SAMEA2144304","['Desulfovibrio_piger__DslPige3', 'uncultured_bacterium__EF645667', 'Desulfovibrio_piger__DslPige4']",NA,TRUE,"Desulfovibrio_piger__DslPige3"
"UXRN01.78146.1_2/1-127","UXRN01","SAMEA2144304","['Anaerobic_bacterium_sk.prop8__Bv2Prop2']",1.16491153982822,TRUE,"Anaerobic_bacterium_sk.prop8__Bv2Prop2"
"UXRN01.78146.1_1/6-84","UXRN01","SAMEA2144304","['Desulfitibacter_alkalitolerans__DfiAlka2']",NA,TRUE,"Desulfitibacter_alkalitolerans__DfiAlka2"
"OWSA01.10010.1_2/53-397","OWSA01","SAMEA4378328","['Anaerobic_bacterium_sk.prop8__Bv2Prop2']",1.35665453982822,TRUE,"Anaerobic_bacterium_sk.prop8__Bv2Prop2"
"OWSA01.10010.1_3/5-240","OWSA01","SAMEA4378328","['Desulfitibacter_alkalitolerans__DfiAlka2']",1.32012655633203,TRUE,"Desulfitibacter_alkalitolerans__DfiAlka2"
"OVFL01.784.1_15/64-437","OVFL01","SAMN06016342","['Bilophila_sp._4_1_30__BilSpec3']",0.0200588334302823,TRUE,"Bilophila_sp._4_1_30__BilSpec3"
"OVFL01.784.1_14/11-266","OVFL01","SAMN06016342","['Bilophila_sp._4_1_30__BilSpec3']",0.0016698334302823,TRUE,"Bilophila_sp._4_1_30__BilSpec3"
"ORUZ01.72367.1_1/1-171","ORUZ01","SAMEA2338804","['Bilophila_wadsworthia__BilWads6', 'Bilophila_sp._4_1_30__BilSpec3']",NA,TRUE,"Bilophila_wadsworthia__BilWads6"
"ORUZ01.25874.1_2/6-139","ORUZ01","SAMEA2338804","['Bilophila_sp._4_1_30__BilSpec3', 'Bilophila_wadsworthia__BilWads6']",NA,TRUE,"Bilophila_sp._4_1_30__BilSpec3"
"ORUZ01.68254.1_2/11-129","ORUZ01","SAMEA2338804","['Bilophila_sp._4_1_30__BilSpec3']",0.0183168334302823,TRUE,"Bilophila_sp._4_1_30__BilSpec3"
"ORUZ01.41283.1_2/57-175","ORUZ01","SAMEA2338804","['Bilophila_sp._4_1_30__BilSpec3']",0.0746238334302823,TRUE,"Bilophila_sp._4_1_30__BilSpec3"
"ULUJ01.93488.1_1/1-207","ULUJ01","SAMEA4835757","['Desulfovibrio_piger__DslPige3', 'Desulfovibrio_piger__DslPige4']",0.0692140912742298,TRUE,"Desulfovibrio_piger__DslPige3"
"ULUJ01.86331.1_1/1-123","ULUJ01","SAMEA4835757","['uncultured_bacterium__EF645667', 'Desulfovibrio_piger__DslPige4', 'Desulfovibrio_piger__DslPige3']",NA,TRUE,"uncultured_bacterium__EF645667"
"OXOK01.726.1_1/103-476","OXOK01","SAMN05826746","['Bilophila_wadsworthia__BilWads6']",1.50000025001454e-06,TRUE,"Bilophila_wadsworthia__BilWads6"
"OXOK01.726.1_2/11-266","OXOK01","SAMN05826746","['Bilophila_wadsworthia__BilWads6']",1.50000025001454e-06,TRUE,"Bilophila_wadsworthia__BilWads6"
"ORMC01.19464.1_1/11-108","ORMC01","SAMN04329816","['Desulfovibrio_piger__DslPige3', 'Desulfovibrio_piger__DslPige4', 'uncultured_bacterium__EF645667']",NA,TRUE,"Desulfovibrio_piger__DslPige3"
"ORMC01.19464.1_2/1-123","ORMC01","SAMN04329816","['Desulfovibrio_piger__DslPige3', 'Desulfovibrio_piger__DslPige4']",0.0172847876807884,TRUE,"Desulfovibrio_piger__DslPige3"
"OPYT01.3019.1_4/11-266","OPYT01","SAMD00036228","['Bilophila_sp._4_1_30__BilSpec3']",0.0016698334302823,TRUE,"Bilophila_sp._4_1_30__BilSpec3"
"OPYT01.3019.1_5/19-277","OPYT01","SAMD00036228","['Bilophila_sp._4_1_30__BilSpec3']",0.0094828334302823,TRUE,"Bilophila_sp._4_1_30__BilSpec3"
"ORNY01.19979.1_2/64-238","ORNY01","SAMEA2338696","['Bilophila_wadsworthia__BilWads6']",0.114858370502427,TRUE,"Bilophila_wadsworthia__BilWads6"
"ORNY01.19161.1_3/1-107","ORNY01","SAMEA2338696","['Bilophila_wadsworthia__BilWads6']",0.0993673705024268,TRUE,"Bilophila_wadsworthia__BilWads6"
"ORNY01.47016.1_2/11-118","ORNY01","SAMEA2338696","['Bilophila_wadsworthia__BilWads6', 'Bilophila_sp._4_1_30__BilSpec3']",NA,TRUE,"Bilophila_wadsworthia__BilWads6"
"OUQF01.46913.1_1/3-244","OUQF01","SAMN05194701","['Desulfovibrio_piger__DslPige3', 'Desulfovibrio_piger__DslPige4']",0.0774870912742298,TRUE,"Desulfovibrio_piger__DslPige3"
"ORKN01.10695.1_1/1-285","ORKN01","SAMN04329856","['Anaerobic_bacterium_sk.prop8__Bv2Prop2']",1.18319753982822,TRUE,"Anaerobic_bacterium_sk.prop8__Bv2Prop2"
"OWSU01.53326.1_1/1-289","OWSU01","SAMEA4378292","['Desulfovibrio_piger__DslPige3', 'Desulfovibrio_piger__DslPige4']",NA,TRUE,"Desulfovibrio_piger__DslPige3"
"OWSU01.23308.1_2/11-266","OWSU01","SAMEA4378292","['Bilophila_sp._4_1_30__BilSpec3']",0.0016698334302823,TRUE,"Bilophila_sp._4_1_30__BilSpec3"
"OWSU01.4362.1_12/1-208","OWSU01","SAMEA4378292","['Desulfovibrio_piger__DslPige3', 'Desulfovibrio_piger__DslPige4']",NA,TRUE,"Desulfovibrio_piger__DslPige3"
"OWSU01.23308.1_1/1-124","OWSU01","SAMEA4378292","['Bilophila_wadsworthia__BilWads6', 'Bilophila_sp._4_1_30__BilSpec3', 'uncultured_bacterium__EF645667']",NA,TRUE,"Bilophila_wadsworthia__BilWads6"
"OWSU01.87676.1_1/1-101","OWSU01","SAMEA4378292","['Desulfovibrio_piger__DslPige3', 'Desulfovibrio_piger__DslPige4', 'Desulfovibrio_piger__DslPige2']",NA,TRUE,"Desulfovibrio_piger__DslPige3"
"OWSU01.87844.1_1/1-101","OWSU01","SAMEA4378292","['Desulfovibrio_piger__DslPige4', 'Desulfovibrio_piger__DslPige3', 'Desulfovibrio_piger__DslPige2']",NA,TRUE,"Desulfovibrio_piger__DslPige4"
"OWSU01.87844.1_2/11-75","OWSU01","SAMEA4378292","['Desulfovibrio_piger__DslPige3', 'Desulfovibrio_piger__DslPige4', 'uncultured_bacterium__EF645667', 'Bilophila_wadsworthia__BilWads6', 'Desulfovibrio_piger__DslPige2']",NA,TRUE,"Desulfovibrio_piger__DslPige3"
"UBVR01.17981.1_1/11-265","UBVR01","SAMEA4431962","['Bilophila_wadsworthia__BilWads6']",1.50000025001454e-06,TRUE,"Bilophila_wadsworthia__BilWads6"
"UBVR01.17981.1_2/1-231","UBVR01","SAMEA4431962","['Bilophila_wadsworthia__BilWads6', 'Bilophila_sp._4_1_30__BilSpec3']",NA,TRUE,"Bilophila_wadsworthia__BilWads6"
"UPPW01.159.1_46/62-435","UPPW01","SAMEA2737743","['uncultured_bacterium__EF645667']",0.474586276190246,TRUE,"uncultured_bacterium__EF645667"
"UPPW01.159.1_45/11-266","UPPW01","SAMEA2737743","['uncultured_bacterium__EF645667']",0.597408276190246,TRUE,"uncultured_bacterium__EF645667"
"UPNB01.100192.1_1/1-170","UPNB01","SAMEA2737848","['Bilophila_wadsworthia__BilWads6', 'Bilophila_sp._4_1_30__BilSpec3']",NA,TRUE,"Bilophila_wadsworthia__BilWads6"
"UPNB01.98920.1_1/1-172","UPNB01","SAMEA2737848","['Bilophila_wadsworthia__BilWads6']",0.0993673705024268,TRUE,"Bilophila_wadsworthia__BilWads6"
"OWCI01.4612.1_5/64-437","OWCI01","SAMEA3708670","['Bilophila_wadsworthia__BilWads6']",1.50000025001454e-06,TRUE,"Bilophila_wadsworthia__BilWads6"
"OWCI01.30854.1_1/57-346","OWCI01","SAMEA3708670","['Desulfovibrio_piger__DslPige3', 'Desulfovibrio_piger__DslPige4']",NA,TRUE,"Desulfovibrio_piger__DslPige3"
"OWCI01.296.1_2/11-266","OWCI01","SAMEA3708670","['Desulfovibrio_piger__DslPige3', 'Desulfovibrio_piger__DslPige4']",0.0988670912742298,TRUE,"Desulfovibrio_piger__DslPige3"
"OWCI01.4612.1_4/11-266","OWCI01","SAMEA3708670","['Bilophila_wadsworthia__BilWads6']",0.108972370502427,TRUE,"Bilophila_wadsworthia__BilWads6"
"OWCI01.296.1_1/1-101","OWCI01","SAMEA3708670","['Desulfovibrio_piger__DslPige3', 'Desulfovibrio_piger__DslPige4', 'Desulfovibrio_piger__DslPige2']",NA,TRUE,"Desulfovibrio_piger__DslPige3"
"OWCI01.68494.1_2/1-101","OWCI01","SAMEA3708670","['Desulfovibrio_piger__DslPige4', 'Desulfovibrio_piger__DslPige3', 'Desulfovibrio_piger__DslPige2']",NA,TRUE,"Desulfovibrio_piger__DslPige4"
"OWCI01.68494.1_1/11-75","OWCI01","SAMEA3708670","['Desulfovibrio_piger__DslPige3', 'Desulfovibrio_piger__DslPige4', 'uncultured_bacterium__EF645667', 'Bilophila_wadsworthia__BilWads6', 'Desulfovibrio_piger__DslPige2']",NA,TRUE,"Desulfovibrio_piger__DslPige3"
"OZUZ01.24779.1_1/6-86","OZUZ01","SAMN06164889","[]",NA,FALSE,NA
"UYDZ01.26636.1_2/64-139","UYDZ01","SAMEA1972188","['Bilophila_sp._4_1_30__BilSpec3']",0.0907478334302823,TRUE,"Bilophila_sp._4_1_30__BilSpec3"
"UPXD01.691.1_24/64-437","UPXD01","SAMN06112021","['Bilophila_wadsworthia__BilWads6']",1.50000025001454e-06,TRUE,"Bilophila_wadsworthia__BilWads6"
"UPXD01.2.1_99/62-435","UPXD01","SAMN06112021","['uncultured_bacterium__EF645667']",0.489724276190246,TRUE,"uncultured_bacterium__EF645667"
"UPXD01.691.1_23/11-266","UPXD01","SAMN06112021","['Bilophila_wadsworthia__BilWads6']",1.50000025001454e-06,TRUE,"Bilophila_wadsworthia__BilWads6"
"UPXD01.2.1_100/11-266","UPXD01","SAMN06112021","['uncultured_bacterium__EF645667']",0.597408276190246,TRUE,"uncultured_bacterium__EF645667"
"UPXD01.109038.1_1/1-138","UPXD01","SAMN06112021","['Bilophila_wadsworthia__BilWads6']",NA,TRUE,"Bilophila_wadsworthia__BilWads6"
"UMCG01.31402.1_1/1-347","UMCG01","SAMEA4835963","['Desulfovibrio_sp._3_1_syn3__DsvSp230']",0.00792184853285095,TRUE,"Desulfovibrio_sp._3_1_syn3__DsvSp230"
"UMCG01.63482.1_1/1-174","UMCG01","SAMEA4835963","['Bilophila_sp._4_1_30__BilSpec3']",0.0137048334302823,TRUE,"Bilophila_sp._4_1_30__BilSpec3"
"UMCG01.65871.1_1/2-99","UMCG01","SAMEA4835963","['Bilophila_wadsworthia__BilWads6', 'Desulfovibrio_sp._6_1_46AFAA__DsvSp231']",NA,TRUE,"Bilophila_wadsworthia__BilWads6"
"ORKP01.88433.1_1/2-175","ORKP01","SAMN04329774","['Bilophila_sp._4_1_30__BilSpec3']",0.0284068334302823,TRUE,"Bilophila_sp._4_1_30__BilSpec3"
"UYFG01.62741.1_1/5-119","UYFG01","SAMEA2152531","['Desulfitibacter_alkalitolerans__DfiAlka2']",1.22338355633203,TRUE,"Desulfitibacter_alkalitolerans__DfiAlka2"
"UYFG01.62741.1_2/1-100","UYFG01","SAMEA2152531","['Anaerobic_bacterium_sk.prop8__Bv2Prop2']",1.38197553982822,TRUE,"Anaerobic_bacterium_sk.prop8__Bv2Prop2"
"UPML01.16805.1_1/51-424","UPML01","SAMEA2737860","['Desulfovibrio_piger__DslPige3', 'Desulfovibrio_piger__DslPige4']",0.0788650912742298,TRUE,"Desulfovibrio_piger__DslPige3"
"UPML01.16805.1_2/11-266","UPML01","SAMEA2737860","['Desulfovibrio_piger__DslPige3', 'Desulfovibrio_piger__DslPige4']",0.10952009127423,TRUE,"Desulfovibrio_piger__DslPige3"
"OWSH01.22541.1_1/32-302","OWSH01","SAMEA4378310","['Desulfovibrio_piger__DslPige3']",0.44294709127423,TRUE,"Desulfovibrio_piger__DslPige3"
"OWSH01.22541.1_2/11-100","OWSH01","SAMEA4378310","['uncultured_bacterium__EF645667', 'Bilophila_wadsworthia__BilWads6']",NA,TRUE,"uncultured_bacterium__EF645667"
"OWSH01.27182.1_1/62-135","OWSH01","SAMEA4378310","['uncultured_bacterium__EF645667', 'Bilophila_wadsworthia__BilWads6', 'Candidatus_Desulfovibrio_trichonymphae']",NA,TRUE,"uncultured_bacterium__EF645667"
"ORRQ01.6132.1_4/63-436","ORRQ01","SAMEA2338628","['Desulfovibrio_piger__DslPige3', 'Desulfovibrio_piger__DslPige4']",0.0636800912742298,TRUE,"Desulfovibrio_piger__DslPige3"
"ORRQ01.6132.1_3/11-266","ORRQ01","SAMEA2338628","['Desulfovibrio_piger__DslPige3', 'Desulfovibrio_piger__DslPige4']",0.0484647876807884,TRUE,"Desulfovibrio_piger__DslPige3"
"ORRQ01.63687.1_2/11-143","ORRQ01","SAMEA2338628","['Bilophila_wadsworthia__BilWads6']",0.0993673705024268,TRUE,"Bilophila_wadsworthia__BilWads6"
"ORRQ01.63687.1_1/1-131","ORRQ01","SAMEA2338628","['Bilophila_wadsworthia__BilWads6']",NA,TRUE,"Bilophila_wadsworthia__BilWads6"
"OWHK01.3364.1_5/62-435","OWHK01","SAMN04480494","['uncultured_bacterium__EF645667']",0.474586276190246,TRUE,"uncultured_bacterium__EF645667"
"OWHK01.3364.1_6/11-266","OWHK01","SAMN04480494","['uncultured_bacterium__EF645667']",0.691335276190246,TRUE,"uncultured_bacterium__EF645667"
"UXRK01.9861.1_1/63-436","UXRK01","SAMEA2151703","['Desulfovibrio_piger__DslPige3', 'Desulfovibrio_piger__DslPige4']",0.0706550912742298,TRUE,"Desulfovibrio_piger__DslPige3"
"UXRK01.9861.1_2/11-266","UXRK01","SAMEA2151703","['Desulfovibrio_piger__DslPige3', 'Desulfovibrio_piger__DslPige4']",0.0768970912742298,TRUE,"Desulfovibrio_piger__DslPige3"
"USXT01.2736.1_8/63-436","USXT01","SAMN06112091","['Desulfovibrio_piger__DslPige3', 'Desulfovibrio_piger__DslPige4']",0.0018347876807884,TRUE,"Desulfovibrio_piger__DslPige3"
"USXT01.2736.1_4/63-436","USXT01","SAMN06112091","['Desulfovibrio_piger__DslPige3', 'Desulfovibrio_piger__DslPige4']",0.0018347876807884,TRUE,"Desulfovibrio_piger__DslPige3"
"USXT01.2736.1_3/11-266","USXT01","SAMN06112091","['Desulfovibrio_piger__DslPige3', 'Desulfovibrio_piger__DslPige4']",0.0609040912742298,TRUE,"Desulfovibrio_piger__DslPige3"
"USXT01.2736.1_7/11-266","USXT01","SAMN06112091","['Desulfovibrio_piger__DslPige3', 'Desulfovibrio_piger__DslPige4']",0.0609040912742298,TRUE,"Desulfovibrio_piger__DslPige3"
"USXT01.92640.1_1/4-163","USXT01","SAMN06112091","['Bilophila_wadsworthia__BilWads6']",0.375010370502427,TRUE,"Bilophila_wadsworthia__BilWads6"
"ORST01.20553.1_2/64-437","ORST01","SAMEA2338652","['uncultured_bacterium__EF645667']",0.475287276190246,TRUE,"uncultured_bacterium__EF645667"
"ORST01.37900.1_2/11-157","ORST01","SAMEA2338652","['Bilophila_wadsworthia__BilWads6']",0.225962370502427,TRUE,"Bilophila_wadsworthia__BilWads6"
"ORST01.52934.1_1/1-115","ORST01","SAMEA2338652","['uncultured_bacterium__EF645667']",NA,TRUE,"uncultured_bacterium__EF645667"
"ORST01.37900.1_1/1-130","ORST01","SAMEA2338652","['Bilophila_wadsworthia__BilWads6']",NA,TRUE,"Bilophila_wadsworthia__BilWads6"
"ORST01.20553.1_3/11-96","ORST01","SAMEA2338652","['uncultured_bacterium__EF645667', 'Bilophila_wadsworthia__BilWads6']",NA,TRUE,"uncultured_bacterium__EF645667"
"ORNB01.49681.1_1/1-113","ORNB01","SAMEA2338705","['Bilophila_wadsworthia__BilWads6', 'Bilophila_sp._4_1_30__BilSpec3', 'uncultured_bacterium__EF645667']",NA,TRUE,"Bilophila_wadsworthia__BilWads6"
"OUOE01.124641.1_1/1-72","OUOE01","SAMN04158622","['Desulfitibacter_alkalitolerans__DfiAlka2', 'Anaerobic_bacterium_sk.prop8__Bv2Prop2']",NA,TRUE,"Desulfitibacter_alkalitolerans__DfiAlka2"
"UEOE01.198.1_13/64-437","UEOE01","SAMN06115439","['Bilophila_wadsworthia__BilWads6']",1.50000025001454e-06,TRUE,"Bilophila_wadsworthia__BilWads6"
"UEOE01.198.1_14/11-266","UEOE01","SAMN06115439","['Bilophila_wadsworthia__BilWads6']",1.50000025001454e-06,TRUE,"Bilophila_wadsworthia__BilWads6"
"OWEW01.429.1_22/64-437","OWEW01","SAMEA3708657","['Bilophila_wadsworthia__BilWads6']",1.50000025001454e-06,TRUE,"Bilophila_wadsworthia__BilWads6"
"OWEW01.429.1_21/11-266","OWEW01","SAMEA3708657","['Bilophila_sp._4_1_30__BilSpec3']",0.0016698334302823,TRUE,"Bilophila_sp._4_1_30__BilSpec3"
"ORNE01.24213.1_2/64-170","ORNE01","SAMEA2338726","['Bilophila_wadsworthia__BilWads6', 'Bilophila_sp._4_1_30__BilSpec3', 'uncultured_bacterium__EF645667', 'Desulfovibrio_piger__DslPige3', 'Desulfovibrio_piger__DslPige4']",NA,TRUE,"Bilophila_wadsworthia__BilWads6"
"OWFW01.9811.1_2/64-437","OWFW01","SAMEA3708545","['uncultured_bacterium__EF645667']",0.169077276190246,TRUE,"uncultured_bacterium__EF645667"
"OWFW01.5308.1_2/11-266","OWFW01","SAMEA3708545","['Bilophila_wadsworthia__BilWads6']",1.50000025001454e-06,TRUE,"Bilophila_wadsworthia__BilWads6"
"OWFW01.9811.1_1/11-266","OWFW01","SAMEA3708545","['Desulfovibrio_desulfuricans__DslDes17']",0.00675832737150207,TRUE,"Desulfovibrio_desulfuricans__DslDes17"
"OVYP01.3.1_182/62-435","OVYP01","SAMEA3708580","['uncultured_bacterium__EF645667']",0.482731276190246,TRUE,"uncultured_bacterium__EF645667"
"OVYP01.3.1_183/11-266","OVYP01","SAMEA3708580","['uncultured_bacterium__EF645667']",0.608863276190246,TRUE,"uncultured_bacterium__EF645667"
"UMLK01.30077.1_2/1-228","UMLK01","SAMEA4836198","['Bilophila_wadsworthia__BilWads6', 'Bilophila_sp._4_1_30__BilSpec3']",NA,TRUE,"Bilophila_wadsworthia__BilWads6"
"UMLK01.81055.1_1/11-152","UMLK01","SAMEA4836198","['Desulfovibrio_piger__DslPige3', 'Desulfovibrio_piger__DslPige4', 'uncultured_bacterium__EF645667']",NA,TRUE,"Desulfovibrio_piger__DslPige3"
"UMLK01.36607.1_1/63-155","UMLK01","SAMEA4836198","['Bilophila_wadsworthia__BilWads6', 'Bilophila_sp._4_1_30__BilSpec3', 'uncultured_bacterium__EF645667', 'Desulfovibrio_piger__DslPige3', 'Desulfovibrio_piger__DslPige4']",NA,TRUE,"Bilophila_wadsworthia__BilWads6"
"UXRS01.32882.1_2/11-266","UXRS01","SAMEA2151010","['Bilophila_wadsworthia__BilWads6']",0.298303370502427,TRUE,"Bilophila_wadsworthia__BilWads6"
"UXRS01.71017.1_1/63-127","UXRS01","SAMEA2151010","['Desulfovibrio_vulgaris__DQ826729', 'Desulfovibrio_desulfuricans__DslDes16_DsvAlas8', 'uncultured_bacterium__EF645667']",NA,TRUE,"Desulfovibrio_vulgaris__DQ826729"
"OUOV01.53054.1_1/1-103","OUOV01","SAMN05356884","['Bilophila_wadsworthia__BilWads6', 'Desulfovibrio_sp._6_1_46AFAA__DsvSp231']",NA,TRUE,"Bilophila_wadsworthia__BilWads6"
"ORTS01.11589.1_2/62-435","ORTS01","SAMEA2338852","['uncultured_bacterium__EF645667']",0.470911276190246,TRUE,"uncultured_bacterium__EF645667"
"ORTS01.11589.1_1/11-266","ORTS01","SAMEA2338852","['uncultured_bacterium__EF645667']",0.597408276190246,TRUE,"uncultured_bacterium__EF645667"
"ORTS01.45579.1_2/1-207","ORTS01","SAMEA2338852","['Bilophila_wadsworthia__BilWads6']",0.231474370502427,TRUE,"Bilophila_wadsworthia__BilWads6"
"ORTS01.45579.1_1/11-127","ORTS01","SAMEA2338852","['Bilophila_wadsworthia__BilWads6']",NA,TRUE,"Bilophila_wadsworthia__BilWads6"
"OQUL01.146329.1_2/1-137","OQUL01","SAMN06018976","['Bilophila_wadsworthia__BilWads6', 'Bilophila_sp._4_1_30__BilSpec3']",NA,TRUE,"Bilophila_wadsworthia__BilWads6"
"OQUL01.120143.1_1/1-102","OQUL01","SAMN06018976","['Gordonibacter_pamelaeae_7-10-1-b__FP929047', 'Gordonibacter_pamelaeae__GrdPame5']",NA,TRUE,"Gordonibacter_pamelaeae_7-10-1-b__FP929047"
"OQUL01.5270.1_6/27-293","OQUL01","SAMN06018976","['Moorella_thermoacetica_Y72_copy_2__MooTher5']",6.73074261945668,TRUE,"Moorella_thermoacetica_Y72_copy_2__MooTher5"
"OQUL01.3418.1_7/28-293","OQUL01","SAMN06018976","['Moorella_thermoacetica_Y72_copy_2__MooTher5']",6.99045261945668,TRUE,"Moorella_thermoacetica_Y72_copy_2__MooTher5"
"OQUL01.684.1_8/28-287","OQUL01","SAMN06018976","['Moorella_thermoacetica_Y72_copy_2__MooTher5']",6.71810161945668,TRUE,"Moorella_thermoacetica_Y72_copy_2__MooTher5"
"UMDT01.9418.1_1/2-228","UMDT01","SAMEA4836001","['Gordonibacter_pamelaeae_7-10-1-b__FP929047', 'Gordonibacter_pamelaeae__GrdPame5']",NA,TRUE,"Gordonibacter_pamelaeae_7-10-1-b__FP929047"
"ULVD01.76205.1_2/1-339","ULVD01","SAMEA4835777","['Bilophila_wadsworthia__BilWads6', 'Bilophila_sp._4_1_30__BilSpec3']",NA,TRUE,"Bilophila_wadsworthia__BilWads6"
"ULVD01.86472.1_1/11-266","ULVD01","SAMEA4835777","['uncultured_bacterium__EF645667']",0.583919276190246,TRUE,"uncultured_bacterium__EF645667"
"ULVD01.86472.1_2/1-260","ULVD01","SAMEA4835777","['uncultured_bacterium__EF645667', 'Desulfovibrio_piger__DslPige3']",NA,TRUE,"uncultured_bacterium__EF645667"
"ULVD01.76205.1_1/11-213","ULVD01","SAMEA4835777","['Bilophila_sp._4_1_30__BilSpec3', 'Bilophila_wadsworthia__BilWads6']",NA,TRUE,"Bilophila_sp._4_1_30__BilSpec3"
"ULVD01.39250.1_1/62-132","ULVD01","SAMEA4835777","['Bilophila_wadsworthia__BilWads6', 'uncultured_bacterium__EF645667']",NA,TRUE,"Bilophila_wadsworthia__BilWads6"
"USUP01.24133.1_1/11-266","USUP01","SAMN06111959","['uncultured_bacterium__EF645667']",0.647719276190246,TRUE,"uncultured_bacterium__EF645667"
"USUP01.51339.1_1/62-181","USUP01","SAMN06111959","['uncultured_bacterium__EF645667']",0.411877276190246,TRUE,"uncultured_bacterium__EF645667"
"ORRE01.7245.1_2/54-252","ORRE01","SAMEA2338648","['Bilophila_sp._4_1_30__BilSpec3']",0.0294598334302823,TRUE,"Bilophila_sp._4_1_30__BilSpec3"
"UXRM01.77822.1_1/1-232","UXRM01","SAMEA2151007","['uncultured_bacterium__EF645667', 'uncultured_bacterium__EF645664', 'Desulfovibrio_desulfuricans__DQ092635']",NA,TRUE,"uncultured_bacterium__EF645667"
"UXRM01.68698.1_1/1-125","UXRM01","SAMEA2151007","['uncultured_bacterium__EF645667']",NA,TRUE,"uncultured_bacterium__EF645667"
"OWAP01.42335.1_2/2-159","OWAP01","SAMEA3708593","['Bilophila_sp._4_1_30__BilSpec3']",0.0016698334302823,TRUE,"Bilophila_sp._4_1_30__BilSpec3"
"OWAP01.45140.1_1/1-65","OWAP01","SAMEA3708593","['Bilophila_wadsworthia__BilWads6', 'Desulfovibrio_sp._6_1_46AFAA__DsvSp231']",NA,TRUE,"Bilophila_wadsworthia__BilWads6"
"UEPD01.317.1_11/64-437","UEPD01","SAMN06115416","['Bilophila_wadsworthia__BilWads6']",1.50000025001454e-06,TRUE,"Bilophila_wadsworthia__BilWads6"
"UEPD01.5105.1_1/65-438","UEPD01","SAMN06115416","['Desulfovibrio_piger__DslPige3']",0.0657560912742298,TRUE,"Desulfovibrio_piger__DslPige3"
"UEPD01.317.1_12/11-266","UEPD01","SAMN06115416","['Bilophila_wadsworthia__BilWads6']",1.50000025001454e-06,TRUE,"Bilophila_wadsworthia__BilWads6"
"ULQL01.74378.1_1/1-193","ULQL01","SAMEA4835654","['Desulfovibrio_vulgaris__DQ826729']",0.434694909358552,TRUE,"Desulfovibrio_vulgaris__DQ826729"
"ULQL01.32657.1_4/63-193","ULQL01","SAMEA4835654","['Desulfovibrio_piger__DslPige3', 'Desulfovibrio_piger__DslPige4']",NA,TRUE,"Desulfovibrio_piger__DslPige3"
"ULQL01.43782.1_1/1-122","ULQL01","SAMEA4835654","['uncultured_bacterium__EF645667', 'Desulfovibrio_piger__DslPige4', 'Desulfovibrio_piger__DslPige3']",NA,TRUE,"uncultured_bacterium__EF645667"
"ULQL01.70530.1_1/1-122","ULQL01","SAMEA4835654","['Bilophila_wadsworthia__BilWads6', 'Desulfovibrio_piger__DslPige3', 'Desulfovibrio_piger__DslPige4']",NA,TRUE,"Bilophila_wadsworthia__BilWads6"
"ULQL01.27310.1_2/63-170","ULQL01","SAMEA4835654","['Desulfovibrio_vulgaris__DQ826729', 'Desulfovibrio_desulfuricans__DslDes16_DsvAlas8', 'uncultured_bacterium__EF645667']",NA,TRUE,"Desulfovibrio_vulgaris__DQ826729"
"ULQL01.59244.1_1/1-98","ULQL01","SAMEA4835654","['Bilophila_wadsworthia__BilWads6']",NA,TRUE,"Bilophila_wadsworthia__BilWads6"
"ULQL01.74378.1_2/11-104","ULQL01","SAMEA4835654","['Bilophila_wadsworthia__BilWads6']",NA,TRUE,"Bilophila_wadsworthia__BilWads6"
"OXYV01.4533.1_1/2-366","OXYV01","SAMN06164630","['Desulfovibrio_piger__DslPige4']",0.12144909127423,TRUE,"Desulfovibrio_piger__DslPige4"
"OXYV01.4533.1_2/11-266","OXYV01","SAMN06164630","['Desulfovibrio_piger__DslPige3', 'Desulfovibrio_piger__DslPige4']",0.0484187876807884,TRUE,"Desulfovibrio_piger__DslPige3"
"UMFW01.23322.1_1/6-143","UMFW01","SAMEA4836056","['uncultured_bacterium__EF645667', 'Desulfovibrio_piger__DslPige4']",NA,TRUE,"uncultured_bacterium__EF645667"
"UMFW01.584.1_1/6-143","UMFW01","SAMEA4836056","['Desulfovibrio_piger__DslPige3', 'Desulfovibrio_piger__DslPige4']",NA,TRUE,"Desulfovibrio_piger__DslPige3"
"UMFW01.36526.1_2/1-155","UMFW01","SAMEA4836056","['Desulfovibrio_piger__DslPige3', 'Desulfovibrio_piger__DslPige4']",0.0658240912742298,TRUE,"Desulfovibrio_piger__DslPige3"
"UMFW01.27601.1_4/63-179","UMFW01","SAMEA4836056","['Desulfovibrio_piger__DslPige2']",NA,TRUE,"Desulfovibrio_piger__DslPige2"
"UMAW01.45366.1_2/2-142","UMAW01","SAMEA4835925","['Bilophila_wadsworthia__BilWads6', 'Bilophila_sp._4_1_30__BilSpec3']",NA,TRUE,"Bilophila_wadsworthia__BilWads6"
"UMAW01.45366.1_1/11-95","UMAW01","SAMEA4835925","['Bilophila_wadsworthia__BilWads6', 'Bilophila_sp._4_1_30__BilSpec3']",NA,TRUE,"Bilophila_wadsworthia__BilWads6"
"UXSA01.2681.1_2/63-436","UXSA01","SAMEA2157972","['Desulfovibrio_piger__DslPige3', 'Desulfovibrio_piger__DslPige4']",0.0470370912742298,TRUE,"Desulfovibrio_piger__DslPige3"
"UXSA01.47346.1_2/11-266","UXSA01","SAMEA2157972","['Desulfovibrio_piger__DslPige3', 'Desulfovibrio_piger__DslPige4']",0.0390267876807884,TRUE,"Desulfovibrio_piger__DslPige3"
"UXSA01.109559.1_1/1-226","UXSA01","SAMEA2157972","['Anaerobic_bacterium_sk.prop8__Bv2Prop2']",0.971114884876434,TRUE,"Anaerobic_bacterium_sk.prop8__Bv2Prop2"
"OZKU01.16608.1_1/11-224","OZKU01","SAMN06165235","['Desulfovibrio_sp._6_1_46AFAA__DsvSp231']",0.0261574179855414,TRUE,"Desulfovibrio_sp._6_1_46AFAA__DsvSp231"
"OZKU01.16608.1_2/12-176","OZKU01","SAMN06165235","['Desulfovibrio_sp._3_1_syn3__DsvSp230']",NA,TRUE,"Desulfovibrio_sp._3_1_syn3__DsvSp230"
"UEPI01.3670.1_1/64-437","UEPI01","SAMN06115442","['Bilophila_wadsworthia__BilWads6']",0.108378370502427,TRUE,"Bilophila_wadsworthia__BilWads6"
"UEPI01.11494.1_2/1-356","UEPI01","SAMN06115442","['Desulfovibrio_piger__DslPige3', 'Desulfovibrio_piger__DslPige4']",0.0597230912742298,TRUE,"Desulfovibrio_piger__DslPige3"
"UEPI01.3670.1_2/11-266","UEPI01","SAMN06115442","['Bilophila_wadsworthia__BilWads6']",0.108964370502427,TRUE,"Bilophila_wadsworthia__BilWads6"
"UEPI01.14834.1_2/2-195","UEPI01","SAMN06115442","['Desulfovibrio_piger__DslPige4', 'Desulfovibrio_piger__DslPige3']",NA,TRUE,"Desulfovibrio_piger__DslPige4"
"UEPI01.11494.1_1/11-160","UEPI01","SAMN06115442","['Desulfovibrio_piger__DslPige3', 'Desulfovibrio_piger__DslPige4']",NA,TRUE,"Desulfovibrio_piger__DslPige3"
"USWS01.38141.1_2/1-92","USWS01","SAMN06112025","['Bilophila_wadsworthia__BilWads6', 'Desulfovibrio_sp._6_1_46AFAA__DsvSp231']",NA,TRUE,"Bilophila_wadsworthia__BilWads6"
"OUPN01.13122.1_1/2-156","OUPN01","SAMN05194699","['Bilophila_wadsworthia__BilWads6']",NA,TRUE,"Bilophila_wadsworthia__BilWads6"
"OPQI01.33891.1_1/1-206","OPQI01","SAMEA2042216","['Bilophila_wadsworthia__BilWads6', 'Bilophila_sp._4_1_30__BilSpec3']",NA,TRUE,"Bilophila_wadsworthia__BilWads6"
"OPQI01.11869.1_2/64-211","OPQI01","SAMEA2042216","['Bilophila_wadsworthia__BilWads6', 'Bilophila_sp._4_1_30__BilSpec3', 'uncultured_bacterium__EF645667', 'Desulfovibrio_piger__DslPige3', 'Desulfovibrio_piger__DslPige4']",NA,TRUE,"Bilophila_wadsworthia__BilWads6"
"UEPU01.6531.1_4/65-438","UEPU01","SAMN06115516","['Desulfovibrio_piger__DslPige3']",0.0205247876807884,TRUE,"Desulfovibrio_piger__DslPige3"
"UEPU01.11586.1_2/1-253","UEPU01","SAMN06115516","['Bilophila_wadsworthia__BilWads6']",0.309860370502427,TRUE,"Bilophila_wadsworthia__BilWads6"
"UEPU01.6531.1_3/11-266","UEPU01","SAMN06115516","['Desulfovibrio_piger__DslPige3', 'Desulfovibrio_piger__DslPige4']",0.0917930912742298,TRUE,"Desulfovibrio_piger__DslPige3"
"UEPU01.11586.1_3/2-297","UEPU01","SAMN06115516","['Desulfovibrio_vulgaris__DQ826729']",0.439144911862788,TRUE,"Desulfovibrio_vulgaris__DQ826729"
"UEPU01.84587.1_1/1-194","UEPU01","SAMN06115516","['Bilophila_wadsworthia__BilWads6']",0.162167370502427,TRUE,"Bilophila_wadsworthia__BilWads6"
"UPMJ01.60113.1_1/1-157","UPMJ01","SAMEA2737823","['Bilophila_wadsworthia__BilWads6']",0.117931370502427,TRUE,"Bilophila_wadsworthia__BilWads6"
"OWHW01.16582.1_2/62-435","OWHW01","SAMN04480494","['uncultured_bacterium__EF645667']",0.474586276190246,TRUE,"uncultured_bacterium__EF645667"
"OWHW01.16582.1_1/11-150","OWHW01","SAMN04480494","['uncultured_bacterium__EF645667']",0.608863276190246,TRUE,"uncultured_bacterium__EF645667"
"UEOQ01.7219.1_1/63-436","UEOQ01","SAMN06115530","['Desulfovibrio_piger__DslPige3']",0.0721370912742298,TRUE,"Desulfovibrio_piger__DslPige3"
"UEOQ01.7219.1_2/11-266","UEOQ01","SAMN06115530","['Desulfovibrio_piger__DslPige3', 'Desulfovibrio_piger__DslPige4']",0.0018347876807884,TRUE,"Desulfovibrio_piger__DslPige3"
"UEOQ01.36910.1_2/11-201","UEOQ01","SAMN06115530","['Bilophila_wadsworthia__BilWads6']",0.207390370502427,TRUE,"Bilophila_wadsworthia__BilWads6"
"UEOQ01.44169.1_1/63-175","UEOQ01","SAMN06115530","['Desulfovibrio_vulgaris__DQ826729', 'Bilophila_wadsworthia__BilWads6']",NA,TRUE,"Desulfovibrio_vulgaris__DQ826729"
"UEOQ01.36910.1_1/2-86","UEOQ01","SAMN06115530","['Bilophila_wadsworthia__BilWads6']",0.159130370502427,TRUE,"Bilophila_wadsworthia__BilWads6"
"ORIG01.7211.1_1/1-285","ORIG01","SAMN04329867","['Anaerobic_bacterium_sk.prop8__Bv2Prop2']",1.15823353982822,TRUE,"Anaerobic_bacterium_sk.prop8__Bv2Prop2"
"ORIG01.18078.1_1/1-111","ORIG01","SAMN04329867","['Desulfitibacter_alkalitolerans__DfiAlka2']",0.765561556332035,TRUE,"Desulfitibacter_alkalitolerans__DfiAlka2"
"UPFR01.81236.1_2/6-102","UPFR01","SAMEA2737660","['Desulfitibacter_alkalitolerans__DfiAlka2']",1.05888355633203,TRUE,"Desulfitibacter_alkalitolerans__DfiAlka2"
"OVZV01.29537.1_2/1-216","OVZV01","SAMEA3708564","['Bilophila_wadsworthia__BilWads6', 'Bilophila_sp._4_1_30__BilSpec3']",NA,TRUE,"Bilophila_wadsworthia__BilWads6"
"OVZV01.29537.1_1/11-103","OVZV01","SAMEA3708564","['Bilophila_wadsworthia__BilWads6', 'Bilophila_sp._4_1_30__BilSpec3']",NA,TRUE,"Bilophila_wadsworthia__BilWads6"
"ORRA01.5843.1_3/151-524","ORRA01","SAMEA2338650","['Desulfovibrio_sp._3_1_syn3__DsvSp230']",0.00163384853285095,TRUE,"Desulfovibrio_sp._3_1_syn3__DsvSp230"
"ORRA01.5843.1_4/11-266","ORRA01","SAMEA2338650","['Desulfovibrio_sp._6_1_46AFAA__DsvSp231']",0.0261574179855414,TRUE,"Desulfovibrio_sp._6_1_46AFAA__DsvSp231"
"UPWT01.22340.1_1/63-409","UPWT01","SAMN06112041","['uncultured_bacterium__EF645667']",NA,TRUE,"uncultured_bacterium__EF645667"
"UPWT01.21622.1_1/64-377","UPWT01","SAMN06112041","['Bilophila_wadsworthia__BilWads6', 'Bilophila_sp._4_1_30__BilSpec3']",NA,TRUE,"Bilophila_wadsworthia__BilWads6"
"UPWT01.18610.1_1/11-266","UPWT01","SAMN06112041","['Bilophila_wadsworthia__BilWads6']",1.50000025001454e-06,TRUE,"Bilophila_wadsworthia__BilWads6"
"UPWT01.27774.1_1/1-229","UPWT01","SAMN06112041","['uncultured_bacterium__EF645667']",NA,TRUE,"uncultured_bacterium__EF645667"
"OPCP01.24730.1_1/64-247","OPCP01","SAMEA2042572","['Bilophila_wadsworthia__BilWads6', 'Bilophila_sp._4_1_30__BilSpec3', 'uncultured_bacterium__EF645667']",NA,TRUE,"Bilophila_wadsworthia__BilWads6"
"OPCP01.30717.1_1/1-132","OPCP01","SAMEA2042572","['Bilophila_wadsworthia__BilWads6']",NA,TRUE,"Bilophila_wadsworthia__BilWads6"
"OPCP01.46669.1_2/15-208","OPCP01","SAMEA2042572","['Bilophila_wadsworthia__BilWads6', 'Bilophila_sp._4_1_30__BilSpec3']",NA,TRUE,"Bilophila_wadsworthia__BilWads6"
"OPCP01.46669.1_1/11-81","OPCP01","SAMEA2042572","['Bilophila_wadsworthia__BilWads6', 'Bilophila_sp._4_1_30__BilSpec3']",NA,TRUE,"Bilophila_wadsworthia__BilWads6"
"ORQO01.10375.1_1/63-436","ORQO01","SAMEA2338643","['Desulfovibrio_piger__DslPige3']",0.0204487876807884,TRUE,"Desulfovibrio_piger__DslPige3"
"ORQO01.27408.1_1/2-106","ORQO01","SAMEA2338643","['Bilophila_wadsworthia__BilWads6', 'Desulfovibrio_piger__DslPige3', 'Desulfovibrio_piger__DslPige4']",NA,TRUE,"Bilophila_wadsworthia__BilWads6"
"ORBU01.35286.1_1/63-436","ORBU01","SAMN04158624","['uncultured_bacterium__EF645667']",0.0216330841395422,TRUE,"uncultured_bacterium__EF645667"
"ORBU01.142287.1_1/10-194","ORBU01","SAMN04158624","['Desulfitibacter_alkalitolerans__DfiAlka2']",1.05888355633203,TRUE,"Desulfitibacter_alkalitolerans__DfiAlka2"
"ORBU01.35286.1_2/11-184","ORBU01","SAMN04158624","['uncultured_bacterium__EF645666']",0.168544585770524,TRUE,"uncultured_bacterium__EF645666"
"ORBU01.41053.1_1/52-125","ORBU01","SAMN04158624","['Anaerobic_bacterium_sk.prop8__Bv2Prop2', 'Bioreactor_clone__UncS2029']",NA,TRUE,"Anaerobic_bacterium_sk.prop8__Bv2Prop2"
"ORQS01.4439.1_8/62-435","ORQS01","SAMEA2338658","['uncultured_bacterium__EF645667']",0.474586276190246,TRUE,"uncultured_bacterium__EF645667"
"ORQS01.17894.1_1/1-355","ORQS01","SAMEA2338658","['Bilophila_wadsworthia__BilWads6', 'Bilophila_sp._4_1_30__BilSpec3']",NA,TRUE,"Bilophila_wadsworthia__BilWads6"
"ORQS01.17894.1_2/11-266","ORQS01","SAMEA2338658","['Bilophila_wadsworthia__BilWads6']",0.163493370502427,TRUE,"Bilophila_wadsworthia__BilWads6"
"ORQS01.4439.1_9/11-183","ORQS01","SAMEA2338658","['uncultured_bacterium__EF645667']",0.608863276190246,TRUE,"uncultured_bacterium__EF645667"
"UXQO01.16248.1_2/63-436","UXQO01","SAMEA2144555","['Desulfovibrio_piger__DslPige3', 'Desulfovibrio_piger__DslPige4']",0.0597230912742298,TRUE,"Desulfovibrio_piger__DslPige3"
"UXQO01.16248.1_3/11-266","UXQO01","SAMEA2144555","['Desulfovibrio_piger__DslPige3', 'Desulfovibrio_piger__DslPige4']",0.0967260912742298,TRUE,"Desulfovibrio_piger__DslPige3"
"OQLR01.36961.1_1/64-124","OQLR01","SAMD00036402","['Bilophila_wadsworthia__BilWads6']",0.0993673705024268,TRUE,"Bilophila_wadsworthia__BilWads6"
"OWDU01.2997.1_4/62-435","OWDU01","SAMEA3708491","['uncultured_bacterium__EF645667']",0.474586276190246,TRUE,"uncultured_bacterium__EF645667"
"OWDU01.2997.1_3/11-266","OWDU01","SAMEA3708491","['uncultured_bacterium__EF645667']",0.597408276190246,TRUE,"uncultured_bacterium__EF645667"
"OWDU01.46775.1_2/1-285","OWDU01","SAMEA3708491","['Bilophila_wadsworthia__BilWads6', 'Bilophila_sp._4_1_30__BilSpec3']",NA,TRUE,"Bilophila_wadsworthia__BilWads6"
"ULWB01.36789.1_1/1-343","ULWB01","SAMEA4835799","['uncultured_bacterium__EF645667']",0.428225276190246,TRUE,"uncultured_bacterium__EF645667"
"ULWB01.36789.1_2/11-266","ULWB01","SAMEA4835799","['uncultured_bacterium__EF645667']",0.596023276190246,TRUE,"uncultured_bacterium__EF645667"
"ULWB01.60931.1_2/1-92","ULWB01","SAMEA4835799","['Bilophila_wadsworthia__BilWads6', 'Bilophila_sp._4_1_30__BilSpec3', 'uncultured_bacterium__EF645667']",NA,TRUE,"Bilophila_wadsworthia__BilWads6"
"OUQO01.46197.1_1/6-170","OUQO01","SAMN05194700","['uncultured_bacterium__EF645667', 'Desulfovibrio_piger__DslPige3']",NA,TRUE,"uncultured_bacterium__EF645667"
"ORVY01.17645.1_1/62-435","ORVY01","SAMEA2338848","['Bilophila_wadsworthia__BilWads6']",0.107182370502427,TRUE,"Bilophila_wadsworthia__BilWads6"
"ORVY01.12063.1_1/1-252","ORVY01","SAMEA2338848","['uncultured_bacterium__EF645667']",0.608863276190246,TRUE,"uncultured_bacterium__EF645667"
"ORVY01.51296.1_1/2-253","ORVY01","SAMEA2338848","['uncultured_bacterium__EF645667']",NA,TRUE,"uncultured_bacterium__EF645667"
"ORVY01.17645.1_2/11-201","ORVY01","SAMEA2338848","['Bilophila_wadsworthia__BilWads6']",0.0993673705024268,TRUE,"Bilophila_wadsworthia__BilWads6"
"UZUM01.21865.1_1/1-131","UZUM01","SAMN00792096","['Bilophila_wadsworthia__BilWads6']",NA,TRUE,"Bilophila_wadsworthia__BilWads6"
"ORSI01.3940.1_3/62-435","ORSI01","SAMEA2338627","['uncultured_bacterium__EF645667']",0.471300276190246,TRUE,"uncultured_bacterium__EF645667"
"ORSI01.3940.1_2/11-266","ORSI01","SAMEA2338627","['uncultured_bacterium__EF645667']",0.597408276190246,TRUE,"uncultured_bacterium__EF645667"
"UMHQ01.12568.1_15/64-437","UMHQ01","SAMEA4836098","['Bilophila_wadsworthia__BilWads6']",1.50000025001454e-06,TRUE,"Bilophila_wadsworthia__BilWads6"
"UMHQ01.12568.1_14/11-266","UMHQ01","SAMEA4836098","['Bilophila_wadsworthia__BilWads6']",1.50000025001454e-06,TRUE,"Bilophila_wadsworthia__BilWads6"
"UMHQ01.25223.1_1/1-166","UMHQ01","SAMEA4836098","['uncultured_bacterium__EF645667', 'Desulfovibrio_piger__DslPige3', 'Desulfovibrio_piger__DslPige4']",NA,TRUE,"uncultured_bacterium__EF645667"
"UMHQ01.36558.1_1/11-156","UMHQ01","SAMEA4836098","['Desulfovibrio_piger__DslPige3', 'Desulfovibrio_piger__DslPige4', 'uncultured_bacterium__EF645667']",NA,TRUE,"Desulfovibrio_piger__DslPige3"
"UMHQ01.61815.1_1/63-191","UMHQ01","SAMEA4836098","['Desulfovibrio_piger__DslPige4', 'Desulfovibrio_piger__DslPige3']",NA,TRUE,"Desulfovibrio_piger__DslPige4"
"UMHQ01.26699.1_12/27-293","UMHQ01","SAMEA4836098","['Moorella_thermoacetica_Y72_copy_2__MooTher5']",6.73074261945668,TRUE,"Moorella_thermoacetica_Y72_copy_2__MooTher5"
"UMHQ01.45907.1_1/80-339","UMHQ01","SAMEA4836098","['Moorella_thermoacetica_Y72_copy_2__MooTher5']",6.70555061945668,TRUE,"Moorella_thermoacetica_Y72_copy_2__MooTher5"
"UZKL01.6074.1_5/64-151","UZKL01","SAMN00715233","['Bilophila_wadsworthia__BilWads6', 'Bilophila_sp._4_1_30__BilSpec3', 'uncultured_bacterium__EF645667', 'Desulfovibrio_piger__DslPige3', 'Desulfovibrio_piger__DslPige4']",NA,TRUE,"Bilophila_wadsworthia__BilWads6"
"USVH01.4993.1_5/53-397","USVH01","SAMN06112072","['Anaerobic_bacterium_sk.prop8__Bv2Prop2']",1.36866853982822,TRUE,"Anaerobic_bacterium_sk.prop8__Bv2Prop2"
"USVH01.28241.1_1/11-266","USVH01","SAMN06112072","['Bilophila_wadsworthia__BilWads6']",1.50000025001454e-06,TRUE,"Bilophila_wadsworthia__BilWads6"
"USVH01.35410.1_2/3-237","USVH01","SAMN06112072","['Gordonibacter_pamelaeae__GrdPame5']",0.0149062210296696,TRUE,"Gordonibacter_pamelaeae__GrdPame5"
"USVH01.4993.1_4/5-240","USVH01","SAMN06112072","['Desulfitibacter_alkalitolerans__DfiAlka2']",1.30623055633203,TRUE,"Desulfitibacter_alkalitolerans__DfiAlka2"
"USVH01.35410.1_1/1-91","USVH01","SAMN06112072","['Gordonibacter_pamelaeae_7-10-1-b__FP929047', 'Gordonibacter_pamelaeae__GrdPame5']",NA,TRUE,"Gordonibacter_pamelaeae_7-10-1-b__FP929047"
"ULVJ01.9402.1_2/11-266","ULVJ01","SAMEA4835784","['Bilophila_wadsworthia__BilWads6']",1.50000025001454e-06,TRUE,"Bilophila_wadsworthia__BilWads6"
"ULVJ01.16671.1_5/64-228","ULVJ01","SAMEA4835784","['Bilophila_wadsworthia__BilWads6', 'Bilophila_sp._4_1_30__BilSpec3', 'uncultured_bacterium__EF645667']",NA,TRUE,"Bilophila_wadsworthia__BilWads6"
"ULVJ01.9402.1_1/1-195","ULVJ01","SAMEA4835784","['Bilophila_wadsworthia__BilWads6', 'Bilophila_sp._4_1_30__BilSpec3']",NA,TRUE,"Bilophila_wadsworthia__BilWads6"
"OPBO01.33525.1_1/1-212","OPBO01","SAMEA2042509","['Bilophila_wadsworthia__BilWads6', 'Bilophila_sp._4_1_30__BilSpec3']",NA,TRUE,"Bilophila_wadsworthia__BilWads6"
"OPBO01.6386.1_4/28-293","OPBO01","SAMEA2042509","['Moorella_thermoacetica_Y72_copy_2__MooTher5']",6.99045261945668,TRUE,"Moorella_thermoacetica_Y72_copy_2__MooTher5"
"UMHU01.29959.1_1/64-437","UMHU01","SAMEA4836101","['Bilophila_wadsworthia__BilWads6']",1.50000025001454e-06,TRUE,"Bilophila_wadsworthia__BilWads6"
"UMHU01.29959.1_2/11-266","UMHU01","SAMEA4836101","['Bilophila_wadsworthia__BilWads6']",1.50000025001454e-06,TRUE,"Bilophila_wadsworthia__BilWads6"
"UPQH01.3107.1_11/62-435","UPQH01","SAMEA2737797","['uncultured_bacterium__EF645667']",0.474586276190246,TRUE,"uncultured_bacterium__EF645667"
"UPQH01.3107.1_12/11-266","UPQH01","SAMEA2737797","['uncultured_bacterium__EF645667']",0.608863276190246,TRUE,"uncultured_bacterium__EF645667"
"OPRI01.2457.1_13/40-291","OPRI01","SAMEA2042406","['Moorella_thermoacetica_Y72_copy_2__MooTher5']",7.61628561945668,TRUE,"Moorella_thermoacetica_Y72_copy_2__MooTher5"
"UXMJ01.34174.1_1/64-138","UXMJ01","SAMEA2156675","['Bilophila_wadsworthia__BilWads6', 'Bilophila_sp._4_1_30__BilSpec3', 'uncultured_bacterium__EF645667', 'Desulfovibrio_piger__DslPige3', 'Desulfovibrio_piger__DslPige4']",NA,TRUE,"Bilophila_wadsworthia__BilWads6"
"UEST01.1562.1_6/64-437","UEST01","SAMN06115430","['Bilophila_wadsworthia__BilWads6']",1.50000025001454e-06,TRUE,"Bilophila_wadsworthia__BilWads6"
"UEST01.1562.1_5/11-266","UEST01","SAMN06115430","['Bilophila_sp._4_1_30__BilSpec3']",0.0016698334302823,TRUE,"Bilophila_sp._4_1_30__BilSpec3"
"ORRO01.17421.1_2/1-374","ORRO01","SAMEA2338644","['Desulfovibrio_piger__DslPige3', 'Desulfovibrio_piger__DslPige4']",0.0658910912742298,TRUE,"Desulfovibrio_piger__DslPige3"
"ORRO01.17421.1_1/11-266","ORRO01","SAMEA2338644","['uncultured_bacterium__EF645667']",0.157120276190246,TRUE,"uncultured_bacterium__EF645667"
"UYDK01.43761.1_1/5-350","UYDK01","SAMEA2158542","['Anaerobic_bacterium_sk.prop8__Bv2Prop2']",1.35916553982822,TRUE,"Anaerobic_bacterium_sk.prop8__Bv2Prop2"
"UYDK01.43761.1_2/5-111","UYDK01","SAMEA2158542","['Desulfitibacter_alkalitolerans__DfiAlka2']",1.20857255633203,TRUE,"Desulfitibacter_alkalitolerans__DfiAlka2"
"VOFC01.6289.1_31/15-304","VOFC01","SAMN12384722","['Anaerobic_bacterium_sk.prop8__Bv2Prop2']",1.12972553982822,TRUE,"Anaerobic_bacterium_sk.prop8__Bv2Prop2"
"VOFC01.6289.1_29/2-118","VOFC01","SAMN12384722","['Desulfitibacter_alkalitolerans__DfiAlka2']",0.734110556332035,TRUE,"Desulfitibacter_alkalitolerans__DfiAlka2"
"VOFC01.6289.1_30/6-97","VOFC01","SAMN12384722","['Desulfitibacter_alkalitolerans__DfiAlka2']",1.10922555633203,TRUE,"Desulfitibacter_alkalitolerans__DfiAlka2"
"OXCV01.12278.1_2/25-398","OXCV01","SAMN05827097","['Desulfovibrio_piger__DslPige4']",0.12271709127423,TRUE,"Desulfovibrio_piger__DslPige4"
"OXCV01.14918.1_1/6-128","OXCV01","SAMN05827097","['uncultured_bacterium__EF645667']",0.178716276190246,TRUE,"uncultured_bacterium__EF645667"
"OVGC01.3436.1_2/62-435","OVGC01","SAMN06016382","['uncultured_bacterium__EF645667']",0.474586276190246,TRUE,"uncultured_bacterium__EF645667"
"OVGC01.3436.1_1/11-266","OVGC01","SAMN06016382","['uncultured_bacterium__EF645667']",0.616904276190246,TRUE,"uncultured_bacterium__EF645667"
"OVGC01.52509.1_1/1-240","OVGC01","SAMN06016382","['Bilophila_wadsworthia__BilWads6']",0.168609370502427,TRUE,"Bilophila_wadsworthia__BilWads6"
"UMHM01.98159.1_2/1-302","UMHM01","SAMEA4836095","['Desulfovibrio_sp._3_1_syn3__DsvSp230']",0.00163384853285095,TRUE,"Desulfovibrio_sp._3_1_syn3__DsvSp230"
"UMHM01.22396.1_3/1-228","UMHM01","SAMEA4836095","['Desulfovibrio_sp._6_1_46AFAA__DsvSp231']",NA,TRUE,"Desulfovibrio_sp._6_1_46AFAA__DsvSp231"
"OVGU01.56195.1_1/58-179","OVGU01","SAMN06016422","['Bilophila_wadsworthia__BilWads6']",0.196557370502427,TRUE,"Bilophila_wadsworthia__BilWads6"
"USVW01.1446.1_16/11-266","USVW01","SAMN06112061","['Desulfovibrio_piger__DslPige3', 'Desulfovibrio_piger__DslPige4']",0.0018347876807884,TRUE,"Desulfovibrio_piger__DslPige3"
"USVW01.13604.1_1/63-327","USVW01","SAMN06112061","['Desulfovibrio_piger__DslPige3', 'Desulfovibrio_piger__DslPige4']",NA,TRUE,"Desulfovibrio_piger__DslPige3"
"USVW01.1446.1_17/1-134","USVW01","SAMN06112061","['Desulfovibrio_piger__DslPige3', 'Desulfovibrio_piger__DslPige4', 'Desulfovibrio_piger__DslPige2']",NA,TRUE,"Desulfovibrio_piger__DslPige3"
"USUH01.25059.1_1/1-231","USUH01","SAMN06111944","['Bilophila_wadsworthia__BilWads6']",NA,TRUE,"Bilophila_wadsworthia__BilWads6"
"USUO01.22186.1_2/3-374","USUO01","SAMN06112068","['Bilophila_sp._4_1_30__BilSpec3']",0.0200398334302823,TRUE,"Bilophila_sp._4_1_30__BilSpec3"
"USUO01.1497.1_18/11-266","USUO01","SAMN06112068","['uncultured_bacterium__EF645667']",0.195194276190246,TRUE,"uncultured_bacterium__EF645667"
"USUO01.22186.1_1/11-266","USUO01","SAMN06112068","['Bilophila_wadsworthia__BilWads6']",1.50000025001454e-06,TRUE,"Bilophila_wadsworthia__BilWads6"
"USUO01.78664.1_1/1-224","USUO01","SAMN06112068","['Desulfovibrio_piger__DslPige4', 'Desulfovibrio_piger__DslPige3']",NA,TRUE,"Desulfovibrio_piger__DslPige4"
"USUO01.2852.1_9/63-225","USUO01","SAMN06112068","['Desulfovibrio_piger__DslPige3', 'Desulfovibrio_piger__DslPige4']",NA,TRUE,"Desulfovibrio_piger__DslPige3"
"USUO01.14438.1_2/63-225","USUO01","SAMN06112068","['Desulfovibrio_piger__DslPige3', 'Desulfovibrio_piger__DslPige4', 'uncultured_bacterium__EF645667']",NA,TRUE,"Desulfovibrio_piger__DslPige3"
"OWAJ01.9816.1_2/51-424","OWAJ01","SAMEA3708685","['Desulfovibrio_piger__DslPige3', 'Desulfovibrio_piger__DslPige4']",0.0561410912742298,TRUE,"Desulfovibrio_piger__DslPige3"
"OWAJ01.933.1_7/64-437","OWAJ01","SAMEA3708685","['Bilophila_wadsworthia__BilWads6']",1.50000025001454e-06,TRUE,"Bilophila_wadsworthia__BilWads6"
"OWAJ01.933.1_8/11-266","OWAJ01","SAMEA3708685","['Bilophila_wadsworthia__BilWads6']",1.50000025001454e-06,TRUE,"Bilophila_wadsworthia__BilWads6"
"OWAJ01.9816.1_1/11-266","OWAJ01","SAMEA3708685","['Desulfovibrio_piger__DslPige3', 'Desulfovibrio_piger__DslPige4']",0.0018347876807884,TRUE,"Desulfovibrio_piger__DslPige3"
"UYEW01.64807.1_1/1-261","UYEW01","SAMEA2157850","['Bilophila_wadsworthia__BilWads6']",0.102694370502427,TRUE,"Bilophila_wadsworthia__BilWads6"
"UYEW01.35589.1_1/64-159","UYEW01","SAMEA2157850","['uncultured_bacterium__EF645667', 'uncultured_bacterium__EF645664', 'Desulfovibrio_desulfuricans__DQ092635']",NA,TRUE,"uncultured_bacterium__EF645667"
"UYEW01.21524.1_2/30-287","UYEW01","SAMEA2157850","['Moorella_thermoacetica_Y72_copy_2__MooTher5']",7.85558261945668,TRUE,"Moorella_thermoacetica_Y72_copy_2__MooTher5"
"USXV01.40500.1_1/1-203","USXV01","SAMN06111945","['Bilophila_wadsworthia__BilWads6']",0.111336370502427,TRUE,"Bilophila_wadsworthia__BilWads6"
"USXV01.76553.1_1/1-177","USXV01","SAMN06111945","['Bilophila_wadsworthia__BilWads6', 'Bilophila_sp._4_1_30__BilSpec3']",NA,TRUE,"Bilophila_wadsworthia__BilWads6"
"USXV01.62479.1_1/43-232","USXV01","SAMN06111945","['Thermodesulfobium_narugense__CP002690']",1.32825403458103,TRUE,"Thermodesulfobium_narugense__CP002690"
"USXV01.52057.1_1/16-200","USXV01","SAMN06111945","['Anaerobic_bacterium_sk.prop8__Bv2Prop2']",0.828359884876434,TRUE,"Anaerobic_bacterium_sk.prop8__Bv2Prop2"
"OZME01.25330.1_1/2-176","OZME01","SAMN06164451","['Desulfovibrio_piger__DslPige4']",0.117404787680788,TRUE,"Desulfovibrio_piger__DslPige4"
"OZME01.44656.1_1/1-85","OZME01","SAMN06164451","['uncultured_bacterium__EF645667']",NA,TRUE,"uncultured_bacterium__EF645667"
"UAGU01.25853.1_1/98-230","UAGU01","SAMN06165215","['Desulfovibrio_piger__DslPige3', 'Desulfovibrio_piger__DslPige4']",NA,TRUE,"Desulfovibrio_piger__DslPige3"
"ULXF01.35107.1_1/1-98","ULXF01","SAMEA4835832","['uncultured_bacterium__EF645667', 'Desulfovibrio_piger__DslPige4', 'Desulfovibrio_piger__DslPige3', 'Desulfovibrio_piger__DslPige2']",NA,TRUE,"uncultured_bacterium__EF645667"
"UZLG01.3162.1_6/11-266","UZLG01","SAMN00715165","['Bilophila_wadsworthia__BilWads6']",1.50000025001454e-06,TRUE,"Bilophila_wadsworthia__BilWads6"
"UZLG01.3162.1_5/1-148","UZLG01","SAMN00715165","['Bilophila_wadsworthia__BilWads6', 'Bilophila_sp._4_1_30__BilSpec3']",NA,TRUE,"Bilophila_wadsworthia__BilWads6"
"ULYE01.30023.1_1/1-173","ULYE01","SAMEA4835856","['Desulfovibrio_piger__DslPige4', 'Desulfovibrio_piger__DslPige3']",NA,TRUE,"Desulfovibrio_piger__DslPige4"
"ORMZ01.48271.1_1/11-115","ORMZ01","SAMEA2338743","['Bilophila_wadsworthia__BilWads6', 'Bilophila_sp._4_1_30__BilSpec3']",NA,TRUE,"Bilophila_wadsworthia__BilWads6"
"ORMZ01.48271.1_2/1-99","ORMZ01","SAMEA2338743","['Bilophila_wadsworthia__BilWads6', 'Bilophila_sp._4_1_30__BilSpec3', 'uncultured_bacterium__EF645667']",NA,TRUE,"Bilophila_wadsworthia__BilWads6"
"ULSF01.34850.1_1/1-342","ULSF01","SAMEA4835701","['Desulfovibrio_piger__DslPige3', 'Desulfovibrio_piger__DslPige4']",0.0625370912742298,TRUE,"Desulfovibrio_piger__DslPige3"
"ULSF01.35904.1_2/7-144","ULSF01","SAMEA4835701","['Desulfovibrio_piger__DslPige3', 'Desulfovibrio_piger__DslPige4']",0.0401367876807884,TRUE,"Desulfovibrio_piger__DslPige3"
"ULVC01.40674.1_1/51-332","ULVC01","SAMEA4835769","['Desulfovibrio_piger__DslPige3', 'Desulfovibrio_piger__DslPige4']",NA,TRUE,"Desulfovibrio_piger__DslPige3"
"ULVC01.43899.1_2/11-198","ULVC01","SAMEA4835769","['Desulfovibrio_piger__DslPige3', 'Desulfovibrio_piger__DslPige4']",0.0417337876807884,TRUE,"Desulfovibrio_piger__DslPige3"
"ULVC01.43776.1_1/1-172","ULVC01","SAMEA4835769","['uncultured_bacterium__EF645667', 'Desulfovibrio_piger__DslPige3', 'Desulfovibrio_piger__DslPige4']",NA,TRUE,"uncultured_bacterium__EF645667"
"USWY01.5726.1_3/64-437","USWY01","SAMN06111942","['Bilophila_wadsworthia__BilWads6']",1.50000025001454e-06,TRUE,"Bilophila_wadsworthia__BilWads6"
"USWY01.2295.1_10/62-435","USWY01","SAMN06111942","['uncultured_bacterium__EF645667']",0.479939276190246,TRUE,"uncultured_bacterium__EF645667"
"USWY01.5726.1_4/11-266","USWY01","SAMN06111942","['Bilophila_wadsworthia__BilWads6']",1.50000025001454e-06,TRUE,"Bilophila_wadsworthia__BilWads6"
"USWY01.2295.1_9/11-266","USWY01","SAMN06111942","['uncultured_bacterium__EF645667']",0.610494276190246,TRUE,"uncultured_bacterium__EF645667"
"OYME01.2225.1_1/27-294","OYME01","SAMN06165313","['Moorella_thermoacetica_Y72_copy_2__MooTher5']",7.00372561945668,TRUE,"Moorella_thermoacetica_Y72_copy_2__MooTher5"
"UAOO01.4932.1_2/63-436","UAOO01","SAMN06164630","['uncultured_bacterium__EF645667']",0.181330276190246,TRUE,"uncultured_bacterium__EF645667"
"UAOO01.4932.1_1/11-266","UAOO01","SAMN06164630","['Bilophila_wadsworthia__BilWads6']",0.162186370502427,TRUE,"Bilophila_wadsworthia__BilWads6"
"UMDL01.33022.1_1/62-166","UMDL01","SAMEA4835993","['uncultured_bacterium__EF645667', 'Candidatus_Desulfovibrio_trichonymphae', 'Bilophila_wadsworthia__BilWads6']",NA,TRUE,"uncultured_bacterium__EF645667"
"USYX01.9165.1_2/11-266","USYX01","SAMN06112095","['Bilophila_wadsworthia__BilWads6']",1.50000025001454e-06,TRUE,"Bilophila_wadsworthia__BilWads6"
"USYX01.9165.1_3/200-502","USYX01","SAMN06112095","['Bilophila_sp._4_1_30__BilSpec3']",0.0229168334302823,TRUE,"Bilophila_sp._4_1_30__BilSpec3"
"UZHW01.16669.1_2/1-322","UZHW01","SAMN00791927","['Desulfovibrio_piger__DslPige3', 'Desulfovibrio_piger__DslPige4']",NA,TRUE,"Desulfovibrio_piger__DslPige3"
"UZHW01.16669.1_1/11-139","UZHW01","SAMN00791927","['Desulfovibrio_piger__DslPige3', 'Desulfovibrio_piger__DslPige4']",NA,TRUE,"Desulfovibrio_piger__DslPige3"
"UERG01.68268.1_1/1-234","UERG01","SAMN06115478","['Desulfovibrio_vulgaris__DQ826729']",0.457744093887675,TRUE,"Desulfovibrio_vulgaris__DQ826729"
"UERG01.93265.1_1/1-125","UERG01","SAMN06115478","['Bilophila_wadsworthia__BilWads6']",NA,TRUE,"Bilophila_wadsworthia__BilWads6"
"UERG01.88106.1_1/2-86","UERG01","SAMN06115478","['Desulfovibrio_vulgaris__DQ826729']",0.506089911862788,TRUE,"Desulfovibrio_vulgaris__DQ826729"
"UERG01.88106.1_2/1-60","UERG01","SAMN06115478","['uncultured_bacterium__EF645667']",1.10364827619025,TRUE,"uncultured_bacterium__EF645667"
"ULXM01.1565.1_1/1-241","ULXM01","SAMEA4835838","['uncultured_bacterium__EF645667', 'Desulfovibrio_piger__DslPige3']",NA,TRUE,"uncultured_bacterium__EF645667"
"UZHI01.1633.1_7/65-438","UZHI01","SAMN00791902","['Desulfovibrio_piger__DslPige3', 'Desulfovibrio_piger__DslPige4']",0.0651300912742298,TRUE,"Desulfovibrio_piger__DslPige3"
"UZHI01.1633.1_6/1-253","UZHI01","SAMN00791902","['Desulfovibrio_piger__DslPige3', 'Desulfovibrio_piger__DslPige4']",0.0899830912742298,TRUE,"Desulfovibrio_piger__DslPige3"
"USZC01.638.1_12/64-437","USZC01","SAMN06111958","['Bilophila_wadsworthia__BilWads6']",1.50000025001454e-06,TRUE,"Bilophila_wadsworthia__BilWads6"
"USZC01.16.1_113/62-435","USZC01","SAMN06111958","['uncultured_bacterium__EF645667']",0.479939276190246,TRUE,"uncultured_bacterium__EF645667"
"USZC01.638.1_13/11-266","USZC01","SAMN06111958","['Bilophila_wadsworthia__BilWads6']",1.50000025001454e-06,TRUE,"Bilophila_wadsworthia__BilWads6"
"USZC01.16.1_112/11-266","USZC01","SAMN06111958","['uncultured_bacterium__EF645667']",0.597408276190246,TRUE,"uncultured_bacterium__EF645667"
"USZC01.25440.1_2/63-258","USZC01","SAMN06111958","['Desulfovibrio_vulgaris__DQ826729']",0.396385911862788,TRUE,"Desulfovibrio_vulgaris__DQ826729"
"USZC01.83011.1_2/6-186","USZC01","SAMN06111958","['Desulfitibacter_alkalitolerans__DfiAlka2']",1.10377755633203,TRUE,"Desulfitibacter_alkalitolerans__DfiAlka2"
"USZC01.10734.1_1/8-147","USZC01","SAMN06111958","['Bilophila_wadsworthia__BilWads6']",NA,TRUE,"Bilophila_wadsworthia__BilWads6"
"USZC01.145301.1_1/60-169","USZC01","SAMN06111958","['uncultured_bacterium__EF645667']",0.428225276190246,TRUE,"uncultured_bacterium__EF645667"
"USZC01.83011.1_1/10-115","USZC01","SAMN06111958","[]",NA,FALSE,NA
"USZC01.136803.1_1/54-119","USZC01","SAMN06111958","['Desulfosporosinus_youngiae__DfpYoun5']",1.00149391967069,TRUE,"Desulfosporosinus_youngiae__DfpYoun5"
"USZC01.120500.1_2/2-91","USZC01","SAMN06111958","['Desulfovibrio_vulgaris__DQ826729']",0.521563911862788,TRUE,"Desulfovibrio_vulgaris__DQ826729"
"OZIN01.61529.1_1/1-130","OZIN01","SAMN06165267","['Desulfovibrio_sp._3_1_syn3__DsvSp230', 'Desulfovibrio_sp._6_1_46AFAA__DsvSp231']",NA,TRUE,"Desulfovibrio_sp._3_1_syn3__DsvSp230"
"OZIN01.156.1_5/27-294","OZIN01","SAMN06165267","['Moorella_thermoacetica_Y72_copy_2__MooTher5']",7.00372561945668,TRUE,"Moorella_thermoacetica_Y72_copy_2__MooTher5"
"OZIN01.431.1_20/27-293","OZIN01","SAMN06165267","['Moorella_thermoacetica_Y72_copy_2__MooTher5']",6.81049761945668,TRUE,"Moorella_thermoacetica_Y72_copy_2__MooTher5"
"OZIN01.10325.1_1/28-291","OZIN01","SAMN06165267","['Moorella_thermoacetica_Y72_copy_2__MooTher5']",7.68823661945668,TRUE,"Moorella_thermoacetica_Y72_copy_2__MooTher5"
"ULWZ01.32982.1_1/1-179","ULWZ01","SAMEA4835825","['Desulfovibrio_piger__DslPige3', 'Desulfovibrio_piger__DslPige4']",NA,TRUE,"Desulfovibrio_piger__DslPige3"
"ULWZ01.59103.1_2/11-143","ULWZ01","SAMEA4835825","['Desulfovibrio_piger__DslPige4']",0.0111067876807884,TRUE,"Desulfovibrio_piger__DslPige4"
"ULWZ01.63543.1_1/1-84","ULWZ01","SAMEA4835825","['uncultured_bacterium__EF645667', 'Desulfovibrio_piger__DslPige3', 'Desulfovibrio_piger__DslPige4']",NA,TRUE,"uncultured_bacterium__EF645667"
"ULWZ01.9487.1_1/63-143","ULWZ01","SAMEA4835825","['Desulfovibrio_piger__DslPige4', 'Desulfovibrio_piger__DslPige3', 'uncultured_bacterium__EF645667']",NA,TRUE,"Desulfovibrio_piger__DslPige4"
"OQED01.42346.1_1/3-144","OQED01","SAMD00036345","['Bilophila_wadsworthia__BilWads6']",0.136912370502427,TRUE,"Bilophila_wadsworthia__BilWads6"
"OQED01.22205.1_3/6-109","OQED01","SAMD00036345","['Bilophila_wadsworthia__BilWads6']",0.209751370502427,TRUE,"Bilophila_wadsworthia__BilWads6"
"UMGB01.69084.1_2/11-212","UMGB01","SAMEA4836060","['Bilophila_wadsworthia__BilWads6']",NA,TRUE,"Bilophila_wadsworthia__BilWads6"
"UMGB01.53203.1_2/64-232","UMGB01","SAMEA4836060","['Bilophila_wadsworthia__BilWads6', 'Bilophila_sp._4_1_30__BilSpec3', 'uncultured_bacterium__EF645667']",NA,TRUE,"Bilophila_wadsworthia__BilWads6"
"UMGB01.69084.1_1/1-194","UMGB01","SAMEA4836060","['Bilophila_wadsworthia__BilWads6', 'Bilophila_sp._4_1_30__BilSpec3']",NA,TRUE,"Bilophila_wadsworthia__BilWads6"
"UMGB01.57313.1_2/11-141","UMGB01","SAMEA4836060","['Bilophila_wadsworthia__BilWads6']",0.282212370502427,TRUE,"Bilophila_wadsworthia__BilWads6"
"OZHQ01.499.1_2/27-294","OZHQ01","SAMN06165288","['Moorella_thermoacetica_Y72_copy_2__MooTher5']",6.98282761945668,TRUE,"Moorella_thermoacetica_Y72_copy_2__MooTher5"
"OQRC01.28035.1_2/1-319","OQRC01","SAMN02712089","['Bilophila_wadsworthia__BilWads6', 'Bilophila_sp._4_1_30__BilSpec3']",NA,TRUE,"Bilophila_wadsworthia__BilWads6"
"OQRC01.28035.1_1/11-183","OQRC01","SAMN02712089","['Bilophila_wadsworthia__BilWads6']",NA,TRUE,"Bilophila_wadsworthia__BilWads6"
"UZSS01.30450.1_1/13-328","UZSS01","SAMN00792074","['Bilophila_sp._4_1_30__BilSpec3']",0.0094988334302823,TRUE,"Bilophila_sp._4_1_30__BilSpec3"
"UPEC01.2184.1_1/1-358","UPEC01","SAMEA2737701","['uncultured_bacterium__EF645667']",0.476920276190246,TRUE,"uncultured_bacterium__EF645667"
"UPEC01.2184.1_2/11-266","UPEC01","SAMEA2737701","['uncultured_bacterium__EF645667']",0.608863276190246,TRUE,"uncultured_bacterium__EF645667"
"UAKK01.7292.1_3/6-346","UAKK01","SAMN06164804","['Desulfovibrio_piger__DslPige3']",0.0742740912742298,TRUE,"Desulfovibrio_piger__DslPige3"
"UAKK01.7292.1_2/11-266","UAKK01","SAMN06164804","['Desulfovibrio_piger__DslPige3', 'Desulfovibrio_piger__DslPige4']",0.0933880912742298,TRUE,"Desulfovibrio_piger__DslPige3"
"UEQG01.256.1_30/64-437","UEQG01","SAMN06115532","['Bilophila_wadsworthia__BilWads6']",1.50000025001454e-06,TRUE,"Bilophila_wadsworthia__BilWads6"
"UEQG01.256.1_29/1-253","UEQG01","SAMN06115532","['Bilophila_wadsworthia__BilWads6']",1.50000025001454e-06,TRUE,"Bilophila_wadsworthia__BilWads6"
"UYEB01.40733.1_1/64-259","UYEB01","SAMEA2162573","['Bilophila_wadsworthia__BilWads6', 'Bilophila_sp._4_1_30__BilSpec3']",NA,TRUE,"Bilophila_wadsworthia__BilWads6"
"UYEB01.63452.1_1/1-116","UYEB01","SAMEA2162573","['Bilophila_sp._4_1_30__BilSpec3']",0.0559268334302823,TRUE,"Bilophila_sp._4_1_30__BilSpec3"
"UYEB01.88501.1_2/11-114","UYEB01","SAMEA2162573","['Bilophila_sp._4_1_30__BilSpec3']",0.0225048334302823,TRUE,"Bilophila_sp._4_1_30__BilSpec3"
"UZTQ01.28268.1_1/1-295","UZTQ01","SAMN00792112","['Bilophila_sp._4_1_30__BilSpec3']",0.0088038334302823,TRUE,"Bilophila_sp._4_1_30__BilSpec3"
"OWDA01.24669.1_2/11-203","OWDA01","SAMEA3708563","['Bilophila_sp._4_1_30__BilSpec3']",0.0145538334302823,TRUE,"Bilophila_sp._4_1_30__BilSpec3"
"OZFV01.8576.1_2/11-266","OZFV01","SAMN06165144","['Desulfovibrio_piger__DslPige3']",0.0203657876807884,TRUE,"Desulfovibrio_piger__DslPige3"
"OZFV01.8576.1_1/1-244","OZFV01","SAMN06165144","['Desulfovibrio_piger__DslPige2', 'Desulfovibrio_piger__DslPige3', 'Desulfovibrio_piger__DslPige4']",NA,TRUE,"Desulfovibrio_piger__DslPige2"
"OZFV01.27588.1_1/65-173","OZFV01","SAMN06165144","['Desulfovibrio_piger__DslPige3', 'Desulfovibrio_piger__DslPige4', 'uncultured_bacterium__EF645667']",NA,TRUE,"Desulfovibrio_piger__DslPige3"
"ULWY01.49008.1_2/11-216","ULWY01","SAMEA4835824","['Desulfovibrio_piger__DslPige3', 'Desulfovibrio_piger__DslPige4']",0.0470370912742298,TRUE,"Desulfovibrio_piger__DslPige3"
"ULWY01.49008.1_1/1-199","ULWY01","SAMEA4835824","['Desulfovibrio_piger__DslPige3']",0.0079227876807884,TRUE,"Desulfovibrio_piger__DslPige3"
"OWAN01.1663.1_3/64-437","OWAN01","SAMEA3708641","['Bilophila_wadsworthia__BilWads6']",1.50000025001454e-06,TRUE,"Bilophila_wadsworthia__BilWads6"
"OWAN01.1663.1_2/1-246","OWAN01","SAMEA3708641","['Bilophila_wadsworthia__BilWads6']",0.130122370502427,TRUE,"Bilophila_wadsworthia__BilWads6"
"OPYE01.17877.1_2/1-305","OPYE01","SAMEA1967055","['Desulfovibrio_piger__DslPige4']",0.0160307876807884,TRUE,"Desulfovibrio_piger__DslPige4"
"OPYE01.17877.1_1/1-79","OPYE01","SAMEA1967055","['Desulfovibrio_piger__DslPige3', 'Desulfovibrio_piger__DslPige4', 'uncultured_bacterium__EF645667', 'Desulfovibrio_piger__DslPige2']",NA,TRUE,"Desulfovibrio_piger__DslPige3"
"UYEQ01.13532.1_1/1-341","UYEQ01","SAMEA2146600","['Anaerobic_bacterium_sk.prop8__Bv2Prop2']",1.16491153982822,TRUE,"Anaerobic_bacterium_sk.prop8__Bv2Prop2"
"UYEQ01.13532.1_2/7-240","UYEQ01","SAMEA2146600","['Desulfitibacter_alkalitolerans__DfiAlka2']",0.953887556332035,TRUE,"Desulfitibacter_alkalitolerans__DfiAlka2"
"UALZ01.7889.1_2/114-464","UALZ01","SAMN06164785","['Desulfovibrio_piger__DslPige3', 'Desulfovibrio_piger__DslPige4']",0.0906590912742298,TRUE,"Desulfovibrio_piger__DslPige3"
"UALZ01.7889.1_1/11-165","UALZ01","SAMN06164785","['Desulfovibrio_piger__DslPige3', 'Desulfovibrio_piger__DslPige4']",0.0777150912742298,TRUE,"Desulfovibrio_piger__DslPige3"
"OQAM01.29366.1_2/1-134","OQAM01","SAMD00036242","['Bilophila_sp._4_1_30__BilSpec3']",0.420253833430282,TRUE,"Bilophila_sp._4_1_30__BilSpec3"
"OPBH01.16718.1_2/64-176","OPBH01","SAMEA2042633","['Bilophila_sp._4_1_30__BilSpec3']",0.0592648334302823,TRUE,"Bilophila_sp._4_1_30__BilSpec3"
"OPBH01.59223.1_1/1-131","OPBH01","SAMEA2042633","['Bilophila_wadsworthia__BilWads6', 'Bilophila_sp._4_1_30__BilSpec3', 'uncultured_bacterium__EF645667']",NA,TRUE,"Bilophila_wadsworthia__BilWads6"
"UEYJ01.10159.1_4/62-435","UEYJ01","SAMN06115523","['Bilophila_wadsworthia__BilWads6']",0.158022370502427,TRUE,"Bilophila_wadsworthia__BilWads6"
"UEYJ01.6437.1_4/63-436","UEYJ01","SAMN06115523","['Desulfovibrio_piger__DslPige3', 'Desulfovibrio_piger__DslPige4']",0.0470370912742298,TRUE,"Desulfovibrio_piger__DslPige3"
"UEYJ01.10159.1_3/11-266","UEYJ01","SAMN06115523","['Bilophila_wadsworthia__BilWads6']",0.163510370502427,TRUE,"Bilophila_wadsworthia__BilWads6"
"UEYJ01.6437.1_5/11-244","UEYJ01","SAMN06115523","['uncultured_bacterium__EF645667']",NA,TRUE,"uncultured_bacterium__EF645667"
"UEYJ01.70573.1_1/1-176","UEYJ01","SAMN06115523","['uncultured_bacterium__EF645667']",0.43185270944906,TRUE,"uncultured_bacterium__EF645667"
"OWGP01.2594.1_1/11-266","OWGP01","SAMEA3708542","['Bilophila_sp._4_1_30__BilSpec3']",0.0016698334302823,TRUE,"Bilophila_sp._4_1_30__BilSpec3"
"UEPZ01.27110.1_1/2-198","UEPZ01","SAMN06115414","['uncultured_bacterium__EF645667']",NA,TRUE,"uncultured_bacterium__EF645667"
"UEPZ01.55893.1_1/1-168","UEPZ01","SAMN06115414","['uncultured_bacterium__EF645667']",0.317933243909725,TRUE,"uncultured_bacterium__EF645667"
"UEPZ01.49310.1_1/62-178","UEPZ01","SAMN06115414","['uncultured_bacterium__EF645667']",NA,TRUE,"uncultured_bacterium__EF645667"
"OVIP01.4464.1_1/1-217","OVIP01","SAMN02676186","['Bilophila_sp._4_1_30__BilSpec3']",NA,TRUE,"Bilophila_sp._4_1_30__BilSpec3"
"OVIP01.8190.1_1/1-186","OVIP01","SAMN02676186","['Bilophila_wadsworthia__BilWads6', 'Bilophila_sp._4_1_30__BilSpec3']",NA,TRUE,"Bilophila_wadsworthia__BilWads6"
"JABLTR01.106603.1_12/64-437","JABLTR01","SAMN14651230","['Bilophila_wadsworthia__BilWads6']",1.50000025001454e-06,TRUE,"Bilophila_wadsworthia__BilWads6"
"JABLTR01.106603.1_13/11-266","JABLTR01","SAMN14651230","['Bilophila_wadsworthia__BilWads6']",1.50000025001454e-06,TRUE,"Bilophila_wadsworthia__BilWads6"
"JABLTR01.62344.1_1/6-198","JABLTR01","SAMN14651230","['Gordonibacter_pamelaeae__GrdPame5']",NA,TRUE,"Gordonibacter_pamelaeae__GrdPame5"
"JABLTR01.33790.1_1/1-159","JABLTR01","SAMN14651230","['Gordonibacter_pamelaeae_7-10-1-b__FP929047', 'Gordonibacter_pamelaeae__GrdPame5']",NA,TRUE,"Gordonibacter_pamelaeae_7-10-1-b__FP929047"
"JABLTR01.74852.1_2/51-148","JABLTR01","SAMN14651230","['Gordonibacter_pamelaeae__GrdPame5']",NA,TRUE,"Gordonibacter_pamelaeae__GrdPame5"
"JABLTR01.8272.1_1/9-261","JABLTR01","SAMN14651230","['Moorella_thermoacetica_Y72_copy_2__MooTher5']",7.37545061945668,TRUE,"Moorella_thermoacetica_Y72_copy_2__MooTher5"
"ORRL01.4986.1_5/64-437","ORRL01","SAMEA2338660","['Bilophila_wadsworthia__BilWads6']",1.50000025001454e-06,TRUE,"Bilophila_wadsworthia__BilWads6"
"ORRL01.4986.1_6/11-266","ORRL01","SAMEA2338660","['Bilophila_wadsworthia__BilWads6']",0.258942370502427,TRUE,"Bilophila_wadsworthia__BilWads6"
"ORRL01.6747.1_1/1-137","ORRL01","SAMEA2338660","['Bilophila_wadsworthia__BilWads6']",NA,TRUE,"Bilophila_wadsworthia__BilWads6"
"ORRL01.40364.1_1/63-164","ORRL01","SAMEA2338660","['Desulfovibrio_vulgaris__DQ826729']",NA,TRUE,"Desulfovibrio_vulgaris__DQ826729"
"UPCG01.29051.1_1/1-243","UPCG01","SAMEA2737709","['Bilophila_wadsworthia__BilWads6']",NA,TRUE,"Bilophila_wadsworthia__BilWads6"
"UPCG01.40074.1_1/11-153","UPCG01","SAMEA2737709","['Bilophila_sp._4_1_30__BilSpec3']",0.0169248334302823,TRUE,"Bilophila_sp._4_1_30__BilSpec3"
"ORTF01.2734.1_21/63-436","ORTF01","SAMEA2338814","['Desulfovibrio_piger__DslPige3']",0.0724830912742298,TRUE,"Desulfovibrio_piger__DslPige3"
"ORTF01.2734.1_20/11-266","ORTF01","SAMEA2338814","['Desulfovibrio_piger__DslPige4']",0.0110827876807884,TRUE,"Desulfovibrio_piger__DslPige4"
"ORRW01.73751.1_1/1-176","ORRW01","SAMEA2338639","['Anaerobic_bacterium_sk.prop8__Bv2Prop2']",NA,TRUE,"Anaerobic_bacterium_sk.prop8__Bv2Prop2"
"ORRW01.28489.1_2/64-172","ORRW01","SAMEA2338639","['Bilophila_wadsworthia__BilWads6', 'Bilophila_sp._4_1_30__BilSpec3', 'uncultured_bacterium__EF645667', 'Desulfovibrio_piger__DslPige3', 'Desulfovibrio_piger__DslPige4']",NA,TRUE,"Bilophila_wadsworthia__BilWads6"
"ORPP01.32292.1_2/11-150","ORPP01","SAMEA2338657","['Bilophila_wadsworthia__BilWads6', 'Bilophila_sp._4_1_30__BilSpec3']",NA,TRUE,"Bilophila_wadsworthia__BilWads6"
"ORPP01.46594.1_1/64-159","ORPP01","SAMEA2338657","['Bilophila_wadsworthia__BilWads6', 'Bilophila_sp._4_1_30__BilSpec3', 'uncultured_bacterium__EF645667', 'Desulfovibrio_piger__DslPige3', 'Desulfovibrio_piger__DslPige4']",NA,TRUE,"Bilophila_wadsworthia__BilWads6"
"ORSK01.7982.1_3/63-436","ORSK01","SAMEA2338663","['Desulfovibrio_piger__DslPige3']",0.0531060912742298,TRUE,"Desulfovibrio_piger__DslPige3"
"ORSK01.7982.1_4/11-266","ORSK01","SAMEA2338663","['Desulfovibrio_piger__DslPige3']",0.0204957876807884,TRUE,"Desulfovibrio_piger__DslPige3"
"UMJR01.9255.1_6/40-291","UMJR01","SAMEA4836155","['Moorella_thermoacetica_Y72_copy_2__MooTher5']",7.61628561945668,TRUE,"Moorella_thermoacetica_Y72_copy_2__MooTher5"
"OVFZ01.2331.1_4/65-438","OVFZ01","SAMN06016368","['Desulfovibrio_piger__DslPige3', 'Desulfovibrio_piger__DslPige4']",0.0625370912742298,TRUE,"Desulfovibrio_piger__DslPige3"
"OVFZ01.2331.1_5/11-266","OVFZ01","SAMN06016368","['Desulfovibrio_piger__DslPige3', 'Desulfovibrio_piger__DslPige4']",0.0018347876807884,TRUE,"Desulfovibrio_piger__DslPige3"
"OVFZ01.38239.1_1/1-126","OVFZ01","SAMN06016368","['uncultured_bacterium__EF645667', 'Desulfovibrio_piger__DslPige3', 'Desulfovibrio_piger__DslPige4']",NA,TRUE,"uncultured_bacterium__EF645667"
"OVFZ01.34521.1_1/1-126","OVFZ01","SAMN06016368","['Desulfovibrio_piger__DslPige4', 'Desulfovibrio_piger__DslPige3', 'Desulfovibrio_piger__DslPige2']",NA,TRUE,"Desulfovibrio_piger__DslPige4"
"OVFZ01.34521.1_2/11-75","OVFZ01","SAMN06016368","['Desulfovibrio_piger__DslPige3', 'Desulfovibrio_piger__DslPige4', 'uncultured_bacterium__EF645667', 'Bilophila_wadsworthia__BilWads6', 'Desulfovibrio_piger__DslPige2']",NA,TRUE,"Desulfovibrio_piger__DslPige3"
"UEQW01.6394.1_4/64-437","UEQW01","SAMN06115421","['Bilophila_wadsworthia__BilWads6']",1.50000025001454e-06,TRUE,"Bilophila_wadsworthia__BilWads6"
"UEQW01.6394.1_3/11-266","UEQW01","SAMN06115421","['Bilophila_wadsworthia__BilWads6']",1.50000025001454e-06,TRUE,"Bilophila_wadsworthia__BilWads6"
"UEQW01.80555.1_1/1-174","UEQW01","SAMN06115421","['Arctic_sediment_clone_AH5_5__AtcSed67']",1.347894064362,TRUE,"Arctic_sediment_clone_AH5_5__AtcSed67"
"UPPT01.53194.1_1/1-279","UPPT01","SAMEA2737758","['uncultured_bacterium__EF645667']",0.487078276190246,TRUE,"uncultured_bacterium__EF645667"
"UPPT01.40181.1_1/3-189","UPPT01","SAMEA2737758","['Gordonibacter_pamelaeae__GrdPame5']",0.0332802210296696,TRUE,"Gordonibacter_pamelaeae__GrdPame5"
"UPPT01.40181.1_2/1-106","UPPT01","SAMEA2737758","['Gordonibacter_pamelaeae_7-10-1-b__FP929047', 'Gordonibacter_pamelaeae__GrdPame5']",NA,TRUE,"Gordonibacter_pamelaeae_7-10-1-b__FP929047"
"OWCX01.48786.1_1/11-179","OWCX01","SAMEA3708589","['Bilophila_wadsworthia__BilWads6']",NA,TRUE,"Bilophila_wadsworthia__BilWads6"
"UZOD01.37753.1_1/30-225","UZOD01","SAMN00791960","['Bilophila_wadsworthia__BilWads6', 'Bilophila_sp._4_1_30__BilSpec3']",NA,TRUE,"Bilophila_wadsworthia__BilWads6"
"UZOD01.34440.1_2/14-218","UZOD01","SAMN00791960","['Bilophila_sp._4_1_30__BilSpec3']",0.0490168334302823,TRUE,"Bilophila_sp._4_1_30__BilSpec3"
"UZOD01.45893.1_2/11-116","UZOD01","SAMN00791960","['uncultured_bacterium__EF645667']",NA,TRUE,"uncultured_bacterium__EF645667"
"OWAX01.22968.1_2/64-436","OWAX01","SAMEA3708588","['Bilophila_sp._4_1_30__BilSpec3']",0.0016698334302823,TRUE,"Bilophila_sp._4_1_30__BilSpec3"
"OWAX01.18918.1_2/1-223","OWAX01","SAMEA3708588","['Bilophila_sp._4_1_30__BilSpec3']",0.0125988334302823,TRUE,"Bilophila_sp._4_1_30__BilSpec3"
"OURG01.1542.1_3/63-436","OURG01","SAMN04329853","['Desulfovibrio_piger__DslPige3', 'Desulfovibrio_piger__DslPige4']",0.0575660912742298,TRUE,"Desulfovibrio_piger__DslPige3"
"OURG01.1101.1_5/50-397","OURG01","SAMN04329853","['Anaerobic_bacterium_sk.prop8__Bv2Prop2']",1.16491153982822,TRUE,"Anaerobic_bacterium_sk.prop8__Bv2Prop2"
"OURG01.7203.1_1/4-319","OURG01","SAMN04329853","['Anaerobic_bacterium_sk.prop8__Bv2Prop2']",1.11816853982822,TRUE,"Anaerobic_bacterium_sk.prop8__Bv2Prop2"
"OURG01.1542.1_2/11-266","OURG01","SAMN04329853","['Desulfovibrio_piger__DslPige3', 'Desulfovibrio_piger__DslPige4']",0.0018347876807884,TRUE,"Desulfovibrio_piger__DslPige3"
"OURG01.1101.1_4/7-240","OURG01","SAMN04329853","['Desulfitibacter_alkalitolerans__DfiAlka2']",0.953887556332035,TRUE,"Desulfitibacter_alkalitolerans__DfiAlka2"
"OURG01.16135.1_2/11-172","OURG01","SAMN04329853","['Bilophila_wadsworthia__BilWads6']",NA,TRUE,"Bilophila_wadsworthia__BilWads6"
"OURG01.5369.1_1/1-94","OURG01","SAMN04329853","['Desulfitibacter_alkalitolerans__DfiAlka2']",NA,TRUE,"Desulfitibacter_alkalitolerans__DfiAlka2"
"OURG01.7203.1_2/5-108","OURG01","SAMN04329853","['Desulfitibacter_alkalitolerans__DfiAlka2']",1.33533755633203,TRUE,"Desulfitibacter_alkalitolerans__DfiAlka2"
"UPLK01.18465.1_1/64-353","UPLK01","SAMEA2737870","['Bilophila_sp._4_1_30__BilSpec3']",0.0190248334302823,TRUE,"Bilophila_sp._4_1_30__BilSpec3"
"ULTB01.38936.1_1/1-188","ULTB01","SAMEA4835724","['Desulfovibrio_piger__DslPige3', 'Desulfovibrio_piger__DslPige4']",NA,TRUE,"Desulfovibrio_piger__DslPige3"
"ULTB01.28329.1_13/27-293","ULTB01","SAMEA4835724","['Moorella_thermoacetica_Y72_copy_2__MooTher5']",6.81049761945668,TRUE,"Moorella_thermoacetica_Y72_copy_2__MooTher5"
"OVMM01.11079.1_2/1-250","OVMM01","SAMN06016328","['Bilophila_sp._4_1_30__BilSpec3']",0.0016698334302823,TRUE,"Bilophila_sp._4_1_30__BilSpec3"
"OVMM01.11079.1_3/1-100","OVMM01","SAMN06016328","['Bilophila_wadsworthia__BilWads6', 'Bilophila_sp._4_1_30__BilSpec3', 'uncultured_bacterium__EF645667']",NA,TRUE,"Bilophila_wadsworthia__BilWads6"
"UXJZ01.3935.1_5/461-557","UXJZ01","SAMEA1967891","['Desulfovibrio_piger__DslPige3', 'Desulfovibrio_piger__DslPige4']",0.0674810912742298,TRUE,"Desulfovibrio_piger__DslPige3"
"UMGY01.40014.1_1/64-240","UMGY01","SAMEA4836084","['Bilophila_wadsworthia__BilWads6']",NA,TRUE,"Bilophila_wadsworthia__BilWads6"
"UEOJ01.830.1_11/63-436","UEOJ01","SAMN06115505","['Desulfovibrio_vulgaris__DQ826729']",0.434694909358552,TRUE,"Desulfovibrio_vulgaris__DQ826729"
"UEOJ01.830.1_10/11-266","UEOJ01","SAMN06115505","['Bilophila_wadsworthia__BilWads6']",0.309860370502427,TRUE,"Bilophila_wadsworthia__BilWads6"
"UEOJ01.26198.1_1/1-175","UEOJ01","SAMN06115505","['Bilophila_wadsworthia__BilWads6', 'Bilophila_sp._4_1_30__BilSpec3']",NA,TRUE,"Bilophila_wadsworthia__BilWads6"
"OVYU01.43577.1_1/2-107","OVYU01","SAMEA3708472","['Anaerobic_bacterium_sk.prop8__Bv2Prop2']",0.929634884876434,TRUE,"Anaerobic_bacterium_sk.prop8__Bv2Prop2"
"UMKM01.9120.1_1/40-291","UMKM01","SAMEA4836176","['Moorella_thermoacetica_Y72_copy_2__MooTher5']",7.61628561945668,TRUE,"Moorella_thermoacetica_Y72_copy_2__MooTher5"
"OQRA01.84260.1_1/1-95","OQRA01","SAMN02711298","['Bilophila_wadsworthia__BilWads6', 'Bilophila_sp._4_1_30__BilSpec3', 'Desulfovibrio_sp._6_1_46AFAA__DsvSp231', 'uncultured_bacterium__EF645667']",NA,TRUE,"Bilophila_wadsworthia__BilWads6"
"ULXO01.5844.1_1/63-436","ULXO01","SAMEA4835841","['Desulfovibrio_piger__DslPige3', 'Desulfovibrio_piger__DslPige4']",0.0554730912742298,TRUE,"Desulfovibrio_piger__DslPige3"
"ULTK01.19925.1_2/63-143","ULTK01","SAMEA4835733","['Desulfovibrio_piger__DslPige4', 'Desulfovibrio_piger__DslPige3']",NA,TRUE,"Desulfovibrio_piger__DslPige4"
"OZRZ01.12938.1_1/11-266","OZRZ01","SAMN06164727","['uncultured_bacterium__EF645667']",0.184229276190246,TRUE,"uncultured_bacterium__EF645667"
"OZRZ01.12938.1_2/1-147","OZRZ01","SAMN06164727","['Desulfovibrio_piger__DslPige3', 'Desulfovibrio_piger__DslPige4']",NA,TRUE,"Desulfovibrio_piger__DslPige3"
"UZTN01.44538.1_2/11-110","UZTN01","SAMN00792054","['Bilophila_wadsworthia__BilWads6', 'Bilophila_sp._4_1_30__BilSpec3']",NA,TRUE,"Bilophila_wadsworthia__BilWads6"
"UZTN01.44538.1_1/1-95","UZTN01","SAMN00792054","['Bilophila_wadsworthia__BilWads6', 'Bilophila_sp._4_1_30__BilSpec3', 'uncultured_bacterium__EF645667']",NA,TRUE,"Bilophila_wadsworthia__BilWads6"
"OZYW01.509.1_10/27-294","OZYW01","SAMN06165267","['Moorella_thermoacetica_Y72_copy_2__MooTher5']",7.00372561945668,TRUE,"Moorella_thermoacetica_Y72_copy_2__MooTher5"
"OZYW01.1409.1_6/27-293","OZYW01","SAMN06165267","['Moorella_thermoacetica_Y72_copy_2__MooTher5']",6.81049761945668,TRUE,"Moorella_thermoacetica_Y72_copy_2__MooTher5"
"ULTZ01.57383.1_1/12-199","ULTZ01","SAMEA4835745","['Desulfovibrio_piger__DslPige3', 'Desulfovibrio_piger__DslPige4']",NA,TRUE,"Desulfovibrio_piger__DslPige3"
"UZKO01.9390.1_1/1-342","UZKO01","SAMN00715237","['Desulfovibrio_piger__DslPige3', 'Desulfovibrio_piger__DslPige4']",0.0575660912742298,TRUE,"Desulfovibrio_piger__DslPige3"
"UZKO01.9390.1_2/11-266","UZKO01","SAMN00715237","['Desulfovibrio_piger__DslPige3', 'Desulfovibrio_piger__DslPige4']",0.0018347876807884,TRUE,"Desulfovibrio_piger__DslPige3"
"ORNV01.75959.1_1/1-179","ORNV01","SAMEA2338686","['Archaeoglobus_sulfaticallidus__ArgSulfa']",1.49869940625696,TRUE,"Archaeoglobus_sulfaticallidus__ArgSulfa"
"ORNV01.47092.1_2/5-142","ORNV01","SAMEA2338686","['Desulfitibacter_alkalitolerans__DfiAlka2']",1.24769455633203,TRUE,"Desulfitibacter_alkalitolerans__DfiAlka2"
"ORNV01.53796.1_1/63-174","ORNV01","SAMEA2338686","['Desulfovibrio_sp._6_1_46AFAA__DsvSp231']",0.0552334179855414,TRUE,"Desulfovibrio_sp._6_1_46AFAA__DsvSp231"
"ORNV01.47092.1_1/5-139","ORNV01","SAMEA2338686","['Anaerobic_bacterium_sk.prop8__Bv2Prop2']",1.18196453982822,TRUE,"Anaerobic_bacterium_sk.prop8__Bv2Prop2"
"ORNV01.35129.1_1/1-94","ORNV01","SAMEA2338686","['Desulfitibacter_alkalitolerans__DfiAlka2']",NA,TRUE,"Desulfitibacter_alkalitolerans__DfiAlka2"
"ORNV01.27706.1_2/27-293","ORNV01","SAMEA2338686","['Moorella_thermoacetica_Y72_copy_2__MooTher5']",7.54681961945668,TRUE,"Moorella_thermoacetica_Y72_copy_2__MooTher5"
"ORSU01.513.1_16/64-437","ORSU01","SAMEA2338799","['Bilophila_wadsworthia__BilWads6']",1.50000025001454e-06,TRUE,"Bilophila_wadsworthia__BilWads6"
"ORSU01.513.1_15/1-253","ORSU01","SAMEA2338799","['Bilophila_sp._4_1_30__BilSpec3']",0.0016698334302823,TRUE,"Bilophila_sp._4_1_30__BilSpec3"
"ULRS01.58869.1_1/1-226","ULRS01","SAMEA4835689","['Desulfovibrio_piger__DslPige3', 'Desulfovibrio_piger__DslPige4']",NA,TRUE,"Desulfovibrio_piger__DslPige3"
"ULRS01.12341.1_2/63-198","ULRS01","SAMEA4835689","['Desulfovibrio_piger__DslPige3', 'Desulfovibrio_piger__DslPige4']",NA,TRUE,"Desulfovibrio_piger__DslPige3"
"ULRS01.59158.1_2/63-198","ULRS01","SAMEA4835689","['Desulfovibrio_piger__DslPige3', 'Desulfovibrio_piger__DslPige4', 'uncultured_bacterium__EF645667']",NA,TRUE,"Desulfovibrio_piger__DslPige3"
"ULRS01.40355.1_2/11-156","ULRS01","SAMEA4835689","['Desulfovibrio_piger__DslPige3', 'Desulfovibrio_piger__DslPige4']",0.10825609127423,TRUE,"Desulfovibrio_piger__DslPige3"
"ORQQ01.5359.1_4/63-436","ORQQ01","SAMEA2338635","['Desulfovibrio_piger__DslPige3', 'Desulfovibrio_piger__DslPige4']",0.0536460912742298,TRUE,"Desulfovibrio_piger__DslPige3"
"ORQQ01.5359.1_5/11-266","ORQQ01","SAMEA2338635","['Desulfovibrio_piger__DslPige3']",0.0203557876807884,TRUE,"Desulfovibrio_piger__DslPige3"
"UAPA01.8054.1_2/63-436","UAPA01","SAMN06164726","['Desulfovibrio_piger__DslPige3', 'Desulfovibrio_piger__DslPige4']",0.0859980912742298,TRUE,"Desulfovibrio_piger__DslPige3"
"UAPA01.8054.1_1/11-266","UAPA01","SAMN06164726","['uncultured_bacterium__EF645667']",0.176463276190246,TRUE,"uncultured_bacterium__EF645667"
"UEYG01.542.1_19/64-437","UEYG01","SAMN06115527","['Bilophila_wadsworthia__BilWads6']",1.50000025001454e-06,TRUE,"Bilophila_wadsworthia__BilWads6"
"UEYG01.3.1_30/63-436","UEYG01","SAMN06115527","['uncultured_bacterium__EF645667']",0.085775677392887,TRUE,"uncultured_bacterium__EF645667"
"UEYG01.542.1_18/11-266","UEYG01","SAMN06115527","['Bilophila_sp._4_1_30__BilSpec3']",0.0016698334302823,TRUE,"Bilophila_sp._4_1_30__BilSpec3"
"UEYG01.3.1_31/11-266","UEYG01","SAMN06115527","['uncultured_bacterium__EF645667']",0.143520170607274,TRUE,"uncultured_bacterium__EF645667"
"ORVP01.12199.1_4/63-436","ORVP01","SAMEA2338838","['Desulfovibrio_piger__DslPige3', 'Desulfovibrio_piger__DslPige4']",0.0470370912742298,TRUE,"Desulfovibrio_piger__DslPige3"
"ORVP01.1549.1_16/64-437","ORVP01","SAMEA2338838","['Bilophila_wadsworthia__BilWads6']",1.50000025001454e-06,TRUE,"Bilophila_wadsworthia__BilWads6"
"ORVP01.1549.1_15/11-266","ORVP01","SAMEA2338838","['Bilophila_wadsworthia__BilWads6']",1.50000025001454e-06,TRUE,"Bilophila_wadsworthia__BilWads6"
"ORVP01.38347.1_2/11-266","ORVP01","SAMEA2338838","['Desulfovibrio_piger__DslPige3']",0.0711500912742298,TRUE,"Desulfovibrio_piger__DslPige3"
"ORVP01.2547.1_6/27-293","ORVP01","SAMEA2338838","['Moorella_thermoacetica_Y72_copy_2__MooTher5']",6.73074261945668,TRUE,"Moorella_thermoacetica_Y72_copy_2__MooTher5"
"ORVP01.8011.1_3/28-287","ORVP01","SAMEA2338838","['Moorella_thermoacetica_Y72_copy_2__MooTher5']",6.70555061945668,TRUE,"Moorella_thermoacetica_Y72_copy_2__MooTher5"
"OQIJ01.770.1_5/51-400","OQIJ01","SAMD00036435","['Gordonibacter_pamelaeae__GrdPame5']",0.600429704393165,TRUE,"Gordonibacter_pamelaeae__GrdPame5"
"OQIJ01.770.1_6/3-217","OQIJ01","SAMD00036435","['Gordonibacter_pamelaeae__GrdPame5']",1.58398470439317,TRUE,"Gordonibacter_pamelaeae__GrdPame5"
"UZOA01.674.1_12/64-437","UZOA01","SAMN00791991","['Bilophila_wadsworthia__BilWads6']",1.50000025001454e-06,TRUE,"Bilophila_wadsworthia__BilWads6"
"UZOA01.674.1_13/11-266","UZOA01","SAMN00791991","['Bilophila_wadsworthia__BilWads6']",1.50000025001454e-06,TRUE,"Bilophila_wadsworthia__BilWads6"
"UZSQ01.56459.1_1/1-120","UZSQ01","SAMN00792065","['Bilophila_wadsworthia__BilWads6', 'Bilophila_sp._4_1_30__BilSpec3', 'uncultured_bacterium__EF645667']",NA,TRUE,"Bilophila_wadsworthia__BilWads6"
"OWSS01.15215.1_2/11-266","OWSS01","SAMEA4378237","['Bilophila_wadsworthia__BilWads6']",0.117859370502427,TRUE,"Bilophila_wadsworthia__BilWads6"
"OWSS01.15215.1_1/300-486","OWSS01","SAMEA4378237","['Bilophila_wadsworthia__BilWads6']",0.116905370502427,TRUE,"Bilophila_wadsworthia__BilWads6"
"UEOM01.40560.1_1/1-193","UEOM01","SAMN06115536","['Bilophila_wadsworthia__BilWads6']",NA,TRUE,"Bilophila_wadsworthia__BilWads6"
"UEOM01.37036.1_1/6-151","UEOM01","SAMN06115536","['uncultured_bacterium__EF645667']",0.573062276190246,TRUE,"uncultured_bacterium__EF645667"
"UZMS01.4692.1_1/64-383","UZMS01","SAMN00715240","['Bilophila_wadsworthia__BilWads6', 'Bilophila_sp._4_1_30__BilSpec3']",NA,TRUE,"Bilophila_wadsworthia__BilWads6"
"UZMS01.18312.1_1/1-114","UZMS01","SAMN00715240","['Bilophila_wadsworthia__BilWads6', 'Bilophila_sp._4_1_30__BilSpec3']",NA,TRUE,"Bilophila_wadsworthia__BilWads6"
"OPVN01.39526.1_1/2-274","OPVN01","SAMEA2041927","['Bilophila_wadsworthia__BilWads6']",0.114420370502427,TRUE,"Bilophila_wadsworthia__BilWads6"
"OPVN01.65213.1_1/63-210","OPVN01","SAMEA2041927","['Desulfovibrio_piger__DslPige4', 'Desulfovibrio_piger__DslPige3']",NA,TRUE,"Desulfovibrio_piger__DslPige4"
"UXME01.27866.1_2/1-120","UXME01","SAMEA2145648","['Bilophila_wadsworthia__BilWads6', 'Bilophila_sp._4_1_30__BilSpec3', 'uncultured_bacterium__EF645667']",NA,TRUE,"Bilophila_wadsworthia__BilWads6"
"USXJ01.47239.1_1/11-188","USXJ01","SAMN06112001","['Bilophila_wadsworthia__BilWads6']",0.112390370502427,TRUE,"Bilophila_wadsworthia__BilWads6"
"USXJ01.47239.1_2/1-113","USXJ01","SAMN06112001","['Bilophila_wadsworthia__BilWads6', 'Bilophila_sp._4_1_30__BilSpec3', 'uncultured_bacterium__EF645667']",NA,TRUE,"Bilophila_wadsworthia__BilWads6"
"OWEZ01.25412.1_1/1-249","OWEZ01","SAMEA3708591","['Bilophila_wadsworthia__BilWads6', 'Bilophila_sp._4_1_30__BilSpec3']",NA,TRUE,"Bilophila_wadsworthia__BilWads6"
"UPFG01.8704.1_2/62-435","UPFG01","SAMEA2737698","['uncultured_bacterium__EF645667']",0.483228276190246,TRUE,"uncultured_bacterium__EF645667"
"UPFG01.8704.1_1/11-266","UPFG01","SAMEA2737698","['uncultured_bacterium__EF645667']",0.597408276190246,TRUE,"uncultured_bacterium__EF645667"
"UPFG01.36512.1_2/11-153","UPFG01","SAMEA2737698","['Bilophila_wadsworthia__BilWads6', 'Bilophila_sp._4_1_30__BilSpec3']",NA,TRUE,"Bilophila_wadsworthia__BilWads6"
"UPFG01.17113.1_3/1-111","UPFG01","SAMEA2737698","['Bilophila_wadsworthia__BilWads6', 'Desulfovibrio_sp._6_1_46AFAA__DsvSp231']",NA,TRUE,"Bilophila_wadsworthia__BilWads6"
"UPFG01.36512.1_1/13-150","UPFG01","SAMEA2737698","['Bilophila_wadsworthia__BilWads6']",0.141328370502427,TRUE,"Bilophila_wadsworthia__BilWads6"
"UPLV01.7.1_52/62-435","UPLV01","SAMEA2737841","['uncultured_bacterium__EF645667']",0.474586276190246,TRUE,"uncultured_bacterium__EF645667"
"UPLV01.7.1_53/11-266","UPLV01","SAMEA2737841","['uncultured_bacterium__EF645667']",0.597408276190246,TRUE,"uncultured_bacterium__EF645667"
"OQSP01.22336.1_2/63-436","OQSP01","SAMN05214685","['Desulfovibrio_piger__DslPige3', 'Desulfovibrio_piger__DslPige4']",0.0470370912742298,TRUE,"Desulfovibrio_piger__DslPige3"
"OQSP01.60321.1_1/52-356","OQSP01","SAMN05214685","['Gordonibacter_pamelaeae__GrdPame5']",0.927099704393165,TRUE,"Gordonibacter_pamelaeae__GrdPame5"
"OQSP01.22336.1_1/11-266","OQSP01","SAMN05214685","['Desulfovibrio_piger__DslPige3']",0.0546930912742298,TRUE,"Desulfovibrio_piger__DslPige3"
"OQSP01.49254.1_1/1-209","OQSP01","SAMN05214685","['Gordonibacter_pamelaeae__GrdPame5']",0.839404704393165,TRUE,"Gordonibacter_pamelaeae__GrdPame5"
"OQZN01.1830.1_1/1-336","OQZN01","SAMN04161035","['Anaerobic_bacterium_sk.prop8__Bv2Prop2']",1.30689653982822,TRUE,"Anaerobic_bacterium_sk.prop8__Bv2Prop2"
"OQZN01.1830.1_2/4-141","OQZN01","SAMN04161035","['Desulfitibacter_alkalitolerans__DfiAlka2']",1.28346255633203,TRUE,"Desulfitibacter_alkalitolerans__DfiAlka2"
"UERP01.21184.1_1/26-372","UERP01","SAMN06115441","['Bilophila_wadsworthia__BilWads6', 'Bilophila_sp._4_1_30__BilSpec3']",NA,TRUE,"Bilophila_wadsworthia__BilWads6"
"UERP01.38863.1_1/1-181","UERP01","SAMN06115441","['Bilophila_wadsworthia__BilWads6']",0.140622370502427,TRUE,"Bilophila_wadsworthia__BilWads6"
"UZRO01.63586.1_1/1-173","UZRO01","SAMN00792021","['Desulfovibrio_piger__DslPige4', 'Desulfovibrio_piger__DslPige3', 'Desulfovibrio_piger__DslPige2']",NA,TRUE,"Desulfovibrio_piger__DslPige4"
"UZRO01.46268.1_2/11-112","UZRO01","SAMN00792021","['Desulfovibrio_piger__DslPige3', 'Desulfovibrio_piger__DslPige4']",NA,TRUE,"Desulfovibrio_piger__DslPige3"
"UZRO01.46268.1_1/1-101","UZRO01","SAMN00792021","['Desulfovibrio_piger__DslPige3', 'Desulfovibrio_piger__DslPige4', 'Desulfovibrio_piger__DslPige2']",NA,TRUE,"Desulfovibrio_piger__DslPige3"
"ULXG01.51264.1_1/26-290","ULXG01","SAMEA4835834","['Moorella_thermoacetica_Y72_copy_2__MooTher5']",7.93347661945668,TRUE,"Moorella_thermoacetica_Y72_copy_2__MooTher5"
"UYEV01.23339.1_1/21-382","UYEV01","SAMEA2147991","['Desulfovibrio_piger__DslPige3', 'Desulfovibrio_piger__DslPige4']",0.0563590912742298,TRUE,"Desulfovibrio_piger__DslPige3"
"UYEV01.26087.1_1/11-266","UYEV01","SAMEA2147991","['Desulfovibrio_piger__DslPige4']",0.0110807876807884,TRUE,"Desulfovibrio_piger__DslPige4"
"UYDH01.14813.1_4/63-436","UYDH01","SAMEA2146107","['Desulfovibrio_piger__DslPige3', 'Desulfovibrio_piger__DslPige4']",0.0470370912742298,TRUE,"Desulfovibrio_piger__DslPige3"
"UYDH01.27644.1_1/1-316","UYDH01","SAMEA2146107","['Anaerobic_bacterium_sk.prop8__Bv2Prop2']",1.33771553982822,TRUE,"Anaerobic_bacterium_sk.prop8__Bv2Prop2"
"UYDH01.27644.1_2/5-240","UYDH01","SAMEA2146107","['Desulfitibacter_alkalitolerans__DfiAlka2']",1.29916455633203,TRUE,"Desulfitibacter_alkalitolerans__DfiAlka2"
"UYDH01.62797.1_2/1-113","UYDH01","SAMEA2146107","['uncultured_bacterium__EF645667', 'Desulfovibrio_piger__DslPige3', 'Desulfovibrio_piger__DslPige4']",NA,TRUE,"uncultured_bacterium__EF645667"
"UYDH01.14813.1_3/11-118","UYDH01","SAMEA2146107","['Desulfovibrio_piger__DslPige4']",0.0859467876807884,TRUE,"Desulfovibrio_piger__DslPige4"
"OPBQ01.2682.1_1/40-291","OPBQ01","SAMEA2042518","['Moorella_thermoacetica_Y72_copy_2__MooTher5']",7.61628561945668,TRUE,"Moorella_thermoacetica_Y72_copy_2__MooTher5"
"UESC01.374.1_29/64-437","UESC01","SAMN06115465","['Bilophila_wadsworthia__BilWads6']",1.50000025001454e-06,TRUE,"Bilophila_wadsworthia__BilWads6"
"UESC01.374.1_28/11-266","UESC01","SAMN06115465","['Bilophila_wadsworthia__BilWads6']",1.50000025001454e-06,TRUE,"Bilophila_wadsworthia__BilWads6"
"UEPK01.12329.1_1/11-266","UEPK01","SAMN06115460","['Bilophila_wadsworthia__BilWads6']",0.158164370502427,TRUE,"Bilophila_wadsworthia__BilWads6"
"UEPK01.17125.1_1/64-302","UEPK01","SAMN06115460","['Desulfovibrio_piger__DslPige3', 'Desulfovibrio_piger__DslPige4']",0.13898909127423,TRUE,"Desulfovibrio_piger__DslPige3"
"UEPK01.40721.1_1/1-157","UEPK01","SAMN06115460","['Desulfovibrio_piger__DslPige3', 'Desulfovibrio_piger__DslPige4']",0.21109009127423,TRUE,"Desulfovibrio_piger__DslPige3"
"UPHG01.10774.1_1/63-436","UPHG01","SAMEA2737652","['Desulfovibrio_sp._3_1_syn3__DsvSp230']",0.00163384853285095,TRUE,"Desulfovibrio_sp._3_1_syn3__DsvSp230"
"UPHG01.10774.1_2/11-266","UPHG01","SAMEA2737652","['Desulfovibrio_sp._6_1_46AFAA__DsvSp231']",0.0261574179855414,TRUE,"Desulfovibrio_sp._6_1_46AFAA__DsvSp231"
"ULUU01.36533.1_1/1-167","ULUU01","SAMEA4835770","['Desulfovibrio_piger__DslPige3', 'Desulfovibrio_piger__DslPige4']",NA,TRUE,"Desulfovibrio_piger__DslPige3"
"ULUU01.73649.1_1/63-198","ULUU01","SAMEA4835770","['Desulfovibrio_piger__DslPige3', 'Desulfovibrio_piger__DslPige4', 'uncultured_bacterium__EF645667']",NA,TRUE,"Desulfovibrio_piger__DslPige3"
"OQUI01.78527.1_1/3-173","OQUI01","SAMN06018979","['Gordonibacter_pamelaeae__GrdPame5']",0.324887704393165,TRUE,"Gordonibacter_pamelaeae__GrdPame5"
"OPWC01.52670.1_2/11-109","OPWC01","SAMEA2042005","['Bilophila_wadsworthia__BilWads6', 'Bilophila_sp._4_1_30__BilSpec3']",NA,TRUE,"Bilophila_wadsworthia__BilWads6"
"OURH01.14390.1_3/8-272","OURH01","SAMN04329764","['Desulfovibrio_piger__DslPige3', 'Desulfovibrio_piger__DslPige4']",0.0559297876807884,TRUE,"Desulfovibrio_piger__DslPige3"
"OURH01.60729.1_1/3-270","OURH01","SAMN04329764","['Desulfovibrio_piger__DslPige3', 'Desulfovibrio_piger__DslPige4']",NA,TRUE,"Desulfovibrio_piger__DslPige3"
"UEOX01.4474.1_1/9-383","UEOX01","SAMN06115462","['Desulfovibrio_vulgaris__DQ826729']",0.375418911862788,TRUE,"Desulfovibrio_vulgaris__DQ826729"
"UEOX01.4474.1_2/11-266","UEOX01","SAMN06115462","['Bilophila_wadsworthia__BilWads6']",0.380219370502427,TRUE,"Bilophila_wadsworthia__BilWads6"
"UEOX01.23406.1_1/1-253","UEOX01","SAMN06115462","['Bilophila_sp._4_1_30__BilSpec3']",0.0114998334302823,TRUE,"Bilophila_sp._4_1_30__BilSpec3"
"UEQY01.31814.1_1/2-320","UEQY01","SAMN06115403","['Bilophila_sp._4_1_30__BilSpec3']",0.0092248334302823,TRUE,"Bilophila_sp._4_1_30__BilSpec3"
"UEQY01.41753.1_1/1-194","UEQY01","SAMN06115403","['Bilophila_wadsworthia__BilWads6']",NA,TRUE,"Bilophila_wadsworthia__BilWads6"
"UEOL01.5489.1_1/64-437","UEOL01","SAMN06115417","['Desulfovibrio_piger__DslPige3', 'Desulfovibrio_piger__DslPige4']",0.11385309127423,TRUE,"Desulfovibrio_piger__DslPige3"
"UEOL01.1117.1_19/1-253","UEOL01","SAMN06115417","['Bilophila_wadsworthia__BilWads6']",1.50000025001454e-06,TRUE,"Bilophila_wadsworthia__BilWads6"
"UEOL01.5489.1_2/11-266","UEOL01","SAMN06115417","['Desulfovibrio_piger__DslPige3', 'Desulfovibrio_piger__DslPige4']",0.0018347876807884,TRUE,"Desulfovibrio_piger__DslPige3"
"UEOL01.1117.1_20/1-151","UEOL01","SAMN06115417","['Bilophila_wadsworthia__BilWads6', 'Bilophila_sp._4_1_30__BilSpec3']",NA,TRUE,"Bilophila_wadsworthia__BilWads6"
"UYKY01.123.1_11/573-835","UYKY01","SAMN03653688","['Moorella_thermoacetica_Y72_copy_2__MooTher5']",7.75776961945668,TRUE,"Moorella_thermoacetica_Y72_copy_2__MooTher5"
"UEQE01.2285.1_6/64-437","UEQE01","SAMN06115423","['Bilophila_wadsworthia__BilWads6']",0.107182370502427,TRUE,"Bilophila_wadsworthia__BilWads6"
"UEQE01.2285.1_7/11-266","UEQE01","SAMN06115423","['Bilophila_wadsworthia__BilWads6']",0.0993673705024268,TRUE,"Bilophila_wadsworthia__BilWads6"
"UEQE01.52709.1_1/69-196","UEQE01","SAMN06115423","['Anaerobic_bacterium_sk.prop8__Bv2Prop2']",0.991284884876434,TRUE,"Anaerobic_bacterium_sk.prop8__Bv2Prop2"
"UPEI01.10327.1_1/63-152","UPEI01","SAMEA2737659","['Desulfovibrio_piger__DslPige4', 'Desulfovibrio_piger__DslPige3']",NA,TRUE,"Desulfovibrio_piger__DslPige4"
"UXSH01.15753.1_2/63-436","UXSH01","SAMEA2149241","['Desulfovibrio_piger__DslPige3', 'Desulfovibrio_piger__DslPige4']",0.0584180912742298,TRUE,"Desulfovibrio_piger__DslPige3"
"ULWV01.17642.1_1/1-83","ULWV01","SAMEA4835820","['Gordonibacter_pamelaeae__GrdPame5']",0.914608704393165,TRUE,"Gordonibacter_pamelaeae__GrdPame5"
"UXTB01.1321.1_1/46-419","UXTB01","SAMEA1969417","['Desulfovibrio_vulgaris__DQ826729']",0.434694909358552,TRUE,"Desulfovibrio_vulgaris__DQ826729"
"UXTB01.7133.1_2/65-438","UXTB01","SAMEA1969417","['Desulfovibrio_piger__DslPige3', 'Desulfovibrio_piger__DslPige4']",0.0573960912742298,TRUE,"Desulfovibrio_piger__DslPige3"
"UXTB01.1321.1_2/1-253","UXTB01","SAMEA1969417","['Bilophila_wadsworthia__BilWads6']",0.309860370502427,TRUE,"Bilophila_wadsworthia__BilWads6"
"UXTB01.8917.1_1/1-126","UXTB01","SAMEA1969417","['uncultured_bacterium__EF645667', 'Desulfovibrio_piger__DslPige4', 'Desulfovibrio_piger__DslPige3']",NA,TRUE,"uncultured_bacterium__EF645667"
"UXTB01.7133.1_3/11-157","UXTB01","SAMEA1969417","['Desulfovibrio_piger__DslPige3', 'uncultured_bacterium__EF645667', 'Desulfovibrio_piger__DslPige4']",NA,TRUE,"Desulfovibrio_piger__DslPige3"
"OQNL01.16399.1_3/11-180","OQNL01","SAMD00036395","['Bilophila_wadsworthia__BilWads6']",NA,TRUE,"Bilophila_wadsworthia__BilWads6"
"OQNL01.16399.1_2/1-96","OQNL01","SAMD00036395","['Bilophila_sp._4_1_30__BilSpec3']",0.0590418334302823,TRUE,"Bilophila_sp._4_1_30__BilSpec3"
"OQUM01.32804.1_1/51-148","OQUM01","SAMN06018975","['Gordonibacter_pamelaeae_7-10-1-b__FP929047']",NA,TRUE,"Gordonibacter_pamelaeae_7-10-1-b__FP929047"
"OQUM01.104871.1_1/3-116","OQUM01","SAMN06018975","['Gordonibacter_pamelaeae__GrdPame5']",NA,TRUE,"Gordonibacter_pamelaeae__GrdPame5"
"OQUM01.1167.1_27/27-293","OQUM01","SAMN06018975","['Moorella_thermoacetica_Y72_copy_2__MooTher5']",6.73074261945668,TRUE,"Moorella_thermoacetica_Y72_copy_2__MooTher5"
"OOUY01.28043.1_1/1-226","OOUY01","SAMEA2042285","['Desulfovibrio_piger__DslPige3', 'Desulfovibrio_piger__DslPige4']",NA,TRUE,"Desulfovibrio_piger__DslPige3"
"UZNP01.39034.1_1/1-210","UZNP01","SAMN00715149","['Desulfovibrio_piger__DslPige4', 'Desulfovibrio_piger__DslPige3']",NA,TRUE,"Desulfovibrio_piger__DslPige4"
"UERX01.14147.1_1/64-420","UERX01","SAMN06115487","['Bilophila_sp._4_1_30__BilSpec3']",0.0149738334302823,TRUE,"Bilophila_sp._4_1_30__BilSpec3"
"UERX01.8101.1_1/1-170","UERX01","SAMN06115487","['Bilophila_wadsworthia__BilWads6']",NA,TRUE,"Bilophila_wadsworthia__BilWads6"
"OPSK01.10826.1_2/63-436","OPSK01","SAMEA2042111","['Desulfovibrio_piger__DslPige3', 'Desulfovibrio_piger__DslPige4']",0.0764370912742298,TRUE,"Desulfovibrio_piger__DslPige3"
"OPSK01.10826.1_3/11-126","OPSK01","SAMEA2042111","['uncultured_bacterium__EF645667']",0.197513276190246,TRUE,"uncultured_bacterium__EF645667"
"UEPH01.366.1_37/64-437","UEPH01","SAMN06115411","['Bilophila_wadsworthia__BilWads6']",1.50000025001454e-06,TRUE,"Bilophila_wadsworthia__BilWads6"
"UEPH01.366.1_36/11-266","UEPH01","SAMN06115411","['Bilophila_wadsworthia__BilWads6']",1.50000025001454e-06,TRUE,"Bilophila_wadsworthia__BilWads6"
"UEPH01.20113.1_1/2-238","UEPH01","SAMN06115411","['Desulfovibrio_piger__DslPige3']",0.45979109127423,TRUE,"Desulfovibrio_piger__DslPige3"
"UEPH01.20113.1_2/11-121","UEPH01","SAMN06115411","['Bilophila_wadsworthia__BilWads6']",0.531280370502427,TRUE,"Bilophila_wadsworthia__BilWads6"
"UMES01.36724.1_1/63-142","UMES01","SAMEA4836024","['Desulfovibrio_piger__DslPige4', 'Desulfovibrio_piger__DslPige3']",NA,TRUE,"Desulfovibrio_piger__DslPige4"
"UMES01.21976.1_1/64-131","UMES01","SAMEA4836024","['Bilophila_wadsworthia__BilWads6', 'Bilophila_sp._4_1_30__BilSpec3', 'uncultured_bacterium__EF645667', 'Desulfovibrio_piger__DslPige3', 'Desulfovibrio_piger__DslPige4']",NA,TRUE,"Bilophila_wadsworthia__BilWads6"
"UMHS01.2342.1_1/11-266","UMHS01","SAMEA4836106","['Bilophila_wadsworthia__BilWads6']",0.408758370502427,TRUE,"Bilophila_wadsworthia__BilWads6"
"UMHS01.11381.1_1/1-107","UMHS01","SAMEA4836106","['Bilophila_sp._4_1_30__BilSpec3', 'Bilophila_wadsworthia__BilWads6', 'uncultured_bacterium__EF645667']",NA,TRUE,"Bilophila_sp._4_1_30__BilSpec3"
"UMHS01.26635.1_1/64-129","UMHS01","SAMEA4836106","['Bilophila_wadsworthia__BilWads6', 'Bilophila_sp._4_1_30__BilSpec3', 'uncultured_bacterium__EF645667', 'Desulfovibrio_piger__DslPige3', 'Desulfovibrio_piger__DslPige4']",NA,TRUE,"Bilophila_wadsworthia__BilWads6"
"OXWP01.21529.1_1/1-168","OXWP01","SAMN06164612","['Desulfovibrio_piger__DslPige3', 'Desulfovibrio_piger__DslPige4']",NA,TRUE,"Desulfovibrio_piger__DslPige3"
"OWCU01.31524.1_1/64-176","OWCU01","SAMEA3708646","['Bilophila_sp._4_1_30__BilSpec3']",0.0296498334302823,TRUE,"Bilophila_sp._4_1_30__BilSpec3"
"OQEV01.50010.1_1/14-121","OQEV01","SAMD00036320","['Bilophila_sp._4_1_30__BilSpec3']",0.0793178334302823,TRUE,"Bilophila_sp._4_1_30__BilSpec3"
"OWQF01.22427.1_1/8-147","OWQF01","SAMEA4378229","['Bilophila_wadsworthia__BilWads6']",NA,TRUE,"Bilophila_wadsworthia__BilWads6"
"OZJC01.12784.1_1/1-220","OZJC01","SAMN06165209","['uncultured_bacterium__EF645667']",0.192624276190246,TRUE,"uncultured_bacterium__EF645667"
"OQPN01.34940.1_2/11-384","OQPN01","SAMN02712088","['Bilophila_wadsworthia__BilWads6']",1.50000025001454e-06,TRUE,"Bilophila_wadsworthia__BilWads6"
"OQPN01.72157.1_2/1-113","OQPN01","SAMN02712088","['Bilophila_wadsworthia__BilWads6', 'Desulfovibrio_sp._6_1_46AFAA__DsvSp231']",NA,TRUE,"Bilophila_wadsworthia__BilWads6"
"UZPR01.13022.1_2/11-266","UZPR01","SAMN00791992","['uncultured_bacterium__EF645667']",0.608863276190246,TRUE,"uncultured_bacterium__EF645667"
"UZPR01.13022.1_3/1-105","UZPR01","SAMN00791992","['uncultured_bacterium__EF645667', 'Desulfovibrio_piger__DslPige3']",NA,TRUE,"uncultured_bacterium__EF645667"
"UYDL01.1750.1_11/64-437","UYDL01","SAMEA2149636","['Bilophila_wadsworthia__BilWads6']",1.50000025001454e-06,TRUE,"Bilophila_wadsworthia__BilWads6"
"UYDL01.1750.1_12/11-266","UYDL01","SAMEA2149636","['Bilophila_sp._4_1_30__BilSpec3']",0.0016698334302823,TRUE,"Bilophila_sp._4_1_30__BilSpec3"
"USYL01.53965.1_1/1-97","USYL01","SAMN06111981","['Desulfovibrio_piger__DslPige4', 'uncultured_bacterium__EF645667', 'Desulfovibrio_piger__DslPige3']",NA,TRUE,"Desulfovibrio_piger__DslPige4"
"USYL01.53965.1_1/98-204","USYL01","SAMN06111981","['Desulfovibrio_piger__DslPige4']",0.14448009127423,TRUE,"Desulfovibrio_piger__DslPige4"
"USYL01.43087.1_1/13-136","USYL01","SAMN06111981","['Desulfovibrio_piger__DslPige3', 'Desulfovibrio_piger__DslPige4']",0.139815787680788,TRUE,"Desulfovibrio_piger__DslPige3"
"USYL01.46401.1_1/127-241","USYL01","SAMN06111981","['Desulfovibrio_piger__DslPige4']",0.0875297876807884,TRUE,"Desulfovibrio_piger__DslPige4"
"ORKU01.3703.1_2/52-404","ORKU01","SAMN04329865","['Anaerobic_bacterium_sk.prop8__Bv2Prop2']",1.13670453982822,TRUE,"Anaerobic_bacterium_sk.prop8__Bv2Prop2"
"ORKU01.1801.1_2/50-397","ORKU01","SAMN04329865","['Anaerobic_bacterium_sk.prop8__Bv2Prop2']",1.13300853982822,TRUE,"Anaerobic_bacterium_sk.prop8__Bv2Prop2"
"ORKU01.8757.1_1/50-380","ORKU01","SAMN04329865","['Anaerobic_bacterium_sk.prop8__Bv2Prop2']",1.16491153982822,TRUE,"Anaerobic_bacterium_sk.prop8__Bv2Prop2"
"ORKU01.1801.1_3/7-240","ORKU01","SAMN04329865","['Desulfitibacter_alkalitolerans__DfiAlka2']",0.923001556332035,TRUE,"Desulfitibacter_alkalitolerans__DfiAlka2"
"ORKU01.10446.1_2/7-240","ORKU01","SAMN04329865","['Desulfitibacter_alkalitolerans__DfiAlka2']",0.953887556332035,TRUE,"Desulfitibacter_alkalitolerans__DfiAlka2"
"ORKU01.3703.1_1/6-222","ORKU01","SAMN04329865","['Desulfitibacter_alkalitolerans__DfiAlka2']",1.04037455633203,TRUE,"Desulfitibacter_alkalitolerans__DfiAlka2"
"UXQP01.2520.1_2/62-435","UXQP01","SAMEA2142349","['Bilophila_wadsworthia__BilWads6']",0.118335370502427,TRUE,"Bilophila_wadsworthia__BilWads6"
"UXQP01.20029.1_2/11-266","UXQP01","SAMEA2142349","['uncultured_bacterium__EF645667']",0.583919276190246,TRUE,"uncultured_bacterium__EF645667"
"UXQP01.20029.1_1/1-269","UXQP01","SAMEA2142349","['uncultured_bacterium__EF645667', 'Desulfovibrio_piger__DslPige3']",NA,TRUE,"uncultured_bacterium__EF645667"
"UXQP01.2520.1_1/11-227","UXQP01","SAMEA2142349","['Bilophila_sp._4_1_30__BilSpec3', 'Bilophila_wadsworthia__BilWads6']",NA,TRUE,"Bilophila_sp._4_1_30__BilSpec3"
"OPBE01.25652.1_2/64-164","OPBE01","SAMEA2042585","['Bilophila_wadsworthia__BilWads6', 'Bilophila_sp._4_1_30__BilSpec3', 'uncultured_bacterium__EF645667', 'Desulfovibrio_piger__DslPige3', 'Desulfovibrio_piger__DslPige4']",NA,TRUE,"Bilophila_wadsworthia__BilWads6"
"OPBE01.40340.1_2/1-105","OPBE01","SAMEA2042585","['Bilophila_wadsworthia__BilWads6', 'Bilophila_sp._4_1_30__BilSpec3', 'uncultured_bacterium__EF645667']",NA,TRUE,"Bilophila_wadsworthia__BilWads6"
"UMGJ01.81556.1_4/63-193","UMGJ01","SAMEA4836067","['Desulfovibrio_piger__DslPige3', 'Desulfovibrio_piger__DslPige4']",NA,TRUE,"Desulfovibrio_piger__DslPige3"
"UZTH01.836.1_8/64-437","UZTH01","SAMN00792078","['Bilophila_wadsworthia__BilWads6']",1.50000025001454e-06,TRUE,"Bilophila_wadsworthia__BilWads6"
"UZTH01.836.1_7/1-253","UZTH01","SAMN00792078","['Bilophila_wadsworthia__BilWads6']",1.50000025001454e-06,TRUE,"Bilophila_wadsworthia__BilWads6"
"ORTT01.11155.1_3/64-171","ORTT01","SAMEA2338789","['Bilophila_sp._4_1_30__BilSpec3']",NA,TRUE,"Bilophila_sp._4_1_30__BilSpec3"
"UXRX01.12347.1_3/63-436","UXRX01","SAMEA2159338","['Desulfovibrio_piger__DslPige3', 'Desulfovibrio_piger__DslPige4']",0.0721030912742298,TRUE,"Desulfovibrio_piger__DslPige3"
"UXRX01.12347.1_2/11-266","UXRX01","SAMEA2159338","['Desulfovibrio_piger__DslPige3', 'Desulfovibrio_piger__DslPige4']",0.0865010912742298,TRUE,"Desulfovibrio_piger__DslPige3"
"UXRX01.49843.1_2/46-217","UXRX01","SAMEA2159338","[]",NA,FALSE,NA
"UXRX01.49843.1_1/2-89","UXRX01","SAMEA2159338","['MSW_digester_clone__Unc01cxc']",1.44748380670952,TRUE,"MSW_digester_clone__Unc01cxc"
"OQQI01.74401.1_1/1-134","OQQI01","SAMN02712161","['Bilophila_sp._4_1_30__BilSpec3', 'Bilophila_wadsworthia__BilWads6']",NA,TRUE,"Bilophila_sp._4_1_30__BilSpec3"
"UERN01.509.1_12/64-437","UERN01","SAMN06115515","['Bilophila_wadsworthia__BilWads6']",1.50000025001454e-06,TRUE,"Bilophila_wadsworthia__BilWads6"
"UERN01.509.1_13/11-266","UERN01","SAMN06115515","['Bilophila_wadsworthia__BilWads6']",1.50000025001454e-06,TRUE,"Bilophila_wadsworthia__BilWads6"
"UERN01.69780.1_1/1-254","UERN01","SAMN06115515","['Desulfovibrio_sp._3_1_syn3__DsvSp230']",NA,TRUE,"Desulfovibrio_sp._3_1_syn3__DsvSp230"
"ULQO01.23796.1_1/2-85","ULQO01","SAMEA4835658","['Desulfitibacter_alkalitolerans__DfiAlka2']",NA,TRUE,"Desulfitibacter_alkalitolerans__DfiAlka2"
"UEQA01.120.1_12/64-437","UEQA01","SAMN06115468","['Bilophila_wadsworthia__BilWads6']",1.50000025001454e-06,TRUE,"Bilophila_wadsworthia__BilWads6"
"UEQA01.120.1_13/11-266","UEQA01","SAMN06115468","['Bilophila_wadsworthia__BilWads6']",1.50000025001454e-06,TRUE,"Bilophila_wadsworthia__BilWads6"
"USWR01.803.1_16/64-437","USWR01","SAMN06112050","['Bilophila_wadsworthia__BilWads6']",1.50000025001454e-06,TRUE,"Bilophila_wadsworthia__BilWads6"
"USWR01.803.1_15/11-266","USWR01","SAMN06112050","['Bilophila_wadsworthia__BilWads6']",1.50000025001454e-06,TRUE,"Bilophila_wadsworthia__BilWads6"
"ULNP01.55851.1_1/1-221","ULNP01","SAMEA4835579","['uncultured_bacterium__EF645667', 'Desulfovibrio_piger__DslPige3', 'Desulfovibrio_piger__DslPige4']",NA,TRUE,"uncultured_bacterium__EF645667"
"ULNP01.26053.1_1/1-257","ULNP01","SAMEA4835579","['Desulfovibrio_piger__DslPige3', 'Desulfovibrio_piger__DslPige4']",0.0696460912742298,TRUE,"Desulfovibrio_piger__DslPige3"
"ULNP01.43535.1_1/1-200","ULNP01","SAMEA4835579","['Desulfovibrio_piger__DslPige3', 'Desulfovibrio_piger__DslPige4']",NA,TRUE,"Desulfovibrio_piger__DslPige3"
"ULNP01.66783.1_1/1-118","ULNP01","SAMEA4835579","['Bilophila_wadsworthia__BilWads6', 'Desulfovibrio_sp._6_1_46AFAA__DsvSp231']",NA,TRUE,"Bilophila_wadsworthia__BilWads6"
"ULNP01.15330.1_1/64-124","ULNP01","SAMEA4835579","['Bilophila_wadsworthia__BilWads6', 'Bilophila_sp._4_1_30__BilSpec3', 'uncultured_bacterium__EF645667', 'Desulfovibrio_piger__DslPige3', 'Desulfovibrio_piger__DslPige4']",NA,TRUE,"Bilophila_wadsworthia__BilWads6"
"UYBP01.37911.1_1/14-90","UYBP01","SAMEA1970465","['uncultured_bacterium__EF645667']",0.183873276190246,TRUE,"uncultured_bacterium__EF645667"
"UYBP01.37911.1_2/1-92","UYBP01","SAMEA1970465","['Desulfovibrio_piger__DslPige3', 'Desulfovibrio_piger__DslPige4', 'Desulfovibrio_piger__DslPige2']",NA,TRUE,"Desulfovibrio_piger__DslPige3"
"OZAN01.13538.1_1/1-328","OZAN01","SAMN06164915","['Bilophila_wadsworthia__BilWads6']",0.125036370502427,TRUE,"Bilophila_wadsworthia__BilWads6"
"OZKX01.63846.1_1/11-126","OZKX01","SAMN06165314","['Desulfovibrio_sp._6_1_46AFAA__DsvSp231']",0.0438764179855414,TRUE,"Desulfovibrio_sp._6_1_46AFAA__DsvSp231"
"OZKX01.65545.1_1/5-139","OZKX01","SAMN06165314","['Anaerobic_bacterium_sk.prop8__Bv2Prop2']",1.35916553982822,TRUE,"Anaerobic_bacterium_sk.prop8__Bv2Prop2"
"OUQW01.5128.1_3/63-436","OUQW01","SAMN04978193","['Desulfovibrio_piger__DslPige3', 'Desulfovibrio_piger__DslPige4']",0.0714530912742298,TRUE,"Desulfovibrio_piger__DslPige3"
"UPDD01.21.1_115/1-355","UPDD01","SAMEA2737694","['uncultured_bacterium__EF645667']",0.483228276190246,TRUE,"uncultured_bacterium__EF645667"
"UPDD01.21.1_114/11-266","UPDD01","SAMEA2737694","['uncultured_bacterium__EF645667']",0.597408276190246,TRUE,"uncultured_bacterium__EF645667"
"UPDD01.70601.1_1/1-237","UPDD01","SAMEA2737694","['Desulfovibrio_piger__DslPige4']",0.13026709127423,TRUE,"Desulfovibrio_piger__DslPige4"
"UPDD01.74833.1_1/1-90","UPDD01","SAMEA2737694","['Desulfovibrio_piger__DslPige4']",0.106043787680788,TRUE,"Desulfovibrio_piger__DslPige4"
"USUY01.35824.1_1/23-337","USUY01","SAMN06111999","['Bilophila_sp._4_1_30__BilSpec3']",0.0162018334302823,TRUE,"Bilophila_sp._4_1_30__BilSpec3"
"USUY01.29741.1_1/1-228","USUY01","SAMN06111999","['Bilophila_wadsworthia__BilWads6']",0.147446370502427,TRUE,"Bilophila_wadsworthia__BilWads6"
"OXWS01.17847.1_2/11-177","OXWS01","SAMN06164592","['Desulfovibrio_piger__DslPige4']",0.14291709127423,TRUE,"Desulfovibrio_piger__DslPige4"
"OXWS01.17847.1_1/1-147","OXWS01","SAMN06164592","['Desulfovibrio_piger__DslPige3', 'Desulfovibrio_piger__DslPige4']",NA,TRUE,"Desulfovibrio_piger__DslPige3"
"OQGT01.817.1_6/63-436","OQGT01","SAMD00036196","['Desulfovibrio_piger__DslPige3', 'Desulfovibrio_piger__DslPige4']",0.0570860912742298,TRUE,"Desulfovibrio_piger__DslPige3"
"OQGT01.817.1_5/11-267","OQGT01","SAMD00036196","['Desulfovibrio_piger__DslPige4']",0.0888707876807884,TRUE,"Desulfovibrio_piger__DslPige4"
"OWSG01.17264.1_1/11-266","OWSG01","SAMEA4378299","['Desulfovibrio_desulfuricans_subsp._desulfuricans_str._ATCC_27774__CP001358']",0.0986507921887412,TRUE,"Desulfovibrio_desulfuricans_subsp._desulfuricans_str._ATCC_27774__CP001358"
"OWSG01.28946.1_1/11-160","OWSG01","SAMEA4378299","['Bilophila_wadsworthia__BilWads6', 'Bilophila_sp._4_1_30__BilSpec3']",NA,TRUE,"Bilophila_wadsworthia__BilWads6"
"USYM01.62257.1_1/23-160","USYM01","SAMN06111967","['Bilophila_wadsworthia__BilWads6']",0.171511370502427,TRUE,"Bilophila_wadsworthia__BilWads6"
"USYM01.60947.1_1/6-141","USYM01","SAMN06111967","['Desulfitibacter_alkalitolerans__DfiAlka2']",1.35088155633203,TRUE,"Desulfitibacter_alkalitolerans__DfiAlka2"
"UPFB01.19.1_38/62-435","UPFB01","SAMEA2737668","['uncultured_bacterium__EF645667']",0.479939276190246,TRUE,"uncultured_bacterium__EF645667"
"UPFB01.33303.1_1/1-317","UPFB01","SAMEA2737668","['Bilophila_sp._4_1_30__BilSpec3']",0.0380208334302823,TRUE,"Bilophila_sp._4_1_30__BilSpec3"
"UPFB01.19.1_39/11-266","UPFB01","SAMEA2737668","['uncultured_bacterium__EF645667']",0.597408276190246,TRUE,"uncultured_bacterium__EF645667"
"UPFB01.64416.1_1/1-207","UPFB01","SAMEA2737668","['Bilophila_wadsworthia__BilWads6']",NA,TRUE,"Bilophila_wadsworthia__BilWads6"
"UZHR01.1851.1_3/64-437","UZHR01","SAMN00791917","['Bilophila_wadsworthia__BilWads6']",1.50000025001454e-06,TRUE,"Bilophila_wadsworthia__BilWads6"
"UZHR01.1851.1_2/11-266","UZHR01","SAMN00791917","['Bilophila_wadsworthia__BilWads6']",1.50000025001454e-06,TRUE,"Bilophila_wadsworthia__BilWads6"
"ORSG01.7698.1_3/1-253","ORSG01","SAMEA2338666","['Bilophila_wadsworthia__BilWads6']",0.00941750000025001,TRUE,"Bilophila_wadsworthia__BilWads6"
"ULRC01.46528.1_2/11-266","ULRC01","SAMEA4835672","['Desulfovibrio_piger__DslPige3', 'Desulfovibrio_piger__DslPige4']",0.0018347876807884,TRUE,"Desulfovibrio_piger__DslPige3"
"ULRC01.31110.1_1/63-142","ULRC01","SAMEA4835672","['Desulfovibrio_piger__DslPige4', 'Desulfovibrio_piger__DslPige3']",NA,TRUE,"Desulfovibrio_piger__DslPige4"
"UXRO01.71028.1_1/50-200","UXRO01","SAMEA2154620","['Desulfovibrio_vulgaris__DQ826729']",0.533867093887675,TRUE,"Desulfovibrio_vulgaris__DQ826729"
"ORQY01.37695.1_2/11-174","ORQY01","SAMEA2338654","['Bilophila_wadsworthia__BilWads6']",0.165141370502427,TRUE,"Bilophila_wadsworthia__BilWads6"
"ORQY01.40384.1_1/63-173","ORQY01","SAMEA2338654","['Desulfovibrio_vulgaris__DQ826729']",0.325032909358552,TRUE,"Desulfovibrio_vulgaris__DQ826729"
"ORCM01.32218.1_1/1-207","ORCM01","SAMN06115497","['Bilophila_wadsworthia__BilWads6']",NA,TRUE,"Bilophila_wadsworthia__BilWads6"
"ORCM01.54700.1_1/1-175","ORCM01","SAMN06115497","['Bilophila_wadsworthia__BilWads6', 'Bilophila_sp._4_1_30__BilSpec3', 'uncultured_bacterium__EF645667']",NA,TRUE,"Bilophila_wadsworthia__BilWads6"
"UXPW01.2046.1_9/40-292","UXPW01","SAMEA1964852","['Moorella_thermoacetica_Y72_copy_2__MooTher5']",7.72918061945668,TRUE,"Moorella_thermoacetica_Y72_copy_2__MooTher5"
"OQPR01.35494.1_1/64-437","OQPR01","SAMN02712088","['Bilophila_sp._4_1_30__BilSpec3']",0.0078958334302823,TRUE,"Bilophila_sp._4_1_30__BilSpec3"
"OQPR01.52195.1_1/1-243","OQPR01","SAMN02712088","['Bilophila_wadsworthia__BilWads6']",NA,TRUE,"Bilophila_wadsworthia__BilWads6"
"ORBS01.3685.1_9/63-436","ORBS01","SAMN04158617","['Desulfovibrio_sp._Dsv1__DsvSp233']",0.0423847640998852,TRUE,"Desulfovibrio_sp._Dsv1__DsvSp233"
"ORBS01.3685.1_8/11-266","ORBS01","SAMN04158617","['Desulfovibrio_sp._Dsv1__DsvSp233']",0.0304797640998852,TRUE,"Desulfovibrio_sp._Dsv1__DsvSp233"
"ORBS01.59753.1_1/2-186","ORBS01","SAMN04158617","['Anaerobic_bacterium_sk.prop8__Bv2Prop2']",1.16491153982822,TRUE,"Anaerobic_bacterium_sk.prop8__Bv2Prop2"
"UEOU01.16119.1_2/1-101","UEOU01","SAMN06115438","['Bilophila_wadsworthia__BilWads6', 'Desulfovibrio_sp._6_1_46AFAA__DsvSp231']",NA,TRUE,"Bilophila_wadsworthia__BilWads6"
"UEOU01.16119.1_1/1-98","UEOU01","SAMN06115438","['Bilophila_sp._4_1_30__BilSpec3']",0.0242938334302823,TRUE,"Bilophila_sp._4_1_30__BilSpec3"
"UYEJ01.21475.1_2/63-436","UYEJ01","SAMEA2161372","['Desulfovibrio_piger__DslPige3', 'Desulfovibrio_piger__DslPige4']",0.0606080912742298,TRUE,"Desulfovibrio_piger__DslPige3"
"UYEJ01.10009.1_3/11-266","UYEJ01","SAMEA2161372","['Desulfovibrio_piger__DslPige3', 'Desulfovibrio_piger__DslPige4']",0.0858690912742298,TRUE,"Desulfovibrio_piger__DslPige3"
"UYEJ01.10009.1_4/1-211","UYEJ01","SAMEA2161372","['Bilophila_wadsworthia__BilWads6']",0.128516370502427,TRUE,"Bilophila_wadsworthia__BilWads6"
"ULWE01.4179.1_1/1-179","ULWE01","SAMEA4835804","['Desulfovibrio_piger__DslPige3', 'Desulfovibrio_piger__DslPige4']",0.0507267876807884,TRUE,"Desulfovibrio_piger__DslPige3"
"UPEY01.57751.1_1/1-282","UPEY01","SAMEA2737728","['Bilophila_wadsworthia__BilWads6']",0.141116370502427,TRUE,"Bilophila_wadsworthia__BilWads6"
"UPEY01.79465.1_1/11-145","UPEY01","SAMEA2737728","['Bilophila_sp._4_1_30__BilSpec3']",0.0108528334302823,TRUE,"Bilophila_sp._4_1_30__BilSpec3"
"ULQB01.53682.1_1/1-249","ULQB01","SAMEA4835644","['Desulfovibrio_piger__DslPige4', 'Desulfovibrio_piger__DslPige3']",NA,TRUE,"Desulfovibrio_piger__DslPige4"
"ULQB01.10447.1_1/11-141","ULQB01","SAMEA4835644","['Desulfovibrio_piger__DslPige3', 'Desulfovibrio_piger__DslPige4', 'uncultured_bacterium__EF645667']",NA,TRUE,"Desulfovibrio_piger__DslPige3"
"OPSQ01.24505.1_3/51-152","OPSQ01","SAMEA2042452","['Gordonibacter_pamelaeae__GrdPame5']",NA,TRUE,"Gordonibacter_pamelaeae__GrdPame5"
"OWEH01.4606.1_2/64-437","OWEH01","SAMEA3708567","['Bilophila_wadsworthia__BilWads6']",1.50000025001454e-06,TRUE,"Bilophila_wadsworthia__BilWads6"
"OWEH01.1685.1_8/62-435","OWEH01","SAMEA3708567","['uncultured_bacterium__EF645667']",0.471300276190246,TRUE,"uncultured_bacterium__EF645667"
"OWEH01.1685.1_9/11-266","OWEH01","SAMEA3708567","['uncultured_bacterium__EF645667']",0.597408276190246,TRUE,"uncultured_bacterium__EF645667"
"OWEH01.4606.1_1/11-266","OWEH01","SAMEA3708567","['Bilophila_sp._4_1_30__BilSpec3']",0.0016698334302823,TRUE,"Bilophila_sp._4_1_30__BilSpec3"
"ORNQ01.18250.1_2/63-436","ORNQ01","SAMEA2338697","['Desulfovibrio_piger__DslPige3', 'Desulfovibrio_piger__DslPige4']",0.0839290912742298,TRUE,"Desulfovibrio_piger__DslPige3"
"ORNQ01.27362.1_1/1-128","ORNQ01","SAMEA2338697","['Desulfovibrio_piger__DslPige3', 'Desulfovibrio_piger__DslPige4']",NA,TRUE,"Desulfovibrio_piger__DslPige3"
"ORNQ01.18250.1_1/11-139","ORNQ01","SAMEA2338697","['Desulfovibrio_piger__DslPige3', 'Desulfovibrio_piger__DslPige4', 'Bilophila_wadsworthia__BilWads6', 'uncultured_bacterium__EF645667']",NA,TRUE,"Desulfovibrio_piger__DslPige3"
"UYKR01.742.1_14/40-291","UYKR01","SAMN03653686","['Moorella_thermoacetica_Y72_copy_2__MooTher5']",7.92386161945668,TRUE,"Moorella_thermoacetica_Y72_copy_2__MooTher5"
"OZTS01.14377.1_1/11-174","OZTS01","SAMN06164836","['Desulfovibrio_piger__DslPige3', 'Desulfovibrio_piger__DslPige4']",0.0449517876807884,TRUE,"Desulfovibrio_piger__DslPige3"
"OZTS01.14377.1_2/1-127","OZTS01","SAMN06164836","['Desulfovibrio_piger__DslPige3', 'Desulfovibrio_piger__DslPige4', 'Desulfovibrio_piger__DslPige2']",NA,TRUE,"Desulfovibrio_piger__DslPige3"
"OOXM01.26339.1_1/62-165","OOXM01","SAMEA2042832","['uncultured_bacterium__EF645667', 'Candidatus_Desulfovibrio_trichonymphae', 'Bilophila_wadsworthia__BilWads6']",NA,TRUE,"uncultured_bacterium__EF645667"
"ORMK01.37262.1_1/14-290","ORMK01","SAMEA2338741","['Desulfovibrio_piger__DslPige3', 'Desulfovibrio_piger__DslPige4']",0.20873809127423,TRUE,"Desulfovibrio_piger__DslPige3"
"ORMK01.36629.1_1/64-179","ORMK01","SAMEA2338741","['Desulfovibrio_piger__DslPige3', 'Desulfovibrio_piger__DslPige4']",0.21625709127423,TRUE,"Desulfovibrio_piger__DslPige3"
"OZBE01.13543.1_2/45-298","OZBE01","SAMN06165015","['Moorella_thermoacetica_Y72_copy_2__MooTher5']",7.37545061945668,TRUE,"Moorella_thermoacetica_Y72_copy_2__MooTher5"
"UEOS01.4920.1_4/65-438","UEOS01","SAMN06115446","['uncultured_bacterium__EF645667']",0.085884677392887,TRUE,"uncultured_bacterium__EF645667"
"UEOS01.4920.1_3/11-266","UEOS01","SAMN06115446","['uncultured_bacterium__EF645667']",0.143520170607274,TRUE,"uncultured_bacterium__EF645667"
"UEOS01.41662.1_1/1-143","UEOS01","SAMN06115446","['Bilophila_sp._4_1_30__BilSpec3']",0.0493408334302823,TRUE,"Bilophila_sp._4_1_30__BilSpec3"
"UEOS01.41662.1_2/1-146","UEOS01","SAMN06115446","['Bilophila_wadsworthia__BilWads6', 'Bilophila_sp._4_1_30__BilSpec3']",NA,TRUE,"Bilophila_wadsworthia__BilWads6"
"OYAX01.31245.1_1/11-143","OYAX01","SAMN06164855","['Desulfovibrio_piger__DslPige3', 'Desulfovibrio_piger__DslPige4']",NA,TRUE,"Desulfovibrio_piger__DslPige3"
"ORSJ01.457.1_10/62-435","ORSJ01","SAMEA2338623","['uncultured_bacterium__EF645667']",0.428225276190246,TRUE,"uncultured_bacterium__EF645667"
"ORSJ01.9188.1_2/11-266","ORSJ01","SAMEA2338623","['Bilophila_wadsworthia__BilWads6']",1.50000025001454e-06,TRUE,"Bilophila_wadsworthia__BilWads6"
"ORSJ01.457.1_9/11-266","ORSJ01","SAMEA2338623","['uncultured_bacterium__EF645667']",0.596023276190246,TRUE,"uncultured_bacterium__EF645667"
"ORSJ01.9188.1_1/1-147","ORSJ01","SAMEA2338623","['Bilophila_wadsworthia__BilWads6', 'Bilophila_sp._4_1_30__BilSpec3']",NA,TRUE,"Bilophila_wadsworthia__BilWads6"
"OYWS01.2939.1_3/62-435","OYWS01","SAMN06165021","['uncultured_bacterium__EF645667']",0.471300276190246,TRUE,"uncultured_bacterium__EF645667"
"OYWS01.2939.1_4/11-266","OYWS01","SAMN06165021","['uncultured_bacterium__EF645667']",0.597408276190246,TRUE,"uncultured_bacterium__EF645667"
"UZIV01.22237.1_1/11-163","UZIV01","SAMN00791923","['Bilophila_wadsworthia__BilWads6', 'Bilophila_sp._4_1_30__BilSpec3']",NA,TRUE,"Bilophila_wadsworthia__BilWads6"
"UZIV01.12543.1_1/1-79","UZIV01","SAMN00791923","['Bilophila_wadsworthia__BilWads6', 'Bilophila_sp._4_1_30__BilSpec3', 'Desulfovibrio_sp._6_1_46AFAA__DsvSp231', 'uncultured_bacterium__EF645667']",NA,TRUE,"Bilophila_wadsworthia__BilWads6"
"UZIV01.22237.1_2/1-100","UZIV01","SAMN00791923","['Bilophila_wadsworthia__BilWads6', 'Bilophila_sp._4_1_30__BilSpec3', 'uncultured_bacterium__EF645667']",NA,TRUE,"Bilophila_wadsworthia__BilWads6"
"UPMV01.76061.1_2/2-140","UPMV01","SAMEA2737858","['Desulfovibrio_piger__DslPige3', 'Desulfovibrio_piger__DslPige4', 'Desulfovibrio_piger__DslPige2']",NA,TRUE,"Desulfovibrio_piger__DslPige3"
"UPMV01.76185.1_2/2-140","UPMV01","SAMEA2737858","['Desulfovibrio_piger__DslPige4', 'Desulfovibrio_piger__DslPige3', 'Desulfovibrio_piger__DslPige2']",NA,TRUE,"Desulfovibrio_piger__DslPige4"
"UPMV01.9605.1_5/63-146","UPMV01","SAMEA2737858","['Desulfovibrio_piger__DslPige4', 'Desulfovibrio_piger__DslPige3']",NA,TRUE,"Desulfovibrio_piger__DslPige4"
"UPMV01.11583.1_4/63-146","UPMV01","SAMEA2737858","['Desulfovibrio_piger__DslPige4', 'Desulfovibrio_piger__DslPige3', 'uncultured_bacterium__EF645667']",NA,TRUE,"Desulfovibrio_piger__DslPige4"
"UPMV01.76185.1_1/11-75","UPMV01","SAMEA2737858","['Desulfovibrio_piger__DslPige3', 'Desulfovibrio_piger__DslPige4', 'uncultured_bacterium__EF645667', 'Bilophila_wadsworthia__BilWads6', 'Desulfovibrio_piger__DslPige2']",NA,TRUE,"Desulfovibrio_piger__DslPige3"
"ULSN01.44472.1_8/62-435","ULSN01","SAMEA4835709","['uncultured_bacterium__EF645667']",0.474586276190246,TRUE,"uncultured_bacterium__EF645667"
"ULSN01.45665.1_2/1-350","ULSN01","SAMEA4835709","['Bilophila_wadsworthia__BilWads6', 'Bilophila_sp._4_1_30__BilSpec3']",NA,TRUE,"Bilophila_wadsworthia__BilWads6"
"ULSN01.45665.1_1/11-218","ULSN01","SAMEA4835709","['Bilophila_wadsworthia__BilWads6']",NA,TRUE,"Bilophila_wadsworthia__BilWads6"
"ULSN01.44472.1_9/11-176","ULSN01","SAMEA4835709","['uncultured_bacterium__EF645667']",0.608863276190246,TRUE,"uncultured_bacterium__EF645667"
"USVP01.20799.1_3/202-506","USVP01","SAMN06112057","['uncultured_bacterium__EF645667']",0.104894677392887,TRUE,"uncultured_bacterium__EF645667"
"USVP01.53639.1_1/1-163","USVP01","SAMN06112057","['uncultured_bacterium__EF645667']",NA,TRUE,"uncultured_bacterium__EF645667"
"UZVG01.16915.1_1/1-167","UZVG01","SAMN00792053","['Bilophila_wadsworthia__BilWads6']",NA,TRUE,"Bilophila_wadsworthia__BilWads6"
"UZPE01.5400.1_2/11-266","UZPE01","SAMN00791974","['Bilophila_wadsworthia__BilWads6']",1.50000025001454e-06,TRUE,"Bilophila_wadsworthia__BilWads6"
"UZPE01.24699.1_1/64-283","UZPE01","SAMN00791974","['Bilophila_wadsworthia__BilWads6', 'Bilophila_sp._4_1_30__BilSpec3']",NA,TRUE,"Bilophila_wadsworthia__BilWads6"
"UZPE01.5400.1_1/2-140","UZPE01","SAMN00791974","['Bilophila_wadsworthia__BilWads6', 'Bilophila_sp._4_1_30__BilSpec3']",NA,TRUE,"Bilophila_wadsworthia__BilWads6"
"OOWK01.20389.1_1/64-169","OOWK01","SAMEA1972440","['Bilophila_wadsworthia__BilWads6', 'Bilophila_sp._4_1_30__BilSpec3', 'uncultured_bacterium__EF645667', 'Desulfovibrio_piger__DslPige3', 'Desulfovibrio_piger__DslPige4']",NA,TRUE,"Bilophila_wadsworthia__BilWads6"
"OOWK01.53795.1_1/1-122","OOWK01","SAMEA1972440","['Bilophila_wadsworthia__BilWads6', 'Bilophila_sp._4_1_30__BilSpec3', 'uncultured_bacterium__EF645667']",NA,TRUE,"Bilophila_wadsworthia__BilWads6"
"ULQV01.37890.1_1/1-275","ULQV01","SAMEA4835665","['Desulfovibrio_piger__DslPige3', 'Desulfovibrio_piger__DslPige4']",NA,TRUE,"Desulfovibrio_piger__DslPige3"
"OWRP01.40708.1_1/11-253","OWRP01","SAMEA4378324","['Bilophila_sp._4_1_30__BilSpec3']",0.0208788334302823,TRUE,"Bilophila_sp._4_1_30__BilSpec3"
"UPPG01.9417.1_3/63-436","UPPG01","SAMEA2737786","['Desulfovibrio_piger__DslPige3', 'Desulfovibrio_piger__DslPige4']",0.0561410912742298,TRUE,"Desulfovibrio_piger__DslPige3"
"UPPG01.9417.1_2/11-266","UPPG01","SAMEA2737786","['Desulfovibrio_piger__DslPige3']",0.0297017876807884,TRUE,"Desulfovibrio_piger__DslPige3"
"UXRE01.32042.1_2/1-313","UXRE01","SAMEA2152521","['Anaerobic_bacterium_sk.prop8__Bv2Prop2']",1.16623553982822,TRUE,"Anaerobic_bacterium_sk.prop8__Bv2Prop2"
"UXRE01.32042.1_1/6-196","UXRE01","SAMEA2152521","['Desulfitibacter_alkalitolerans__DfiAlka2']",1.13317455633203,TRUE,"Desulfitibacter_alkalitolerans__DfiAlka2"
"OVFR01.8201.1_1/63-436","OVFR01","SAMN06016376","['Desulfovibrio_piger__DslPige2']",0.0279715214698588,TRUE,"Desulfovibrio_piger__DslPige2"
"OVFR01.8201.1_2/11-266","OVFR01","SAMN06016376","['Desulfovibrio_piger__DslPige3', 'Desulfovibrio_piger__DslPige4']",0.0559700912742298,TRUE,"Desulfovibrio_piger__DslPige3"
"OPNY01.67509.1_2/2-119","OPNY01","SAMEA2042605","['uncultured_bacterium__EF645667', 'Desulfovibrio_piger__DslPige3']",NA,TRUE,"uncultured_bacterium__EF645667"
"ULQI01.51163.1_1/63-142","ULQI01","SAMEA4835650","['Desulfovibrio_piger__DslPige4', 'Desulfovibrio_piger__DslPige3']",NA,TRUE,"Desulfovibrio_piger__DslPige4"
"UPQR01.56150.1_1/1-172","UPQR01","SAMEA2737754","['Gordonibacter_pamelaeae__GrdPame5']",NA,TRUE,"Gordonibacter_pamelaeae__GrdPame5"
"UPQR01.90874.1_1/9-176","UPQR01","SAMEA2737754","['Gordonibacter_pamelaeae_7-10-1-b__FP929047']",0.0243716951735704,TRUE,"Gordonibacter_pamelaeae_7-10-1-b__FP929047"
"ORBW01.5.1_180/63-436","ORBW01","SAMN04158616","['Desulfovibrio_sp._Dsv1__DsvSp233']",0.0423847640998852,TRUE,"Desulfovibrio_sp._Dsv1__DsvSp233"
"ORBW01.5.1_179/11-266","ORBW01","SAMN04158616","['Desulfovibrio_sp._Dsv1__DsvSp233']",0.0304797640998852,TRUE,"Desulfovibrio_sp._Dsv1__DsvSp233"
"ORBW01.45728.1_1/1-157","ORBW01","SAMN04158616","['Desulfitibacter_alkalitolerans__DfiAlka2']",NA,TRUE,"Desulfitibacter_alkalitolerans__DfiAlka2"
"ORBW01.120538.1_1/2-199","ORBW01","SAMN04158616","['Anaerobic_bacterium_sk.prop8__Bv2Prop2']",1.16491153982822,TRUE,"Anaerobic_bacterium_sk.prop8__Bv2Prop2"
"ORBW01.120538.1_2/6-85","ORBW01","SAMN04158616","['Desulfitibacter_alkalitolerans__DfiAlka2']",NA,TRUE,"Desulfitibacter_alkalitolerans__DfiAlka2"
"ORBW01.88795.1_1/96-358","ORBW01","SAMN04158616","['Moorella_thermoacetica_Y72_copy_2__MooTher5']",7.82807161945668,TRUE,"Moorella_thermoacetica_Y72_copy_2__MooTher5"
"OPBB01.31901.1_1/1-296","OPBB01","SAMEA2042509","['Bilophila_wadsworthia__BilWads6']",0.0993673705024268,TRUE,"Bilophila_wadsworthia__BilWads6"
"OPBB01.44572.1_1/1-126","OPBB01","SAMEA2042509","['Bilophila_wadsworthia__BilWads6']",NA,TRUE,"Bilophila_wadsworthia__BilWads6"
"OPBB01.7956.1_3/28-293","OPBB01","SAMEA2042509","['Moorella_thermoacetica_Y72_copy_2__MooTher5']",6.99045261945668,TRUE,"Moorella_thermoacetica_Y72_copy_2__MooTher5"
"QWCB01.66320.1_1/1-250","QWCB01","SAMN09866719","['Bilophila_wadsworthia__BilWads6', 'Bilophila_sp._4_1_30__BilSpec3']",NA,TRUE,"Bilophila_wadsworthia__BilWads6"
"QWCB01.35446.1_3/2-139","QWCB01","SAMN09866719","['Bilophila_wadsworthia__BilWads6']",0.119971370502427,TRUE,"Bilophila_wadsworthia__BilWads6"
"QWCB01.66320.1_2/11-124","QWCB01","SAMN09866719","['Bilophila_wadsworthia__BilWads6', 'Bilophila_sp._4_1_30__BilSpec3']",NA,TRUE,"Bilophila_wadsworthia__BilWads6"
"QWCB01.55372.1_1/64-144","QWCB01","SAMN09866719","['Bilophila_wadsworthia__BilWads6', 'Bilophila_sp._4_1_30__BilSpec3', 'uncultured_bacterium__EF645667', 'Desulfovibrio_piger__DslPige3', 'Desulfovibrio_piger__DslPige4']",NA,TRUE,"Bilophila_wadsworthia__BilWads6"
"ORVN01.79488.1_1/1-175","ORVN01","SAMEA2338801","['Desulfotomaculum_hydrothermale__DscHydr2']",1.27677747672722,TRUE,"Desulfotomaculum_hydrothermale__DscHydr2"
"ORVN01.76147.1_1/1-152","ORVN01","SAMEA2338801","['Desulfitibacter_alkalitolerans__DfiAlka2']",1.14861955633203,TRUE,"Desulfitibacter_alkalitolerans__DfiAlka2"
"ORVN01.57209.1_1/131-234","ORVN01","SAMEA2338801","['uncultured_bacterium__EF645667', 'Candidatus_Desulfovibrio_trichonymphae', 'Bilophila_wadsworthia__BilWads6']",NA,TRUE,"uncultured_bacterium__EF645667"
"UXRT01.29778.1_1/1-181","UXRT01","SAMEA2155520","['Bilophila_sp._4_1_30__BilSpec3']",0.0122558334302823,TRUE,"Bilophila_sp._4_1_30__BilSpec3"
"UXSI01.10642.1_2/64-437","UXSI01","SAMEA2152064","['Bilophila_wadsworthia__BilWads6']",1.50000025001454e-06,TRUE,"Bilophila_wadsworthia__BilWads6"
"UXSI01.16813.1_4/63-421","UXSI01","SAMEA2152064","['Desulfovibrio_piger__DslPige3', 'Desulfovibrio_piger__DslPige4']",NA,TRUE,"Desulfovibrio_piger__DslPige3"
"UXSI01.5203.1_10/11-266","UXSI01","SAMEA2152064","['Desulfovibrio_piger__DslPige3', 'Desulfovibrio_piger__DslPige4']",0.0018347876807884,TRUE,"Desulfovibrio_piger__DslPige3"
"UXSI01.27805.1_3/11-266","UXSI01","SAMEA2152064","['uncultured_bacterium__EF645667']",0.196136276190246,TRUE,"uncultured_bacterium__EF645667"
"UXSI01.10642.1_1/11-160","UXSI01","SAMEA2152064","['Bilophila_wadsworthia__BilWads6', 'Bilophila_sp._4_1_30__BilSpec3']",NA,TRUE,"Bilophila_wadsworthia__BilWads6"
"UEOR01.35233.1_2/11-241","UEOR01","SAMN06115431","['Bilophila_wadsworthia__BilWads6']",0.117695370502427,TRUE,"Bilophila_wadsworthia__BilWads6"
"UPFC01.581.1_37/63-436","UPFC01","SAMEA2737658","['Desulfovibrio_piger__DslPige3', 'Desulfovibrio_piger__DslPige4']",0.0575660912742298,TRUE,"Desulfovibrio_piger__DslPige3"
"UPFC01.581.1_36/11-266","UPFC01","SAMEA2737658","['Desulfovibrio_piger__DslPige4']",0.0110857876807884,TRUE,"Desulfovibrio_piger__DslPige4"
"OOWN01.28005.1_1/1-287","OOWN01","SAMEA2042734","['Desulfovibrio_piger__DslPige3', 'Desulfovibrio_piger__DslPige4']",NA,TRUE,"Desulfovibrio_piger__DslPige3"
"OOWN01.38053.1_1/11-183","OOWN01","SAMEA2042734","['uncultured_bacterium__EF645667']",0.162529276190246,TRUE,"uncultured_bacterium__EF645667"
"UYFO01.3366.1_4/64-437","UYFO01","SAMEA2146552","['Bilophila_wadsworthia__BilWads6']",1.50000025001454e-06,TRUE,"Bilophila_wadsworthia__BilWads6"
"UYFO01.3366.1_5/11-266","UYFO01","SAMEA2146552","['Bilophila_wadsworthia__BilWads6']",1.50000025001454e-06,TRUE,"Bilophila_wadsworthia__BilWads6"
"OWAC01.2223.1_5/64-437","OWAC01","SAMEA3708709","['Bilophila_wadsworthia__BilWads6']",1.50000025001454e-06,TRUE,"Bilophila_wadsworthia__BilWads6"
"OUQT01.3364.1_2/63-436","OUQT01","SAMN05194707","['Desulfovibrio_piger__DslPige3', 'Desulfovibrio_piger__DslPige4']",0.0561410912742298,TRUE,"Desulfovibrio_piger__DslPige3"
"OUQT01.3364.1_1/11-266","OUQT01","SAMN05194707","['Desulfovibrio_piger__DslPige3', 'Desulfovibrio_piger__DslPige4']",0.10952009127423,TRUE,"Desulfovibrio_piger__DslPige3"
"ULIZ01.55155.1_3/63-139","ULIZ01","SAMEA4835456","['Desulfovibrio_piger__DslPige4', 'Desulfovibrio_piger__DslPige3', 'uncultured_bacterium__EF645667']",NA,TRUE,"Desulfovibrio_piger__DslPige4"
"ULRF01.37750.1_1/63-138","ULRF01","SAMEA4835673","['Desulfovibrio_piger__DslPige4', 'Desulfovibrio_piger__DslPige3', 'uncultured_bacterium__EF645667']",NA,TRUE,"Desulfovibrio_piger__DslPige4"
"OQQK01.94722.1_1/1-187","OQQK01","SAMN02712089","['Bilophila_wadsworthia__BilWads6', 'Bilophila_sp._4_1_30__BilSpec3']",NA,TRUE,"Bilophila_wadsworthia__BilWads6"
"OQQK01.20787.1_1/1-131","OQQK01","SAMN02712089","['Bilophila_wadsworthia__BilWads6']",0.239889370502427,TRUE,"Bilophila_wadsworthia__BilWads6"
"OQQK01.76975.1_2/11-143","OQQK01","SAMN02712089","['Bilophila_wadsworthia__BilWads6', 'Bilophila_sp._4_1_30__BilSpec3']",NA,TRUE,"Bilophila_wadsworthia__BilWads6"
"UPMK01.40013.1_1/1-211","UPMK01","SAMEA2737816","['Gordonibacter_pamelaeae__GrdPame5']",NA,TRUE,"Gordonibacter_pamelaeae__GrdPame5"
"UPMK01.72055.1_1/51-141","UPMK01","SAMEA2737816","['Gordonibacter_pamelaeae_7-10-1-b__FP929047']",NA,TRUE,"Gordonibacter_pamelaeae_7-10-1-b__FP929047"
"OWQM01.14280.1_1/1-205","OWQM01","SAMEA4378275","['Bilophila_wadsworthia__BilWads6']",NA,TRUE,"Bilophila_wadsworthia__BilWads6"
"OWQM01.17674.1_1/1-195","OWQM01","SAMEA4378275","['Bilophila_wadsworthia__BilWads6', 'Bilophila_sp._4_1_30__BilSpec3']",NA,TRUE,"Bilophila_wadsworthia__BilWads6"
"UPCJ01.8351.1_1/1-310","UPCJ01","SAMEA2737720","['Bilophila_wadsworthia__BilWads6', 'Bilophila_sp._4_1_30__BilSpec3']",NA,TRUE,"Bilophila_wadsworthia__BilWads6"
"UPCJ01.8351.1_2/11-123","UPCJ01","SAMEA2737720","['Bilophila_wadsworthia__BilWads6', 'Bilophila_sp._4_1_30__BilSpec3']",NA,TRUE,"Bilophila_wadsworthia__BilWads6"
"UPCJ01.67379.1_1/64-121","UPCJ01","SAMEA2737720","['Bilophila_wadsworthia__BilWads6', 'Bilophila_sp._4_1_30__BilSpec3', 'uncultured_bacterium__EF645667', 'Desulfovibrio_piger__DslPige3', 'Desulfovibrio_piger__DslPige4']",NA,TRUE,"Bilophila_wadsworthia__BilWads6"
"UZPU01.1500.1_5/64-437","UZPU01","SAMN00792035","['Bilophila_wadsworthia__BilWads6']",1.50000025001454e-06,TRUE,"Bilophila_wadsworthia__BilWads6"
"UZPU01.130.1_60/62-435","UZPU01","SAMN00792035","['uncultured_bacterium__EF645667']",0.476920276190246,TRUE,"uncultured_bacterium__EF645667"
"UZPU01.1500.1_6/11-266","UZPU01","SAMN00792035","['Bilophila_sp._4_1_30__BilSpec3']",0.0016698334302823,TRUE,"Bilophila_sp._4_1_30__BilSpec3"
"UZPU01.130.1_61/11-266","UZPU01","SAMN00792035","['uncultured_bacterium__EF645667']",0.608863276190246,TRUE,"uncultured_bacterium__EF645667"
"ULTO01.17006.1_1/1-193","ULTO01","SAMEA4835734","['Desulfovibrio_piger__DslPige3', 'Desulfovibrio_piger__DslPige4', 'Desulfovibrio_piger__DslPige2']",NA,TRUE,"Desulfovibrio_piger__DslPige3"
"ULTO01.69374.1_1/2-136","ULTO01","SAMEA4835734","['Desulfovibrio_piger__DslPige4', 'Desulfovibrio_piger__DslPige3', 'Desulfovibrio_piger__DslPige2']",NA,TRUE,"Desulfovibrio_piger__DslPige4"
"ULTO01.73493.1_1/2-136","ULTO01","SAMEA4835734","['Desulfovibrio_piger__DslPige3', 'Desulfovibrio_piger__DslPige4', 'Desulfovibrio_piger__DslPige2']",NA,TRUE,"Desulfovibrio_piger__DslPige3"
"ULTO01.54581.1_1/63-150","ULTO01","SAMEA4835734","['Desulfovibrio_piger__DslPige2', 'Desulfovibrio_piger__DslPige3', 'Desulfovibrio_piger__DslPige4']",NA,TRUE,"Desulfovibrio_piger__DslPige2"
"ULWT01.1676.1_1/1-182","ULWT01","SAMEA4835819","['Bilophila_wadsworthia__BilWads6', 'Bilophila_sp._4_1_30__BilSpec3']",NA,TRUE,"Bilophila_wadsworthia__BilWads6"
"ULWT01.18357.1_1/1-100","ULWT01","SAMEA4835819","['Desulfovibrio_sp._3_1_syn3__DsvSp230', 'Desulfovibrio_sp._6_1_46AFAA__DsvSp231']",NA,TRUE,"Desulfovibrio_sp._3_1_syn3__DsvSp230"
"UPDU01.86617.1_1/14-178","UPDU01","SAMEA2737733","['Bilophila_wadsworthia__BilWads6', 'Bilophila_sp._4_1_30__BilSpec3']",NA,TRUE,"Bilophila_wadsworthia__BilWads6"
"ULMS01.30176.1_12/11-266","ULMS01","SAMEA4835557","['Bilophila_wadsworthia__BilWads6']",0.309860370502427,TRUE,"Bilophila_wadsworthia__BilWads6"
"ULMS01.2372.1_1/11-266","ULMS01","SAMEA4835557","['Desulfovibrio_piger__DslPige3', 'Desulfovibrio_piger__DslPige4']",0.0018347876807884,TRUE,"Desulfovibrio_piger__DslPige3"
"ULMS01.30176.1_13/1-259","ULMS01","SAMEA4835557","['Desulfovibrio_vulgaris__DQ826729']",0.434694909358552,TRUE,"Desulfovibrio_vulgaris__DQ826729"
"ULMS01.18167.1_1/1-108","ULMS01","SAMEA4835557","['uncultured_bacterium__EF645667', 'Desulfovibrio_piger__DslPige4', 'Desulfovibrio_piger__DslPige3']",NA,TRUE,"uncultured_bacterium__EF645667"
"ULMS01.20148.1_2/11-124","ULMS01","SAMEA4835557","['Desulfovibrio_piger__DslPige3', 'Desulfovibrio_piger__DslPige4', 'Bilophila_wadsworthia__BilWads6', 'uncultured_bacterium__EF645667']",NA,TRUE,"Desulfovibrio_piger__DslPige3"
"OYXY01.26329.1_1/11-216","OYXY01","SAMN06165026","['Desulfitibacter_alkalitolerans__DfiAlka2']",1.28632355633203,TRUE,"Desulfitibacter_alkalitolerans__DfiAlka2"
"UZND01.7005.1_1/64-171","UZND01","SAMN00715142","['Bilophila_wadsworthia__BilWads6', 'Bilophila_sp._4_1_30__BilSpec3', 'uncultured_bacterium__EF645667', 'Desulfovibrio_piger__DslPige3', 'Desulfovibrio_piger__DslPige4']",NA,TRUE,"Bilophila_wadsworthia__BilWads6"
"OVYD01.864.1_15/64-437","OVYD01","SAMEA3708661","['Bilophila_wadsworthia__BilWads6']",1.50000025001454e-06,TRUE,"Bilophila_wadsworthia__BilWads6"
"OVYD01.864.1_16/11-266","OVYD01","SAMEA3708661","['Bilophila_sp._4_1_30__BilSpec3']",0.0016698334302823,TRUE,"Bilophila_sp._4_1_30__BilSpec3"
"OVGR01.5425.1_2/11-266","OVGR01","SAMN06016345","['Desulfovibrio_piger__DslPige3', 'Desulfovibrio_piger__DslPige4']",0.0018347876807884,TRUE,"Desulfovibrio_piger__DslPige3"
"OVGR01.5425.1_1/2-140","OVGR01","SAMN06016345","['Desulfovibrio_piger__DslPige3']",0.0079227876807884,TRUE,"Desulfovibrio_piger__DslPige3"
"OVGR01.2965.1_1/2-140","OVGR01","SAMN06016345","['Desulfovibrio_piger__DslPige3']",0.0760530912742298,TRUE,"Desulfovibrio_piger__DslPige3"
"ULRQ01.5559.1_2/1-155","ULRQ01","SAMEA4835684","['Bilophila_wadsworthia__BilWads6', 'Bilophila_sp._4_1_30__BilSpec3']",NA,TRUE,"Bilophila_wadsworthia__BilWads6"
"ORVG01.23294.1_1/64-416","ORVG01","SAMEA2338840","['Bilophila_wadsworthia__BilWads6', 'Bilophila_sp._4_1_30__BilSpec3']",NA,TRUE,"Bilophila_wadsworthia__BilWads6"
"ORVG01.45167.1_1/51-329","ORVG01","SAMEA2338840","['Desulfovibrio_piger__DslPige3', 'Desulfovibrio_piger__DslPige4']",NA,TRUE,"Desulfovibrio_piger__DslPige3"
"ORVG01.21886.1_2/11-266","ORVG01","SAMEA2338840","['Bilophila_wadsworthia__BilWads6']",1.50000025001454e-06,TRUE,"Bilophila_wadsworthia__BilWads6"
"ORVG01.29352.1_1/11-266","ORVG01","SAMEA2338840","['Desulfovibrio_piger__DslPige3']",0.0203577876807884,TRUE,"Desulfovibrio_piger__DslPige3"
"ORVG01.28538.1_1/51-231","ORVG01","SAMEA2338840","['Gordonibacter_pamelaeae_7-10-1-b__FP929047']",NA,TRUE,"Gordonibacter_pamelaeae_7-10-1-b__FP929047"
"ORVG01.45095.1_1/2-180","ORVG01","SAMEA2338840","['Gordonibacter_pamelaeae_7-10-1-b__FP929047']",0.0172286951735704,TRUE,"Gordonibacter_pamelaeae_7-10-1-b__FP929047"
"ORVG01.68964.1_1/1-204","ORVG01","SAMEA2338840","['uncultured_bacterium__EF645667', 'Desulfovibrio_piger__DslPige3', 'Desulfovibrio_piger__DslPige4']",NA,TRUE,"uncultured_bacterium__EF645667"
"ORVG01.29352.1_2/1-112","ORVG01","SAMEA2338840","['Desulfovibrio_piger__DslPige4', 'Desulfovibrio_piger__DslPige3', 'Desulfovibrio_piger__DslPige2']",NA,TRUE,"Desulfovibrio_piger__DslPige4"
"ORVG01.21886.1_1/1-112","ORVG01","SAMEA2338840","['Desulfovibrio_piger__DslPige3', 'Desulfovibrio_piger__DslPige4']",NA,TRUE,"Desulfovibrio_piger__DslPige3"
"OZEW01.24316.1_1/11-228","OZEW01","SAMN06165063","['Desulfovibrio_piger__DslPige3', 'Desulfovibrio_piger__DslPige4']",NA,TRUE,"Desulfovibrio_piger__DslPige3"
"UZPF01.3305.1_4/64-437","UZPF01","SAMN00792029","['Bilophila_wadsworthia__BilWads6']",1.50000025001454e-06,TRUE,"Bilophila_wadsworthia__BilWads6"
"UZPF01.3305.1_3/11-266","UZPF01","SAMN00792029","['Bilophila_wadsworthia__BilWads6']",1.50000025001454e-06,TRUE,"Bilophila_wadsworthia__BilWads6"
"ORWE01.2084.1_7/64-437","ORWE01","SAMEA2338843","['Bilophila_wadsworthia__BilWads6']",1.50000025001454e-06,TRUE,"Bilophila_wadsworthia__BilWads6"
"ORWE01.2084.1_6/11-266","ORWE01","SAMEA2338843","['Bilophila_sp._4_1_30__BilSpec3']",0.0016698334302823,TRUE,"Bilophila_sp._4_1_30__BilSpec3"
"UMHV01.17553.1_1/1-255","UMHV01","SAMEA4836108","['Bilophila_wadsworthia__BilWads6']",NA,TRUE,"Bilophila_wadsworthia__BilWads6"
"UMHV01.44806.1_1/1-229","UMHV01","SAMEA4836108","['uncultured_bacterium__EF645667']",NA,TRUE,"uncultured_bacterium__EF645667"
"UMHV01.37721.1_1/1-167","UMHV01","SAMEA4836108","['uncultured_bacterium__EF645667']",NA,TRUE,"uncultured_bacterium__EF645667"
"UMHV01.16710.1_1/1-135","UMHV01","SAMEA4836108","['Bilophila_wadsworthia__BilWads6']",NA,TRUE,"Bilophila_wadsworthia__BilWads6"
"UMJB01.31697.1_1/51-351","UMJB01","SAMEA4836139","['Gordonibacter_pamelaeae__GrdPame5']",0.254254704393165,TRUE,"Gordonibacter_pamelaeae__GrdPame5"
"UZOE01.3324.1_2/64-437","UZOE01","SAMN00792032","['Bilophila_wadsworthia__BilWads6']",1.50000025001454e-06,TRUE,"Bilophila_wadsworthia__BilWads6"
"UZOE01.3324.1_1/11-266","UZOE01","SAMN00792032","['Bilophila_wadsworthia__BilWads6']",1.50000025001454e-06,TRUE,"Bilophila_wadsworthia__BilWads6"
"ORTK01.12726.1_1/1-127","ORTK01","SAMEA2338808","['Bilophila_wadsworthia__BilWads6']",NA,TRUE,"Bilophila_wadsworthia__BilWads6"
"OVZL01.1093.1_16/64-437","OVZL01","SAMEA3708638","['Bilophila_wadsworthia__BilWads6']",1.50000025001454e-06,TRUE,"Bilophila_wadsworthia__BilWads6"
"OVZL01.1093.1_15/11-266","OVZL01","SAMEA3708638","['Bilophila_sp._4_1_30__BilSpec3']",0.0016698334302823,TRUE,"Bilophila_sp._4_1_30__BilSpec3"
"OWQV01.994.1_10/64-437","OWQV01","SAMEA4378245","['Bilophila_wadsworthia__BilWads6']",1.50000025001454e-06,TRUE,"Bilophila_wadsworthia__BilWads6"
"OWQV01.994.1_11/11-266","OWQV01","SAMEA4378245","['Bilophila_wadsworthia__BilWads6']",1.50000025001454e-06,TRUE,"Bilophila_wadsworthia__BilWads6"
"OWDG01.13822.1_2/64-437","OWDG01","SAMEA3708673","['Bilophila_wadsworthia__BilWads6']",1.50000025001454e-06,TRUE,"Bilophila_wadsworthia__BilWads6"
"OWDG01.19561.1_3/1-168","OWDG01","SAMEA3708673","['Bilophila_wadsworthia__BilWads6']",NA,TRUE,"Bilophila_wadsworthia__BilWads6"
"OWDG01.13822.1_1/11-102","OWDG01","SAMEA3708673","['Bilophila_wadsworthia__BilWads6', 'Bilophila_sp._4_1_30__BilSpec3']",NA,TRUE,"Bilophila_wadsworthia__BilWads6"
"OYWD01.11006.1_2/27-293","OYWD01","SAMN06165099","['Moorella_thermoacetica_Y72_copy_2__MooTher5']",6.73074261945668,TRUE,"Moorella_thermoacetica_Y72_copy_2__MooTher5"
"OXTR01.41102.1_1/1-193","OXTR01","SAMN05826691","['uncultured_bacterium__EF645667']",0.235623276190246,TRUE,"uncultured_bacterium__EF645667"
"OQYV01.79.1_8/53-401","OQYV01","SAMN04161035","['Anaerobic_bacterium_sk.prop8__Bv2Prop2']",1.29820453982822,TRUE,"Anaerobic_bacterium_sk.prop8__Bv2Prop2"
"OQYV01.79.1_7/4-240","OQYV01","SAMN04161035","['Desulfitibacter_alkalitolerans__DfiAlka2']",1.28346255633203,TRUE,"Desulfitibacter_alkalitolerans__DfiAlka2"
"UPWN01.24549.1_1/1-216","UPWN01","SAMN06112008","['Desulfovibrio_piger__DslPige3']",0.0243887876807884,TRUE,"Desulfovibrio_piger__DslPige3"
"UZUQ01.20713.1_2/64-437","UZUQ01","SAMN00792093","['Bilophila_wadsworthia__BilWads6']",1.50000025001454e-06,TRUE,"Bilophila_wadsworthia__BilWads6"
"UZUQ01.20713.1_1/11-147","UZUQ01","SAMN00792093","['Bilophila_sp._4_1_30__BilSpec3']",0.0170998334302823,TRUE,"Bilophila_sp._4_1_30__BilSpec3"
"UZUQ01.85824.1_1/1-107","UZUQ01","SAMN00792093","['Bilophila_wadsworthia__BilWads6', 'Desulfovibrio_sp._6_1_46AFAA__DsvSp231']",NA,TRUE,"Bilophila_wadsworthia__BilWads6"
"ORJV01.111593.1_1/28-117","ORJV01","SAMN04329778","['uncultured_bacterium__EF645666']",0.0366884261538016,TRUE,"uncultured_bacterium__EF645666"
"OYXV01.7126.1_2/63-436","OYXV01","SAMN06165108","['Desulfovibrio_piger__DslPige3', 'Desulfovibrio_piger__DslPige4']",0.0842710912742298,TRUE,"Desulfovibrio_piger__DslPige3"
"OYXV01.7126.1_3/11-266","OYXV01","SAMN06165108","['uncultured_bacterium__EF645667']",0.207342276190246,TRUE,"uncultured_bacterium__EF645667"
"QWCK01.2333.1_12/64-437","QWCK01","SAMN09866710","['Bilophila_sp._4_1_30__BilSpec3']",0.0077608334302823,TRUE,"Bilophila_sp._4_1_30__BilSpec3"
"QWCK01.2333.1_11/11-266","QWCK01","SAMN09866710","['Bilophila_wadsworthia__BilWads6']",1.50000025001454e-06,TRUE,"Bilophila_wadsworthia__BilWads6"
"QWCK01.15569.1_1/2-300","QWCK01","SAMN09866710","['Anaerobic_bacterium_sk.prop8__Bv2Prop2']",1.26337953982822,TRUE,"Anaerobic_bacterium_sk.prop8__Bv2Prop2"
"QWCK01.15569.1_2/4-240","QWCK01","SAMN09866710","['Desulfitibacter_alkalitolerans__DfiAlka2']",1.26498755633203,TRUE,"Desulfitibacter_alkalitolerans__DfiAlka2"
"QWCK01.98420.1_1/63-161","QWCK01","SAMN09866710","['uncultured_bacterium__EF645667', 'Desulfovibrio_sp._3_1_syn3__DsvSp230', 'Desulfovibrio_sp._6_1_46AFAA__DsvSp231']",NA,TRUE,"uncultured_bacterium__EF645667"
"OWQZ01.36292.1_1/64-195","OWQZ01","SAMEA4378301","['Bilophila_sp._4_1_30__BilSpec3']",0.0246058334302823,TRUE,"Bilophila_sp._4_1_30__BilSpec3"
"OWQZ01.99056.1_2/5-154","OWQZ01","SAMEA4378301","['Desulfitibacter_alkalitolerans__DfiAlka2']",1.20857255633203,TRUE,"Desulfitibacter_alkalitolerans__DfiAlka2"
"USXH01.5185.1_4/30-403","USXH01","SAMN06112058","['Bilophila_wadsworthia__BilWads6']",1.50000025001454e-06,TRUE,"Bilophila_wadsworthia__BilWads6"
"USXH01.5185.1_3/1-253","USXH01","SAMN06112058","['Bilophila_wadsworthia__BilWads6']",1.50000025001454e-06,TRUE,"Bilophila_wadsworthia__BilWads6"
"UZIJ01.18705.1_2/1-105","UZIJ01","SAMN00791928","['Bilophila_wadsworthia__BilWads6', 'Desulfovibrio_piger__DslPige3', 'Desulfovibrio_piger__DslPige4']",NA,TRUE,"Bilophila_wadsworthia__BilWads6"
"ULSS01.29083.1_1/42-415","ULSS01","SAMEA4835714","['Desulfovibrio_piger__DslPige4']",0.0140617876807884,TRUE,"Desulfovibrio_piger__DslPige4"
"ULSS01.50655.1_1/1-193","ULSS01","SAMEA4835714","['uncultured_bacterium__EF645667', 'Desulfovibrio_piger__DslPige3', 'Desulfovibrio_piger__DslPige4']",NA,TRUE,"uncultured_bacterium__EF645667"
"OWBK01.1459.1_7/64-437","OWBK01","SAMEA3708597","['Bilophila_wadsworthia__BilWads6']",1.50000025001454e-06,TRUE,"Bilophila_wadsworthia__BilWads6"
"OWBK01.1459.1_6/11-266","OWBK01","SAMEA3708597","['Bilophila_wadsworthia__BilWads6']",1.50000025001454e-06,TRUE,"Bilophila_wadsworthia__BilWads6"
"OWCQ01.3266.1_4/63-436","OWCQ01","SAMEA3708608","['Desulfovibrio_piger__DslPige3']",0.0721370912742298,TRUE,"Desulfovibrio_piger__DslPige3"
"OWCQ01.3266.1_3/11-266","OWCQ01","SAMEA3708608","['Desulfovibrio_piger__DslPige3', 'Desulfovibrio_piger__DslPige4']",0.0018347876807884,TRUE,"Desulfovibrio_piger__DslPige3"
"UPPO01.21769.1_2/1-214","UPPO01","SAMEA2737740","['Desulfovibrio_piger__DslPige3', 'Desulfovibrio_piger__DslPige4']",NA,TRUE,"Desulfovibrio_piger__DslPige3"
"UPPO01.21769.1_1/34-259","UPPO01","SAMEA2737740","['Desulfovibrio_piger__DslPige3', 'Desulfovibrio_piger__DslPige4']",0.0832650912742298,TRUE,"Desulfovibrio_piger__DslPige3"
"UPPO01.36095.1_2/63-172","UPPO01","SAMEA2737740","['Desulfovibrio_piger__DslPige3']",0.488198787680788,TRUE,"Desulfovibrio_piger__DslPige3"
"UZQF01.18151.1_1/27-294","UZQF01","SAMN00792031","['Moorella_thermoacetica_Y72_copy_2__MooTher5']",7.00372561945668,TRUE,"Moorella_thermoacetica_Y72_copy_2__MooTher5"
"OWRQ01.34225.1_1/49-422","OWRQ01","SAMEA4378260","['Desulfovibrio_piger__DslPige3', 'Desulfovibrio_piger__DslPige4']",0.0913030912742298,TRUE,"Desulfovibrio_piger__DslPige3"
"OWRQ01.54775.1_1/2-195","OWRQ01","SAMEA4378260","['Desulfovibrio_piger__DslPige4']",0.103351787680788,TRUE,"Desulfovibrio_piger__DslPige4"
"UPPC01.47876.1_1/1-182","UPPC01","SAMEA2737742","['Gordonibacter_pamelaeae__GrdPame5']",0.0339292210296696,TRUE,"Gordonibacter_pamelaeae__GrdPame5"
"UPPC01.36258.1_1/13-177","UPPC01","SAMEA2737742","['Bilophila_wadsworthia__BilWads6', 'Bilophila_sp._4_1_30__BilSpec3']",NA,TRUE,"Bilophila_wadsworthia__BilWads6"
"UPPC01.36258.1_2/11-128","UPPC01","SAMEA2737742","['Bilophila_wadsworthia__BilWads6', 'Bilophila_sp._4_1_30__BilSpec3']",NA,TRUE,"Bilophila_wadsworthia__BilWads6"
"OQHN01.1173.1_7/63-436","OQHN01","SAMD00036212","['Desulfovibrio_piger__DslPige3']",0.0202617876807884,TRUE,"Desulfovibrio_piger__DslPige3"
"OQHN01.1173.1_6/11-266","OQHN01","SAMD00036212","['Desulfovibrio_piger__DslPige3', 'Desulfovibrio_piger__DslPige4']",0.0018347876807884,TRUE,"Desulfovibrio_piger__DslPige3"
"OQHN01.1987.1_3/1-101","OQHN01","SAMD00036212","['Bilophila_sp._4_1_30__BilSpec3', 'Bilophila_wadsworthia__BilWads6', 'uncultured_bacterium__EF645667']",NA,TRUE,"Bilophila_sp._4_1_30__BilSpec3"
"OQHN01.1987.1_2/11-141","OQHN01","SAMD00036212","['Bilophila_sp._4_1_30__BilSpec3']",0.0332858334302823,TRUE,"Bilophila_sp._4_1_30__BilSpec3"
"OQHN01.5379.1_1/64-152","OQHN01","SAMD00036212","['Bilophila_sp._4_1_30__BilSpec3']",0.227850833430282,TRUE,"Bilophila_sp._4_1_30__BilSpec3"
"OQHN01.1987.1_1/1-121","OQHN01","SAMD00036212","['Bilophila_wadsworthia__BilWads6', 'Bilophila_sp._4_1_30__BilSpec3', 'uncultured_bacterium__EF645667']",NA,TRUE,"Bilophila_wadsworthia__BilWads6"
"ORUQ01.52391.1_3/51-111","ORUQ01","SAMEA2338785","['Desulfovibrio_piger__DslPige3', 'Desulfovibrio_piger__DslPige4']",0.11568309127423,TRUE,"Desulfovibrio_piger__DslPige3"
"UYLC01.2506.1_7/573-835","UYLC01","SAMN03653688","['Moorella_thermoacetica_Y72_copy_2__MooTher5']",7.75776961945668,TRUE,"Moorella_thermoacetica_Y72_copy_2__MooTher5"
"UPET01.19603.1_3/51-395","UPET01","SAMEA2737724","['Gordonibacter_pamelaeae_7-10-1-b__FP929047']",0.00759969517357038,TRUE,"Gordonibacter_pamelaeae_7-10-1-b__FP929047"
"UPET01.19603.1_4/3-191","UPET01","SAMEA2737724","['Gordonibacter_pamelaeae__GrdPame5']",0.00338522102966964,TRUE,"Gordonibacter_pamelaeae__GrdPame5"
"UELT01.60617.1_1/1-170","UELT01","SAMN06164510","['Desulfitibacter_alkalitolerans__DfiAlka2']",1.43813855633203,TRUE,"Desulfitibacter_alkalitolerans__DfiAlka2"
"OWCK01.571.1_2/11-266","OWCK01","SAMEA3708610","['Desulfovibrio_piger__DslPige3']",0.0203577876807884,TRUE,"Desulfovibrio_piger__DslPige3"
"OWCK01.571.1_1/1-256","OWCK01","SAMEA3708610","['Desulfovibrio_piger__DslPige3', 'Desulfovibrio_piger__DslPige4', 'Desulfovibrio_piger__DslPige2']",NA,TRUE,"Desulfovibrio_piger__DslPige3"
"OWCK01.27177.1_2/1-256","OWCK01","SAMEA3708610","['Bilophila_wadsworthia__BilWads6']",0.115894370502427,TRUE,"Bilophila_wadsworthia__BilWads6"
"OWCK01.1495.1_24/1-122","OWCK01","SAMEA3708610","['Bilophila_wadsworthia__BilWads6', 'Desulfovibrio_sp._6_1_46AFAA__DsvSp231']",NA,TRUE,"Bilophila_wadsworthia__BilWads6"
"OWCK01.65100.1_1/51-185","OWCK01","SAMEA3708610","['Desulfovibrio_piger__DslPige3', 'Desulfovibrio_piger__DslPige4']",NA,TRUE,"Desulfovibrio_piger__DslPige3"
"OWCK01.27177.1_1/11-153","OWCK01","SAMEA3708610","['Bilophila_wadsworthia__BilWads6', 'Bilophila_sp._4_1_30__BilSpec3']",NA,TRUE,"Bilophila_wadsworthia__BilWads6"
"OWCK01.4640.1_1/64-146","OWCK01","SAMEA3708610","['Bilophila_wadsworthia__BilWads6', 'Bilophila_sp._4_1_30__BilSpec3', 'uncultured_bacterium__EF645667', 'Desulfovibrio_piger__DslPige3', 'Desulfovibrio_piger__DslPige4']",NA,TRUE,"Bilophila_wadsworthia__BilWads6"
"ULQE01.12165.1_1/64-152","ULQE01","SAMEA4835647","['Bilophila_wadsworthia__BilWads6', 'Bilophila_sp._4_1_30__BilSpec3', 'uncultured_bacterium__EF645667', 'Desulfovibrio_piger__DslPige3', 'Desulfovibrio_piger__DslPige4']",NA,TRUE,"Bilophila_wadsworthia__BilWads6"
"UERE01.20497.1_1/64-356","UERE01","SAMN06115444","['Bilophila_wadsworthia__BilWads6']",0.310055370502427,TRUE,"Bilophila_wadsworthia__BilWads6"
"UERE01.10283.1_2/11-266","UERE01","SAMN06115444","['Bilophila_sp._4_1_30__BilSpec3']",0.0016698334302823,TRUE,"Bilophila_sp._4_1_30__BilSpec3"
"UERE01.10283.1_1/1-217","UERE01","SAMN06115444","['Bilophila_wadsworthia__BilWads6']",0.0993673705024268,TRUE,"Bilophila_wadsworthia__BilWads6"
"UERE01.55624.1_1/1-78","UERE01","SAMN06115444","['Anaerobic_bacterium_sk.prop8__Bv2Prop2', 'Desulfitibacter_alkalitolerans__DfiAlka2']",NA,TRUE,"Anaerobic_bacterium_sk.prop8__Bv2Prop2"
"UMLJ01.18890.1_1/63-158","UMLJ01","SAMEA4836199","['Desulfovibrio_piger__DslPige4', 'Desulfovibrio_piger__DslPige3', 'uncultured_bacterium__EF645667']",NA,TRUE,"Desulfovibrio_piger__DslPige4"
"UEPF01.202.1_18/64-437","UEPF01","SAMN06115476","['Bilophila_wadsworthia__BilWads6']",1.50000025001454e-06,TRUE,"Bilophila_wadsworthia__BilWads6"
"UEPF01.202.1_19/11-266","UEPF01","SAMN06115476","['Bilophila_sp._4_1_30__BilSpec3']",0.0016698334302823,TRUE,"Bilophila_sp._4_1_30__BilSpec3"
"UXQX01.8197.1_4/63-436","UXQX01","SAMEA2157977","['Desulfovibrio_piger__DslPige3', 'Desulfovibrio_piger__DslPige4']",0.0636800912742298,TRUE,"Desulfovibrio_piger__DslPige3"
"UXQX01.8197.1_3/11-266","UXQX01","SAMEA2157977","['Desulfovibrio_piger__DslPige3']",0.0296887876807884,TRUE,"Desulfovibrio_piger__DslPige3"
"ORMT01.283.1_14/62-435","ORMT01","SAMEA2338727","['uncultured_bacterium__EF645667']",0.471300276190246,TRUE,"uncultured_bacterium__EF645667"
"ORMT01.283.1_13/11-266","ORMT01","SAMEA2338727","['uncultured_bacterium__EF645667']",0.597408276190246,TRUE,"uncultured_bacterium__EF645667"
"ORMT01.74027.1_1/1-252","ORMT01","SAMEA2338727","['Bilophila_wadsworthia__BilWads6', 'Bilophila_sp._4_1_30__BilSpec3']",NA,TRUE,"Bilophila_wadsworthia__BilWads6"
"ORMT01.97804.1_1/11-196","ORMT01","SAMEA2338727","['Bilophila_wadsworthia__BilWads6']",0.112272370502427,TRUE,"Bilophila_wadsworthia__BilWads6"
"UPWX01.71539.1_1/19-124","UPWX01","SAMN06112043","['Bilophila_wadsworthia__BilWads6']",0.184766370502427,TRUE,"Bilophila_wadsworthia__BilWads6"
"ORUW01.6025.1_2/40-291","ORUW01","SAMEA2338816","['Moorella_thermoacetica_Y72_copy_2__MooTher5']",7.61628561945668,TRUE,"Moorella_thermoacetica_Y72_copy_2__MooTher5"
"OQPS01.99764.1_1/1-178","OQPS01","SAMN02712145","['Bilophila_wadsworthia__BilWads6', 'Bilophila_sp._4_1_30__BilSpec3']",NA,TRUE,"Bilophila_wadsworthia__BilWads6"
"OWCL01.34097.1_1/64-144","OWCL01","SAMEA3708650","['Bilophila_wadsworthia__BilWads6', 'Bilophila_sp._4_1_30__BilSpec3', 'uncultured_bacterium__EF645667', 'Desulfovibrio_piger__DslPige3', 'Desulfovibrio_piger__DslPige4']",NA,TRUE,"Bilophila_wadsworthia__BilWads6"
"OPNW01.54167.1_2/11-92","OPNW01","SAMEA2042615","['uncultured_bacterium__EF645667', 'Bilophila_wadsworthia__BilWads6', 'Desulfovibrio_vulgaris__DQ826729']",NA,TRUE,"uncultured_bacterium__EF645667"
"OPNW01.54167.1_1/1-89","OPNW01","SAMEA2042615","['uncultured_bacterium__EF645667', 'Desulfovibrio_piger__DslPige3']",NA,TRUE,"uncultured_bacterium__EF645667"
"UMIO01.2213.1_1/1-186","UMIO01","SAMEA4836127","['Bilophila_wadsworthia__BilWads6', 'Bilophila_sp._4_1_30__BilSpec3']",NA,TRUE,"Bilophila_wadsworthia__BilWads6"
"UMIO01.53462.1_1/1-179","UMIO01","SAMEA4836127","['Gordonibacter_pamelaeae_7-10-1-b__FP929047', 'Gordonibacter_pamelaeae__GrdPame5']",NA,TRUE,"Gordonibacter_pamelaeae_7-10-1-b__FP929047"
"UMIO01.19670.1_1/1-110","UMIO01","SAMEA4836127","['Bilophila_wadsworthia__BilWads6', 'Desulfovibrio_sp._6_1_46AFAA__DsvSp231']",NA,TRUE,"Bilophila_wadsworthia__BilWads6"
"OYVM01.13923.1_1/1-243","OYVM01","SAMN06165017","['Desulfovibrio_piger__DslPige3', 'Desulfovibrio_piger__DslPige4']",0.0782310912742298,TRUE,"Desulfovibrio_piger__DslPige3"
"OYVM01.18595.1_1/10-216","OYVM01","SAMN06165017","['uncultured_bacterium__EF645667']",0.213344276190246,TRUE,"uncultured_bacterium__EF645667"
"USVY01.4041.1_4/2-366","USVY01","SAMN06111988","['Bilophila_sp._4_1_30__BilSpec3']",0.0139658334302823,TRUE,"Bilophila_sp._4_1_30__BilSpec3"
"USVY01.4041.1_3/11-266","USVY01","SAMN06111988","['Bilophila_wadsworthia__BilWads6']",1.50000025001454e-06,TRUE,"Bilophila_wadsworthia__BilWads6"
"OWHN01.1896.1_4/63-436","OWHN01","SAMN04480498","['Desulfovibrio_sp._3_1_syn3__DsvSp230']",0.00163384853285095,TRUE,"Desulfovibrio_sp._3_1_syn3__DsvSp230"
"OWHN01.1896.1_3/11-266","OWHN01","SAMN04480498","['Desulfovibrio_sp._6_1_46AFAA__DsvSp231']",0.0261574179855414,TRUE,"Desulfovibrio_sp._6_1_46AFAA__DsvSp231"
"UESO01.17914.1_2/1-219","UESO01","SAMN06115455","['Bilophila_wadsworthia__BilWads6', 'Bilophila_sp._4_1_30__BilSpec3']",NA,TRUE,"Bilophila_wadsworthia__BilWads6"
"UESO01.7741.1_2/1-120","UESO01","SAMN06115455","['Bilophila_wadsworthia__BilWads6']",0.122150370502427,TRUE,"Bilophila_wadsworthia__BilWads6"
"UESO01.17914.1_1/1-127","UESO01","SAMN06115455","['Bilophila_wadsworthia__BilWads6', 'Bilophila_sp._4_1_30__BilSpec3']",NA,TRUE,"Bilophila_wadsworthia__BilWads6"
"UESO01.33106.1_1/64-124","UESO01","SAMN06115455","['Bilophila_wadsworthia__BilWads6', 'Bilophila_sp._4_1_30__BilSpec3', 'uncultured_bacterium__EF645667', 'Desulfovibrio_piger__DslPige3', 'Desulfovibrio_piger__DslPige4']",NA,TRUE,"Bilophila_wadsworthia__BilWads6"
"OUPL01.271.1_37/63-436","OUPL01","SAMN05194696","['Desulfovibrio_piger__DslPige3', 'Desulfovibrio_piger__DslPige4']",0.0582070912742298,TRUE,"Desulfovibrio_piger__DslPige3"
"OUPL01.271.1_36/11-266","OUPL01","SAMN05194696","['uncultured_bacterium__EF645667']",0.196136276190246,TRUE,"uncultured_bacterium__EF645667"
"OUPL01.13781.1_3/2-135","OUPL01","SAMN05194696","['Desulfitibacter_alkalitolerans__DfiAlka2']",NA,TRUE,"Desulfitibacter_alkalitolerans__DfiAlka2"
"OUPL01.33543.1_2/1-143","OUPL01","SAMN05194696","['Anaerobic_bacterium_sk.prop8__Bv2Prop2']",1.28857453982822,TRUE,"Anaerobic_bacterium_sk.prop8__Bv2Prop2"
"ORJH01.758.1_1/52-399","ORJH01","SAMN04329864","['Anaerobic_bacterium_sk.prop8__Bv2Prop2']",1.16491153982822,TRUE,"Anaerobic_bacterium_sk.prop8__Bv2Prop2"
"ORJH01.758.1_2/7-240","ORJH01","SAMN04329864","['Desulfitibacter_alkalitolerans__DfiAlka2']",0.953887556332035,TRUE,"Desulfitibacter_alkalitolerans__DfiAlka2"
"ORJH01.8009.1_2/2-260","ORJH01","SAMN04329864","['Anaerobic_bacterium_sk.prop8__Bv2Prop2']",1.13670453982822,TRUE,"Anaerobic_bacterium_sk.prop8__Bv2Prop2"
"ORJH01.25097.1_1/1-186","ORJH01","SAMN04329864","['uncultured_bacterium__EF645667', 'uncultured_bacterium__EF645664', 'Desulfovibrio_desulfuricans__DQ092635']",NA,TRUE,"uncultured_bacterium__EF645667"
"ORJH01.14404.1_1/126-276","ORJH01","SAMN04329864","['Bilophila_wadsworthia__BilWads6']",0.149214370502427,TRUE,"Bilophila_wadsworthia__BilWads6"
"ORJH01.8009.1_1/5-110","ORJH01","SAMN04329864","['Desulfitibacter_alkalitolerans__DfiAlka2']",1.31645155633203,TRUE,"Desulfitibacter_alkalitolerans__DfiAlka2"
"OQUT01.17440.1_2/11-266","OQUT01","SAMN06018974","['Bilophila_wadsworthia__BilWads6']",0.0993673705024268,TRUE,"Bilophila_wadsworthia__BilWads6"
"OQUT01.29912.1_1/1-169","OQUT01","SAMN06018974","['Desulfitibacter_alkalitolerans__DfiAlka2']",0.930157556332035,TRUE,"Desulfitibacter_alkalitolerans__DfiAlka2"
"OQUT01.60476.1_1/52-199","OQUT01","SAMN06018974","['Anaerobic_bacterium_sk.prop8__Bv2Prop2', 'Bioreactor_clone__UncS2029']",NA,TRUE,"Anaerobic_bacterium_sk.prop8__Bv2Prop2"
"OQUT01.17440.1_3/1-118","OQUT01","SAMN06018974","['Bilophila_wadsworthia__BilWads6']",NA,TRUE,"Bilophila_wadsworthia__BilWads6"
"USXN01.23536.1_1/20-393","USXN01","SAMN06111971","['Bilophila_wadsworthia__BilWads6']",1.50000025001454e-06,TRUE,"Bilophila_wadsworthia__BilWads6"
"USXN01.8571.1_2/11-266","USXN01","SAMN06111971","['Bilophila_wadsworthia__BilWads6']",0.418017370502427,TRUE,"Bilophila_wadsworthia__BilWads6"
"USXN01.23536.1_2/11-187","USXN01","SAMN06111971","['Bilophila_wadsworthia__BilWads6']",NA,TRUE,"Bilophila_wadsworthia__BilWads6"
"USXN01.8571.1_1/3-215","USXN01","SAMN06111971","['Desulfovibrio_vulgaris__DQ826729']",0.472767911862788,TRUE,"Desulfovibrio_vulgaris__DQ826729"
"UPOI01.21.1_7/62-435","UPOI01","SAMEA2737799","['uncultured_bacterium__EF645667']",0.474586276190246,TRUE,"uncultured_bacterium__EF645667"
"UPOI01.21.1_8/11-266","UPOI01","SAMEA2737799","['uncultured_bacterium__EF645667']",0.597408276190246,TRUE,"uncultured_bacterium__EF645667"
"UPOI01.79256.1_1/1-217","UPOI01","SAMEA2737799","['Bilophila_sp._4_1_30__BilSpec3']",0.0016698334302823,TRUE,"Bilophila_sp._4_1_30__BilSpec3"
"UBPD01.22935.1_1/5-240","UBPD01","SAMN06164763","['Desulfitibacter_alkalitolerans__DfiAlka2']",1.20857255633203,TRUE,"Desulfitibacter_alkalitolerans__DfiAlka2"
"USVB01.687.1_14/64-437","USVB01","SAMN06111940","['Bilophila_wadsworthia__BilWads6']",1.50000025001454e-06,TRUE,"Bilophila_wadsworthia__BilWads6"
"USVB01.687.1_13/1-253","USVB01","SAMN06111940","['Bilophila_wadsworthia__BilWads6']",1.50000025001454e-06,TRUE,"Bilophila_wadsworthia__BilWads6"
"USZI01.11947.1_1/64-437","USZI01","SAMN06112036","['Bilophila_wadsworthia__BilWads6']",1.50000025001454e-06,TRUE,"Bilophila_wadsworthia__BilWads6"
"USZI01.11947.1_2/11-266","USZI01","SAMN06112036","['Bilophila_wadsworthia__BilWads6']",1.50000025001454e-06,TRUE,"Bilophila_wadsworthia__BilWads6"
"UMID01.7125.1_4/64-437","UMID01","SAMEA4836115","['Bilophila_wadsworthia__BilWads6']",1.50000025001454e-06,TRUE,"Bilophila_wadsworthia__BilWads6"
"UMID01.7125.1_3/11-266","UMID01","SAMEA4836115","['Bilophila_wadsworthia__BilWads6']",1.50000025001454e-06,TRUE,"Bilophila_wadsworthia__BilWads6"
"OYBP01.32358.1_2/1-139","OYBP01","SAMN06164467","['Desulfovibrio_piger__DslPige3', 'Desulfovibrio_piger__DslPige4', 'Desulfovibrio_piger__DslPige2']",NA,TRUE,"Desulfovibrio_piger__DslPige3"
"ORRS01.27618.1_2/1-214","ORRS01","SAMEA2338655","['Bilophila_wadsworthia__BilWads6', 'Bilophila_sp._4_1_30__BilSpec3']",NA,TRUE,"Bilophila_wadsworthia__BilWads6"
"ORRS01.27618.1_1/11-119","ORRS01","SAMEA2338655","['Bilophila_wadsworthia__BilWads6', 'Bilophila_sp._4_1_30__BilSpec3']",NA,TRUE,"Bilophila_wadsworthia__BilWads6"
"OWEI01.1856.1_2/64-437","OWEI01","SAMEA3708502","['Bilophila_wadsworthia__BilWads6']",1.50000025001454e-06,TRUE,"Bilophila_wadsworthia__BilWads6"
"OWEI01.1856.1_3/11-266","OWEI01","SAMEA3708502","['Bilophila_wadsworthia__BilWads6']",1.50000025001454e-06,TRUE,"Bilophila_wadsworthia__BilWads6"
"UMIA01.24594.1_2/3-230","UMIA01","SAMEA4836113","['Gordonibacter_pamelaeae__GrdPame5']",0.0384362210296696,TRUE,"Gordonibacter_pamelaeae__GrdPame5"
"UMIA01.23492.1_1/1-232","UMIA01","SAMEA4836113","['Desulfovibrio_piger__DslPige3', 'Desulfovibrio_piger__DslPige4']",NA,TRUE,"Desulfovibrio_piger__DslPige3"
"UMIA01.24594.1_1/1-224","UMIA01","SAMEA4836113","['Gordonibacter_pamelaeae__GrdPame5']",0.256805704393165,TRUE,"Gordonibacter_pamelaeae__GrdPame5"
"UMIA01.63992.1_1/63-199","UMIA01","SAMEA4836113","['Desulfovibrio_piger__DslPige3', 'Desulfovibrio_piger__DslPige4', 'uncultured_bacterium__EF645667']",NA,TRUE,"Desulfovibrio_piger__DslPige3"
"UMIA01.92175.1_1/63-148","UMIA01","SAMEA4836113","['Desulfovibrio_piger__DslPige4', 'Desulfovibrio_piger__DslPige3']",NA,TRUE,"Desulfovibrio_piger__DslPige4"
"ULPV01.38206.1_1/2-136","ULPV01","SAMEA4835638","['Bilophila_wadsworthia__BilWads6', 'Bilophila_sp._4_1_30__BilSpec3']",NA,TRUE,"Bilophila_wadsworthia__BilWads6"
"OVYC01.1140.1_16/64-437","OVYC01","SAMEA3708633","['Bilophila_wadsworthia__BilWads6']",1.50000025001454e-06,TRUE,"Bilophila_wadsworthia__BilWads6"
"OVYC01.1140.1_17/11-266","OVYC01","SAMEA3708633","['Bilophila_wadsworthia__BilWads6']",1.50000025001454e-06,TRUE,"Bilophila_wadsworthia__BilWads6"
"OVYC01.39822.1_1/2-201","OVYC01","SAMEA3708633","['Gordonibacter_pamelaeae__GrdPame5']",NA,TRUE,"Gordonibacter_pamelaeae__GrdPame5"
"UESE01.16769.1_2/10-149","UESE01","SAMN06115489","['Bilophila_sp._4_1_30__BilSpec3']",0.0216948334302823,TRUE,"Bilophila_sp._4_1_30__BilSpec3"
"ULWJ01.52224.1_1/1-125","ULWJ01","SAMEA4835809","['Bilophila_wadsworthia__BilWads6', 'Bilophila_sp._4_1_30__BilSpec3', 'uncultured_bacterium__EF645667']",NA,TRUE,"Bilophila_wadsworthia__BilWads6"
"UMCO01.18247.1_1/1-227","UMCO01","SAMEA4835970","['Bilophila_wadsworthia__BilWads6']",0.115767370502427,TRUE,"Bilophila_wadsworthia__BilWads6"
"OROD01.14480.1_2/63-436","OROD01","SAMEA2338719","['Desulfovibrio_piger__DslPige4']",0.0605200912742298,TRUE,"Desulfovibrio_piger__DslPige4"
"OROD01.59733.1_1/1-208","OROD01","SAMEA2338719","['Desulfovibrio_piger__DslPige4', 'Desulfovibrio_piger__DslPige3']",NA,TRUE,"Desulfovibrio_piger__DslPige4"
"OROD01.112431.1_2/11-142","OROD01","SAMEA2338719","['Bilophila_wadsworthia__BilWads6', 'Bilophila_sp._4_1_30__BilSpec3']",NA,TRUE,"Bilophila_wadsworthia__BilWads6"
"OROD01.14480.1_1/11-75","OROD01","SAMEA2338719","['Desulfovibrio_piger__DslPige3', 'Desulfovibrio_piger__DslPige4', 'uncultured_bacterium__EF645667', 'Bilophila_wadsworthia__BilWads6', 'Desulfovibrio_piger__DslPige2']",NA,TRUE,"Desulfovibrio_piger__DslPige3"
"UESQ01.10887.1_1/64-346","UESQ01","SAMN06115509","['Bilophila_wadsworthia__BilWads6', 'Bilophila_sp._4_1_30__BilSpec3']",NA,TRUE,"Bilophila_wadsworthia__BilWads6"
"UESQ01.10887.1_3/11-264","UESQ01","SAMN06115509","['Bilophila_wadsworthia__BilWads6']",0.01844250000025,TRUE,"Bilophila_wadsworthia__BilWads6"
"UZIZ01.6414.1_4/64-437","UZIZ01","SAMN00791931","['Bilophila_wadsworthia__BilWads6']",1.50000025001454e-06,TRUE,"Bilophila_wadsworthia__BilWads6"
"UZIZ01.6414.1_3/11-266","UZIZ01","SAMN00791931","['Bilophila_wadsworthia__BilWads6']",1.50000025001454e-06,TRUE,"Bilophila_wadsworthia__BilWads6"
"OZJE01.10297.1_1/1-321","OZJE01","SAMN06165243","['Desulfovibrio_piger__DslPige4', 'Desulfovibrio_piger__DslPige3']",NA,TRUE,"Desulfovibrio_piger__DslPige4"
"OZJE01.10297.1_2/11-104","OZJE01","SAMN06165243","['Desulfovibrio_piger__DslPige3', 'Desulfovibrio_piger__DslPige4']",0.159566787680788,TRUE,"Desulfovibrio_piger__DslPige3"
"OWCN01.27922.1_1/2-160","OWCN01","SAMEA3708466","['Bilophila_wadsworthia__BilWads6', 'Bilophila_sp._4_1_30__BilSpec3']",NA,TRUE,"Bilophila_wadsworthia__BilWads6"
"OWCN01.27922.1_2/11-115","OWCN01","SAMEA3708466","['Bilophila_wadsworthia__BilWads6', 'Bilophila_sp._4_1_30__BilSpec3']",NA,TRUE,"Bilophila_wadsworthia__BilWads6"
"OURV01.7142.1_2/11-266","OURV01","SAMEA2338763","['Desulfovibrio_piger__DslPige3', 'Desulfovibrio_piger__DslPige4']",0.0018347876807884,TRUE,"Desulfovibrio_piger__DslPige3"
"OURV01.7142.1_3/286-577","OURV01","SAMEA2338763","['Desulfovibrio_piger__DslPige3', 'Desulfovibrio_piger__DslPige4']",0.0929640912742298,TRUE,"Desulfovibrio_piger__DslPige3"
"OURV01.46246.1_1/64-208","OURV01","SAMEA2338763","['Desulfovibrio_piger__DslPige3', 'Desulfovibrio_piger__DslPige4']",0.0640067876807884,TRUE,"Desulfovibrio_piger__DslPige3"
"UEPE01.363.1_23/64-437","UEPE01","SAMN06115400","['Bilophila_wadsworthia__BilWads6']",1.50000025001454e-06,TRUE,"Bilophila_wadsworthia__BilWads6"
"UEPE01.363.1_22/11-266","UEPE01","SAMN06115400","['Bilophila_sp._4_1_30__BilSpec3']",0.0016698334302823,TRUE,"Bilophila_sp._4_1_30__BilSpec3"
"UADF01.23261.1_1/1-237","UADF01","SAMN06165019","['Desulfovibrio_piger__DslPige4', 'Desulfovibrio_piger__DslPige3']",NA,TRUE,"Desulfovibrio_piger__DslPige4"
"UADF01.34267.1_1/1-162","UADF01","SAMN06165019","['Desulfovibrio_piger__DslPige2']",0.0745885214698588,TRUE,"Desulfovibrio_piger__DslPige2"
"UADF01.18021.1_1/63-177","UADF01","SAMN06165019","['Desulfovibrio_piger__DslPige4', 'Desulfovibrio_piger__DslPige3']",NA,TRUE,"Desulfovibrio_piger__DslPige4"
"UPON01.10616.1_1/64-437","UPON01","SAMEA2737777","['Bilophila_wadsworthia__BilWads6']",1.50000025001454e-06,TRUE,"Bilophila_wadsworthia__BilWads6"
"UPON01.10616.1_2/11-266","UPON01","SAMEA2737777","['Bilophila_wadsworthia__BilWads6']",1.50000025001454e-06,TRUE,"Bilophila_wadsworthia__BilWads6"
"OVYT01.17209.1_1/1-204","OVYT01","SAMEA3708513","['Bilophila_wadsworthia__BilWads6', 'Bilophila_sp._4_1_30__BilSpec3']",NA,TRUE,"Bilophila_wadsworthia__BilWads6"
"OVYT01.11719.1_2/11-192","OVYT01","SAMEA3708513","['Bilophila_sp._4_1_30__BilSpec3', 'Bilophila_wadsworthia__BilWads6']",NA,TRUE,"Bilophila_sp._4_1_30__BilSpec3"
"OWBA01.11660.1_1/64-288","OWBA01","SAMEA3708600","['Bilophila_wadsworthia__BilWads6']",0.100304370502427,TRUE,"Bilophila_wadsworthia__BilWads6"
"UEQF01.9280.1_3/62-435","UEQF01","SAMN06115520","['uncultured_bacterium__EF645667']",0.487547276190246,TRUE,"uncultured_bacterium__EF645667"
"UEQF01.9280.1_2/11-266","UEQF01","SAMN06115520","['uncultured_bacterium__EF645667']",0.583919276190246,TRUE,"uncultured_bacterium__EF645667"
"UEQF01.16921.1_1/276-354","UEQF01","SAMN06115520","['Anaerobic_bacterium_sk.prop8__Bv2Prop2', 'Desulfovibrio_desulfuricans__DslDes24']",NA,TRUE,"Anaerobic_bacterium_sk.prop8__Bv2Prop2"
"ULTY01.70616.1_2/64-437","ULTY01","SAMEA4835746","['Bilophila_wadsworthia__BilWads6']",1.50000025001454e-06,TRUE,"Bilophila_wadsworthia__BilWads6"
"ULTY01.24141.1_3/1-133","ULTY01","SAMEA4835746","['Bilophila_sp._4_1_30__BilSpec3', 'Bilophila_wadsworthia__BilWads6']",NA,TRUE,"Bilophila_sp._4_1_30__BilSpec3"
"ULTY01.70616.1_1/11-119","ULTY01","SAMEA4835746","['Bilophila_wadsworthia__BilWads6', 'Bilophila_sp._4_1_30__BilSpec3']",NA,TRUE,"Bilophila_wadsworthia__BilWads6"
"UEQR01.44109.1_1/64-200","UEQR01","SAMN06115398","['Bilophila_wadsworthia__BilWads6', 'Bilophila_sp._4_1_30__BilSpec3', 'uncultured_bacterium__EF645667', 'Desulfovibrio_piger__DslPige3', 'Desulfovibrio_piger__DslPige4']",NA,TRUE,"Bilophila_wadsworthia__BilWads6"
"UEQR01.54868.1_1/8-138","UEQR01","SAMN06115398","['Bilophila_wadsworthia__BilWads6']",0.121209370502427,TRUE,"Bilophila_wadsworthia__BilWads6"
"OYZN01.1417.1_5/27-294","OYZN01","SAMN06165155","['Moorella_thermoacetica_Y72_copy_2__MooTher5']",7.00372561945668,TRUE,"Moorella_thermoacetica_Y72_copy_2__MooTher5"
"UXSD01.35441.1_1/63-436","UXSD01","SAMEA2158468","['Desulfovibrio_piger__DslPige3']",0.0265657876807884,TRUE,"Desulfovibrio_piger__DslPige3"
"UXSD01.88986.1_1/6-257","UXSD01","SAMEA2158468","['Anaerobic_bacterium_sk.prop8__Bv2Prop2']",NA,TRUE,"Anaerobic_bacterium_sk.prop8__Bv2Prop2"
"UXSD01.108399.1_1/11-186","UXSD01","SAMEA2158468","['Desulfovibrio_piger__DslPige3']",0.0743310912742298,TRUE,"Desulfovibrio_piger__DslPige3"
"UXSD01.47641.1_1/1-118","UXSD01","SAMEA2158468","['uncultured_bacterium__EF645667', 'Desulfovibrio_piger__DslPige4', 'Desulfovibrio_piger__DslPige3']",NA,TRUE,"uncultured_bacterium__EF645667"
"UPEQ01.15203.1_3/96-469","UPEQ01","SAMEA2737677","['uncultured_bacterium__EF645667']",0.085775677392887,TRUE,"uncultured_bacterium__EF645667"
"UPEQ01.12546.1_3/51-395","UPEQ01","SAMEA2737677","['Gordonibacter_pamelaeae__GrdPame5']",0.254254704393165,TRUE,"Gordonibacter_pamelaeae__GrdPame5"
"UPEQ01.935.1_17/52-399","UPEQ01","SAMEA2737677","['Anaerobic_bacterium_sk.prop8__Bv2Prop2']",1.13785253982822,TRUE,"Anaerobic_bacterium_sk.prop8__Bv2Prop2"
"UPEQ01.33424.1_2/11-266","UPEQ01","SAMEA2737677","['Bilophila_wadsworthia__BilWads6']",0.366933370502427,TRUE,"Bilophila_wadsworthia__BilWads6"
"UPEQ01.15203.1_2/11-266","UPEQ01","SAMEA2737677","['uncultured_bacterium__EF645667']",0.143520170607274,TRUE,"uncultured_bacterium__EF645667"
"UPEQ01.935.1_18/7-240","UPEQ01","SAMEA2737677","['Desulfitibacter_alkalitolerans__DfiAlka2']",0.957423556332035,TRUE,"Desulfitibacter_alkalitolerans__DfiAlka2"
"UPEQ01.12614.1_2/63-280","UPEQ01","SAMEA2737677","['Desulfovibrio_vulgaris__DQ826729']",0.357934911862788,TRUE,"Desulfovibrio_vulgaris__DQ826729"
"UPEQ01.12546.1_5/2-149","UPEQ01","SAMEA2737677","['Gordonibacter_pamelaeae__GrdPame5']",NA,TRUE,"Gordonibacter_pamelaeae__GrdPame5"
"UPEQ01.33424.1_1/1-125","UPEQ01","SAMEA2737677","['Desulfovibrio_vulgaris__DQ826729']",0.378845911862788,TRUE,"Desulfovibrio_vulgaris__DQ826729"
"QZLX01.42986.1_2/1-112","QZLX01","SAMN06699323","['Gordonibacter_pamelaeae__GrdPame5']",0.0602422210296696,TRUE,"Gordonibacter_pamelaeae__GrdPame5"
"UEQP01.4185.1_6/65-438","UEQP01","SAMN06115539","['Desulfovibrio_piger__DslPige3', 'Desulfovibrio_piger__DslPige4']",0.0018347876807884,TRUE,"Desulfovibrio_piger__DslPige3"
"UEQP01.4185.1_5/11-266","UEQP01","SAMN06115539","['Desulfovibrio_piger__DslPige3', 'Desulfovibrio_piger__DslPige4']",0.0018347876807884,TRUE,"Desulfovibrio_piger__DslPige3"
"UEQP01.51389.1_1/1-118","UEQP01","SAMN06115539","['Bilophila_wadsworthia__BilWads6', 'Desulfovibrio_sp._6_1_46AFAA__DsvSp231']",NA,TRUE,"Bilophila_wadsworthia__BilWads6"
"BAAU01.16098.1_1/11-240","BAAU01","SAMD00036524","['Bilophila_wadsworthia__BilWads6']",0.108964370502427,TRUE,"Bilophila_wadsworthia__BilWads6"
"BAAU01.16097.1_1/1-189","BAAU01","SAMD00036524","['Bilophila_wadsworthia__BilWads6']",0.197721370502427,TRUE,"Bilophila_wadsworthia__BilWads6"
"ORRP01.21980.1_3/58-343","ORRP01","SAMEA2338678","['Anaerobic_bacterium_sk.prop8__Bv2Prop2']",1.19006853982822,TRUE,"Anaerobic_bacterium_sk.prop8__Bv2Prop2"
"ORRP01.31677.1_3/2-181","ORRP01","SAMEA2338678","['Anaerobic_bacterium_sk.prop8__Bv2Prop2']",NA,TRUE,"Anaerobic_bacterium_sk.prop8__Bv2Prop2"
"UZVP01.7368.1_3/63-436","UZVP01","SAMN00993243","['Desulfovibrio_sp._Dsv1__DsvSp233']",0.0423847640998852,TRUE,"Desulfovibrio_sp._Dsv1__DsvSp233"
"UZIG01.5433.1_1/65-438","UZIG01","SAMN00791932","['Desulfovibrio_piger__DslPige4']",0.11294309127423,TRUE,"Desulfovibrio_piger__DslPige4"
"UZIG01.5433.1_2/11-149","UZIG01","SAMN00791932","['Desulfovibrio_piger__DslPige4', 'Desulfovibrio_piger__DslPige3']",NA,TRUE,"Desulfovibrio_piger__DslPige4"
"OUQM01.29437.1_1/54-283","OUQM01","SAMN05194706","['Bilophila_sp._4_1_30__BilSpec3']",0.0126928334302823,TRUE,"Bilophila_sp._4_1_30__BilSpec3"
"UZQV01.14051.1_2/51-424","UZQV01","SAMN00792024","['Desulfovibrio_piger__DslPige3', 'Desulfovibrio_piger__DslPige4']",0.0575660912742298,TRUE,"Desulfovibrio_piger__DslPige3"
"UZQV01.8788.1_3/64-437","UZQV01","SAMN00792024","['Bilophila_wadsworthia__BilWads6']",1.50000025001454e-06,TRUE,"Bilophila_wadsworthia__BilWads6"
"UZQV01.14051.1_1/11-266","UZQV01","SAMN00792024","['Desulfovibrio_piger__DslPige3', 'Desulfovibrio_piger__DslPige4']",0.0018347876807884,TRUE,"Desulfovibrio_piger__DslPige3"
"UZQV01.8788.1_4/11-154","UZQV01","SAMN00792024","['Bilophila_wadsworthia__BilWads6', 'Bilophila_sp._4_1_30__BilSpec3']",NA,TRUE,"Bilophila_wadsworthia__BilWads6"
"UZKF01.32914.1_1/2-143","UZKF01","SAMN00715229","['Bilophila_sp._4_1_30__BilSpec3']",0.0157768334302823,TRUE,"Bilophila_sp._4_1_30__BilSpec3"
"UZKF01.32914.1_2/1-98","UZKF01","SAMN00715229","['Bilophila_wadsworthia__BilWads6', 'Bilophila_sp._4_1_30__BilSpec3']",NA,TRUE,"Bilophila_wadsworthia__BilWads6"
"UZKF01.16237.1_1/79-139","UZKF01","SAMN00715229","['Bilophila_wadsworthia__BilWads6', 'Bilophila_sp._4_1_30__BilSpec3', 'uncultured_bacterium__EF645667', 'Desulfovibrio_piger__DslPige3', 'Desulfovibrio_piger__DslPige4']",NA,TRUE,"Bilophila_wadsworthia__BilWads6"
"OQAC01.14863.1_1/1-94","OQAC01","SAMD00036251","['Bilophila_wadsworthia__BilWads6', 'Bilophila_sp._4_1_30__BilSpec3', 'Desulfovibrio_sp._6_1_46AFAA__DsvSp231', 'uncultured_bacterium__EF645667']",NA,TRUE,"Bilophila_wadsworthia__BilWads6"
"ORVC01.473.1_39/64-437","ORVC01","SAMEA2338800","['Bilophila_wadsworthia__BilWads6']",1.50000025001454e-06,TRUE,"Bilophila_wadsworthia__BilWads6"
"ORVC01.473.1_38/11-266","ORVC01","SAMEA2338800","['Bilophila_sp._4_1_30__BilSpec3']",0.0016698334302823,TRUE,"Bilophila_sp._4_1_30__BilSpec3"
"OQGU01.21500.1_3/1-128","OQGU01","SAMD00036215","['Bilophila_wadsworthia__BilWads6', 'Bilophila_sp._4_1_30__BilSpec3', 'uncultured_bacterium__EF645667']",NA,TRUE,"Bilophila_wadsworthia__BilWads6"
"OQGU01.21500.1_2/8-107","OQGU01","SAMD00036215","['Bilophila_sp._4_1_30__BilSpec3']",0.0686388334302823,TRUE,"Bilophila_sp._4_1_30__BilSpec3"
"OQGU01.21500.1_1/1-62","OQGU01","SAMD00036215","['Bilophila_sp._4_1_30__BilSpec3']",0.0542988334302823,TRUE,"Bilophila_sp._4_1_30__BilSpec3"
"OWAK01.1568.1_12/64-437","OWAK01","SAMEA3708575","['Bilophila_wadsworthia__BilWads6']",1.50000025001454e-06,TRUE,"Bilophila_wadsworthia__BilWads6"
"OWAK01.1568.1_11/11-266","OWAK01","SAMEA3708575","['Bilophila_wadsworthia__BilWads6']",1.50000025001454e-06,TRUE,"Bilophila_wadsworthia__BilWads6"
"ORMO01.51110.1_2/51-142","ORMO01","SAMEA2338736","['Gordonibacter_pamelaeae__GrdPame5']",0.0324302210296696,TRUE,"Gordonibacter_pamelaeae__GrdPame5"
"OWFG01.5623.1_3/63-436","OWFG01","SAMEA3708707","['Desulfovibrio_piger__DslPige3', 'Desulfovibrio_piger__DslPige4']",0.0569640912742298,TRUE,"Desulfovibrio_piger__DslPige3"
"OWFG01.5623.1_2/11-266","OWFG01","SAMEA3708707","['uncultured_bacterium__EF645667']",0.166935276190246,TRUE,"uncultured_bacterium__EF645667"
"UZNE01.28166.1_1/3-205","UZNE01","SAMN00715136","['Desulfovibrio_piger__DslPige3', 'Desulfovibrio_piger__DslPige4']",0.16780209127423,TRUE,"Desulfovibrio_piger__DslPige3"
"UZNE01.14976.1_1/64-207","UZNE01","SAMN00715136","['uncultured_bacterium__EF645667']",NA,TRUE,"uncultured_bacterium__EF645667"
"UMDR01.1984.1_2/11-98","UMDR01","SAMEA4835999","['Desulfovibrio_sp._6_1_46AFAA__DsvSp231']",NA,TRUE,"Desulfovibrio_sp._6_1_46AFAA__DsvSp231"
"UMDR01.1984.1_1/1-91","UMDR01","SAMEA4835999","['Desulfovibrio_sp._3_1_syn3__DsvSp230', 'Desulfovibrio_sp._6_1_46AFAA__DsvSp231']",NA,TRUE,"Desulfovibrio_sp._3_1_syn3__DsvSp230"
"UZQP01.55993.1_1/54-161","UZQP01","SAMN00792028","['Anaerobic_bacterium_sk.prop8__Bv2Prop2', 'Archaeoglobus_sulfaticallidus__ArgSulfa']",NA,TRUE,"Anaerobic_bacterium_sk.prop8__Bv2Prop2"
"OQVA01.80770.1_1/6-173","OQVA01","SAMN06018972","['Desulfitibacter_alkalitolerans__DfiAlka2']",0.953887556332035,TRUE,"Desulfitibacter_alkalitolerans__DfiAlka2"
"OQVA01.80770.1_2/1-188","OQVA01","SAMN06018972","['Anaerobic_bacterium_sk.prop8__Bv2Prop2']",1.10572753982822,TRUE,"Anaerobic_bacterium_sk.prop8__Bv2Prop2"
"OQVA01.43960.1_3/50-142","OQVA01","SAMN06018972","['Anaerobic_bacterium_sk.prop8__Bv2Prop2', 'Bioreactor_clone__UncS2029']",NA,TRUE,"Anaerobic_bacterium_sk.prop8__Bv2Prop2"
"OQVA01.47546.1_2/25-294","OQVA01","SAMN06018972","['Moorella_thermoacetica_Y72_copy_2__MooTher5']",7.09199061945668,TRUE,"Moorella_thermoacetica_Y72_copy_2__MooTher5"
"ULXB01.27377.1_2/1-192","ULXB01","SAMEA4835828","['Bilophila_wadsworthia__BilWads6', 'Bilophila_sp._4_1_30__BilSpec3']",NA,TRUE,"Bilophila_wadsworthia__BilWads6"
"UZUI01.6927.1_2/64-437","UZUI01","SAMN00792051","['Bilophila_wadsworthia__BilWads6']",1.50000025001454e-06,TRUE,"Bilophila_wadsworthia__BilWads6"
"UMHA01.50577.1_1/1-173","UMHA01","SAMEA4836085","['Bilophila_wadsworthia__BilWads6', 'Bilophila_sp._4_1_30__BilSpec3']",NA,TRUE,"Bilophila_wadsworthia__BilWads6"
"UMHA01.18317.1_1/27-293","UMHA01","SAMEA4836085","['Moorella_thermoacetica_Y72_copy_2__MooTher5']",6.73074261945668,TRUE,"Moorella_thermoacetica_Y72_copy_2__MooTher5"
"JABLTP01.70955.1_1/64-128","JABLTP01","SAMN14651227","['Bilophila_wadsworthia__BilWads6', 'Bilophila_sp._4_1_30__BilSpec3', 'uncultured_bacterium__EF645667', 'Desulfovibrio_piger__DslPige3', 'Desulfovibrio_piger__DslPige4']",NA,TRUE,"Bilophila_wadsworthia__BilWads6"
"OZEL01.46926.1_1/6-187","OZEL01","SAMN06165007","['Desulfovibrio_africanus__DslAfri3']",0.0642799795549887,TRUE,"Desulfovibrio_africanus__DslAfri3"
"OZEL01.41579.1_2/11-107","OZEL01","SAMN06165007","['Desulfovibrio_desulfuricans__DslDes17', 'Desulfovibrio_desulfuricans_subsp._desulfuricans_str._ATCC_27774__CP001358']",NA,TRUE,"Desulfovibrio_desulfuricans__DslDes17"
"OZEL01.41579.1_1/1-98","OZEL01","SAMN06165007","['uncultured_bacterium__EF645667', 'Desulfovibrio_desulfuricans_subsp._desulfuricans_str._ATCC_27774__CP001358']",NA,TRUE,"uncultured_bacterium__EF645667"
"ULVH01.38454.1_1/5-240","ULVH01","SAMEA4835781","['Desulfitibacter_alkalitolerans__DfiAlka2']",1.27797155633203,TRUE,"Desulfitibacter_alkalitolerans__DfiAlka2"
"UPMU01.6167.1_4/63-436","UPMU01","SAMEA2737830","['Desulfovibrio_piger__DslPige3', 'Desulfovibrio_piger__DslPige4']",0.0788650912742298,TRUE,"Desulfovibrio_piger__DslPige3"
"UPMU01.6167.1_3/11-266","UPMU01","SAMEA2737830","['Desulfovibrio_piger__DslPige3', 'Desulfovibrio_piger__DslPige4']",0.0018347876807884,TRUE,"Desulfovibrio_piger__DslPige3"
"JABLTL01.5000.1_5/62-435","JABLTL01","SAMN14651223","['uncultured_bacterium__EF645667']",0.471300276190246,TRUE,"uncultured_bacterium__EF645667"
"JABLTL01.5000.1_4/11-266","JABLTL01","SAMN14651223","['uncultured_bacterium__EF645667']",0.597408276190246,TRUE,"uncultured_bacterium__EF645667"
"OWFX01.884.1_11/64-437","OWFX01","SAMEA3708667","['Bilophila_wadsworthia__BilWads6']",1.50000025001454e-06,TRUE,"Bilophila_wadsworthia__BilWads6"
"OWFX01.884.1_12/11-266","OWFX01","SAMEA3708667","['Bilophila_sp._4_1_30__BilSpec3']",0.0016698334302823,TRUE,"Bilophila_sp._4_1_30__BilSpec3"
"UZPK01.8576.1_1/63-436","UZPK01","SAMN00791957","['Desulfovibrio_piger__DslPige4']",0.0594490912742298,TRUE,"Desulfovibrio_piger__DslPige4"
"UZPK01.8576.1_2/11-266","UZPK01","SAMN00791957","['Desulfovibrio_piger__DslPige3', 'Desulfovibrio_piger__DslPige4']",0.0923110912742298,TRUE,"Desulfovibrio_piger__DslPige3"
"OWGU01.69597.1_1/11-137","OWGU01","SAMEA3708571","['Bilophila_wadsworthia__BilWads6', 'Bilophila_sp._4_1_30__BilSpec3']",NA,TRUE,"Bilophila_wadsworthia__BilWads6"
"OWGU01.36263.1_1/62-159","OWGU01","SAMEA3708571","['uncultured_bacterium__EF645667', 'Candidatus_Desulfovibrio_trichonymphae', 'Bilophila_wadsworthia__BilWads6']",NA,TRUE,"uncultured_bacterium__EF645667"
"OWGU01.56728.1_2/11-115","OWGU01","SAMEA3708571","['uncultured_bacterium__EF645667']",0.610494276190246,TRUE,"uncultured_bacterium__EF645667"
"OWGU01.35265.1_1/1-82","OWGU01","SAMEA3708571","['uncultured_bacterium__EF645667']",0.478654276190246,TRUE,"uncultured_bacterium__EF645667"
"USUM01.40276.1_1/4-259","USUM01","SAMN06112030","['Bilophila_wadsworthia__BilWads6']",1.50000025001454e-06,TRUE,"Bilophila_wadsworthia__BilWads6"
"USUM01.47655.1_1/64-224","USUM01","SAMN06112030","['Bilophila_wadsworthia__BilWads6', 'Bilophila_sp._4_1_30__BilSpec3', 'uncultured_bacterium__EF645667', 'Desulfovibrio_piger__DslPige3', 'Desulfovibrio_piger__DslPige4']",NA,TRUE,"Bilophila_wadsworthia__BilWads6"
"USUM01.61059.1_1/1-145","USUM01","SAMN06112030","['Bilophila_sp._4_1_30__BilSpec3']",0.0151728334302823,TRUE,"Bilophila_sp._4_1_30__BilSpec3"
"UEQZ01.360.1_1/58-431","UEQZ01","SAMN06115401","['Bilophila_sp._4_1_30__BilSpec3']",0.0261138334302823,TRUE,"Bilophila_sp._4_1_30__BilSpec3"
"UEQZ01.360.1_2/11-266","UEQZ01","SAMN06115401","['Bilophila_sp._4_1_30__BilSpec3']",0.0108528334302823,TRUE,"Bilophila_sp._4_1_30__BilSpec3"
"ORRH01.29012.1_1/64-166","ORRH01","SAMEA2338633","['Bilophila_wadsworthia__BilWads6', 'Bilophila_sp._4_1_30__BilSpec3', 'uncultured_bacterium__EF645667', 'Desulfovibrio_piger__DslPige3', 'Desulfovibrio_piger__DslPige4']",NA,TRUE,"Bilophila_wadsworthia__BilWads6"
"ORPJ01.6141.1_4/63-436","ORPJ01","SAMEA2338717","['Desulfovibrio_piger__DslPige3', 'Desulfovibrio_piger__DslPige4']",0.0470370912742298,TRUE,"Desulfovibrio_piger__DslPige3"
"UZPL01.17903.1_1/1-115","UZPL01","SAMN00792043","['Bilophila_sp._4_1_30__BilSpec3', 'Bilophila_wadsworthia__BilWads6', 'uncultured_bacterium__EF645667']",NA,TRUE,"Bilophila_sp._4_1_30__BilSpec3"
"OQAA01.35282.1_1/11-148","OQAA01","SAMD00036237","['Bilophila_sp._4_1_30__BilSpec3']",1.04396483343028,TRUE,"Bilophila_sp._4_1_30__BilSpec3"
"UEOK01.185.1_32/63-436","UEOK01","SAMN06115499","['Desulfovibrio_piger__DslPige3', 'Desulfovibrio_piger__DslPige4']",0.0532650912742298,TRUE,"Desulfovibrio_piger__DslPige3"
"UEOK01.185.1_37/63-436","UEOK01","SAMN06115499","['Desulfovibrio_piger__DslPige3']",0.0719730912742298,TRUE,"Desulfovibrio_piger__DslPige3"
"UEOK01.185.1_33/11-266","UEOK01","SAMN06115499","['uncultured_bacterium__EF645667']",0.195194276190246,TRUE,"uncultured_bacterium__EF645667"
"UEOK01.185.1_38/11-266","UEOK01","SAMN06115499","['uncultured_bacterium__EF645667']",0.195194276190246,TRUE,"uncultured_bacterium__EF645667"
"UEOK01.19954.1_1/64-200","UEOK01","SAMN06115499","['Bilophila_wadsworthia__BilWads6', 'Bilophila_sp._4_1_30__BilSpec3', 'uncultured_bacterium__EF645667', 'Desulfovibrio_piger__DslPige3', 'Desulfovibrio_piger__DslPige4']",NA,TRUE,"Bilophila_wadsworthia__BilWads6"
"UEOK01.53271.1_1/15-169","UEOK01","SAMN06115499","['Bilophila_wadsworthia__BilWads6', 'Bilophila_sp._4_1_30__BilSpec3']",NA,TRUE,"Bilophila_wadsworthia__BilWads6"
"OVMZ01.15784.1_3/11-266","OVMZ01","SAMN06016411","['Bilophila_wadsworthia__BilWads6']",1.50000025001454e-06,TRUE,"Bilophila_wadsworthia__BilWads6"
"OVMZ01.62794.1_1/1-225","OVMZ01","SAMN06016411","['Bilophila_wadsworthia__BilWads6']",0.0993673705024268,TRUE,"Bilophila_wadsworthia__BilWads6"
"UXJM01.45505.1_1/1-212","UXJM01","SAMEA2162182","['Bilophila_wadsworthia__BilWads6', 'Bilophila_sp._4_1_30__BilSpec3']",NA,TRUE,"Bilophila_wadsworthia__BilWads6"
"USWI01.610.1_3/63-436","USWI01","SAMN06112071","['Desulfovibrio_piger__DslPige3']",0.0204197876807884,TRUE,"Desulfovibrio_piger__DslPige3"
"USWI01.610.1_2/11-266","USWI01","SAMN06112071","['Desulfovibrio_piger__DslPige3', 'Desulfovibrio_piger__DslPige4']",0.0018347876807884,TRUE,"Desulfovibrio_piger__DslPige3"
"USWI01.28726.1_1/1-247","USWI01","SAMN06112071","['uncultured_bacterium__EF645667']",NA,TRUE,"uncultured_bacterium__EF645667"
"USWI01.17877.1_2/11-265","USWI01","SAMN06112071","['Bilophila_wadsworthia__BilWads6']",0.389826370502427,TRUE,"Bilophila_wadsworthia__BilWads6"
"USWI01.17877.1_1/10-208","USWI01","SAMN06112071","['Desulfovibrio_vulgaris__DQ826729']",0.433491911862788,TRUE,"Desulfovibrio_vulgaris__DQ826729"
"UBPK01.46288.1_1/1-203","UBPK01","SAMN06164551","['Anaerobic_bacterium_sk.prop8__Bv2Prop2']",NA,TRUE,"Anaerobic_bacterium_sk.prop8__Bv2Prop2"
"OWPX01.6690.1_5/63-436","OWPX01","SAMEA4378318","['Bilophila_wadsworthia__BilWads6']",1.50000025001454e-06,TRUE,"Bilophila_wadsworthia__BilWads6"
"OWPX01.6690.1_4/11-266","OWPX01","SAMEA4378318","['Bilophila_sp._4_1_30__BilSpec3']",0.0016698334302823,TRUE,"Bilophila_sp._4_1_30__BilSpec3"
"OWPX01.52626.1_2/6-156","OWPX01","SAMEA4378318","['Desulfitibacter_alkalitolerans__DfiAlka2']",1.06858355633203,TRUE,"Desulfitibacter_alkalitolerans__DfiAlka2"
"OWGO01.2715.1_13/64-437","OWGO01","SAMEA3708651","['Bilophila_wadsworthia__BilWads6']",1.50000025001454e-06,TRUE,"Bilophila_wadsworthia__BilWads6"
"OWGO01.2715.1_12/11-266","OWGO01","SAMEA3708651","['Bilophila_wadsworthia__BilWads6']",1.50000025001454e-06,TRUE,"Bilophila_wadsworthia__BilWads6"
"UZLV01.11752.1_1/64-437","UZLV01","SAMN00715224","['Bilophila_sp._4_1_30__BilSpec3']",0.0200908334302823,TRUE,"Bilophila_sp._4_1_30__BilSpec3"
"UZRK01.30711.1_2/7-171","UZRK01","SAMN00791970","['uncultured_bacterium__EF645667']",NA,TRUE,"uncultured_bacterium__EF645667"
"UZRK01.30711.1_1/11-81","UZRK01","SAMN00791970","['uncultured_bacterium__EF645667']",NA,TRUE,"uncultured_bacterium__EF645667"
"UZMO01.24259.1_1/11-137","UZMO01","SAMN00715236","['uncultured_bacterium__EF645667']",0.597408276190246,TRUE,"uncultured_bacterium__EF645667"
"UZMO01.24259.1_2/1-110","UZMO01","SAMN00715236","['uncultured_bacterium__EF645667']",0.618967276190246,TRUE,"uncultured_bacterium__EF645667"
"UESP01.1252.1_3/63-436","UESP01","SAMN06115443","['Desulfovibrio_piger__DslPige3', 'Desulfovibrio_piger__DslPige4']",0.0788650912742298,TRUE,"Desulfovibrio_piger__DslPige3"
"UESP01.2631.1_1/64-437","UESP01","SAMN06115443","['Bilophila_wadsworthia__BilWads6']",1.50000025001454e-06,TRUE,"Bilophila_wadsworthia__BilWads6"
"UESP01.13209.1_1/63-432","UESP01","SAMN06115443","['Desulfovibrio_vulgaris__DQ826729']",0.434694909358552,TRUE,"Desulfovibrio_vulgaris__DQ826729"
"UESP01.2631.1_2/11-266","UESP01","SAMN06115443","['Bilophila_wadsworthia__BilWads6']",1.50000025001454e-06,TRUE,"Bilophila_wadsworthia__BilWads6"
"UESP01.1252.1_2/11-266","UESP01","SAMN06115443","['Desulfovibrio_piger__DslPige3', 'Desulfovibrio_piger__DslPige4']",0.0018347876807884,TRUE,"Desulfovibrio_piger__DslPige3"
"UESP01.32728.1_1/1-246","UESP01","SAMN06115443","['Bilophila_wadsworthia__BilWads6']",NA,TRUE,"Bilophila_wadsworthia__BilWads6"
"UPEJ01.108737.1_1/1-186","UPEJ01","SAMEA2737700","['uncultured_bacterium__EF645667']",0.42417170944906,TRUE,"uncultured_bacterium__EF645667"
"UPEJ01.81029.1_1/1-213","UPEJ01","SAMEA2737700","['Bilophila_wadsworthia__BilWads6']",0.123293370502427,TRUE,"Bilophila_wadsworthia__BilWads6"
"UPEJ01.78661.1_1/2-142","UPEJ01","SAMEA2737700","['Bilophila_wadsworthia__BilWads6']",0.239889370502427,TRUE,"Bilophila_wadsworthia__BilWads6"
"UPEJ01.102909.1_1/91-194","UPEJ01","SAMEA2737700","['Anaerobic_bacterium_sk.prop8__Bv2Prop2', 'Thermodesulfobium_narugense__CP002690', 'MSW_digester_clone__Unc01cxc']",NA,TRUE,"Anaerobic_bacterium_sk.prop8__Bv2Prop2"
"UPEJ01.115662.1_1/1-92","UPEJ01","SAMEA2737700","['uncultured_bacterium__EF645667']",NA,TRUE,"uncultured_bacterium__EF645667"
"OOXG01.35465.1_1/64-171","OOXG01","SAMEA2042830","['Bilophila_wadsworthia__BilWads6']",0.196911370502427,TRUE,"Bilophila_wadsworthia__BilWads6"
"ULTP01.25454.1_2/17-181","ULTP01","SAMEA4835737","['Bilophila_wadsworthia__BilWads6', 'Bilophila_sp._4_1_30__BilSpec3']",NA,TRUE,"Bilophila_wadsworthia__BilWads6"
"OWEG01.46633.1_1/11-218","OWEG01","SAMEA3708547","['Bilophila_wadsworthia__BilWads6']",NA,TRUE,"Bilophila_wadsworthia__BilWads6"
"UZTF01.33942.1_1/1-124","UZTF01","SAMN00792115","['Bilophila_sp._4_1_30__BilSpec3']",0.0174618334302823,TRUE,"Bilophila_sp._4_1_30__BilSpec3"
"ULVW01.70081.1_1/13-177","ULVW01","SAMEA4835796","['Desulfovibrio_piger__DslPige3', 'Desulfovibrio_piger__DslPige4']",NA,TRUE,"Desulfovibrio_piger__DslPige3"
"ULVW01.7162.1_2/6-154","ULVW01","SAMEA4835796","['Desulfitibacter_alkalitolerans__DfiAlka2']",1.03542455633203,TRUE,"Desulfitibacter_alkalitolerans__DfiAlka2"
"ULVW01.7162.1_1/3-137","ULVW01","SAMEA4835796","['Anaerobic_bacterium_sk.prop8__Bv2Prop2']",1.13785253982822,TRUE,"Anaerobic_bacterium_sk.prop8__Bv2Prop2"
"ULVW01.90315.1_1/1-81","ULVW01","SAMEA4835796","['Bilophila_wadsworthia__BilWads6', 'Desulfovibrio_piger__DslPige3', 'Desulfovibrio_piger__DslPige4', 'uncultured_bacterium__EF645667']",NA,TRUE,"Bilophila_wadsworthia__BilWads6"
"ULVW01.88470.1_1/63-142","ULVW01","SAMEA4835796","['Desulfovibrio_piger__DslPige4', 'Desulfovibrio_piger__DslPige3']",NA,TRUE,"Desulfovibrio_piger__DslPige4"
"UESG01.662.1_20/64-437","UESG01","SAMN06115514","['Bilophila_wadsworthia__BilWads6']",1.50000025001454e-06,TRUE,"Bilophila_wadsworthia__BilWads6"
"UESG01.662.1_19/1-253","UESG01","SAMN06115514","['Bilophila_wadsworthia__BilWads6']",1.50000025001454e-06,TRUE,"Bilophila_wadsworthia__BilWads6"
"UZNZ01.10405.1_1/1-303","UZNZ01","SAMN00791976","['Desulfovibrio_piger__DslPige3', 'Desulfovibrio_piger__DslPige4']",NA,TRUE,"Desulfovibrio_piger__DslPige3"
"UZNZ01.10405.1_2/1-253","UZNZ01","SAMN00791976","['Desulfovibrio_piger__DslPige4']",0.11477909127423,TRUE,"Desulfovibrio_piger__DslPige4"
"UZNZ01.13126.1_3/65-148","UZNZ01","SAMN00791976","['Desulfovibrio_piger__DslPige4', 'Desulfovibrio_piger__DslPige3']",NA,TRUE,"Desulfovibrio_piger__DslPige4"
"ORSM01.42699.1_2/2-137","ORSM01","SAMEA2338784","['Desulfovibrio_piger__DslPige3', 'Desulfovibrio_piger__DslPige4']",0.0765100912742298,TRUE,"Desulfovibrio_piger__DslPige3"
"ORSM01.43315.1_1/51-154","ORSM01","SAMEA2338784","['Gordonibacter_pamelaeae__GrdPame5']",NA,TRUE,"Gordonibacter_pamelaeae__GrdPame5"
"ULZK01.4358.1_1/64-176","ULZK01","SAMEA4835887","['Bilophila_wadsworthia__BilWads6', 'Bilophila_sp._4_1_30__BilSpec3', 'uncultured_bacterium__EF645667', 'Desulfovibrio_piger__DslPige3', 'Desulfovibrio_piger__DslPige4']",NA,TRUE,"Bilophila_wadsworthia__BilWads6"
"ULUT01.40576.1_1/1-232","ULUT01","SAMEA4835766","['Desulfovibrio_piger__DslPige3', 'Desulfovibrio_piger__DslPige4']",NA,TRUE,"Desulfovibrio_piger__DslPige3"
"ULUT01.26547.1_1/1-170","ULUT01","SAMEA4835766","['Desulfovibrio_piger__DslPige3', 'Desulfovibrio_piger__DslPige4']",0.0996110912742298,TRUE,"Desulfovibrio_piger__DslPige3"
"ULUT01.46682.1_1/63-198","ULUT01","SAMEA4835766","['Desulfovibrio_piger__DslPige3', 'Desulfovibrio_piger__DslPige4']",NA,TRUE,"Desulfovibrio_piger__DslPige3"
"UZHK01.3027.1_4/64-437","UZHK01","SAMN00791936","['Bilophila_wadsworthia__BilWads6']",1.50000025001454e-06,TRUE,"Bilophila_wadsworthia__BilWads6"
"UZHK01.3027.1_3/1-253","UZHK01","SAMN00791936","['Bilophila_wadsworthia__BilWads6']",1.50000025001454e-06,TRUE,"Bilophila_wadsworthia__BilWads6"
"UYER01.19055.1_1/63-264","UYER01","SAMEA2151383","['Desulfovibrio_piger__DslPige3', 'Desulfovibrio_piger__DslPige4']",0.14365309127423,TRUE,"Desulfovibrio_piger__DslPige3"
"UYER01.26575.1_2/1-214","UYER01","SAMEA2151383","['Desulfovibrio_piger__DslPige3', 'Desulfovibrio_piger__DslPige4']",0.0584820912742298,TRUE,"Desulfovibrio_piger__DslPige3"
"UYER01.26575.1_1/1-186","UYER01","SAMEA2151383","['Desulfovibrio_piger__DslPige4', 'Desulfovibrio_piger__DslPige3', 'Desulfovibrio_piger__DslPige2']",NA,TRUE,"Desulfovibrio_piger__DslPige4"
"OZIL01.2827.1_3/27-294","OZIL01","SAMN06165266","['Moorella_thermoacetica_Y72_copy_2__MooTher5']",7.00372561945668,TRUE,"Moorella_thermoacetica_Y72_copy_2__MooTher5"
"OZIL01.1698.1_6/27-293","OZIL01","SAMN06165266","['Moorella_thermoacetica_Y72_copy_2__MooTher5']",6.81049761945668,TRUE,"Moorella_thermoacetica_Y72_copy_2__MooTher5"
"OVIZ01.173.1_2/64-437","OVIZ01","SAMN02676152","['Bilophila_wadsworthia__BilWads6']",1.50000025001454e-06,TRUE,"Bilophila_wadsworthia__BilWads6"
"OVIZ01.173.1_1/11-266","OVIZ01","SAMN02676152","['Bilophila_wadsworthia__BilWads6']",1.50000025001454e-06,TRUE,"Bilophila_wadsworthia__BilWads6"
"ORQP01.8982.1_2/64-437","ORQP01","SAMEA2338680","['Bilophila_wadsworthia__BilWads6']",1.50000025001454e-06,TRUE,"Bilophila_wadsworthia__BilWads6"
"ORQP01.8982.1_1/11-190","ORQP01","SAMEA2338680","['Bilophila_wadsworthia__BilWads6']",NA,TRUE,"Bilophila_wadsworthia__BilWads6"
"UXSG01.82931.1_1/3-267","UXSG01","SAMEA2160616","['Desulfovibrio_piger__DslPige3', 'Desulfovibrio_piger__DslPige4']",0.10481709127423,TRUE,"Desulfovibrio_piger__DslPige3"
"UALF01.7725.1_2/11-266","UALF01","SAMN06164595","['uncultured_bacterium__EF645667']",0.184234276190246,TRUE,"uncultured_bacterium__EF645667"
"UALF01.7725.1_1/15-178","UALF01","SAMN06164595","['Desulfovibrio_piger__DslPige3', 'Desulfovibrio_piger__DslPige4']",0.0706620912742298,TRUE,"Desulfovibrio_piger__DslPige3"
"UMAZ01.54304.1_2/1-96","UMAZ01","SAMEA4835929","['Bilophila_wadsworthia__BilWads6', 'Bilophila_sp._4_1_30__BilSpec3', 'uncultured_bacterium__EF645667']",NA,TRUE,"Bilophila_wadsworthia__BilWads6"
"ORNF01.49677.1_2/1-267","ORNF01","SAMEA2338714","['Desulfovibrio_sp._6_1_46AFAA__DsvSp231']",0.0264614179855414,TRUE,"Desulfovibrio_sp._6_1_46AFAA__DsvSp231"
"UMLL01.90295.1_16/64-437","UMLL01","SAMEA4836200","['Bilophila_wadsworthia__BilWads6']",1.50000025001454e-06,TRUE,"Bilophila_wadsworthia__BilWads6"
"UMLL01.90295.1_15/11-266","UMLL01","SAMEA4836200","['Bilophila_wadsworthia__BilWads6']",1.50000025001454e-06,TRUE,"Bilophila_wadsworthia__BilWads6"
"UMLL01.5291.1_4/11-266","UMLL01","SAMEA4836200","['Desulfovibrio_piger__DslPige4']",0.0110737876807884,TRUE,"Desulfovibrio_piger__DslPige4"
"UMLL01.82854.1_2/11-266","UMLL01","SAMEA4836200","['uncultured_bacterium__EF645667']",0.196136276190246,TRUE,"uncultured_bacterium__EF645667"
"UMLL01.5291.1_5/13-177","UMLL01","SAMEA4836200","['Desulfovibrio_piger__DslPige3', 'Desulfovibrio_piger__DslPige4']",NA,TRUE,"Desulfovibrio_piger__DslPige3"
"UMLL01.82854.1_1/10-174","UMLL01","SAMEA4836200","['Desulfovibrio_piger__DslPige3', 'Desulfovibrio_piger__DslPige4']",NA,TRUE,"Desulfovibrio_piger__DslPige3"
"UMLL01.58994.1_55/63-193","UMLL01","SAMEA4836200","['Desulfovibrio_piger__DslPige3', 'Desulfovibrio_piger__DslPige4']",NA,TRUE,"Desulfovibrio_piger__DslPige3"
"UMLL01.5291.1_1/63-193","UMLL01","SAMEA4836200","['Desulfovibrio_piger__DslPige3', 'Desulfovibrio_piger__DslPige4', 'uncultured_bacterium__EF645667']",NA,TRUE,"Desulfovibrio_piger__DslPige3"
"OVYN01.501.1_12/64-437","OVYN01","SAMEA3708645","['Bilophila_wadsworthia__BilWads6']",1.50000025001454e-06,TRUE,"Bilophila_wadsworthia__BilWads6"
"OVYN01.501.1_13/11-266","OVYN01","SAMEA3708645","['Bilophila_wadsworthia__BilWads6']",1.50000025001454e-06,TRUE,"Bilophila_wadsworthia__BilWads6"
"OVYN01.12275.1_2/11-266","OVYN01","SAMEA3708645","['uncultured_bacterium__EF645667']",0.141154170607274,TRUE,"uncultured_bacterium__EF645667"
"OVYN01.32421.1_1/63-316","OVYN01","SAMEA3708645","['uncultured_bacterium__EF645667']",NA,TRUE,"uncultured_bacterium__EF645667"
"OWRS01.952.1_22/64-437","OWRS01","SAMEA4378279","['Bilophila_wadsworthia__BilWads6']",1.50000025001454e-06,TRUE,"Bilophila_wadsworthia__BilWads6"
"OWRS01.58.1_38/62-435","OWRS01","SAMEA4378279","['uncultured_bacterium__EF645667']",0.474586276190246,TRUE,"uncultured_bacterium__EF645667"
"OWRS01.952.1_21/11-266","OWRS01","SAMEA4378279","['Bilophila_wadsworthia__BilWads6']",1.50000025001454e-06,TRUE,"Bilophila_wadsworthia__BilWads6"
"OWRS01.58.1_39/11-266","OWRS01","SAMEA4378279","['uncultured_bacterium__EF645667']",0.608863276190246,TRUE,"uncultured_bacterium__EF645667"
"UEOP01.41.1_73/64-437","UEOP01","SAMN06115503","['Bilophila_wadsworthia__BilWads6']",1.50000025001454e-06,TRUE,"Bilophila_wadsworthia__BilWads6"
"UEOP01.41.1_72/11-266","UEOP01","SAMN06115503","['Bilophila_wadsworthia__BilWads6']",1.50000025001454e-06,TRUE,"Bilophila_wadsworthia__BilWads6"
"ORQZ01.3121.1_4/64-437","ORQZ01","SAMEA2338675","['Bilophila_sp._4_1_30__BilSpec3']",0.0077708334302823,TRUE,"Bilophila_sp._4_1_30__BilSpec3"
"ORQZ01.3121.1_5/11-266","ORQZ01","SAMEA2338675","['Bilophila_wadsworthia__BilWads6']",1.50000025001454e-06,TRUE,"Bilophila_wadsworthia__BilWads6"
"ORVL01.2853.1_13/63-436","ORVL01","SAMEA2338835","['Desulfovibrio_sp._3_1_syn3__DsvSp230']",0.00163384853285095,TRUE,"Desulfovibrio_sp._3_1_syn3__DsvSp230"
"ORVL01.2853.1_12/11-266","ORVL01","SAMEA2338835","['Desulfovibrio_sp._6_1_46AFAA__DsvSp231']",0.0261574179855414,TRUE,"Desulfovibrio_sp._6_1_46AFAA__DsvSp231"
"ORVL01.65342.1_1/1-226","ORVL01","SAMEA2338835","['Bilophila_wadsworthia__BilWads6', 'Bilophila_sp._4_1_30__BilSpec3']",NA,TRUE,"Bilophila_wadsworthia__BilWads6"
"OWGN01.692.1_13/64-437","OWGN01","SAMEA3708654","['Bilophila_wadsworthia__BilWads6']",1.50000025001454e-06,TRUE,"Bilophila_wadsworthia__BilWads6"
"OWGN01.692.1_14/11-266","OWGN01","SAMEA3708654","['Bilophila_wadsworthia__BilWads6']",1.50000025001454e-06,TRUE,"Bilophila_wadsworthia__BilWads6"
"OQQU01.95348.1_1/1-177","OQQU01","SAMN02712159","['Bilophila_wadsworthia__BilWads6', 'Bilophila_sp._4_1_30__BilSpec3']",NA,TRUE,"Bilophila_wadsworthia__BilWads6"
"UPWM01.18108.1_1/11-266","UPWM01","SAMN06112020","['Bilophila_sp._4_1_30__BilSpec3']",0.0016698334302823,TRUE,"Bilophila_sp._4_1_30__BilSpec3"
"UPWM01.32464.1_1/64-258","UPWM01","SAMN06112020","['Bilophila_sp._4_1_30__BilSpec3']",0.113906833430282,TRUE,"Bilophila_sp._4_1_30__BilSpec3"
"UESA01.18044.1_1/62-435","UESA01","SAMN06115428","['Bilophila_wadsworthia__BilWads6']",0.162874370502427,TRUE,"Bilophila_wadsworthia__BilWads6"
"UESA01.7359.1_1/21-344","UESA01","SAMN06115428","['Desulfovibrio_vulgaris__DQ826729']",0.419025911862788,TRUE,"Desulfovibrio_vulgaris__DQ826729"
"UESA01.7359.1_2/11-266","UESA01","SAMN06115428","['Bilophila_wadsworthia__BilWads6']",0.308264370502427,TRUE,"Bilophila_wadsworthia__BilWads6"
"UESA01.18044.1_2/2-251","UESA01","SAMN06115428","['uncultured_bacterium__EF645667']",0.622651276190246,TRUE,"uncultured_bacterium__EF645667"
"UESA01.65231.1_1/11-210","UESA01","SAMN06115428","['Bilophila_wadsworthia__BilWads6']",0.124962370502427,TRUE,"Bilophila_wadsworthia__BilWads6"
"UXQU01.28398.1_4/2-118","UXQU01","SAMEA2162475","['Desulfitibacter_alkalitolerans__DfiAlka2']",NA,TRUE,"Desulfitibacter_alkalitolerans__DfiAlka2"
"UXQU01.73593.1_1/3-135","UXQU01","SAMEA2162475","['Anaerobic_bacterium_sk.prop8__Bv2Prop2']",1.31649553982822,TRUE,"Anaerobic_bacterium_sk.prop8__Bv2Prop2"
"JABLTO01.179291.1_4/64-437","JABLTO01","SAMN14651225","['Bilophila_wadsworthia__BilWads6']",1.50000025001454e-06,TRUE,"Bilophila_wadsworthia__BilWads6"
"JABLTO01.179291.1_3/11-266","JABLTO01","SAMN14651225","['Bilophila_wadsworthia__BilWads6']",1.50000025001454e-06,TRUE,"Bilophila_wadsworthia__BilWads6"
"OVZD01.1803.1_16/64-437","OVZD01","SAMEA3708671","['Bilophila_wadsworthia__BilWads6']",1.50000025001454e-06,TRUE,"Bilophila_wadsworthia__BilWads6"
"OVZD01.4003.1_11/51-400","OVZD01","SAMEA3708671","['Gordonibacter_pamelaeae__GrdPame5']",0.600429704393165,TRUE,"Gordonibacter_pamelaeae__GrdPame5"
"OVZD01.1803.1_15/11-266","OVZD01","SAMEA3708671","['Bilophila_wadsworthia__BilWads6']",1.50000025001454e-06,TRUE,"Bilophila_wadsworthia__BilWads6"
"OVZD01.4003.1_10/3-237","OVZD01","SAMEA3708671","['Gordonibacter_pamelaeae__GrdPame5']",0.679452704393165,TRUE,"Gordonibacter_pamelaeae__GrdPame5"
"OVZD01.70372.1_1/1-219","OVZD01","SAMEA3708671","['uncultured_bacterium__EF645667']",NA,TRUE,"uncultured_bacterium__EF645667"
"USVF01.386.1_14/64-437","USVF01","SAMN06112086","['Bilophila_wadsworthia__BilWads6']",1.50000025001454e-06,TRUE,"Bilophila_wadsworthia__BilWads6"
"USVF01.386.1_15/11-266","USVF01","SAMN06112086","['Bilophila_wadsworthia__BilWads6']",1.50000025001454e-06,TRUE,"Bilophila_wadsworthia__BilWads6"
"OYVR01.58638.1_1/63-191","OYVR01","SAMN06164990","['uncultured_bacterium__EF645665']",0.110052913302556,TRUE,"uncultured_bacterium__EF645665"
"ORWG01.32262.1_1/64-125","ORWG01","SAMEA2338861","['Bilophila_wadsworthia__BilWads6', 'Bilophila_sp._4_1_30__BilSpec3', 'uncultured_bacterium__EF645667', 'Desulfovibrio_piger__DslPige3', 'Desulfovibrio_piger__DslPige4']",NA,TRUE,"Bilophila_wadsworthia__BilWads6"
"OPBS01.17226.1_3/40-291","OPBS01","SAMEA2042578","['Moorella_thermoacetica_Y72_copy_2__MooTher5']",7.53138761945668,TRUE,"Moorella_thermoacetica_Y72_copy_2__MooTher5"
"ORNK01.7682.1_1/11-266","ORNK01","SAMEA2338690","['Bilophila_wadsworthia__BilWads6']",1.50000025001454e-06,TRUE,"Bilophila_wadsworthia__BilWads6"
"ORNK01.7682.1_2/1-238","ORNK01","SAMEA2338690","['Bilophila_wadsworthia__BilWads6', 'Bilophila_sp._4_1_30__BilSpec3']",NA,TRUE,"Bilophila_wadsworthia__BilWads6"
"OWPE01.49286.1_1/17-181","OWPE01","SAMEA4378236","['Bilophila_wadsworthia__BilWads6', 'Bilophila_sp._4_1_30__BilSpec3']",NA,TRUE,"Bilophila_wadsworthia__BilWads6"
"USYS01.30542.1_2/14-387","USYS01","SAMN06112090","['Desulfovibrio_piger__DslPige3']",0.0657560912742298,TRUE,"Desulfovibrio_piger__DslPige3"
"USYS01.15285.1_1/1-357","USYS01","SAMN06112090","['uncultured_bacterium__EF645667']",0.488862276190246,TRUE,"uncultured_bacterium__EF645667"
"USYS01.4501.1_8/63-380","USYS01","SAMN06112090","['Desulfovibrio_vulgaris__DQ826729']",0.373758911862788,TRUE,"Desulfovibrio_vulgaris__DQ826729"
"USYS01.2685.1_2/11-266","USYS01","SAMN06112090","['Bilophila_wadsworthia__BilWads6']",0.450144370502427,TRUE,"Bilophila_wadsworthia__BilWads6"
"USYS01.15285.1_2/11-266","USYS01","SAMN06112090","['uncultured_bacterium__EF645667']",0.608863276190246,TRUE,"uncultured_bacterium__EF645667"
"USYS01.14363.1_1/3-95","USYS01","SAMN06112090","['Bilophila_wadsworthia__BilWads6', 'uncultured_bacterium__EF645667', 'Desulfovibrio_piger__DslPige4', 'Desulfovibrio_piger__DslPige3']",NA,TRUE,"Bilophila_wadsworthia__BilWads6"
"ORCF01.9.1_52/63-436","ORCF01","SAMN04158618","['Desulfovibrio_sp._Dsv1__DsvSp233']",0.0423847640998852,TRUE,"Desulfovibrio_sp._Dsv1__DsvSp233"
"ORCF01.9.1_51/11-266","ORCF01","SAMN04158618","['Desulfovibrio_sp._Dsv1__DsvSp233']",0.0304797640998852,TRUE,"Desulfovibrio_sp._Dsv1__DsvSp233"
"ORCF01.82739.1_1/52-189","ORCF01","SAMN04158618","['Anaerobic_bacterium_sk.prop8__Bv2Prop2', 'Bioreactor_clone__UncS2029']",NA,TRUE,"Anaerobic_bacterium_sk.prop8__Bv2Prop2"
"ORCF01.98001.1_2/2-160","ORCF01","SAMN04158618","['Anaerobic_bacterium_sk.prop8__Bv2Prop2']",1.16491153982822,TRUE,"Anaerobic_bacterium_sk.prop8__Bv2Prop2"
"UPRJ01.4846.1_6/64-437","UPRJ01","SAMEA2737745","['Bilophila_wadsworthia__BilWads6']",1.50000025001454e-06,TRUE,"Bilophila_wadsworthia__BilWads6"
"UPRJ01.4846.1_5/11-266","UPRJ01","SAMEA2737745","['Bilophila_wadsworthia__BilWads6']",1.50000025001454e-06,TRUE,"Bilophila_wadsworthia__BilWads6"
"UPRJ01.32940.1_2/11-266","UPRJ01","SAMEA2737745","['Desulfovibrio_piger__DslPige3', 'Desulfovibrio_piger__DslPige4']",0.10952009127423,TRUE,"Desulfovibrio_piger__DslPige3"
"UPRJ01.76798.1_1/51-207","UPRJ01","SAMEA2737745","['Desulfovibrio_piger__DslPige4', 'Desulfovibrio_piger__DslPige3']",NA,TRUE,"Desulfovibrio_piger__DslPige4"
"UPRJ01.32940.1_1/2-140","UPRJ01","SAMEA2737745","['Desulfovibrio_piger__DslPige3', 'Desulfovibrio_piger__DslPige4', 'Desulfovibrio_piger__DslPige2']",NA,TRUE,"Desulfovibrio_piger__DslPige3"
"UPRJ01.69812.1_2/2-140","UPRJ01","SAMEA2737745","['Desulfovibrio_piger__DslPige4', 'Desulfovibrio_piger__DslPige3', 'Desulfovibrio_piger__DslPige2']",NA,TRUE,"Desulfovibrio_piger__DslPige4"
"UPRJ01.69812.1_1/11-75","UPRJ01","SAMEA2737745","['Desulfovibrio_piger__DslPige3', 'Desulfovibrio_piger__DslPige4', 'uncultured_bacterium__EF645667', 'Bilophila_wadsworthia__BilWads6', 'Desulfovibrio_piger__DslPige2']",NA,TRUE,"Desulfovibrio_piger__DslPige3"
"UZUF01.14766.1_1/64-123","UZUF01","SAMN00792118","['Bilophila_wadsworthia__BilWads6', 'Bilophila_sp._4_1_30__BilSpec3', 'uncultured_bacterium__EF645667', 'Desulfovibrio_piger__DslPige3', 'Desulfovibrio_piger__DslPige4']",NA,TRUE,"Bilophila_wadsworthia__BilWads6"
"UPWZ01.225.1_10/64-437","UPWZ01","SAMN06112010","['Bilophila_wadsworthia__BilWads6']",1.50000025001454e-06,TRUE,"Bilophila_wadsworthia__BilWads6"
"UPWZ01.225.1_11/11-266","UPWZ01","SAMN06112010","['Bilophila_wadsworthia__BilWads6']",1.50000025001454e-06,TRUE,"Bilophila_wadsworthia__BilWads6"
"OVFJ01.1198.1_1/64-437","OVFJ01","SAMN06016335","['Bilophila_wadsworthia__BilWads6']",1.50000025001454e-06,TRUE,"Bilophila_wadsworthia__BilWads6"
"OVFJ01.5655.1_2/63-436","OVFJ01","SAMN06016335","['uncultured_bacterium__EF645667']",0.085775677392887,TRUE,"uncultured_bacterium__EF645667"
"OVFJ01.1198.1_2/11-266","OVFJ01","SAMN06016335","['Bilophila_wadsworthia__BilWads6']",1.50000025001454e-06,TRUE,"Bilophila_wadsworthia__BilWads6"
"OVFJ01.5655.1_1/11-266","OVFJ01","SAMN06016335","['uncultured_bacterium__EF645667']",0.141154170607274,TRUE,"uncultured_bacterium__EF645667"
"OVFJ01.44002.1_1/2-215","OVFJ01","SAMN06016335","['Anaerobic_bacterium_sk.prop8__Bv2Prop2']",1.19881753982822,TRUE,"Anaerobic_bacterium_sk.prop8__Bv2Prop2"
"OVFJ01.49379.1_1/2-146","OVFJ01","SAMN06016335","['Desulfitibacter_alkalitolerans__DfiAlka2']",NA,TRUE,"Desulfitibacter_alkalitolerans__DfiAlka2"
"UEQM01.1663.1_1/64-355","UEQM01","SAMN06115440","['Bilophila_wadsworthia__BilWads6', 'Bilophila_sp._4_1_30__BilSpec3']",NA,TRUE,"Bilophila_wadsworthia__BilWads6"
"UEQM01.512.1_2/11-266","UEQM01","SAMN06115440","['Bilophila_wadsworthia__BilWads6']",1.50000025001454e-06,TRUE,"Bilophila_wadsworthia__BilWads6"
"UMGG01.37389.1_2/11-266","UMGG01","SAMEA4836064","['uncultured_bacterium__EF645667']",0.207521276190246,TRUE,"uncultured_bacterium__EF645667"
"UMGG01.19571.1_1/11-266","UMGG01","SAMEA4836064","['Desulfovibrio_piger__DslPige4']",0.0110827876807884,TRUE,"Desulfovibrio_piger__DslPige4"
"UMGG01.51117.1_1/1-193","UMGG01","SAMEA4836064","['Desulfovibrio_piger__DslPige3', 'Desulfovibrio_piger__DslPige4']",NA,TRUE,"Desulfovibrio_piger__DslPige3"
"UMGG01.77050.1_4/63-143","UMGG01","SAMEA4836064","['Desulfovibrio_piger__DslPige4', 'Desulfovibrio_piger__DslPige3']",NA,TRUE,"Desulfovibrio_piger__DslPige4"
"UMGG01.81647.1_2/63-143","UMGG01","SAMEA4836064","['Desulfovibrio_piger__DslPige4', 'Desulfovibrio_piger__DslPige3', 'uncultured_bacterium__EF645667']",NA,TRUE,"Desulfovibrio_piger__DslPige4"
"UEQI01.11142.1_2/2-216","UEQI01","SAMN06115467","['Bilophila_wadsworthia__BilWads6']",NA,TRUE,"Bilophila_wadsworthia__BilWads6"
"UEQI01.23613.1_1/64-213","UEQI01","SAMN06115467","['Bilophila_wadsworthia__BilWads6', 'Bilophila_sp._4_1_30__BilSpec3', 'uncultured_bacterium__EF645667', 'Desulfovibrio_piger__DslPige3', 'Desulfovibrio_piger__DslPige4']",NA,TRUE,"Bilophila_wadsworthia__BilWads6"
"OROW01.9403.1_5/64-437","OROW01","SAMEA2338762","['Bilophila_wadsworthia__BilWads6']",1.50000025001454e-06,TRUE,"Bilophila_wadsworthia__BilWads6"
"OROW01.9403.1_4/11-178","OROW01","SAMEA2338762","['Bilophila_wadsworthia__BilWads6']",0.140243370502427,TRUE,"Bilophila_wadsworthia__BilWads6"
"UZHQ01.7216.1_2/77-450","UZHQ01","SAMN00791903","['uncultured_bacterium__EF645667']",0.488264276190246,TRUE,"uncultured_bacterium__EF645667"
"UZHQ01.7216.1_1/11-266","UZHQ01","SAMN00791903","['uncultured_bacterium__EF645667']",0.597408276190246,TRUE,"uncultured_bacterium__EF645667"
"UXMP01.59062.1_1/1-187","UXMP01","SAMEA1964687","['Desulfovibrio_piger__DslPige3', 'Desulfovibrio_piger__DslPige4']",NA,TRUE,"Desulfovibrio_piger__DslPige3"
"UXMP01.60651.1_1/1-184","UXMP01","SAMEA1964687","['uncultured_bacterium__EF645667', 'Desulfovibrio_piger__DslPige4', 'Desulfovibrio_piger__DslPige3']",NA,TRUE,"uncultured_bacterium__EF645667"
"UXMP01.56722.1_1/2-140","UXMP01","SAMEA1964687","['Desulfovibrio_piger__DslPige3', 'Desulfovibrio_piger__DslPige4', 'Desulfovibrio_piger__DslPige2']",NA,TRUE,"Desulfovibrio_piger__DslPige3"
"UXMP01.56855.1_2/2-140","UXMP01","SAMEA1964687","['Desulfovibrio_piger__DslPige4', 'Desulfovibrio_piger__DslPige3', 'Desulfovibrio_piger__DslPige2']",NA,TRUE,"Desulfovibrio_piger__DslPige4"
"UXMP01.6140.1_5/63-146","UXMP01","SAMEA1964687","['Desulfovibrio_piger__DslPige4', 'Desulfovibrio_piger__DslPige3']",NA,TRUE,"Desulfovibrio_piger__DslPige4"
"UXMP01.17857.1_2/64-147","UXMP01","SAMEA1964687","['Desulfovibrio_piger__DslPige4', 'Desulfovibrio_piger__DslPige3', 'uncultured_bacterium__EF645667']",NA,TRUE,"Desulfovibrio_piger__DslPige4"
"UZSU01.5092.1_3/64-437","UZSU01","SAMN00792091","['Bilophila_wadsworthia__BilWads6']",1.50000025001454e-06,TRUE,"Bilophila_wadsworthia__BilWads6"
"UZSU01.5092.1_2/11-266","UZSU01","SAMN00792091","['Bilophila_wadsworthia__BilWads6']",1.50000025001454e-06,TRUE,"Bilophila_wadsworthia__BilWads6"
"UYKP01.770.1_15/40-291","UYKP01","SAMN03653686","['Moorella_thermoacetica_Y72_copy_2__MooTher5']",7.92386161945668,TRUE,"Moorella_thermoacetica_Y72_copy_2__MooTher5"
"UZUR01.12685.1_1/1-346","UZUR01","SAMN00792056","['Desulfovibrio_piger__DslPige2']",0.0172535214698588,TRUE,"Desulfovibrio_piger__DslPige2"
"UZUR01.12685.1_2/11-266","UZUR01","SAMN00792056","['Desulfovibrio_piger__DslPige3', 'Desulfovibrio_piger__DslPige4']",0.0018347876807884,TRUE,"Desulfovibrio_piger__DslPige3"
"ORTX01.26068.1_1/1-97","ORTX01","SAMEA2338815","['Bilophila_sp._4_1_30__BilSpec3', 'Bilophila_wadsworthia__BilWads6', 'uncultured_bacterium__EF645667']",NA,TRUE,"Bilophila_sp._4_1_30__BilSpec3"
"ORMX01.9416.1_3/63-436","ORMX01","SAMEA2338745","['Desulfovibrio_piger__DslPige3', 'Desulfovibrio_piger__DslPige4']",0.0606080912742298,TRUE,"Desulfovibrio_piger__DslPige3"
"ORMX01.9416.1_2/11-266","ORMX01","SAMEA2338745","['Desulfovibrio_piger__DslPige3', 'Desulfovibrio_piger__DslPige4']",0.0932450912742298,TRUE,"Desulfovibrio_piger__DslPige3"
"OQQT01.62665.1_1/4-142","OQQT01","SAMN02712163","['Bilophila_sp._4_1_30__BilSpec3', 'Bilophila_wadsworthia__BilWads6']",NA,TRUE,"Bilophila_sp._4_1_30__BilSpec3"
"UYDU01.44051.1_1/21-276","UYDU01","SAMEA2159529","['Bilophila_wadsworthia__BilWads6', 'Bilophila_sp._4_1_30__BilSpec3']",NA,TRUE,"Bilophila_wadsworthia__BilWads6"
"UYDU01.34002.1_1/64-170","UYDU01","SAMEA2159529","['Bilophila_wadsworthia__BilWads6', 'Bilophila_sp._4_1_30__BilSpec3', 'uncultured_bacterium__EF645667', 'Desulfovibrio_piger__DslPige3', 'Desulfovibrio_piger__DslPige4']",NA,TRUE,"Bilophila_wadsworthia__BilWads6"
"UPSV01.52668.1_1/30-276","UPSV01","SAMN06111977","['Candidatus_Desulfovibrio_trichonymphae']",0.324607307406043,TRUE,"Candidatus_Desulfovibrio_trichonymphae"
"UPSV01.31992.1_1/11-266","UPSV01","SAMN06111977","['uncultured_bacterium__EF645667']",0.608863276190246,TRUE,"uncultured_bacterium__EF645667"
"UYCT01.23087.1_1/5-240","UYCT01","SAMEA2143633","['Desulfitibacter_alkalitolerans__DfiAlka2']",1.27797155633203,TRUE,"Desulfitibacter_alkalitolerans__DfiAlka2"
"UYCT01.23087.1_2/1-143","UYCT01","SAMEA2143633","['Anaerobic_bacterium_sk.prop8__Bv2Prop2']",1.47164953982822,TRUE,"Anaerobic_bacterium_sk.prop8__Bv2Prop2"
"OQHT01.23672.1_1/5-166","OQHT01","SAMD00036218","['Desulfitibacter_alkalitolerans__DfiAlka2']",1.27797155633203,TRUE,"Desulfitibacter_alkalitolerans__DfiAlka2"
"OQHT01.23672.1_2/9-135","OQHT01","SAMD00036218","['Anaerobic_bacterium_sk.prop8__Bv2Prop2']",1.16966653982822,TRUE,"Anaerobic_bacterium_sk.prop8__Bv2Prop2"
"OQGO01.6033.1_1/64-259","OQGO01","SAMD00036196","['Desulfovibrio_piger__DslPige3', 'Desulfovibrio_piger__DslPige4']",0.0817270912742298,TRUE,"Desulfovibrio_piger__DslPige3"
"OQGO01.6033.1_3/11-147","OQGO01","SAMD00036196","['Desulfovibrio_piger__DslPige3']",0.0175197876807884,TRUE,"Desulfovibrio_piger__DslPige3"
"OQGO01.6033.1_4/1-118","OQGO01","SAMD00036196","['Desulfovibrio_piger__DslPige3', 'Desulfovibrio_piger__DslPige4']",0.0475067876807884,TRUE,"Desulfovibrio_piger__DslPige3"
"OQGO01.6033.1_2/1-96","OQGO01","SAMD00036196","['Desulfovibrio_piger__DslPige3', 'Desulfovibrio_piger__DslPige4', 'Desulfovibrio_piger__DslPige2']",NA,TRUE,"Desulfovibrio_piger__DslPige3"
"UPCL01.2239.1_10/63-436","UPCL01","SAMEA2737706","['Desulfovibrio_piger__DslPige3', 'Desulfovibrio_piger__DslPige4']",0.0651300912742298,TRUE,"Desulfovibrio_piger__DslPige3"
"UPCL01.2239.1_9/11-266","UPCL01","SAMEA2737706","['Desulfovibrio_piger__DslPige3', 'Desulfovibrio_piger__DslPige4']",0.0784160912742298,TRUE,"Desulfovibrio_piger__DslPige3"
"ULUL01.47445.1_1/1-232","ULUL01","SAMEA4835759","['Desulfovibrio_vulgaris__DQ826729']",0.434694909358552,TRUE,"Desulfovibrio_vulgaris__DQ826729"
"OWBD01.1314.1_9/64-437","OWBD01","SAMEA3708528","['Bilophila_wadsworthia__BilWads6']",1.50000025001454e-06,TRUE,"Bilophila_wadsworthia__BilWads6"
"OWBD01.1314.1_8/11-266","OWBD01","SAMEA3708528","['Bilophila_wadsworthia__BilWads6']",1.50000025001454e-06,TRUE,"Bilophila_wadsworthia__BilWads6"
"UZQW01.40033.1_1/51-340","UZQW01","SAMN00792001","['Desulfovibrio_piger__DslPige3', 'Desulfovibrio_piger__DslPige4']",0.0833260912742298,TRUE,"Desulfovibrio_piger__DslPige3"
"UZQW01.16332.1_2/11-266","UZQW01","SAMN00792001","['Desulfovibrio_piger__DslPige3', 'Desulfovibrio_piger__DslPige4']",0.0818580912742298,TRUE,"Desulfovibrio_piger__DslPige3"
"UZQW01.36259.1_1/1-108","UZQW01","SAMN00792001","['Bilophila_wadsworthia__BilWads6', 'Desulfovibrio_piger__DslPige3', 'Desulfovibrio_piger__DslPige4']",NA,TRUE,"Bilophila_wadsworthia__BilWads6"
"UZQW01.16332.1_1/1-101","UZQW01","SAMN00792001","['Desulfovibrio_piger__DslPige3', 'Desulfovibrio_piger__DslPige4', 'Desulfovibrio_piger__DslPige2']",NA,TRUE,"Desulfovibrio_piger__DslPige3"
"UEOV01.5028.1_2/65-438","UEOV01","SAMN06115537","['Desulfovibrio_piger__DslPige3', 'Desulfovibrio_piger__DslPige4']",0.0625370912742298,TRUE,"Desulfovibrio_piger__DslPige3"
"UEOV01.180.1_11/64-437","UEOV01","SAMN06115537","['Bilophila_wadsworthia__BilWads6']",1.50000025001454e-06,TRUE,"Bilophila_wadsworthia__BilWads6"
"UEOV01.180.1_12/1-253","UEOV01","SAMN06115537","['Bilophila_wadsworthia__BilWads6']",1.50000025001454e-06,TRUE,"Bilophila_wadsworthia__BilWads6"
"UEOV01.5028.1_3/11-266","UEOV01","SAMN06115537","['Desulfovibrio_piger__DslPige3', 'Desulfovibrio_piger__DslPige4']",0.0018347876807884,TRUE,"Desulfovibrio_piger__DslPige3"
"OPXW01.39742.1_1/1-130","OPXW01","SAMEA2042009","['uncultured_bacterium__EF645667']",NA,TRUE,"uncultured_bacterium__EF645667"
"OPXW01.24098.1_2/62-157","OPXW01","SAMEA2042009","['uncultured_bacterium__EF645667', 'Candidatus_Desulfovibrio_trichonymphae', 'Bilophila_wadsworthia__BilWads6']",NA,TRUE,"uncultured_bacterium__EF645667"
"OUQA01.11758.1_1/64-400","OUQA01","SAMN05194697","['Bilophila_sp._4_1_30__BilSpec3']",0.0086848334302823,TRUE,"Bilophila_sp._4_1_30__BilSpec3"
"OUQA01.30576.1_1/1-192","OUQA01","SAMN05194697","['Bilophila_sp._4_1_30__BilSpec3']",0.0141698334302823,TRUE,"Bilophila_sp._4_1_30__BilSpec3"
"OWRY01.3458.1_10/64-437","OWRY01","SAMEA4378316","['Bilophila_wadsworthia__BilWads6']",1.50000025001454e-06,TRUE,"Bilophila_wadsworthia__BilWads6"
"OWRY01.3458.1_11/11-266","OWRY01","SAMEA4378316","['Bilophila_wadsworthia__BilWads6']",0.108552370502427,TRUE,"Bilophila_wadsworthia__BilWads6"
"OWRY01.75569.1_1/1-192","OWRY01","SAMEA4378316","['Anaerobic_bacterium_sk.prop8__Bv2Prop2']",1.08966253982822,TRUE,"Anaerobic_bacterium_sk.prop8__Bv2Prop2"
"UYCV01.9792.1_2/64-437","UYCV01","SAMEA2152591","['Bilophila_wadsworthia__BilWads6']",0.115894370502427,TRUE,"Bilophila_wadsworthia__BilWads6"
"UYCV01.9792.1_1/1-122","UYCV01","SAMEA2152591","['Bilophila_wadsworthia__BilWads6', 'Bilophila_sp._4_1_30__BilSpec3']",NA,TRUE,"Bilophila_wadsworthia__BilWads6"
"OZHZ01.19631.1_2/11-220","OZHZ01","SAMN06165200","['uncultured_bacterium__EF645667']",0.597408276190246,TRUE,"uncultured_bacterium__EF645667"
"OZHZ01.19447.1_1/62-244","OZHZ01","SAMN06165200","['uncultured_bacterium__EF645667', 'Candidatus_Desulfovibrio_trichonymphae']",NA,TRUE,"uncultured_bacterium__EF645667"
"OZHZ01.19631.1_1/1-130","OZHZ01","SAMN06165200","['uncultured_bacterium__EF645667', 'Desulfovibrio_piger__DslPige3']",NA,TRUE,"uncultured_bacterium__EF645667"
"OWGZ01.11872.1_3/11-266","OWGZ01","SAMEA3708514","['Bilophila_wadsworthia__BilWads6']",1.50000025001454e-06,TRUE,"Bilophila_wadsworthia__BilWads6"
"OWGZ01.11872.1_4/1-215","OWGZ01","SAMEA3708514","['Bilophila_wadsworthia__BilWads6', 'Bilophila_sp._4_1_30__BilSpec3']",NA,TRUE,"Bilophila_wadsworthia__BilWads6"
"USWE01.1127.1_5/63-436","USWE01","SAMN06112076","['Desulfovibrio_piger__DslPige2']",0.0340505214698588,TRUE,"Desulfovibrio_piger__DslPige2"
"USWE01.4069.1_7/63-435","USWE01","SAMN06112076","['Desulfovibrio_vulgaris__DQ826729']",0.398073911862788,TRUE,"Desulfovibrio_vulgaris__DQ826729"
"USWE01.1127.1_1/1-350","USWE01","SAMN06112076","['Bilophila_wadsworthia__BilWads6', 'Bilophila_sp._4_1_30__BilSpec3']",NA,TRUE,"Bilophila_wadsworthia__BilWads6"
"USWE01.1127.1_2/11-266","USWE01","SAMN06112076","['Bilophila_wadsworthia__BilWads6']",1.50000025001454e-06,TRUE,"Bilophila_wadsworthia__BilWads6"
"USWE01.4069.1_8/11-266","USWE01","SAMN06112076","['Bilophila_wadsworthia__BilWads6']",0.456137370502427,TRUE,"Bilophila_wadsworthia__BilWads6"
"USWE01.1127.1_6/11-266","USWE01","SAMN06112076","['uncultured_bacterium__EF645667']",0.162529276190246,TRUE,"uncultured_bacterium__EF645667"
"USWE01.40744.1_2/1-280","USWE01","SAMN06112076","['Anaerobic_bacterium_sk.prop8__Bv2Prop2']",1.13300853982822,TRUE,"Anaerobic_bacterium_sk.prop8__Bv2Prop2"
"ORQL01.54959.1_2/1-177","ORQL01","SAMEA2338653","['Anaerobic_bacterium_sk.prop8__Bv2Prop2']",1.47164953982822,TRUE,"Anaerobic_bacterium_sk.prop8__Bv2Prop2"
"UEYL01.268.1_12/64-437","UEYL01","SAMN06115482","['Bilophila_wadsworthia__BilWads6']",1.50000025001454e-06,TRUE,"Bilophila_wadsworthia__BilWads6"
"UEYL01.268.1_13/11-266","UEYL01","SAMN06115482","['Bilophila_wadsworthia__BilWads6']",1.50000025001454e-06,TRUE,"Bilophila_wadsworthia__BilWads6"
"OWEL01.305.1_34/63-436","OWEL01","SAMEA3708636","['Desulfovibrio_piger__DslPige3', 'Desulfovibrio_piger__DslPige4']",0.0597420912742298,TRUE,"Desulfovibrio_piger__DslPige3"
"OWEL01.4091.1_6/64-437","OWEL01","SAMEA3708636","['Bilophila_wadsworthia__BilWads6']",1.50000025001454e-06,TRUE,"Bilophila_wadsworthia__BilWads6"
"OWEL01.4091.1_5/11-266","OWEL01","SAMEA3708636","['Bilophila_wadsworthia__BilWads6']",1.50000025001454e-06,TRUE,"Bilophila_wadsworthia__BilWads6"
"OWEL01.305.1_35/11-266","OWEL01","SAMEA3708636","['Desulfovibrio_piger__DslPige3', 'Desulfovibrio_piger__DslPige4']",0.0768970912742298,TRUE,"Desulfovibrio_piger__DslPige3"
"UPPV01.24436.1_1/2-278","UPPV01","SAMEA2737785","['Bilophila_wadsworthia__BilWads6', 'Bilophila_sp._4_1_30__BilSpec3']",NA,TRUE,"Bilophila_wadsworthia__BilWads6"
"OQCZ01.8482.1_4/11-154","OQCZ01","SAMD00036329","['Bilophila_wadsworthia__BilWads6', 'Bilophila_sp._4_1_30__BilSpec3']",NA,TRUE,"Bilophila_wadsworthia__BilWads6"
"OQCZ01.8482.1_5/1-101","OQCZ01","SAMD00036329","['Bilophila_wadsworthia__BilWads6']",0.123574370502427,TRUE,"Bilophila_wadsworthia__BilWads6"
"OQCZ01.8482.1_2/1-96","OQCZ01","SAMD00036329","['Bilophila_sp._4_1_30__BilSpec3']",0.0996978334302823,TRUE,"Bilophila_sp._4_1_30__BilSpec3"
"OUQV01.4454.1_2/63-436","OUQV01","SAMN05194692","['uncultured_bacterium__EF645667']",0.085775677392887,TRUE,"uncultured_bacterium__EF645667"
"OUQV01.4454.1_1/11-266","OUQV01","SAMN05194692","['uncultured_bacterium__EF645667']",0.141154170607274,TRUE,"uncultured_bacterium__EF645667"
"ORNG01.5819.1_2/11-266","ORNG01","SAMEA2338711","['Bilophila_wadsworthia__BilWads6']",1.50000025001454e-06,TRUE,"Bilophila_wadsworthia__BilWads6"
"ORNG01.5819.1_1/1-210","ORNG01","SAMEA2338711","['Bilophila_wadsworthia__BilWads6', 'Bilophila_sp._4_1_30__BilSpec3']",NA,TRUE,"Bilophila_wadsworthia__BilWads6"
"ORNG01.22395.1_2/64-160","ORNG01","SAMEA2338711","['Bilophila_sp._4_1_30__BilSpec3']",0.0672318334302823,TRUE,"Bilophila_sp._4_1_30__BilSpec3"
"ORNG01.9965.1_2/27-293","ORNG01","SAMEA2338711","['Moorella_thermoacetica_Y72_copy_2__MooTher5']",7.47040561945668,TRUE,"Moorella_thermoacetica_Y72_copy_2__MooTher5"
"OQNE01.11495.1_2/63-435","OQNE01","SAMD00036386","['Bilophila_sp._4_1_30__BilSpec3']",0.0138928334302823,TRUE,"Bilophila_sp._4_1_30__BilSpec3"
"OQNE01.11495.1_1/11-172","OQNE01","SAMD00036386","['Bilophila_wadsworthia__BilWads6']",NA,TRUE,"Bilophila_wadsworthia__BilWads6"
"OQNE01.6336.1_1/4-86","OQNE01","SAMD00036386","['Bilophila_sp._4_1_30__BilSpec3']",0.0326328334302823,TRUE,"Bilophila_sp._4_1_30__BilSpec3"
"OVYS01.1671.1_2/37-290","OVYS01","SAMEA3708682","['Moorella_thermoacetica_Y72_copy_2__MooTher5']",7.91515161945668,TRUE,"Moorella_thermoacetica_Y72_copy_2__MooTher5"
"UMHD01.646.1_16/64-437","UMHD01","SAMEA4836091","['Bilophila_wadsworthia__BilWads6']",1.50000025001454e-06,TRUE,"Bilophila_wadsworthia__BilWads6"
"UMHD01.646.1_17/11-266","UMHD01","SAMEA4836091","['Bilophila_wadsworthia__BilWads6']",1.50000025001454e-06,TRUE,"Bilophila_wadsworthia__BilWads6"
"ULSM01.42723.1_1/13-177","ULSM01","SAMEA4835710","['Desulfovibrio_piger__DslPige3', 'Desulfovibrio_piger__DslPige4']",NA,TRUE,"Desulfovibrio_piger__DslPige3"
"OQFS01.51574.1_1/18-109","OQFS01","SAMD00036217","['Bilophila_wadsworthia__BilWads6']",0.212733370502427,TRUE,"Bilophila_wadsworthia__BilWads6"
"ULRP01.80793.1_1/11-218","ULRP01","SAMEA4835685","['uncultured_bacterium__EF645667']",0.597408276190246,TRUE,"uncultured_bacterium__EF645667"
"ULRP01.80793.1_2/1-156","ULRP01","SAMEA4835685","['Desulfovibrio_piger__DslPige4']",0.54723909127423,TRUE,"Desulfovibrio_piger__DslPige4"
"OVXQ01.14723.1_1/64-437","OVXQ01","SAMEA3708714","['Bilophila_wadsworthia__BilWads6']",1.50000025001454e-06,TRUE,"Bilophila_wadsworthia__BilWads6"
"UPOK01.31553.1_1/2-325","UPOK01","SAMEA2737744","['Anaerobic_bacterium_sk.prop8__Bv2Prop2']",1.16869853982822,TRUE,"Anaerobic_bacterium_sk.prop8__Bv2Prop2"
"UMGV01.9026.1_2/11-174","UMGV01","SAMEA4836081","['Bilophila_wadsworthia__BilWads6']",NA,TRUE,"Bilophila_wadsworthia__BilWads6"
"UMGV01.9026.1_1/1-133","UMGV01","SAMEA4836081","['Bilophila_wadsworthia__BilWads6', 'Bilophila_sp._4_1_30__BilSpec3', 'uncultured_bacterium__EF645667']",NA,TRUE,"Bilophila_wadsworthia__BilWads6"
"UMGV01.39708.1_6/27-293","UMGV01","SAMEA4836081","['Moorella_thermoacetica_Y72_copy_2__MooTher5']",6.81663061945668,TRUE,"Moorella_thermoacetica_Y72_copy_2__MooTher5"
"OPXN01.48009.1_1/1-201","OPXN01","SAMEA1965906","['Bilophila_sp._4_1_30__BilSpec3']",0.0115108334302823,TRUE,"Bilophila_sp._4_1_30__BilSpec3"
"ULUH01.33449.1_1/63-436","ULUH01","SAMEA4835753","['Desulfovibrio_piger__DslPige3', 'Desulfovibrio_piger__DslPige4']",0.0561410912742298,TRUE,"Desulfovibrio_piger__DslPige3"
"ULUH01.7013.1_1/1-224","ULUH01","SAMEA4835753","['Desulfovibrio_piger__DslPige3', 'Desulfovibrio_piger__DslPige4']",NA,TRUE,"Desulfovibrio_piger__DslPige3"
"ORSE01.106005.1_1/1-101","ORSE01","SAMEA2338625","['Desulfovibrio_piger__DslPige4', 'Desulfovibrio_piger__DslPige3', 'Desulfovibrio_piger__DslPige2']",NA,TRUE,"Desulfovibrio_piger__DslPige4"
"UPLR01.798.1_2/62-435","UPLR01","SAMEA2737831","['uncultured_bacterium__EF645667']",0.474586276190246,TRUE,"uncultured_bacterium__EF645667"
"UPLR01.39270.1_2/1-337","UPLR01","SAMEA2737831","['Desulfovibrio_piger__DslPige3', 'Desulfovibrio_piger__DslPige4']",0.0575660912742298,TRUE,"Desulfovibrio_piger__DslPige3"
"UPLR01.798.1_1/11-266","UPLR01","SAMEA2737831","['uncultured_bacterium__EF645667']",0.597408276190246,TRUE,"uncultured_bacterium__EF645667"
"OVZO01.678.1_22/64-437","OVZO01","SAMEA3708496","['Bilophila_wadsworthia__BilWads6']",1.50000025001454e-06,TRUE,"Bilophila_wadsworthia__BilWads6"
"OVZO01.678.1_21/11-266","OVZO01","SAMEA3708496","['Bilophila_wadsworthia__BilWads6']",1.50000025001454e-06,TRUE,"Bilophila_wadsworthia__BilWads6"
"OXEG01.23482.1_1/13-281","OXEG01","SAMN05826944","['Bilophila_wadsworthia__BilWads6']",0.172139370502427,TRUE,"Bilophila_wadsworthia__BilWads6"
"OXEG01.35117.1_1/1-204","OXEG01","SAMN05826944","['Bilophila_wadsworthia__BilWads6']",0.188816370502427,TRUE,"Bilophila_wadsworthia__BilWads6"
"USYD01.2053.1_9/64-437","USYD01","SAMN06112065","['Bilophila_wadsworthia__BilWads6']",0.117136370502427,TRUE,"Bilophila_wadsworthia__BilWads6"
"USYD01.2053.1_8/11-266","USYD01","SAMN06112065","['Bilophila_wadsworthia__BilWads6']",0.0993673705024268,TRUE,"Bilophila_wadsworthia__BilWads6"
"ULVN01.45464.1_1/2-155","ULVN01","SAMEA4835787","['Desulfovibrio_piger__DslPige3', 'Desulfovibrio_piger__DslPige4']",NA,TRUE,"Desulfovibrio_piger__DslPige3"
"UZTI01.11655.1_1/64-437","UZTI01","SAMN00792094","['Bilophila_sp._4_1_30__BilSpec3']",0.0138538334302823,TRUE,"Bilophila_sp._4_1_30__BilSpec3"
"UZTI01.11655.1_2/11-133","UZTI01","SAMN00792094","['Bilophila_wadsworthia__BilWads6', 'Bilophila_sp._4_1_30__BilSpec3']",NA,TRUE,"Bilophila_wadsworthia__BilWads6"
"OZFJ01.11660.1_2/11-234","OZFJ01","SAMN06165065","['uncultured_bacterium__EF645667']",NA,TRUE,"uncultured_bacterium__EF645667"
"OZFJ01.11660.1_1/15-161","OZFJ01","SAMN06165065","['Desulfovibrio_piger__DslPige3', 'Desulfovibrio_piger__DslPige4']",0.13141609127423,TRUE,"Desulfovibrio_piger__DslPige3"
"UXQT01.57482.1_1/58-295","UXQT01","SAMEA2160152","['Desulfovibrio_piger__DslPige3', 'Desulfovibrio_piger__DslPige4']",0.0622770912742298,TRUE,"Desulfovibrio_piger__DslPige3"
"UXQT01.43396.1_1/11-220","UXQT01","SAMEA2160152","['Desulfovibrio_piger__DslPige3', 'Desulfovibrio_piger__DslPige4']",0.13297209127423,TRUE,"Desulfovibrio_piger__DslPige3"
"UXQT01.43396.1_2/1-163","UXQT01","SAMEA2160152","['Desulfovibrio_piger__DslPige3', 'Desulfovibrio_piger__DslPige4']",0.15465109127423,TRUE,"Desulfovibrio_piger__DslPige3"
"ORVZ01.809.1_22/64-437","ORVZ01","SAMEA2338845","['Bilophila_wadsworthia__BilWads6']",1.50000025001454e-06,TRUE,"Bilophila_wadsworthia__BilWads6"
"ORVZ01.809.1_21/11-266","ORVZ01","SAMEA2338845","['Bilophila_wadsworthia__BilWads6']",1.50000025001454e-06,TRUE,"Bilophila_wadsworthia__BilWads6"
"OWBE01.2558.1_5/64-437","OWBE01","SAMEA3708459","['Bilophila_wadsworthia__BilWads6']",1.50000025001454e-06,TRUE,"Bilophila_wadsworthia__BilWads6"
"OWBE01.2558.1_6/11-266","OWBE01","SAMEA3708459","['Bilophila_wadsworthia__BilWads6']",1.50000025001454e-06,TRUE,"Bilophila_wadsworthia__BilWads6"
"UALC01.30235.1_1/29-251","UALC01","SAMN06164597","['Bilophila_wadsworthia__BilWads6']",0.233388370502427,TRUE,"Bilophila_wadsworthia__BilWads6"
"UALC01.28775.1_1/8-243","UALC01","SAMN06164597","['Bilophila_sp._4_1_30__BilSpec3']",0.0275838334302823,TRUE,"Bilophila_sp._4_1_30__BilSpec3"
"ORPK01.10958.1_3/63-436","ORPK01","SAMEA2338687","['Desulfovibrio_piger__DslPige3']",0.0330507876807884,TRUE,"Desulfovibrio_piger__DslPige3"
"ORPK01.10958.1_2/11-266","ORPK01","SAMEA2338687","['Desulfovibrio_piger__DslPige4']",0.0111067876807884,TRUE,"Desulfovibrio_piger__DslPige4"
"UZRS01.35893.1_1/23-153","UZRS01","SAMN00715271","['Bilophila_sp._4_1_30__BilSpec3']",0.0169988334302823,TRUE,"Bilophila_sp._4_1_30__BilSpec3"
"UPQV01.5037.1_5/64-437","UPQV01","SAMEA2737787","['Bilophila_wadsworthia__BilWads6']",1.50000025001454e-06,TRUE,"Bilophila_wadsworthia__BilWads6"
"UPQV01.5037.1_6/11-266","UPQV01","SAMEA2737787","['Bilophila_wadsworthia__BilWads6']",1.50000025001454e-06,TRUE,"Bilophila_wadsworthia__BilWads6"
"UMIY01.30948.1_2/27-293","UMIY01","SAMEA4836134","['Moorella_thermoacetica_Y72_copy_2__MooTher5']",6.81049761945668,TRUE,"Moorella_thermoacetica_Y72_copy_2__MooTher5"
"UMIY01.2092.1_7/26-289","UMIY01","SAMEA4836134","['Moorella_thermoacetica_Y72_copy_2__MooTher5']",7.89890761945668,TRUE,"Moorella_thermoacetica_Y72_copy_2__MooTher5"
"ULRE01.52415.1_1/1-264","ULRE01","SAMEA4835674","['Desulfovibrio_piger__DslPige3', 'Desulfovibrio_piger__DslPige4']",NA,TRUE,"Desulfovibrio_piger__DslPige3"
"ULRE01.57331.1_1/1-200","ULRE01","SAMEA4835674","['Desulfovibrio_piger__DslPige3', 'Desulfovibrio_piger__DslPige4']",0.0837600912742298,TRUE,"Desulfovibrio_piger__DslPige3"
"ULRE01.60356.1_1/63-186","ULRE01","SAMEA4835674","['Desulfovibrio_piger__DslPige3', 'Desulfovibrio_piger__DslPige4']",NA,TRUE,"Desulfovibrio_piger__DslPige3"
"UMLM01.48333.1_1/64-143","UMLM01","SAMEA4836203","['Bilophila_wadsworthia__BilWads6', 'Bilophila_sp._4_1_30__BilSpec3', 'uncultured_bacterium__EF645667', 'Desulfovibrio_piger__DslPige3', 'Desulfovibrio_piger__DslPige4']",NA,TRUE,"Bilophila_wadsworthia__BilWads6"
"UMLG01.60125.1_3/64-251","UMLG01","SAMEA4836195","['Bilophila_wadsworthia__BilWads6', 'Bilophila_sp._4_1_30__BilSpec3']",NA,TRUE,"Bilophila_wadsworthia__BilWads6"
"UZKM01.13484.1_2/2-191","UZKM01","SAMN00715152","['Bilophila_wadsworthia__BilWads6']",0.129091370502427,TRUE,"Bilophila_wadsworthia__BilWads6"
"UZKM01.13484.1_1/11-93","UZKM01","SAMN00715152","['Bilophila_wadsworthia__BilWads6', 'Bilophila_sp._4_1_30__BilSpec3']",NA,TRUE,"Bilophila_wadsworthia__BilWads6"
"ORKA01.1750.1_3/63-436","ORKA01","SAMN04329859","['Desulfovibrio_piger__DslPige3', 'Desulfovibrio_piger__DslPige4']",0.0018347876807884,TRUE,"Desulfovibrio_piger__DslPige3"
"ORKA01.1750.1_2/11-266","ORKA01","SAMN04329859","['Desulfovibrio_piger__DslPige3', 'Desulfovibrio_piger__DslPige4']",0.0018347876807884,TRUE,"Desulfovibrio_piger__DslPige3"
"ORKA01.13878.1_1/1-278","ORKA01","SAMN04329859","['Bilophila_sp._4_1_30__BilSpec3']",0.0521748334302823,TRUE,"Bilophila_sp._4_1_30__BilSpec3"
"ORKA01.4273.1_2/1-275","ORKA01","SAMN04329859","['Anaerobic_bacterium_sk.prop8__Bv2Prop2']",1.13670453982822,TRUE,"Anaerobic_bacterium_sk.prop8__Bv2Prop2"
"ORKA01.4273.1_1/6-240","ORKA01","SAMN04329859","['Desulfitibacter_alkalitolerans__DfiAlka2']",1.04037455633203,TRUE,"Desulfitibacter_alkalitolerans__DfiAlka2"
"ORKA01.20078.1_1/16-220","ORKA01","SAMN04329859","['uncultured_bacterium__EF645667']",0.403942276190246,TRUE,"uncultured_bacterium__EF645667"
"ORKA01.21879.1_2/11-114","ORKA01","SAMN04329859","['Bilophila_sp._4_1_30__BilSpec3']",0.0224748334302823,TRUE,"Bilophila_sp._4_1_30__BilSpec3"
"OVTN01.14312.1_1/64-480","OVTN01","SAMN06016419","['Bilophila_wadsworthia__BilWads6']",1.50000025001454e-06,TRUE,"Bilophila_wadsworthia__BilWads6"
"OVTN01.2698.1_1/1-230","OVTN01","SAMN06016419","['Bilophila_wadsworthia__BilWads6']",0.110121370502427,TRUE,"Bilophila_wadsworthia__BilWads6"
"ORMP01.11882.1_3/63-436","ORMP01","SAMEA2338692","['Desulfovibrio_piger__DslPige3', 'Desulfovibrio_piger__DslPige4']",0.0606080912742298,TRUE,"Desulfovibrio_piger__DslPige3"
"ORMP01.11882.1_2/11-266","ORMP01","SAMEA2338692","['Desulfovibrio_piger__DslPige3', 'Desulfovibrio_piger__DslPige4']",0.10713709127423,TRUE,"Desulfovibrio_piger__DslPige3"
"OPRH01.40996.1_1/1-187","OPRH01","SAMEA1963786","['Desulfovibrio_piger__DslPige4']",0.0586880912742298,TRUE,"Desulfovibrio_piger__DslPige4"
"OPRH01.20684.1_1/1-94","OPRH01","SAMEA1963786","['uncultured_bacterium__EF645667', 'Desulfovibrio_piger__DslPige3', 'Desulfovibrio_piger__DslPige4']",NA,TRUE,"uncultured_bacterium__EF645667"
"USXO01.5062.1_2/64-124","USXO01","SAMN06111952","['Bilophila_sp._4_1_30__BilSpec3']",0.0528968334302823,TRUE,"Bilophila_sp._4_1_30__BilSpec3"
"OWDQ01.335.1_10/64-437","OWDQ01","SAMEA3708579","['Bilophila_wadsworthia__BilWads6']",1.50000025001454e-06,TRUE,"Bilophila_wadsworthia__BilWads6"
"OWDQ01.335.1_11/11-266","OWDQ01","SAMEA3708579","['Bilophila_wadsworthia__BilWads6']",1.50000025001454e-06,TRUE,"Bilophila_wadsworthia__BilWads6"
"ORMR01.34516.1_1/2-136","ORMR01","SAMEA2338699","['Bilophila_sp._4_1_30__BilSpec3']",0.0168188334302823,TRUE,"Bilophila_sp._4_1_30__BilSpec3"
"ULVE01.66400.1_2/62-435","ULVE01","SAMEA4835778","['uncultured_bacterium__EF645667']",0.471300276190246,TRUE,"uncultured_bacterium__EF645667"
"ULVE01.97021.1_1/1-178","ULVE01","SAMEA4835778","['uncultured_bacterium__EF645667']",NA,TRUE,"uncultured_bacterium__EF645667"
"ULVE01.66400.1_1/11-77","ULVE01","SAMEA4835778","['uncultured_bacterium__EF645667', 'Bilophila_wadsworthia__BilWads6', 'Desulfovibrio_vulgaris__DQ826729']",NA,TRUE,"uncultured_bacterium__EF645667"
"OUOU01.48953.1_2/2-120","OUOU01","SAMN05356889","['Gordonibacter_pamelaeae__GrdPame5']",0.839404704393165,TRUE,"Gordonibacter_pamelaeae__GrdPame5"
"OWCT01.361.1_11/64-437","OWCT01","SAMEA3708532","['Bilophila_wadsworthia__BilWads6']",1.50000025001454e-06,TRUE,"Bilophila_wadsworthia__BilWads6"
"OWCT01.361.1_12/11-266","OWCT01","SAMEA3708532","['Bilophila_wadsworthia__BilWads6']",1.50000025001454e-06,TRUE,"Bilophila_wadsworthia__BilWads6"
"OWST01.295.1_59/63-436","OWST01","SAMEA4378314","['Desulfovibrio_sp._3_1_syn3__DsvSp230']",0.00163384853285095,TRUE,"Desulfovibrio_sp._3_1_syn3__DsvSp230"
"OWST01.295.1_60/11-266","OWST01","SAMEA4378314","['Desulfovibrio_sp._6_1_46AFAA__DsvSp231']",0.0261574179855414,TRUE,"Desulfovibrio_sp._6_1_46AFAA__DsvSp231"
"OWST01.33873.1_1/64-259","OWST01","SAMEA4378314","['Bilophila_wadsworthia__BilWads6', 'Bilophila_sp._4_1_30__BilSpec3']",NA,TRUE,"Bilophila_wadsworthia__BilWads6"
"OWST01.83968.1_1/11-152","OWST01","SAMEA4378314","['Bilophila_wadsworthia__BilWads6', 'Bilophila_sp._4_1_30__BilSpec3']",NA,TRUE,"Bilophila_wadsworthia__BilWads6"
"ULSC01.10421.1_2/11-266","ULSC01","SAMEA4835698","['Desulfovibrio_sp._6_1_46AFAA__DsvSp231']",0.0261574179855414,TRUE,"Desulfovibrio_sp._6_1_46AFAA__DsvSp231"
"ULSC01.10421.1_1/1-201","ULSC01","SAMEA4835698","['Desulfovibrio_sp._3_1_syn3__DsvSp230']",0.010814848532851,TRUE,"Desulfovibrio_sp._3_1_syn3__DsvSp230"
"ULSC01.24134.1_1/63-180","ULSC01","SAMEA4835698","['uncultured_bacterium__EF645667', 'Desulfovibrio_sp._3_1_syn3__DsvSp230', 'Desulfovibrio_sp._6_1_46AFAA__DsvSp231']",NA,TRUE,"uncultured_bacterium__EF645667"
"USUE01.15096.1_1/65-346","USUE01","SAMN06111989","['Desulfovibrio_piger__DslPige3', 'Desulfovibrio_piger__DslPige4']",NA,TRUE,"Desulfovibrio_piger__DslPige3"
"USUE01.14479.1_1/1-253","USUE01","SAMN06111989","['Desulfovibrio_piger__DslPige3', 'Desulfovibrio_piger__DslPige4']",0.11631709127423,TRUE,"Desulfovibrio_piger__DslPige3"
"USWL01.33418.1_1/90-374","USWL01","SAMN06112052","['Anaerobic_bacterium_sk.prop8__Bv2Prop2']",NA,TRUE,"Anaerobic_bacterium_sk.prop8__Bv2Prop2"
"USWL01.23489.1_2/6-240","USWL01","SAMN06112052","['Anaerobic_bacterium_sk.prop8__Bv2Prop2']",0.955110884876434,TRUE,"Anaerobic_bacterium_sk.prop8__Bv2Prop2"
"UPXB01.58015.1_1/1-240","UPXB01","SAMN06111974","['Bilophila_sp._4_1_30__BilSpec3']",0.0100948334302823,TRUE,"Bilophila_sp._4_1_30__BilSpec3"
"UPMP01.33444.1_1/64-293","UPMP01","SAMEA2737867","['Bilophila_sp._4_1_30__BilSpec3']",0.0127668334302823,TRUE,"Bilophila_sp._4_1_30__BilSpec3"
"UPMP01.23586.1_1/1-215","UPMP01","SAMEA2737867","['Bilophila_wadsworthia__BilWads6']",0.0993673705024268,TRUE,"Bilophila_wadsworthia__BilWads6"
"QFCF01.61.1_24/64-437","QFCF01","SAMN09062253","['Bilophila_wadsworthia__BilWads6']",1.50000025001454e-06,TRUE,"Bilophila_wadsworthia__BilWads6"
"QFCF01.61.1_23/11-266","QFCF01","SAMN09062253","['Bilophila_sp._4_1_30__BilSpec3']",0.0016698334302823,TRUE,"Bilophila_sp._4_1_30__BilSpec3"
"ORHY01.11194.1_1/3-243","ORHY01","SAMN04329854","['Bilophila_wadsworthia__BilWads6', 'Bilophila_sp._4_1_30__BilSpec3']",NA,TRUE,"Bilophila_wadsworthia__BilWads6"
"ORHY01.6155.1_1/6-222","ORHY01","SAMN04329854","['Anaerobic_bacterium_sk.prop8__Bv2Prop2']",0.955110884876434,TRUE,"Anaerobic_bacterium_sk.prop8__Bv2Prop2"
"ORHY01.2880.1_3/2-140","ORHY01","SAMN04329854","['Desulfitibacter_alkalitolerans__DfiAlka2']",NA,TRUE,"Desulfitibacter_alkalitolerans__DfiAlka2"
"ORHY01.6155.1_2/1-91","ORHY01","SAMN04329854","['Anaerobic_bacterium_sk.prop8__Bv2Prop2']",1.16623553982822,TRUE,"Anaerobic_bacterium_sk.prop8__Bv2Prop2"
"UMFN01.19429.1_9/64-437","UMFN01","SAMEA4836047","['Bilophila_sp._4_1_30__BilSpec3']",0.0138388334302823,TRUE,"Bilophila_sp._4_1_30__BilSpec3"
"UMFN01.19429.1_8/11-266","UMFN01","SAMEA4836047","['Bilophila_sp._4_1_30__BilSpec3']",0.0016698334302823,TRUE,"Bilophila_sp._4_1_30__BilSpec3"
"OVXT01.1434.1_12/64-437","OVXT01","SAMEA3708538","['Bilophila_wadsworthia__BilWads6']",1.50000025001454e-06,TRUE,"Bilophila_wadsworthia__BilWads6"
"OVXT01.1434.1_11/11-266","OVXT01","SAMEA3708538","['Bilophila_wadsworthia__BilWads6']",1.50000025001454e-06,TRUE,"Bilophila_wadsworthia__BilWads6"
"OQIL01.2251.1_3/1-259","OQIL01","SAMD00036191","['Bilophila_wadsworthia__BilWads6']",0.107893370502427,TRUE,"Bilophila_wadsworthia__BilWads6"
"OQIL01.2251.1_4/11-232","OQIL01","SAMD00036191","['Bilophila_wadsworthia__BilWads6']",0.409376370502427,TRUE,"Bilophila_wadsworthia__BilWads6"
"OVYO01.10884.1_1/64-370","OVYO01","SAMEA3708615","['Bilophila_sp._4_1_30__BilSpec3']",0.0332908334302823,TRUE,"Bilophila_sp._4_1_30__BilSpec3"
"OVYO01.42471.1_1/11-287","OVYO01","SAMEA3708615","['Bilophila_wadsworthia__BilWads6']",0.171149370502427,TRUE,"Bilophila_wadsworthia__BilWads6"
"OVLY01.1993.1_7/64-437","OVLY01","SAMN06016327","['Bilophila_wadsworthia__BilWads6']",1.50000025001454e-06,TRUE,"Bilophila_wadsworthia__BilWads6"
"OVLY01.1993.1_6/11-266","OVLY01","SAMN06016327","['Bilophila_wadsworthia__BilWads6']",1.50000025001454e-06,TRUE,"Bilophila_wadsworthia__BilWads6"
"OVYW01.13981.1_1/1-126","OVYW01","SAMEA3708705","['Bilophila_wadsworthia__BilWads6']",NA,TRUE,"Bilophila_wadsworthia__BilWads6"
"OWFH01.1987.1_10/64-437","OWFH01","SAMEA3708577","['Bilophila_wadsworthia__BilWads6']",1.50000025001454e-06,TRUE,"Bilophila_wadsworthia__BilWads6"
"OWFH01.14124.1_1/1-365","OWFH01","SAMEA3708577","['Desulfovibrio_piger__DslPige3', 'Desulfovibrio_piger__DslPige4']",0.0563740912742298,TRUE,"Desulfovibrio_piger__DslPige3"
"OWFH01.1987.1_11/11-160","OWFH01","SAMEA3708577","['Bilophila_wadsworthia__BilWads6', 'Bilophila_sp._4_1_30__BilSpec3']",NA,TRUE,"Bilophila_wadsworthia__BilWads6"
"OWFH01.31505.1_1/1-124","OWFH01","SAMEA3708577","['Bilophila_wadsworthia__BilWads6']",NA,TRUE,"Bilophila_wadsworthia__BilWads6"
"OWFH01.14124.1_2/11-160","OWFH01","SAMEA3708577","['Desulfovibrio_piger__DslPige2']",0.0186785214698588,TRUE,"Desulfovibrio_piger__DslPige2"
"UZOX01.25948.1_2/63-150","UZOX01","SAMN00791989","['Desulfovibrio_piger__DslPige4', 'Desulfovibrio_piger__DslPige3', 'uncultured_bacterium__EF645667']",NA,TRUE,"Desulfovibrio_piger__DslPige4"
"ULYR01.37847.1_1/1-233","ULYR01","SAMEA4835868","['uncultured_bacterium__EF645667']",NA,TRUE,"uncultured_bacterium__EF645667"
"ULYR01.59233.1_1/1-169","ULYR01","SAMEA4835868","['uncultured_bacterium__EF645667']",NA,TRUE,"uncultured_bacterium__EF645667"
"ORPB01.29461.1_1/1-97","ORPB01","SAMEA2338747","['Bilophila_wadsworthia__BilWads6', 'Desulfovibrio_sp._6_1_46AFAA__DsvSp231']",NA,TRUE,"Bilophila_wadsworthia__BilWads6"
"OYVV01.10705.1_1/27-294","OYVV01","SAMN06165153","['Moorella_thermoacetica_Y72_copy_2__MooTher5']",7.00372561945668,TRUE,"Moorella_thermoacetica_Y72_copy_2__MooTher5"
"OYVV01.5002.1_2/28-293","OYVV01","SAMN06165153","['Moorella_thermoacetica_Y72_copy_2__MooTher5']",7.08102461945668,TRUE,"Moorella_thermoacetica_Y72_copy_2__MooTher5"
"UERV01.15970.1_1/63-347","UERV01","SAMN06115540","['uncultured_bacterium__EF645667']",0.116853677392887,TRUE,"uncultured_bacterium__EF645667"
"UPPJ01.43873.1_2/1-74","UPPJ01","SAMEA2737769","['Anaerobic_bacterium_sk.prop8__Bv2Prop2', 'Desulfitibacter_alkalitolerans__DfiAlka2']",NA,TRUE,"Anaerobic_bacterium_sk.prop8__Bv2Prop2"
"OPEV01.4444.1_5/40-292","OPEV01","SAMEA1972159","['Moorella_thermoacetica_Y72_copy_2__MooTher5']",7.72918061945668,TRUE,"Moorella_thermoacetica_Y72_copy_2__MooTher5"
"UPLU01.15874.1_1/62-431","UPLU01","SAMEA2737865","['uncultured_bacterium__EF645667']",0.474586276190246,TRUE,"uncultured_bacterium__EF645667"
"UPLU01.7455.1_4/1-184","UPLU01","SAMEA2737865","['uncultured_bacterium__EF645667']",NA,TRUE,"uncultured_bacterium__EF645667"
"USYZ01.5076.1_4/64-437","USYZ01","SAMN06111968","['Bilophila_wadsworthia__BilWads6']",1.50000025001454e-06,TRUE,"Bilophila_wadsworthia__BilWads6"
"USYZ01.5076.1_3/11-266","USYZ01","SAMN06111968","['Bilophila_wadsworthia__BilWads6']",1.50000025001454e-06,TRUE,"Bilophila_wadsworthia__BilWads6"
"ORMN01.11609.1_2/63-436","ORMN01","SAMEA2338770","['Desulfovibrio_piger__DslPige3', 'Desulfovibrio_piger__DslPige4']",0.0536460912742298,TRUE,"Desulfovibrio_piger__DslPige3"
"ORMN01.11609.1_3/11-266","ORMN01","SAMEA2338770","['Desulfovibrio_piger__DslPige3', 'Desulfovibrio_piger__DslPige4']",0.0838660912742298,TRUE,"Desulfovibrio_piger__DslPige3"
"ORMN01.20534.1_2/5-240","ORMN01","SAMEA2338770","['Desulfitibacter_alkalitolerans__DfiAlka2']",1.29582155633203,TRUE,"Desulfitibacter_alkalitolerans__DfiAlka2"
"ORMN01.20534.1_1/1-170","ORMN01","SAMEA2338770","['Archaeoglobus_sulfaticallidus__ArgSulfa']",1.89824949878678,TRUE,"Archaeoglobus_sulfaticallidus__ArgSulfa"
"UZVO01.14644.1_1/1-122","UZVO01","SAMN00993245","['Bilophila_sp._4_1_30__BilSpec3']",0.0598788334302823,TRUE,"Bilophila_sp._4_1_30__BilSpec3"
"UZVO01.13383.1_3/64-140","UZVO01","SAMN00993245","['Bilophila_wadsworthia__BilWads6', 'Bilophila_sp._4_1_30__BilSpec3', 'uncultured_bacterium__EF645667', 'Desulfovibrio_piger__DslPige3', 'Desulfovibrio_piger__DslPige4']",NA,TRUE,"Bilophila_wadsworthia__BilWads6"
"ULWO01.22023.1_1/1-338","ULWO01","SAMEA4835814","['Bilophila_wadsworthia__BilWads6', 'Bilophila_sp._4_1_30__BilSpec3']",NA,TRUE,"Bilophila_wadsworthia__BilWads6"
"UPMO01.1077.1_4/63-436","UPMO01","SAMEA2737809","['Desulfovibrio_piger__DslPige3', 'Desulfovibrio_piger__DslPige4']",0.0793200912742298,TRUE,"Desulfovibrio_piger__DslPige3"
"UPMO01.1077.1_5/11-266","UPMO01","SAMEA2737809","['Desulfovibrio_piger__DslPige3']",0.0296697876807884,TRUE,"Desulfovibrio_piger__DslPige3"
"OROS01.14746.1_2/1-358","OROS01","SAMEA2338753","['Desulfovibrio_piger__DslPige3', 'Desulfovibrio_piger__DslPige4']",0.0647370912742298,TRUE,"Desulfovibrio_piger__DslPige3"
"OROS01.14746.1_1/11-105","OROS01","SAMEA2338753","['Bilophila_wadsworthia__BilWads6', 'Bilophila_sp._4_1_30__BilSpec3']",NA,TRUE,"Bilophila_wadsworthia__BilWads6"
"OYXD01.28088.1_1/47-294","OYXD01","SAMN06165146","['Bilophila_sp._4_1_30__BilSpec3']",0.0117648334302823,TRUE,"Bilophila_sp._4_1_30__BilSpec3"
"OYXD01.43852.1_1/1-163","OYXD01","SAMN06165146","['Bilophila_wadsworthia__BilWads6']",NA,TRUE,"Bilophila_wadsworthia__BilWads6"
"OYXD01.41238.1_2/11-104","OYXD01","SAMN06165146","['Bilophila_wadsworthia__BilWads6', 'Bilophila_sp._4_1_30__BilSpec3']",NA,TRUE,"Bilophila_wadsworthia__BilWads6"
"OYXD01.41238.1_1/1-113","OYXD01","SAMN06165146","['Bilophila_wadsworthia__BilWads6', 'Bilophila_sp._4_1_30__BilSpec3', 'uncultured_bacterium__EF645667']",NA,TRUE,"Bilophila_wadsworthia__BilWads6"
"UERR01.18720.1_1/63-436","UERR01","SAMN06115534","['Desulfovibrio_piger__DslPige2']",0.0278855214698588,TRUE,"Desulfovibrio_piger__DslPige2"
"UERR01.1714.1_13/62-435","UERR01","SAMN06115534","['uncultured_bacterium__EF645667']",0.471300276190246,TRUE,"uncultured_bacterium__EF645667"
"UERR01.14998.1_3/11-266","UERR01","SAMN06115534","['Desulfovibrio_piger__DslPige3', 'Desulfovibrio_piger__DslPige4']",0.0593557876807884,TRUE,"Desulfovibrio_piger__DslPige3"
"UERR01.1714.1_12/11-266","UERR01","SAMN06115534","['uncultured_bacterium__EF645667']",0.610517276190246,TRUE,"uncultured_bacterium__EF645667"
"UERR01.58414.1_1/1-183","UERR01","SAMN06115534","['Bilophila_wadsworthia__BilWads6']",0.309860370502427,TRUE,"Bilophila_wadsworthia__BilWads6"
"OOZW01.941.1_20/40-291","OOZW01","SAMEA2042517","['Moorella_thermoacetica_Y72_copy_2__MooTher5']",7.61628561945668,TRUE,"Moorella_thermoacetica_Y72_copy_2__MooTher5"
"OWQJ01.26956.1_1/5-240","OWQJ01","SAMEA4378255","['Desulfitibacter_alkalitolerans__DfiAlka2']",1.32625955633203,TRUE,"Desulfitibacter_alkalitolerans__DfiAlka2"
"OWQJ01.26956.1_2/1-223","OWQJ01","SAMEA4378255","['Anaerobic_bacterium_sk.prop8__Bv2Prop2']",1.52494653982822,TRUE,"Anaerobic_bacterium_sk.prop8__Bv2Prop2"
"UYKQ01.1142.1_10/64-437","UYKQ01","SAMN03653691","['Bilophila_wadsworthia__BilWads6']",1.50000025001454e-06,TRUE,"Bilophila_wadsworthia__BilWads6"
"UYKQ01.1142.1_9/11-266","UYKQ01","SAMN03653691","['Bilophila_sp._4_1_30__BilSpec3']",0.0016698334302823,TRUE,"Bilophila_sp._4_1_30__BilSpec3"
"UMLF01.5773.1_2/40-291","UMLF01","SAMEA4836194","['Moorella_thermoacetica_Y72_copy_2__MooTher5']",7.61628561945668,TRUE,"Moorella_thermoacetica_Y72_copy_2__MooTher5"
"OUQR01.21700.1_2/1-358","OUQR01","SAMN05194709","['Desulfovibrio_piger__DslPige3', 'Desulfovibrio_piger__DslPige4']",0.0776490912742298,TRUE,"Desulfovibrio_piger__DslPige3"
"OUQR01.21700.1_1/11-101","OUQR01","SAMN05194709","['Desulfovibrio_piger__DslPige3', 'Desulfovibrio_piger__DslPige4', 'Bilophila_wadsworthia__BilWads6', 'uncultured_bacterium__EF645667']",NA,TRUE,"Desulfovibrio_piger__DslPige3"
"USYY01.2792.1_2/64-437","USYY01","SAMN06111935","['Bilophila_wadsworthia__BilWads6']",1.50000025001454e-06,TRUE,"Bilophila_wadsworthia__BilWads6"
"USYY01.2792.1_3/11-266","USYY01","SAMN06111935","['Bilophila_wadsworthia__BilWads6']",1.50000025001454e-06,TRUE,"Bilophila_wadsworthia__BilWads6"
"OQQS01.39433.1_1/22-311","OQQS01","SAMN02712190","['Bilophila_sp._4_1_30__BilSpec3']",0.0849298334302823,TRUE,"Bilophila_sp._4_1_30__BilSpec3"
"UYBN01.21325.1_1/1-292","UYBN01","SAMEA1970465","['Desulfovibrio_piger__DslPige3', 'Desulfovibrio_piger__DslPige4']",NA,TRUE,"Desulfovibrio_piger__DslPige3"
"UYBN01.43068.1_1/1-102","UYBN01","SAMEA1970465","['Desulfovibrio_piger__DslPige4']",0.0728007876807884,TRUE,"Desulfovibrio_piger__DslPige4"
"OQNB01.12230.1_1/1-75","OQNB01","SAMD00036377","['Bilophila_wadsworthia__BilWads6', 'Bilophila_sp._4_1_30__BilSpec3', 'Desulfovibrio_sp._6_1_46AFAA__DsvSp231', 'uncultured_bacterium__EF645667']",NA,TRUE,"Bilophila_wadsworthia__BilWads6"
"OQNB01.3660.1_1/11-89","OQNB01","SAMD00036377","['MSW_digester_clone__Unc01cxc']",0.937032806709522,TRUE,"MSW_digester_clone__Unc01cxc"
"UERK01.36684.1_2/15-388","UERK01","SAMN06115538","['Desulfovibrio_piger__DslPige4']",0.0140007876807884,TRUE,"Desulfovibrio_piger__DslPige4"
"UERK01.38218.1_1/1-167","UERK01","SAMN06115538","['uncultured_bacterium__EF645667', 'Desulfovibrio_piger__DslPige3', 'Desulfovibrio_piger__DslPige4']",NA,TRUE,"uncultured_bacterium__EF645667"
"UERK01.36684.1_1/11-98","UERK01","SAMN06115538","['Desulfovibrio_piger__DslPige3', 'Desulfovibrio_piger__DslPige4', 'uncultured_bacterium__EF645667', 'Desulfovibrio_piger__DslPige2']",NA,TRUE,"Desulfovibrio_piger__DslPige3"
"ORBO01.26.1_73/53-401","ORBO01","SAMN04161035","['Anaerobic_bacterium_sk.prop8__Bv2Prop2']",1.29820453982822,TRUE,"Anaerobic_bacterium_sk.prop8__Bv2Prop2"
"ORBO01.26.1_74/4-240","ORBO01","SAMN04161035","['Desulfitibacter_alkalitolerans__DfiAlka2']",1.28346255633203,TRUE,"Desulfitibacter_alkalitolerans__DfiAlka2"
"OQME01.59449.1_2/11-98","OQME01","SAMD00036398","['Bilophila_wadsworthia__BilWads6']",NA,TRUE,"Bilophila_wadsworthia__BilWads6"
"OQME01.59449.1_1/1-111","OQME01","SAMD00036398","['Bilophila_wadsworthia__BilWads6']",0.152900370502427,TRUE,"Bilophila_wadsworthia__BilWads6"
"UZTK01.28195.1_2/1-109","UZTK01","SAMN00792062","['Bilophila_sp._4_1_30__BilSpec3']",0.0191838334302823,TRUE,"Bilophila_sp._4_1_30__BilSpec3"
"UZTK01.28195.1_1/11-79","UZTK01","SAMN00792062","['Bilophila_wadsworthia__BilWads6', 'Bilophila_sp._4_1_30__BilSpec3']",NA,TRUE,"Bilophila_wadsworthia__BilWads6"
"ORJR01.88543.1_2/1-160","ORJR01","SAMN04329779","['uncultured_bacterium__EF645667']",0.0336760841395422,TRUE,"uncultured_bacterium__EF645667"
"ORJR01.25589.1_2/28-287","ORJR01","SAMN04329779","['Moorella_thermoacetica_Y72_copy_2__MooTher5']",6.71729161945668,TRUE,"Moorella_thermoacetica_Y72_copy_2__MooTher5"
"OPXC01.21268.1_2/63-436","OPXC01","SAMEA2043043","['Desulfovibrio_piger__DslPige3', 'Desulfovibrio_piger__DslPige4']",0.0543940912742298,TRUE,"Desulfovibrio_piger__DslPige3"
"OPXC01.21268.1_1/11-155","OPXC01","SAMEA2043043","['Desulfovibrio_piger__DslPige2']",0.0977485214698588,TRUE,"Desulfovibrio_piger__DslPige2"
"OWFV01.52048.1_1/45-320","OWFV01","SAMEA3708595","['Anaerobic_bacterium_sk.prop8__Bv2Prop2']",1.22440153982822,TRUE,"Anaerobic_bacterium_sk.prop8__Bv2Prop2"
"OVTR01.22212.1_1/1-316","OVTR01","SAMN06016381","['Bilophila_wadsworthia__BilWads6', 'Bilophila_sp._4_1_30__BilSpec3']",NA,TRUE,"Bilophila_wadsworthia__BilWads6"
"OVTR01.17800.1_1/1-168","OVTR01","SAMN06016381","['Bilophila_wadsworthia__BilWads6']",NA,TRUE,"Bilophila_wadsworthia__BilWads6"
"UXRV01.837.1_33/62-435","UXRV01","SAMEA2156850","['uncultured_bacterium__EF645667']",0.471300276190246,TRUE,"uncultured_bacterium__EF645667"
"UXRV01.837.1_34/11-266","UXRV01","SAMEA2156850","['uncultured_bacterium__EF645667']",0.597408276190246,TRUE,"uncultured_bacterium__EF645667"
"UXRV01.62466.1_2/1-93","UXRV01","SAMEA2156850","['Desulfitibacter_alkalitolerans__DfiAlka2']",NA,TRUE,"Desulfitibacter_alkalitolerans__DfiAlka2"
"USYE01.21458.1_1/13-255","USYE01","SAMN06111929","['Bilophila_wadsworthia__BilWads6']",0.255465370502427,TRUE,"Bilophila_wadsworthia__BilWads6"
"USYE01.27595.1_1/1-224","USYE01","SAMN06111929","['uncultured_bacterium__EF645667']",0.391856276190246,TRUE,"uncultured_bacterium__EF645667"
"USUB01.14146.1_1/11-266","USUB01","SAMN06111994","['Bilophila_wadsworthia__BilWads6']",0.00926950000025001,TRUE,"Bilophila_wadsworthia__BilWads6"
"UPEG01.8060.1_4/63-436","UPEG01","SAMEA2737665","['Desulfovibrio_piger__DslPige3']",0.0079767876807884,TRUE,"Desulfovibrio_piger__DslPige3"
"UPEG01.7489.1_1/11-266","UPEG01","SAMEA2737665","['uncultured_bacterium__EF645667']",0.178761276190246,TRUE,"uncultured_bacterium__EF645667"
"UPEG01.53870.1_1/11-157","UPEG01","SAMEA2737665","['Bilophila_wadsworthia__BilWads6']",NA,TRUE,"Bilophila_wadsworthia__BilWads6"
"UPEG01.92476.1_1/1-91","UPEG01","SAMEA2737665","['Bilophila_wadsworthia__BilWads6', 'Desulfovibrio_vulgaris__DQ826729']",NA,TRUE,"Bilophila_wadsworthia__BilWads6"
"UPEG01.53870.1_2/1-91","UPEG01","SAMEA2737665","['Desulfovibrio_vulgaris__DQ826729']",NA,TRUE,"Desulfovibrio_vulgaris__DQ826729"
"ORUB01.19437.1_2/32-291","ORUB01","SAMEA2338853","['Moorella_thermoacetica_Y72_copy_2__MooTher5']",7.61628561945668,TRUE,"Moorella_thermoacetica_Y72_copy_2__MooTher5"
"UZRM01.8301.1_1/11-266","UZRM01","SAMN00792037","['Desulfovibrio_piger__DslPige3']",0.0203577876807884,TRUE,"Desulfovibrio_piger__DslPige3"
"UZRM01.8301.1_2/1-212","UZRM01","SAMN00792037","['Desulfovibrio_piger__DslPige4', 'Desulfovibrio_piger__DslPige3']",NA,TRUE,"Desulfovibrio_piger__DslPige4"
"OVTE01.3152.1_1/64-421","OVTE01","SAMN06016406","['Bilophila_wadsworthia__BilWads6', 'Bilophila_sp._4_1_30__BilSpec3']",NA,TRUE,"Bilophila_wadsworthia__BilWads6"
"OVTE01.7277.1_3/11-266","OVTE01","SAMN06016406","['Bilophila_wadsworthia__BilWads6']",1.50000025001454e-06,TRUE,"Bilophila_wadsworthia__BilWads6"
"UMCK01.70864.1_1/2-232","UMCK01","SAMEA4835957","['uncultured_bacterium__EF645667']",NA,TRUE,"uncultured_bacterium__EF645667"
"UMCK01.64005.1_1/1-203","UMCK01","SAMEA4835957","['uncultured_bacterium__EF645667', 'Desulfovibrio_piger__DslPige3']",NA,TRUE,"uncultured_bacterium__EF645667"
"OROO01.6124.1_1/63-436","OROO01","SAMEA2338730","['Desulfovibrio_piger__DslPige3', 'Desulfovibrio_piger__DslPige4']",0.0327677876807884,TRUE,"Desulfovibrio_piger__DslPige3"
"OROO01.6124.1_2/11-266","OROO01","SAMEA2338730","['uncultured_bacterium__EF645667']",0.159616276190246,TRUE,"uncultured_bacterium__EF645667"
"OVLK01.7948.1_1/83-456","OVLK01","SAMN06016369","['Bilophila_wadsworthia__BilWads6']",1.50000025001454e-06,TRUE,"Bilophila_wadsworthia__BilWads6"
"OVLK01.7948.1_2/1-253","OVLK01","SAMN06016369","['Bilophila_wadsworthia__BilWads6']",0.108774370502427,TRUE,"Bilophila_wadsworthia__BilWads6"
"OWCF01.209.1_18/62-435","OWCF01","SAMEA3708504","['uncultured_bacterium__EF645667']",0.474586276190246,TRUE,"uncultured_bacterium__EF645667"
"OWCF01.11056.1_1/1-345","OWCF01","SAMEA3708504","['Bilophila_wadsworthia__BilWads6', 'Bilophila_sp._4_1_30__BilSpec3']",NA,TRUE,"Bilophila_wadsworthia__BilWads6"
"OWCF01.11056.1_2/11-266","OWCF01","SAMEA3708504","['Bilophila_wadsworthia__BilWads6']",1.50000025001454e-06,TRUE,"Bilophila_wadsworthia__BilWads6"
"OWCF01.209.1_17/11-266","OWCF01","SAMEA3708504","['uncultured_bacterium__EF645667']",0.608863276190246,TRUE,"uncultured_bacterium__EF645667"
"OWWR01.33513.1_1/1-177","OWWR01","SAMN05827008","['Bilophila_wadsworthia__BilWads6']",0.153486370502427,TRUE,"Bilophila_wadsworthia__BilWads6"
"UEPC01.15665.1_1/62-435","UEPC01","SAMN06115420","['uncultured_bacterium__EF645667']",0.474586276190246,TRUE,"uncultured_bacterium__EF645667"
"UEPC01.15665.1_2/11-128","UEPC01","SAMN06115420","['uncultured_bacterium__EF645667']",0.608863276190246,TRUE,"uncultured_bacterium__EF645667"
"ULXK01.35672.1_2/1-245","ULXK01","SAMEA4835836","['Anaerobic_bacterium_sk.prop8__Bv2Prop2']",1.35665453982822,TRUE,"Anaerobic_bacterium_sk.prop8__Bv2Prop2"
"ULXK01.2990.1_1/53-143","ULXK01","SAMEA4835836","['Anaerobic_bacterium_sk.prop8__Bv2Prop2', 'Desulfitibacter_alkalitolerans__DfiAlka2', 'MSW_digester_clone__Unc01cxc']",NA,TRUE,"Anaerobic_bacterium_sk.prop8__Bv2Prop2"
"USXF01.1739.1_4/64-437","USXF01","SAMN06111943","['Bilophila_wadsworthia__BilWads6']",1.50000025001454e-06,TRUE,"Bilophila_wadsworthia__BilWads6"
"USXF01.1739.1_3/11-266","USXF01","SAMN06111943","['Bilophila_wadsworthia__BilWads6']",1.50000025001454e-06,TRUE,"Bilophila_wadsworthia__BilWads6"
"UPRN01.40386.1_1/1-327","UPRN01","SAMEA2737746","['Desulfovibrio_piger__DslPige3', 'Desulfovibrio_piger__DslPige4']",NA,TRUE,"Desulfovibrio_piger__DslPige3"
"UPRN01.894.1_32/11-266","UPRN01","SAMEA2737746","['uncultured_bacterium__EF645667']",0.196136276190246,TRUE,"uncultured_bacterium__EF645667"
"UPRN01.9373.1_5/1-204","UPRN01","SAMEA2737746","['Desulfovibrio_piger__DslPige3', 'Desulfovibrio_piger__DslPige4']",NA,TRUE,"Desulfovibrio_piger__DslPige3"
"OZFZ01.3761.1_4/63-436","OZFZ01","SAMN06165019","['Desulfovibrio_piger__DslPige3', 'Desulfovibrio_piger__DslPige4']",0.0764370912742298,TRUE,"Desulfovibrio_piger__DslPige3"
"OZFZ01.3761.1_3/11-266","OZFZ01","SAMN06165019","['Desulfovibrio_piger__DslPige3', 'Desulfovibrio_piger__DslPige4']",0.0390577876807884,TRUE,"Desulfovibrio_piger__DslPige3"
"OZFZ01.33353.1_1/2-186","OZFZ01","SAMN06165019","['Bilophila_wadsworthia__BilWads6', 'Bilophila_sp._4_1_30__BilSpec3']",NA,TRUE,"Bilophila_wadsworthia__BilWads6"
"UESS01.26807.1_1/64-339","UESS01","SAMN06115471","['Bilophila_sp._4_1_30__BilSpec3']",0.0109378334302823,TRUE,"Bilophila_sp._4_1_30__BilSpec3"
"UESS01.20907.1_1/3-242","UESS01","SAMN06115471","['Bilophila_sp._4_1_30__BilSpec3']",0.138482833430282,TRUE,"Bilophila_sp._4_1_30__BilSpec3"
"UESS01.50661.1_1/1-181","UESS01","SAMN06115471","['uncultured_bacterium__EF645667']",0.552494276190246,TRUE,"uncultured_bacterium__EF645667"
"ORPX01.17335.1_1/63-436","ORPX01","SAMEA2338776","['uncultured_bacterium__EF645667']",0.207791276190246,TRUE,"uncultured_bacterium__EF645667"
"ORPX01.17335.1_2/11-266","ORPX01","SAMEA2338776","['Bilophila_wadsworthia__BilWads6']",0.0993673705024268,TRUE,"Bilophila_wadsworthia__BilWads6"
"ORPX01.49830.1_1/11-266","ORPX01","SAMEA2338776","['Desulfovibrio_sp._6_1_46AFAA__DsvSp231']",0.0261574179855414,TRUE,"Desulfovibrio_sp._6_1_46AFAA__DsvSp231"
"ORPX01.52876.1_1/64-311","ORPX01","SAMEA2338776","['Bilophila_sp._4_1_30__BilSpec3']",0.0016698334302823,TRUE,"Bilophila_sp._4_1_30__BilSpec3"
"UZPX01.11822.1_1/63-366","UZPX01","SAMN00792019","['Desulfovibrio_piger__DslPige2']",0.0607015214698588,TRUE,"Desulfovibrio_piger__DslPige2"
"UZPX01.13279.1_1/1-105","UZPX01","SAMN00792019","['Bilophila_sp._4_1_30__BilSpec3', 'Bilophila_wadsworthia__BilWads6', 'uncultured_bacterium__EF645667']",NA,TRUE,"Bilophila_sp._4_1_30__BilSpec3"
"UZPX01.24734.1_1/11-136","UZPX01","SAMN00792019","['Desulfovibrio_piger__DslPige3', 'Desulfovibrio_piger__DslPige4', 'uncultured_bacterium__EF645667']",NA,TRUE,"Desulfovibrio_piger__DslPige3"
"UZPX01.24734.1_2/1-126","UZPX01","SAMN00792019","['Desulfovibrio_piger__DslPige3', 'Desulfovibrio_piger__DslPige4', 'Desulfovibrio_piger__DslPige2']",NA,TRUE,"Desulfovibrio_piger__DslPige3"
"UYCW01.19050.1_1/63-436","UYCW01","SAMEA2152938","['Desulfovibrio_piger__DslPige3', 'Desulfovibrio_piger__DslPige4']",0.0575660912742298,TRUE,"Desulfovibrio_piger__DslPige3"
"UYCW01.19050.1_2/11-182","UYCW01","SAMEA2152938","['Desulfovibrio_piger__DslPige3']",0.0709550912742298,TRUE,"Desulfovibrio_piger__DslPige3"
"UYCW01.38573.1_2/6-92","UYCW01","SAMEA2152938","['Bilophila_wadsworthia__BilWads6', 'Desulfovibrio_piger__DslPige3', 'Desulfovibrio_piger__DslPige4']",NA,TRUE,"Bilophila_wadsworthia__BilWads6"
"OZNV01.4676.1_1/63-382","OZNV01","SAMN06164614","['Desulfovibrio_piger__DslPige2']",0.0426025214698588,TRUE,"Desulfovibrio_piger__DslPige2"
"OZNV01.23968.1_1/14-197","OZNV01","SAMN06164614","['uncultured_bacterium__EF645667']",0.207571276190246,TRUE,"uncultured_bacterium__EF645667"
"OVHM01.961.1_1/64-211","OVHM01","SAMN02676151","['Bilophila_wadsworthia__BilWads6', 'Bilophila_sp._4_1_30__BilSpec3', 'uncultured_bacterium__EF645667', 'Desulfovibrio_piger__DslPige3', 'Desulfovibrio_piger__DslPige4']",NA,TRUE,"Bilophila_wadsworthia__BilWads6"
"UPCH01.22237.1_1/64-229","UPCH01","SAMEA2737667","['Bilophila_sp._4_1_30__BilSpec3']",0.0202958334302823,TRUE,"Bilophila_sp._4_1_30__BilSpec3"
"OQCL01.6784.1_2/27-293","OQCL01","SAMD00036316","['Moorella_thermoacetica_Y72_copy_2__MooTher5']",7.16759161945668,TRUE,"Moorella_thermoacetica_Y72_copy_2__MooTher5"
"ULSK01.10019.1_1/1-264","ULSK01","SAMEA4835706","['Bilophila_wadsworthia__BilWads6', 'Bilophila_sp._4_1_30__BilSpec3']",NA,TRUE,"Bilophila_wadsworthia__BilWads6"
"ORTB01.14644.1_3/11-266","ORTB01","SAMEA2338851","['Bilophila_wadsworthia__BilWads6']",1.50000025001454e-06,TRUE,"Bilophila_wadsworthia__BilWads6"
"ORTB01.56454.1_1/26-181","ORTB01","SAMEA2338851","['Bilophila_wadsworthia__BilWads6', 'Bilophila_sp._4_1_30__BilSpec3', 'uncultured_bacterium__EF645667', 'Desulfovibrio_piger__DslPige3', 'Desulfovibrio_piger__DslPige4']",NA,TRUE,"Bilophila_wadsworthia__BilWads6"
"ORTB01.14644.1_4/1-117","ORTB01","SAMEA2338851","['Bilophila_wadsworthia__BilWads6', 'Bilophila_sp._4_1_30__BilSpec3', 'uncultured_bacterium__EF645667']",NA,TRUE,"Bilophila_wadsworthia__BilWads6"
"UPFQ01.34838.1_1/64-425","UPFQ01","SAMEA2737687","['Bilophila_wadsworthia__BilWads6', 'Bilophila_sp._4_1_30__BilSpec3']",NA,TRUE,"Bilophila_wadsworthia__BilWads6"
"UPFQ01.11860.1_4/11-266","UPFQ01","SAMEA2737687","['Desulfovibrio_piger__DslPige3', 'Desulfovibrio_piger__DslPige4']",0.0018347876807884,TRUE,"Desulfovibrio_piger__DslPige3"
"UPFQ01.21201.1_2/11-266","UPFQ01","SAMEA2737687","['uncultured_bacterium__EF645667']",0.184534276190246,TRUE,"uncultured_bacterium__EF645667"
"UPFQ01.54917.1_1/51-301","UPFQ01","SAMEA2737687","['Desulfovibrio_piger__DslPige3', 'Desulfovibrio_piger__DslPige4']",NA,TRUE,"Desulfovibrio_piger__DslPige3"
"UPFQ01.11860.1_5/2-140","UPFQ01","SAMEA2737687","['Desulfovibrio_piger__DslPige3', 'Desulfovibrio_piger__DslPige4', 'Desulfovibrio_piger__DslPige2']",NA,TRUE,"Desulfovibrio_piger__DslPige3"
"UPFQ01.21201.1_3/2-140","UPFQ01","SAMEA2737687","['Desulfovibrio_piger__DslPige4', 'Desulfovibrio_piger__DslPige3', 'Desulfovibrio_piger__DslPige2']",NA,TRUE,"Desulfovibrio_piger__DslPige4"
"UPFQ01.101953.1_1/11-138","UPFQ01","SAMEA2737687","['Bilophila_wadsworthia__BilWads6', 'Bilophila_sp._4_1_30__BilSpec3']",NA,TRUE,"Bilophila_wadsworthia__BilWads6"
"OZVJ01.38136.1_2/1-130","OZVJ01","SAMN06164888","['Desulfovibrio_piger__DslPige4', 'Desulfovibrio_piger__DslPige3', 'Desulfovibrio_piger__DslPige2']",NA,TRUE,"Desulfovibrio_piger__DslPige4"
"OXWR01.14978.1_1/29-280","OXWR01","SAMN06164568","['Moorella_thermoacetica_Y72_copy_2__MooTher5']",7.69778961945668,TRUE,"Moorella_thermoacetica_Y72_copy_2__MooTher5"
"UZUC01.15536.1_1/63-404","UZUC01","SAMN00792104","['Desulfovibrio_piger__DslPige3', 'Desulfovibrio_piger__DslPige4']",NA,TRUE,"Desulfovibrio_piger__DslPige3"
"ORUS01.1152.1_11/64-437","ORUS01","SAMEA2338841","['Bilophila_wadsworthia__BilWads6']",1.50000025001454e-06,TRUE,"Bilophila_wadsworthia__BilWads6"
"ORUS01.39420.1_1/51-377","ORUS01","SAMEA2338841","['Gordonibacter_pamelaeae__GrdPame5']",0.254254704393165,TRUE,"Gordonibacter_pamelaeae__GrdPame5"
"ORUS01.1152.1_12/11-266","ORUS01","SAMEA2338841","['Bilophila_wadsworthia__BilWads6']",1.50000025001454e-06,TRUE,"Bilophila_wadsworthia__BilWads6"
"ORUS01.25413.1_1/3-237","ORUS01","SAMEA2338841","['Gordonibacter_pamelaeae__GrdPame5']",0.0384362210296696,TRUE,"Gordonibacter_pamelaeae__GrdPame5"
"UMCH01.100182.1_2/64-171","UMCH01","SAMEA4835965","['Bilophila_wadsworthia__BilWads6', 'Bilophila_sp._4_1_30__BilSpec3', 'uncultured_bacterium__EF645667', 'Desulfovibrio_piger__DslPige3', 'Desulfovibrio_piger__DslPige4']",NA,TRUE,"Bilophila_wadsworthia__BilWads6"
"ORLO01.747.1_7/63-436","ORLO01","SAMN04329766","['Desulfovibrio_piger__DslPige4']",0.0141067876807884,TRUE,"Desulfovibrio_piger__DslPige4"
"ORLO01.747.1_6/11-266","ORLO01","SAMN04329766","['Desulfovibrio_piger__DslPige3', 'Desulfovibrio_piger__DslPige4']",0.0390407876807884,TRUE,"Desulfovibrio_piger__DslPige3"
"UPMF01.5870.1_6/63-436","UPMF01","SAMEA2737813","['uncultured_bacterium__EF645667']",0.085775677392887,TRUE,"uncultured_bacterium__EF645667"
"UPMF01.5870.1_7/11-266","UPMF01","SAMEA2737813","['uncultured_bacterium__EF645667']",0.154530170607274,TRUE,"uncultured_bacterium__EF645667"
"ORKX01.750.1_4/1-109","ORKX01","SAMN04329871","['Desulfitibacter_alkalitolerans__DfiAlka2', 'Anaerobic_bacterium_sk.prop8__Bv2Prop2']",NA,TRUE,"Desulfitibacter_alkalitolerans__DfiAlka2"
"ORKX01.984.1_5/1-81","ORKX01","SAMN04329871","['Desulfitibacter_alkalitolerans__DfiAlka2', 'Anaerobic_bacterium_sk.prop8__Bv2Prop2']",NA,TRUE,"Desulfitibacter_alkalitolerans__DfiAlka2"
"UZMB01.7811.1_1/63-436","UZMB01","SAMN00715220","['Desulfovibrio_sp._3_1_syn3__DsvSp230']",0.00163384853285095,TRUE,"Desulfovibrio_sp._3_1_syn3__DsvSp230"
"UZMB01.7811.1_2/11-266","UZMB01","SAMN00715220","['Desulfovibrio_sp._6_1_46AFAA__DsvSp231']",0.0261574179855414,TRUE,"Desulfovibrio_sp._6_1_46AFAA__DsvSp231"
"UZMB01.65982.1_2/2-142","UZMB01","SAMN00715220","['Bilophila_wadsworthia__BilWads6', 'Bilophila_sp._4_1_30__BilSpec3']",NA,TRUE,"Bilophila_wadsworthia__BilWads6"
"OURW01.21115.1_1/15-185","OURW01","SAMEA2338805","['Desulfovibrio_carbinoliphilus__JQ031012']",0.561364508993332,TRUE,"Desulfovibrio_carbinoliphilus__JQ031012"
"OWEM01.15296.1_1/64-383","OWEM01","SAMEA3708613","['Bilophila_wadsworthia__BilWads6']",0.146222370502427,TRUE,"Bilophila_wadsworthia__BilWads6"
"OWEM01.18008.1_1/1-220","OWEM01","SAMEA3708613","['Bilophila_wadsworthia__BilWads6']",0.111393370502427,TRUE,"Bilophila_wadsworthia__BilWads6"
"OWEM01.77373.1_1/11-104","OWEM01","SAMEA3708613","['Bilophila_wadsworthia__BilWads6', 'Bilophila_sp._4_1_30__BilSpec3']",NA,TRUE,"Bilophila_wadsworthia__BilWads6"
"OWEM01.77373.1_2/1-98","OWEM01","SAMEA3708613","['uncultured_bacterium__EF645667']",0.201204276190246,TRUE,"uncultured_bacterium__EF645667"
"OPRD01.49493.1_1/1-96","OPRD01","SAMEA2042109","['uncultured_bacterium__EF645667']",0.44793570944906,TRUE,"uncultured_bacterium__EF645667"
"UZHS01.10825.1_2/63-436","UZHS01","SAMN00791924","['Desulfovibrio_piger__DslPige3', 'Desulfovibrio_piger__DslPige4']",0.0575660912742298,TRUE,"Desulfovibrio_piger__DslPige3"
"UZHS01.10825.1_3/11-159","UZHS01","SAMN00791924","['Desulfovibrio_piger__DslPige3', 'Desulfovibrio_piger__DslPige4', 'uncultured_bacterium__EF645667']",NA,TRUE,"Desulfovibrio_piger__DslPige3"
"UPOZ01.9679.1_3/1-365","UPOZ01","SAMEA2737803","['Desulfovibrio_piger__DslPige3', 'Desulfovibrio_piger__DslPige4']",0.0470370912742298,TRUE,"Desulfovibrio_piger__DslPige3"
"UPOZ01.9679.1_2/11-266","UPOZ01","SAMEA2737803","['Desulfovibrio_piger__DslPige4']",0.11514109127423,TRUE,"Desulfovibrio_piger__DslPige4"
"UPOZ01.39929.1_2/1-141","UPOZ01","SAMEA2737803","['Anaerobic_bacterium_sk.prop8__Bv2Prop2']",1.35916553982822,TRUE,"Anaerobic_bacterium_sk.prop8__Bv2Prop2"
"UPOZ01.39929.1_1/5-106","UPOZ01","SAMEA2737803","['Desulfitibacter_alkalitolerans__DfiAlka2']",1.20857255633203,TRUE,"Desulfitibacter_alkalitolerans__DfiAlka2"
"UEPN01.16394.1_1/62-435","UEPN01","SAMN06115525","['Bilophila_wadsworthia__BilWads6']",0.123293370502427,TRUE,"Bilophila_wadsworthia__BilWads6"
"UEPN01.38063.1_1/1-254","UEPN01","SAMN06115525","['uncultured_bacterium__EF645667']",NA,TRUE,"uncultured_bacterium__EF645667"
"UEPN01.14672.1_1/1-218","UEPN01","SAMN06115525","['Bilophila_sp._4_1_30__BilSpec3']",NA,TRUE,"Bilophila_sp._4_1_30__BilSpec3"
"OWGM01.658.1_16/64-437","OWGM01","SAMEA3708634","['Bilophila_wadsworthia__BilWads6']",1.50000025001454e-06,TRUE,"Bilophila_wadsworthia__BilWads6"
"OWGM01.658.1_17/11-266","OWGM01","SAMEA3708634","['Bilophila_wadsworthia__BilWads6']",1.50000025001454e-06,TRUE,"Bilophila_wadsworthia__BilWads6"
"UYKW01.890.1_17/40-291","UYKW01","SAMN03653689","['Moorella_thermoacetica_Y72_copy_2__MooTher5']",7.61628561945668,TRUE,"Moorella_thermoacetica_Y72_copy_2__MooTher5"
"UXSL01.28747.1_1/64-437","UXSL01","SAMEA2163583","['Bilophila_sp._4_1_30__BilSpec3']",0.0077778334302823,TRUE,"Bilophila_sp._4_1_30__BilSpec3"
"UXSL01.41862.1_1/1-180","UXSL01","SAMEA2163583","['Bilophila_sp._4_1_30__BilSpec3']",0.0870418334302823,TRUE,"Bilophila_sp._4_1_30__BilSpec3"
"UXSL01.28747.1_2/11-89","UXSL01","SAMEA2163583","['Bilophila_sp._4_1_30__BilSpec3']",0.0871618334302823,TRUE,"Bilophila_sp._4_1_30__BilSpec3"
"UMEH01.54048.1_1/64-218","UMEH01","SAMEA4836013","['Bilophila_wadsworthia__BilWads6', 'Bilophila_sp._4_1_30__BilSpec3', 'uncultured_bacterium__EF645667', 'Desulfovibrio_piger__DslPige3', 'Desulfovibrio_piger__DslPige4']",NA,TRUE,"Bilophila_wadsworthia__BilWads6"
"UMEH01.25808.1_1/1-166","UMEH01","SAMEA4836013","['Desulfovibrio_piger__DslPige4', 'Desulfovibrio_piger__DslPige2', 'Desulfovibrio_piger__DslPige3']",NA,TRUE,"Desulfovibrio_piger__DslPige4"
"UMEH01.17693.1_2/2-140","UMEH01","SAMEA4836013","['Bilophila_wadsworthia__BilWads6', 'Bilophila_sp._4_1_30__BilSpec3']",NA,TRUE,"Bilophila_wadsworthia__BilWads6"
"UMEH01.17693.1_1/11-127","UMEH01","SAMEA4836013","['Bilophila_wadsworthia__BilWads6', 'Bilophila_sp._4_1_30__BilSpec3']",NA,TRUE,"Bilophila_wadsworthia__BilWads6"
"OVHL01.1234.1_1/11-121","OVHL01","SAMN02676151","['Bilophila_wadsworthia__BilWads6', 'Bilophila_sp._4_1_30__BilSpec3']",NA,TRUE,"Bilophila_wadsworthia__BilWads6"
"OVHL01.1234.1_2/1-95","OVHL01","SAMN02676151","['Bilophila_wadsworthia__BilWads6', 'Bilophila_sp._4_1_30__BilSpec3', 'uncultured_bacterium__EF645667']",NA,TRUE,"Bilophila_wadsworthia__BilWads6"
"OWFC01.505.1_12/64-437","OWFC01","SAMEA3708658","['Bilophila_wadsworthia__BilWads6']",1.50000025001454e-06,TRUE,"Bilophila_wadsworthia__BilWads6"
"OWFC01.1957.1_4/63-436","OWFC01","SAMEA3708658","['uncultured_bacterium__EF645667']",0.085775677392887,TRUE,"uncultured_bacterium__EF645667"
"OWFC01.505.1_13/11-266","OWFC01","SAMEA3708658","['Bilophila_wadsworthia__BilWads6']",1.50000025001454e-06,TRUE,"Bilophila_wadsworthia__BilWads6"
"OWFC01.1957.1_5/11-266","OWFC01","SAMEA3708658","['uncultured_bacterium__EF645667']",0.143520170607274,TRUE,"uncultured_bacterium__EF645667"
"OQAD01.18071.1_3/4-149","OQAD01","SAMD00036251","[]",NA,FALSE,NA
"OQAD01.18071.1_2/8-107","OQAD01","SAMD00036251","['Bilophila_wadsworthia__BilWads6']",0.169753370502427,TRUE,"Bilophila_wadsworthia__BilWads6"
"OQLU01.8849.1_1/11-155","OQLU01","SAMD00036382","['Bilophila_sp._4_1_30__BilSpec3']",0.193992833430282,TRUE,"Bilophila_sp._4_1_30__BilSpec3"
"OQLU01.8849.1_2/1-131","OQLU01","SAMD00036382","['Bilophila_wadsworthia__BilWads6', 'Bilophila_sp._4_1_30__BilSpec3']",NA,TRUE,"Bilophila_wadsworthia__BilWads6"
"UESL01.97.1_37/64-437","UESL01","SAMN06115396","['Bilophila_wadsworthia__BilWads6']",1.50000025001454e-06,TRUE,"Bilophila_wadsworthia__BilWads6"
"UESL01.97.1_36/11-266","UESL01","SAMN06115396","['Bilophila_wadsworthia__BilWads6']",1.50000025001454e-06,TRUE,"Bilophila_wadsworthia__BilWads6"
"OUPU01.36378.1_1/1-207","OUPU01","SAMN05194727","['Desulfovibrio_sp._3_1_syn3__DsvSp230']",NA,TRUE,"Desulfovibrio_sp._3_1_syn3__DsvSp230"
"UERJ01.3802.1_1/202-575","UERJ01","SAMN06115448","['uncultured_bacterium__EF645667']",0.085775677392887,TRUE,"uncultured_bacterium__EF645667"
"UERJ01.7398.1_1/1-301","UERJ01","SAMN06115448","['Bilophila_sp._4_1_30__BilSpec3']",0.0230018334302823,TRUE,"Bilophila_sp._4_1_30__BilSpec3"
"UERJ01.7398.1_2/1-253","UERJ01","SAMN06115448","['Bilophila_sp._4_1_30__BilSpec3']",0.0110778334302823,TRUE,"Bilophila_sp._4_1_30__BilSpec3"
"UERJ01.3802.1_2/11-266","UERJ01","SAMN06115448","['uncultured_bacterium__EF645667']",0.143520170607274,TRUE,"uncultured_bacterium__EF645667"
"UERJ01.40478.1_1/64-129","UERJ01","SAMN06115448","['Bilophila_sp._4_1_30__BilSpec3']",0.204188833430282,TRUE,"Bilophila_sp._4_1_30__BilSpec3"
"USXX01.14015.1_1/63-436","USXX01","SAMN06112018","['Desulfovibrio_piger__DslPige3', 'Desulfovibrio_piger__DslPige4']",0.0597420912742298,TRUE,"Desulfovibrio_piger__DslPige3"
"USXX01.7534.1_3/11-266","USXX01","SAMN06112018","['Desulfovibrio_piger__DslPige4']",0.0110807876807884,TRUE,"Desulfovibrio_piger__DslPige4"
"USXX01.14015.1_2/11-121","USXX01","SAMN06112018","['Desulfovibrio_piger__DslPige3', 'Desulfovibrio_piger__DslPige4']",0.144593787680788,TRUE,"Desulfovibrio_piger__DslPige3"
"OUPH01.18848.1_1/11-231","OUPH01","SAMN05194721","['Bilophila_wadsworthia__BilWads6']",NA,TRUE,"Bilophila_wadsworthia__BilWads6"
"OUPH01.18848.1_2/1-83","OUPH01","SAMN05194721","['Bilophila_wadsworthia__BilWads6', 'Bilophila_sp._4_1_30__BilSpec3', 'uncultured_bacterium__EF645667']",NA,TRUE,"Bilophila_wadsworthia__BilWads6"
"ULRN01.49049.1_2/2-140","ULRN01","SAMEA4835683","['Bilophila_wadsworthia__BilWads6', 'Bilophila_sp._4_1_30__BilSpec3']",NA,TRUE,"Bilophila_wadsworthia__BilWads6"
"ULRN01.49049.1_1/11-103","ULRN01","SAMEA4835683","['Bilophila_wadsworthia__BilWads6', 'Bilophila_sp._4_1_30__BilSpec3']",NA,TRUE,"Bilophila_wadsworthia__BilWads6"
"UZUA01.10393.1_2/64-437","UZUA01","SAMN00792099","['Bilophila_sp._4_1_30__BilSpec3']",0.0138538334302823,TRUE,"Bilophila_sp._4_1_30__BilSpec3"
"UZUA01.35761.1_2/63-313","UZUA01","SAMN00792099","['Desulfovibrio_piger__DslPige3', 'Desulfovibrio_piger__DslPige4']",NA,TRUE,"Desulfovibrio_piger__DslPige3"
"UZUA01.31677.1_1/11-266","UZUA01","SAMN00792099","['Desulfovibrio_piger__DslPige3', 'Desulfovibrio_piger__DslPige4']",0.0018347876807884,TRUE,"Desulfovibrio_piger__DslPige3"
"UZUA01.35113.1_1/1-122","UZUA01","SAMN00792099","['Bilophila_sp._4_1_30__BilSpec3', 'Bilophila_wadsworthia__BilWads6', 'uncultured_bacterium__EF645667']",NA,TRUE,"Bilophila_sp._4_1_30__BilSpec3"
"UZUA01.86603.1_2/11-160","UZUA01","SAMN00792099","['Bilophila_wadsworthia__BilWads6']",0.293574370502427,TRUE,"Bilophila_wadsworthia__BilWads6"
"UZUA01.31677.1_2/2-140","UZUA01","SAMN00792099","['Desulfovibrio_piger__DslPige3', 'Desulfovibrio_piger__DslPige4', 'Desulfovibrio_piger__DslPige2']",NA,TRUE,"Desulfovibrio_piger__DslPige3"
"UZUA01.10393.1_1/11-99","UZUA01","SAMN00792099","['Bilophila_wadsworthia__BilWads6', 'Bilophila_sp._4_1_30__BilSpec3']",NA,TRUE,"Bilophila_wadsworthia__BilWads6"
"UZUA01.109109.1_2/1-101","UZUA01","SAMN00792099","['Desulfovibrio_piger__DslPige4', 'Desulfovibrio_piger__DslPige3', 'Desulfovibrio_piger__DslPige2']",NA,TRUE,"Desulfovibrio_piger__DslPige4"
"UXRP01.1088.1_10/64-437","UXRP01","SAMEA2149068","['Bilophila_wadsworthia__BilWads6']",1.50000025001454e-06,TRUE,"Bilophila_wadsworthia__BilWads6"
"UXRP01.1088.1_11/11-266","UXRP01","SAMEA2149068","['Bilophila_wadsworthia__BilWads6']",1.50000025001454e-06,TRUE,"Bilophila_wadsworthia__BilWads6"
"ULSR01.70904.1_1/1-114","ULSR01","SAMEA4835713","['Bilophila_wadsworthia__BilWads6']",0.122519370502427,TRUE,"Bilophila_wadsworthia__BilWads6"
"ULSR01.51050.1_1/2-141","ULSR01","SAMEA4835713","['Bilophila_wadsworthia__BilWads6', 'Bilophila_sp._4_1_30__BilSpec3']",NA,TRUE,"Bilophila_wadsworthia__BilWads6"
"UMHK01.72161.1_1/64-437","UMHK01","SAMEA4836097","['Bilophila_wadsworthia__BilWads6']",1.50000025001454e-06,TRUE,"Bilophila_wadsworthia__BilWads6"
"UMHK01.30978.1_1/13-152","UMHK01","SAMEA4836097","['Bilophila_wadsworthia__BilWads6']",NA,TRUE,"Bilophila_wadsworthia__BilWads6"
"UZKI01.5376.1_2/11-266","UZKI01","SAMN00715246","['Bilophila_wadsworthia__BilWads6']",1.50000025001454e-06,TRUE,"Bilophila_wadsworthia__BilWads6"
"UZKI01.5376.1_1/1-201","UZKI01","SAMN00715246","['Bilophila_wadsworthia__BilWads6', 'Bilophila_sp._4_1_30__BilSpec3']",NA,TRUE,"Bilophila_wadsworthia__BilWads6"
"OQAT01.9169.1_6/1-254","OQAT01","SAMD00036297","['Bilophila_wadsworthia__BilWads6', 'Bilophila_sp._4_1_30__BilSpec3']",NA,TRUE,"Bilophila_wadsworthia__BilWads6"
"OQAT01.9169.1_5/11-154","OQAT01","SAMD00036297","['Bilophila_sp._4_1_30__BilSpec3']",0.219855833430282,TRUE,"Bilophila_sp._4_1_30__BilSpec3"
"OQAT01.9169.1_4/1-101","OQAT01","SAMD00036297","['Bilophila_wadsworthia__BilWads6', 'Desulfovibrio_sp._6_1_46AFAA__DsvSp231']",NA,TRUE,"Bilophila_wadsworthia__BilWads6"
"ORUX01.3661.1_4/64-437","ORUX01","SAMEA2338864","['Bilophila_wadsworthia__BilWads6']",1.50000025001454e-06,TRUE,"Bilophila_wadsworthia__BilWads6"
"ORUX01.3661.1_3/11-266","ORUX01","SAMEA2338864","['Bilophila_sp._4_1_30__BilSpec3']",0.0016698334302823,TRUE,"Bilophila_sp._4_1_30__BilSpec3"
"ORML01.8271.1_5/55-399","ORML01","SAMEA2338702","['Anaerobic_bacterium_sk.prop8__Bv2Prop2']",1.35665453982822,TRUE,"Anaerobic_bacterium_sk.prop8__Bv2Prop2"
"ORML01.8271.1_4/5-240","ORML01","SAMEA2338702","['Desulfitibacter_alkalitolerans__DfiAlka2']",1.30498155633203,TRUE,"Desulfitibacter_alkalitolerans__DfiAlka2"
"USWX01.26841.1_1/11-266","USWX01","SAMN06112002","['Bilophila_wadsworthia__BilWads6']",0.108964370502427,TRUE,"Bilophila_wadsworthia__BilWads6"
"USWX01.52866.1_1/45-205","USWX01","SAMN06112002","['Bilophila_wadsworthia__BilWads6', 'Bilophila_sp._4_1_30__BilSpec3', 'uncultured_bacterium__EF645667', 'Desulfovibrio_piger__DslPige3', 'Desulfovibrio_piger__DslPige4']",NA,TRUE,"Bilophila_wadsworthia__BilWads6"
"OWSV01.67554.1_2/9-127","OWSV01","SAMEA4378305","['Bilophila_sp._4_1_30__BilSpec3']",0.0016698334302823,TRUE,"Bilophila_sp._4_1_30__BilSpec3"
"OPZM01.24319.1_2/1-118","OPZM01","SAMD00036227","['Bilophila_wadsworthia__BilWads6']",0.135167370502427,TRUE,"Bilophila_wadsworthia__BilWads6"
"OPZM01.24319.1_3/1-105","OPZM01","SAMD00036227","['Bilophila_wadsworthia__BilWads6']",NA,TRUE,"Bilophila_wadsworthia__BilWads6"
"OPAH01.11282.1_2/40-291","OPAH01","SAMEA2042632","['Moorella_thermoacetica_Y72_copy_2__MooTher5']",7.61628561945668,TRUE,"Moorella_thermoacetica_Y72_copy_2__MooTher5"
"OPVH01.34419.1_1/63-228","OPVH01","SAMEA1964914","['uncultured_bacterium__EF645667', 'Desulfovibrio_sp._3_1_syn3__DsvSp230', 'Desulfovibrio_sp._6_1_46AFAA__DsvSp231']",NA,TRUE,"uncultured_bacterium__EF645667"
"OPVH01.22254.1_1/1-131","OPVH01","SAMEA1964914","['Desulfovibrio_sp._6_1_46AFAA__DsvSp231']",NA,TRUE,"Desulfovibrio_sp._6_1_46AFAA__DsvSp231"
"UAKU01.16262.1_2/10-308","UAKU01","SAMN06164477","['Desulfovibrio_piger__DslPige3', 'Desulfovibrio_piger__DslPige4']",0.0793200912742298,TRUE,"Desulfovibrio_piger__DslPige3"
"UAKU01.16262.1_1/11-171","UAKU01","SAMN06164477","['Desulfovibrio_piger__DslPige3', 'Desulfovibrio_piger__DslPige4']",NA,TRUE,"Desulfovibrio_piger__DslPige3"
"UAKU01.26873.1_1/1-79","UAKU01","SAMN06164477","['Bilophila_wadsworthia__BilWads6', 'Desulfovibrio_piger__DslPige3', 'Desulfovibrio_piger__DslPige4', 'uncultured_bacterium__EF645667']",NA,TRUE,"Bilophila_wadsworthia__BilWads6"
"OQFI01.2101.1_5/11-266","OQFI01","SAMD00036194","['Bilophila_sp._4_1_30__BilSpec3']",0.0016698334302823,TRUE,"Bilophila_sp._4_1_30__BilSpec3"
"OPBG01.6349.1_2/40-291","OPBG01","SAMEA2042632","['Moorella_thermoacetica_Y72_copy_2__MooTher5']",7.61628561945668,TRUE,"Moorella_thermoacetica_Y72_copy_2__MooTher5"
"OPBD01.70755.1_1/50-175","OPBD01","SAMEA2042628","['Bilophila_wadsworthia__BilWads6']",0.175033370502427,TRUE,"Bilophila_wadsworthia__BilWads6"
"UEQV01.4551.1_1/17-390","UEQV01","SAMN06115454","['Bilophila_wadsworthia__BilWads6']",1.50000025001454e-06,TRUE,"Bilophila_wadsworthia__BilWads6"
"UEQV01.4551.1_2/1-253","UEQV01","SAMN06115454","['Bilophila_wadsworthia__BilWads6']",0.01894350000025,TRUE,"Bilophila_wadsworthia__BilWads6"
"UEQV01.30468.1_1/5-78","UEQV01","SAMN06115454","['uncultured_bacterium__EF645667']",1.10427327619025,TRUE,"uncultured_bacterium__EF645667"
"UZMG01.17240.1_2/1-301","UZMG01","SAMN00715183","['Bilophila_sp._4_1_30__BilSpec3']",0.0175918334302823,TRUE,"Bilophila_sp._4_1_30__BilSpec3"
"OWDS01.915.1_24/63-436","OWDS01","SAMEA3708672","['Desulfovibrio_desulfuricans_subsp._desulfuricans_str._ATCC_27774__CP001358']",0.0253517921887412,TRUE,"Desulfovibrio_desulfuricans_subsp._desulfuricans_str._ATCC_27774__CP001358"
"OWDS01.915.1_25/11-266","OWDS01","SAMEA3708672","['Desulfovibrio_desulfuricans__DslDes17']",0.0351633273715021,TRUE,"Desulfovibrio_desulfuricans__DslDes17"
"OWDS01.43634.1_1/1-272","OWDS01","SAMEA3708672","['uncultured_bacterium__EF645667']",0.0216330841395422,TRUE,"uncultured_bacterium__EF645667"
"OWDS01.43634.1_2/11-105","OWDS01","SAMEA3708672","['uncultured_bacterium__EF645666']",0.048958585770524,TRUE,"uncultured_bacterium__EF645666"
"UESU01.45.1_4/65-438","UESU01","SAMN06115399","['Desulfovibrio_piger__DslPige3', 'Desulfovibrio_piger__DslPige4']",0.0575660912742298,TRUE,"Desulfovibrio_piger__DslPige3"
"UESU01.45.1_9/65-438","UESU01","SAMN06115399","['Desulfovibrio_piger__DslPige3', 'Desulfovibrio_piger__DslPige4']",0.0575660912742298,TRUE,"Desulfovibrio_piger__DslPige3"
"UESU01.14464.1_1/64-437","UESU01","SAMN06115399","['Bilophila_wadsworthia__BilWads6']",1.50000025001454e-06,TRUE,"Bilophila_wadsworthia__BilWads6"
"UESU01.45.1_10/11-266","UESU01","SAMN06115399","['Desulfovibrio_piger__DslPige3', 'Desulfovibrio_piger__DslPige4']",0.0018347876807884,TRUE,"Desulfovibrio_piger__DslPige3"
"UESU01.45.1_5/11-266","UESU01","SAMN06115399","['Desulfovibrio_piger__DslPige3', 'Desulfovibrio_piger__DslPige4']",0.0018347876807884,TRUE,"Desulfovibrio_piger__DslPige3"
"UESU01.14464.1_2/1-253","UESU01","SAMN06115399","['Bilophila_wadsworthia__BilWads6']",1.50000025001454e-06,TRUE,"Bilophila_wadsworthia__BilWads6"
"UEPP01.197.1_3/26-400","UEPP01","SAMN06115494","['Desulfovibrio_vulgaris__DQ826729']",0.385017911862788,TRUE,"Desulfovibrio_vulgaris__DQ826729"
"UEPP01.197.1_2/11-266","UEPP01","SAMN06115494","['Bilophila_wadsworthia__BilWads6']",0.422057370502427,TRUE,"Bilophila_wadsworthia__BilWads6"
"USVS01.1202.1_23/64-437","USVS01","SAMN06112074","['Bilophila_wadsworthia__BilWads6']",1.50000025001454e-06,TRUE,"Bilophila_wadsworthia__BilWads6"
"USVS01.1202.1_22/11-266","USVS01","SAMN06112074","['Bilophila_sp._4_1_30__BilSpec3']",0.0016698334302823,TRUE,"Bilophila_sp._4_1_30__BilSpec3"
"UPFJ01.23535.1_1/62-419","UPFJ01","SAMEA2737680","['uncultured_bacterium__EF645667']",0.479939276190246,TRUE,"uncultured_bacterium__EF645667"
"UPFJ01.52784.1_1/11-266","UPFJ01","SAMEA2737680","['uncultured_bacterium__EF645667']",0.610494276190246,TRUE,"uncultured_bacterium__EF645667"
"ORQU01.34453.1_1/1-170","ORQU01","SAMEA2338642","['Bilophila_wadsworthia__BilWads6']",0.209530370502427,TRUE,"Bilophila_wadsworthia__BilWads6"
"USWO01.1423.1_13/64-437","USWO01","SAMN06111963","['Bilophila_wadsworthia__BilWads6']",1.50000025001454e-06,TRUE,"Bilophila_wadsworthia__BilWads6"
"USWO01.1423.1_14/11-266","USWO01","SAMN06111963","['Bilophila_wadsworthia__BilWads6']",1.50000025001454e-06,TRUE,"Bilophila_wadsworthia__BilWads6"
"USWO01.74335.1_1/1-126","USWO01","SAMN06111963","['Desulfitibacter_alkalitolerans__DfiAlka2']",NA,TRUE,"Desulfitibacter_alkalitolerans__DfiAlka2"
"OWCD01.50521.1_1/64-128","OWCD01","SAMEA3708548","['Bilophila_wadsworthia__BilWads6', 'Bilophila_sp._4_1_30__BilSpec3', 'uncultured_bacterium__EF645667', 'Desulfovibrio_piger__DslPige3', 'Desulfovibrio_piger__DslPige4']",NA,TRUE,"Bilophila_wadsworthia__BilWads6"
"ORLR01.29197.1_1/3-213","ORLR01","SAMN04329862","['Desulfitibacter_alkalitolerans__DfiAlka2']",NA,TRUE,"Desulfitibacter_alkalitolerans__DfiAlka2"
"OVGN01.28371.1_2/5-240","OVGN01","SAMN06016339","['Desulfitibacter_alkalitolerans__DfiAlka2']",1.28401955633203,TRUE,"Desulfitibacter_alkalitolerans__DfiAlka2"
"OVGN01.51308.1_1/27-178","OVGN01","SAMN06016339","['Anaerobic_bacterium_sk.prop8__Bv2Prop2', 'MSW_digester_clone__Unc01cxc']",NA,TRUE,"Anaerobic_bacterium_sk.prop8__Bv2Prop2"
"OQHG01.13949.1_2/5-240","OQHG01","SAMD00036214","['Desulfitibacter_alkalitolerans__DfiAlka2']",1.28401955633203,TRUE,"Desulfitibacter_alkalitolerans__DfiAlka2"
"OQHG01.13949.1_3/1-203","OQHG01","SAMD00036214","['Anaerobic_bacterium_sk.prop8__Bv2Prop2']",1.47634753982822,TRUE,"Anaerobic_bacterium_sk.prop8__Bv2Prop2"
"UEQX01.5863.1_5/64-437","UEQX01","SAMN06115425","['Bilophila_wadsworthia__BilWads6']",1.50000025001454e-06,TRUE,"Bilophila_wadsworthia__BilWads6"
"UEQX01.5863.1_4/1-253","UEQX01","SAMN06115425","['Bilophila_wadsworthia__BilWads6']",1.50000025001454e-06,TRUE,"Bilophila_wadsworthia__BilWads6"
"ORJB01.11313.1_1/1-181","ORJB01","SAMN04329819","['Bilophila_sp._4_1_30__BilSpec3']",0.0141038334302823,TRUE,"Bilophila_sp._4_1_30__BilSpec3"
"OZGC01.4372.1_3/63-436","OZGC01","SAMN06165107","['Desulfovibrio_piger__DslPige3', 'Desulfovibrio_piger__DslPige4']",0.0655380912742298,TRUE,"Desulfovibrio_piger__DslPige3"
"OZGC01.4372.1_2/11-266","OZGC01","SAMN06165107","['Desulfovibrio_piger__DslPige4']",0.0110857876807884,TRUE,"Desulfovibrio_piger__DslPige4"
"UMAT01.68855.1_1/63-203","UMAT01","SAMEA4835923","['Desulfovibrio_piger__DslPige3', 'Desulfovibrio_piger__DslPige4']",0.0640067876807884,TRUE,"Desulfovibrio_piger__DslPige3"
"USWH01.57054.1_1/30-267","USWH01","SAMN06112081","['MSW_digester_clone__Unc01cxc']",1.62329080670952,TRUE,"MSW_digester_clone__Unc01cxc"
"OZEY01.47633.1_2/11-102","OZEY01","SAMN06165145","['Bilophila_sp._4_1_30__BilSpec3']",0.0747748334302823,TRUE,"Bilophila_sp._4_1_30__BilSpec3"
"ULUK01.48621.1_1/1-339","ULUK01","SAMEA4835758","['Desulfovibrio_piger__DslPige3', 'Desulfovibrio_piger__DslPige4']",NA,TRUE,"Desulfovibrio_piger__DslPige3"
"ULUK01.62181.1_1/1-100","ULUK01","SAMEA4835758","['Bilophila_wadsworthia__BilWads6', 'Desulfovibrio_piger__DslPige3', 'Desulfovibrio_piger__DslPige4']",NA,TRUE,"Bilophila_wadsworthia__BilWads6"
"UXRG01.3713.1_5/64-437","UXRG01","SAMEA2163432","['Bilophila_wadsworthia__BilWads6']",1.50000025001454e-06,TRUE,"Bilophila_wadsworthia__BilWads6"
"UXRG01.3713.1_6/11-266","UXRG01","SAMEA2163432","['Bilophila_wadsworthia__BilWads6']",1.50000025001454e-06,TRUE,"Bilophila_wadsworthia__BilWads6"
"UZPO01.2782.1_2/64-437","UZPO01","SAMN00791966","['Bilophila_wadsworthia__BilWads6']",1.50000025001454e-06,TRUE,"Bilophila_wadsworthia__BilWads6"
"UZPO01.2782.1_3/11-266","UZPO01","SAMN00791966","['Bilophila_sp._4_1_30__BilSpec3']",0.0016698334302823,TRUE,"Bilophila_sp._4_1_30__BilSpec3"
"UPPY01.547.1_40/62-435","UPPY01","SAMEA2737748","['uncultured_bacterium__EF645667']",0.479939276190246,TRUE,"uncultured_bacterium__EF645667"
"UPPY01.23547.1_1/11-266","UPPY01","SAMEA2737748","['Bilophila_wadsworthia__BilWads6']",1.50000025001454e-06,TRUE,"Bilophila_wadsworthia__BilWads6"
"UPPY01.547.1_41/11-266","UPPY01","SAMEA2737748","['uncultured_bacterium__EF645667']",0.597408276190246,TRUE,"uncultured_bacterium__EF645667"
"UPPY01.23547.1_2/1-272","UPPY01","SAMEA2737748","['Bilophila_wadsworthia__BilWads6']",0.112844370502427,TRUE,"Bilophila_wadsworthia__BilWads6"
"OXCW01.15091.1_1/1-186","OXCW01","SAMN05827022","['Bilophila_wadsworthia__BilWads6']",0.108847370502427,TRUE,"Bilophila_wadsworthia__BilWads6"
"OXCW01.15091.1_2/11-88","OXCW01","SAMN05827022","['Bilophila_wadsworthia__BilWads6', 'Bilophila_sp._4_1_30__BilSpec3']",NA,TRUE,"Bilophila_wadsworthia__BilWads6"
"ORTR01.41459.1_1/64-235","ORTR01","SAMEA2338819","['Bilophila_wadsworthia__BilWads6', 'Bilophila_sp._4_1_30__BilSpec3', 'uncultured_bacterium__EF645667']",NA,TRUE,"Bilophila_wadsworthia__BilWads6"
"ORTR01.52111.1_2/11-187","ORTR01","SAMEA2338819","['Bilophila_wadsworthia__BilWads6']",NA,TRUE,"Bilophila_wadsworthia__BilWads6"
"ORTR01.52111.1_1/1-155","ORTR01","SAMEA2338819","['Bilophila_wadsworthia__BilWads6']",0.118631370502427,TRUE,"Bilophila_wadsworthia__BilWads6"
"ORTR01.2947.1_6/27-293","ORTR01","SAMEA2338819","['Moorella_thermoacetica_Y72_copy_2__MooTher5']",6.81663061945668,TRUE,"Moorella_thermoacetica_Y72_copy_2__MooTher5"
"OYXS01.52335.1_1/2-185","OYXS01","SAMN06164958","['Bilophila_wadsworthia__BilWads6']",0.0993673705024268,TRUE,"Bilophila_wadsworthia__BilWads6"
"OWEU01.976.1_12/64-437","OWEU01","SAMEA3708629","['Bilophila_wadsworthia__BilWads6']",1.50000025001454e-06,TRUE,"Bilophila_wadsworthia__BilWads6"
"OWEU01.976.1_13/11-266","OWEU01","SAMEA3708629","['Bilophila_wadsworthia__BilWads6']",1.50000025001454e-06,TRUE,"Bilophila_wadsworthia__BilWads6"
"UZTL01.19061.1_1/11-266","UZTL01","SAMN00792107","['Bilophila_wadsworthia__BilWads6']",1.50000025001454e-06,TRUE,"Bilophila_wadsworthia__BilWads6"
"UZTL01.19061.1_2/1-150","UZTL01","SAMN00792107","['Bilophila_wadsworthia__BilWads6', 'Bilophila_sp._4_1_30__BilSpec3']",NA,TRUE,"Bilophila_wadsworthia__BilWads6"
"UZTL01.98949.1_2/11-148","UZTL01","SAMN00792107","['Desulfovibrio_sp._6_1_46AFAA__DsvSp231']",NA,TRUE,"Desulfovibrio_sp._6_1_46AFAA__DsvSp231"
"UZTL01.35107.1_2/64-135","UZTL01","SAMN00792107","['uncultured_bacterium__EF645667', 'Desulfovibrio_sp._3_1_syn3__DsvSp230', 'Desulfovibrio_sp._6_1_46AFAA__DsvSp231']",NA,TRUE,"uncultured_bacterium__EF645667"
"OWPP01.2167.1_4/64-437","OWPP01","SAMEA4378233","['Bilophila_wadsworthia__BilWads6']",1.50000025001454e-06,TRUE,"Bilophila_wadsworthia__BilWads6"
"OWPP01.2167.1_3/11-266","OWPP01","SAMEA4378233","['Bilophila_wadsworthia__BilWads6']",1.50000025001454e-06,TRUE,"Bilophila_wadsworthia__BilWads6"
"OWPP01.28565.1_2/13-279","OWPP01","SAMEA4378233","['Moorella_thermoacetica_Y72_copy_2__MooTher5']",6.67815061945668,TRUE,"Moorella_thermoacetica_Y72_copy_2__MooTher5"
"OWPP01.2451.1_7/26-290","OWPP01","SAMEA4378233","['Moorella_thermoacetica_Y72_copy_2__MooTher5']",7.92788561945668,TRUE,"Moorella_thermoacetica_Y72_copy_2__MooTher5"
"OWAF01.4610.1_5/63-436","OWAF01","SAMEA3708521","['Desulfovibrio_piger__DslPige4']",0.0141067876807884,TRUE,"Desulfovibrio_piger__DslPige4"
"OWAF01.4023.1_5/64-437","OWAF01","SAMEA3708521","['Bilophila_wadsworthia__BilWads6']",1.50000025001454e-06,TRUE,"Bilophila_wadsworthia__BilWads6"
"OWAF01.4023.1_6/11-266","OWAF01","SAMEA3708521","['Bilophila_wadsworthia__BilWads6']",1.50000025001454e-06,TRUE,"Bilophila_wadsworthia__BilWads6"
"OWAF01.4610.1_4/11-266","OWAF01","SAMEA3708521","['Desulfovibrio_piger__DslPige3', 'Desulfovibrio_piger__DslPige4']",0.0812830912742298,TRUE,"Desulfovibrio_piger__DslPige3"
"ORVM01.5335.1_4/64-437","ORVM01","SAMEA2338782","['Bilophila_wadsworthia__BilWads6']",1.50000025001454e-06,TRUE,"Bilophila_wadsworthia__BilWads6"
"ORVM01.5335.1_5/11-266","ORVM01","SAMEA2338782","['Bilophila_wadsworthia__BilWads6']",1.50000025001454e-06,TRUE,"Bilophila_wadsworthia__BilWads6"
"ORSO01.3950.1_3/63-436","ORSO01","SAMEA2338806","['Desulfovibrio_piger__DslPige2']",0.0234775214698588,TRUE,"Desulfovibrio_piger__DslPige2"
"ORSO01.3950.1_4/11-266","ORSO01","SAMEA2338806","['Desulfovibrio_piger__DslPige3', 'Desulfovibrio_piger__DslPige4']",0.0484187876807884,TRUE,"Desulfovibrio_piger__DslPige3"
"USYO01.33029.1_1/63-392","USYO01","SAMN06112070","['uncultured_bacterium__EF645667']",NA,TRUE,"uncultured_bacterium__EF645667"
"USYO01.55552.1_1/19-332","USYO01","SAMN06112070","['Bilophila_sp._4_1_30__BilSpec3']",0.0095168334302823,TRUE,"Bilophila_sp._4_1_30__BilSpec3"
"USYO01.48899.1_1/25-258","USYO01","SAMN06112070","['uncultured_bacterium__EF645667']",0.182296170607274,TRUE,"uncultured_bacterium__EF645667"
"USYO01.66946.1_1/11-263","USYO01","SAMN06112070","['Bilophila_wadsworthia__BilWads6']",1.50000025001454e-06,TRUE,"Bilophila_wadsworthia__BilWads6"
"OPCE01.12632.1_2/64-437","OPCE01","SAMEA2042572","['Bilophila_sp._4_1_30__BilSpec3']",0.0138878334302823,TRUE,"Bilophila_sp._4_1_30__BilSpec3"
"OPCE01.12632.1_3/11-140","OPCE01","SAMEA2042572","['Bilophila_sp._4_1_30__BilSpec3']",0.0175778334302823,TRUE,"Bilophila_sp._4_1_30__BilSpec3"
"OWDI01.4010.1_6/63-436","OWDI01","SAMEA3708489","['Desulfovibrio_piger__DslPige2']",0.0278215214698588,TRUE,"Desulfovibrio_piger__DslPige2"
"OWDI01.4010.1_5/11-266","OWDI01","SAMEA3708489","['uncultured_bacterium__EF645667']",0.197555276190246,TRUE,"uncultured_bacterium__EF645667"
"OWDI01.71164.1_1/4-168","OWDI01","SAMEA3708489","['Desulfovibrio_vulgaris__DQ826729']",0.434694909358552,TRUE,"Desulfovibrio_vulgaris__DQ826729"
"ULVR01.335.1_1/64-222","ULVR01","SAMEA4835791","['Bilophila_wadsworthia__BilWads6', 'Bilophila_sp._4_1_30__BilSpec3', 'uncultured_bacterium__EF645667', 'Desulfovibrio_piger__DslPige3', 'Desulfovibrio_piger__DslPige4']",NA,TRUE,"Bilophila_wadsworthia__BilWads6"
"ULVR01.49691.1_2/1-204","ULVR01","SAMEA4835791","['Bilophila_wadsworthia__BilWads6', 'Bilophila_sp._4_1_30__BilSpec3']",NA,TRUE,"Bilophila_wadsworthia__BilWads6"
"ULVR01.68722.1_1/1-128","ULVR01","SAMEA4835791","['Bilophila_wadsworthia__BilWads6']",NA,TRUE,"Bilophila_wadsworthia__BilWads6"
"ULVR01.49691.1_1/11-124","ULVR01","SAMEA4835791","['Bilophila_wadsworthia__BilWads6', 'Bilophila_sp._4_1_30__BilSpec3']",NA,TRUE,"Bilophila_wadsworthia__BilWads6"
"ORUI01.28143.1_1/64-345","ORUI01","SAMEA2338828","['Bilophila_wadsworthia__BilWads6', 'Bilophila_sp._4_1_30__BilSpec3']",NA,TRUE,"Bilophila_wadsworthia__BilWads6"
"OWAV01.236.1_10/64-437","OWAV01","SAMEA3708467","['Bilophila_wadsworthia__BilWads6']",1.50000025001454e-06,TRUE,"Bilophila_wadsworthia__BilWads6"
"OWAV01.236.1_11/11-266","OWAV01","SAMEA3708467","['Bilophila_wadsworthia__BilWads6']",1.50000025001454e-06,TRUE,"Bilophila_wadsworthia__BilWads6"
"OWFF01.36947.1_2/1-189","OWFF01","SAMEA3708706","['Bilophila_wadsworthia__BilWads6', 'Bilophila_sp._4_1_30__BilSpec3']",NA,TRUE,"Bilophila_wadsworthia__BilWads6"
"OWFF01.36947.1_1/11-122","OWFF01","SAMEA3708706","['Bilophila_sp._4_1_30__BilSpec3']",0.0204038334302823,TRUE,"Bilophila_sp._4_1_30__BilSpec3"
"ULSQ01.37719.1_1/63-436","ULSQ01","SAMEA4835712","['Desulfovibrio_piger__DslPige3']",0.0079767876807884,TRUE,"Desulfovibrio_piger__DslPige3"
"ULSQ01.37719.1_2/11-200","ULSQ01","SAMEA4835712","['Desulfovibrio_piger__DslPige3', 'Desulfovibrio_piger__DslPige4']",0.0784160912742298,TRUE,"Desulfovibrio_piger__DslPige3"
"ULSQ01.55438.1_1/1-108","ULSQ01","SAMEA4835712","['Bilophila_wadsworthia__BilWads6', 'Desulfovibrio_piger__DslPige3', 'Desulfovibrio_piger__DslPige4']",NA,TRUE,"Bilophila_wadsworthia__BilWads6"
"UMFV01.14799.1_1/15-185","UMFV01","SAMEA4836055","['Desulfovibrio_carbinoliphilus__JQ031012']",0.561364508993332,TRUE,"Desulfovibrio_carbinoliphilus__JQ031012"
"UYCX01.51120.1_1/51-384","UYCX01","SAMEA2156714","['Desulfovibrio_piger__DslPige3', 'Desulfovibrio_piger__DslPige4']",0.0582070912742298,TRUE,"Desulfovibrio_piger__DslPige3"
"UYCX01.13954.1_1/1-82","UYCX01","SAMEA2156714","['Bilophila_wadsworthia__BilWads6', 'Desulfovibrio_piger__DslPige3', 'Desulfovibrio_piger__DslPige4']",NA,TRUE,"Bilophila_wadsworthia__BilWads6"
"OWHI01.2932.1_4/64-437","OWHI01","SAMEA3708480","['Bilophila_wadsworthia__BilWads6']",1.50000025001454e-06,TRUE,"Bilophila_wadsworthia__BilWads6"
"OWHI01.35693.1_1/1-308","OWHI01","SAMEA3708480","['uncultured_bacterium__EF645667']",0.216668276190246,TRUE,"uncultured_bacterium__EF645667"
"OWHI01.2932.1_3/11-266","OWHI01","SAMEA3708480","['Bilophila_wadsworthia__BilWads6']",0.0993673705024268,TRUE,"Bilophila_wadsworthia__BilWads6"
"OUQE01.3378.1_4/63-436","OUQE01","SAMN05194718","['Desulfovibrio_piger__DslPige3', 'Desulfovibrio_piger__DslPige4']",0.0532040912742298,TRUE,"Desulfovibrio_piger__DslPige3"
"OUQE01.3378.1_3/11-266","OUQE01","SAMN05194718","['uncultured_bacterium__EF645667']",0.196136276190246,TRUE,"uncultured_bacterium__EF645667"
"OQCP01.61489.1_1/40-183","OQCP01","SAMD00036308","['Bilophila_sp._4_1_30__BilSpec3']",0.0016698334302823,TRUE,"Bilophila_sp._4_1_30__BilSpec3"
"OURK01.5021.1_1/1-319","OURK01","SAMN04329866","['Anaerobic_bacterium_sk.prop8__Bv2Prop2']",1.13670453982822,TRUE,"Anaerobic_bacterium_sk.prop8__Bv2Prop2"
"OURK01.5021.1_2/6-240","OURK01","SAMN04329866","['Desulfitibacter_alkalitolerans__DfiAlka2']",1.04037455633203,TRUE,"Desulfitibacter_alkalitolerans__DfiAlka2"
"UXRC01.13702.1_2/63-436","UXRC01","SAMEA2143863","['Desulfovibrio_piger__DslPige3', 'Desulfovibrio_piger__DslPige4']",0.0636800912742298,TRUE,"Desulfovibrio_piger__DslPige3"
"UXRC01.13702.1_3/11-266","UXRC01","SAMEA2143863","['Desulfovibrio_piger__DslPige3', 'Desulfovibrio_piger__DslPige4']",0.0018347876807884,TRUE,"Desulfovibrio_piger__DslPige3"
"UXRC01.73693.1_2/1-88","UXRC01","SAMEA2143863","['Anaerobic_bacterium_sk.prop8__Bv2Prop2', 'Desulfitibacter_alkalitolerans__DfiAlka2']",NA,TRUE,"Anaerobic_bacterium_sk.prop8__Bv2Prop2"
"UXRC01.84106.1_2/58-158","UXRC01","SAMEA2143863","['Anaerobic_bacterium_sk.prop8__Bv2Prop2', 'Thermodesulfobium_narugense__CP002690', 'MSW_digester_clone__Unc01cxc']",NA,TRUE,"Anaerobic_bacterium_sk.prop8__Bv2Prop2"
"UZKH01.17949.1_1/1-259","UZKH01","SAMN00715203","['Bilophila_wadsworthia__BilWads6', 'Bilophila_sp._4_1_30__BilSpec3']",NA,TRUE,"Bilophila_wadsworthia__BilWads6"
"UMKV01.48399.1_2/1-129","UMKV01","SAMEA4836182","['Bilophila_wadsworthia__BilWads6', 'Bilophila_sp._4_1_30__BilSpec3', 'uncultured_bacterium__EF645667']",NA,TRUE,"Bilophila_wadsworthia__BilWads6"
"OPXK01.21683.1_1/370-639","OPXK01","SAMEA2041933","['Desulfovibrio_piger__DslPige4', 'Desulfovibrio_piger__DslPige3']",NA,TRUE,"Desulfovibrio_piger__DslPige4"
"OPXK01.84110.1_1/2-84","OPXK01","SAMEA2041933","['Desulfovibrio_piger__DslPige4']",0.13487409127423,TRUE,"Desulfovibrio_piger__DslPige4"
"OURZ01.1423.1_15/64-437","OURZ01","SAMEA2338837","['Bilophila_wadsworthia__BilWads6']",1.50000025001454e-06,TRUE,"Bilophila_wadsworthia__BilWads6"
"OURZ01.1423.1_14/11-266","OURZ01","SAMEA2338837","['Bilophila_wadsworthia__BilWads6']",1.50000025001454e-06,TRUE,"Bilophila_wadsworthia__BilWads6"
"OWWO01.29765.1_1/2-185","OWWO01","SAMN05826989","['Bilophila_wadsworthia__BilWads6']",NA,TRUE,"Bilophila_wadsworthia__BilWads6"
"ORCH01.3928.1_4/64-437","ORCH01","SAMN06115434","['Bilophila_wadsworthia__BilWads6']",1.50000025001454e-06,TRUE,"Bilophila_wadsworthia__BilWads6"
"ORCH01.3928.1_5/1-253","ORCH01","SAMN06115434","['Bilophila_wadsworthia__BilWads6']",1.50000025001454e-06,TRUE,"Bilophila_wadsworthia__BilWads6"
"UESF01.627.1_14/63-436","UESF01","SAMN06115481","['Desulfovibrio_piger__DslPige3', 'Desulfovibrio_piger__DslPige4']",0.0018347876807884,TRUE,"Desulfovibrio_piger__DslPige3"
"UESF01.627.1_15/11-266","UESF01","SAMN06115481","['Desulfovibrio_piger__DslPige4']",0.0110857876807884,TRUE,"Desulfovibrio_piger__DslPige4"
"UESF01.32845.1_2/11-266","UESF01","SAMN06115481","['Bilophila_wadsworthia__BilWads6']",0.293205370502427,TRUE,"Bilophila_wadsworthia__BilWads6"
"UESF01.36678.1_1/60-318","UESF01","SAMN06115481","['Bilophila_sp._4_1_30__BilSpec3']",0.0114038334302823,TRUE,"Bilophila_sp._4_1_30__BilSpec3"
"UESF01.5214.1_2/63-243","UESF01","SAMN06115481","['Desulfovibrio_desulfuricans__DslDes16_DsvAlas8']",0.443589656941802,TRUE,"Desulfovibrio_desulfuricans__DslDes16_DsvAlas8"
"UESF01.51615.1_2/11-151","UESF01","SAMN06115481","['Desulfovibrio_piger__DslPige3', 'Desulfovibrio_piger__DslPige4', 'Bilophila_wadsworthia__BilWads6', 'uncultured_bacterium__EF645667']",NA,TRUE,"Desulfovibrio_piger__DslPige3"
"UESF01.51615.1_1/1-148","UESF01","SAMN06115481","['Desulfovibrio_piger__DslPige4', 'Desulfovibrio_piger__DslPige3', 'Desulfovibrio_piger__DslPige2']",NA,TRUE,"Desulfovibrio_piger__DslPige4"
"UEQD01.1998.1_1/64-437","UEQD01","SAMN06115450","['Bilophila_wadsworthia__BilWads6']",1.50000025001454e-06,TRUE,"Bilophila_wadsworthia__BilWads6"
"UEQD01.1998.1_2/11-266","UEQD01","SAMN06115450","['Bilophila_wadsworthia__BilWads6']",0.108693370502427,TRUE,"Bilophila_wadsworthia__BilWads6"
"OVMF01.12152.1_2/11-266","OVMF01","SAMN06016380","['Bilophila_wadsworthia__BilWads6']",1.50000025001454e-06,TRUE,"Bilophila_wadsworthia__BilWads6"
"OVMF01.41032.1_1/1-214","OVMF01","SAMN06016380","['Bilophila_wadsworthia__BilWads6', 'Bilophila_sp._4_1_30__BilSpec3']",NA,TRUE,"Bilophila_wadsworthia__BilWads6"
"OZOC01.21458.1_2/5-152","OZOC01","SAMN06164550","['Desulfitibacter_alkalitolerans__DfiAlka2']",NA,TRUE,"Desulfitibacter_alkalitolerans__DfiAlka2"
"OWUN01.41726.1_1/1-246","OWUN01","SAMN05827003","['Bilophila_wadsworthia__BilWads6', 'Bilophila_sp._4_1_30__BilSpec3']",NA,TRUE,"Bilophila_wadsworthia__BilWads6"
"OWUN01.28119.1_1/11-240","OWUN01","SAMN05827003","['Bilophila_wadsworthia__BilWads6']",NA,TRUE,"Bilophila_wadsworthia__BilWads6"
"UPCD01.11507.1_2/11-266","UPCD01","SAMEA2737730","['Bilophila_sp._4_1_30__BilSpec3']",0.0109258334302823,TRUE,"Bilophila_sp._4_1_30__BilSpec3"
"UPCD01.11507.1_1/2-94","UPCD01","SAMEA2737730","['Bilophila_sp._4_1_30__BilSpec3']",0.0204298334302823,TRUE,"Bilophila_sp._4_1_30__BilSpec3"
"ULWM01.25244.1_1/63-287","ULWM01","SAMEA4835812","['Desulfovibrio_piger__DslPige3', 'Desulfovibrio_piger__DslPige4']",NA,TRUE,"Desulfovibrio_piger__DslPige3"
"OWAZ01.6290.1_5/64-437","OWAZ01","SAMEA3708632","['Bilophila_wadsworthia__BilWads6']",1.50000025001454e-06,TRUE,"Bilophila_wadsworthia__BilWads6"
"OWAZ01.7600.1_4/11-266","OWAZ01","SAMEA3708632","['Desulfovibrio_desulfuricans__DslDes17']",0.00675832737150207,TRUE,"Desulfovibrio_desulfuricans__DslDes17"
"OWAZ01.7600.1_5/1-293","OWAZ01","SAMEA3708632","['Desulfovibrio_desulfuricans_subsp._desulfuricans_str._ATCC_27774__CP001358']",0.0193417921887412,TRUE,"Desulfovibrio_desulfuricans_subsp._desulfuricans_str._ATCC_27774__CP001358"
"OWAZ01.6290.1_6/11-266","OWAZ01","SAMEA3708632","['Bilophila_wadsworthia__BilWads6']",1.50000025001454e-06,TRUE,"Bilophila_wadsworthia__BilWads6"
"OYYT01.51990.1_1/1-122","OYYT01","SAMN06165174","['Bilophila_sp._4_1_30__BilSpec3', 'Bilophila_wadsworthia__BilWads6', 'uncultured_bacterium__EF645667']",NA,TRUE,"Bilophila_sp._4_1_30__BilSpec3"
"UZQG01.6774.1_1/64-437","UZQG01","SAMN00792022","['Bilophila_wadsworthia__BilWads6']",1.50000025001454e-06,TRUE,"Bilophila_wadsworthia__BilWads6"
"UZQG01.6774.1_2/11-266","UZQG01","SAMN00792022","['Bilophila_wadsworthia__BilWads6']",1.50000025001454e-06,TRUE,"Bilophila_wadsworthia__BilWads6"
"UZQG01.13222.1_1/97-347","UZQG01","SAMN00792022","['Moorella_thermoacetica_Y72_copy_2__MooTher5']",7.58272261945668,TRUE,"Moorella_thermoacetica_Y72_copy_2__MooTher5"
"UPNM01.41320.1_1/1-228","UPNM01","SAMEA2737847","['Bilophila_wadsworthia__BilWads6', 'Bilophila_sp._4_1_30__BilSpec3']",NA,TRUE,"Bilophila_wadsworthia__BilWads6"
"ORPR01.79471.1_1/1-150","ORPR01","SAMEA2338725","['Desulfitibacter_alkalitolerans__DfiAlka2']",0.921410556332035,TRUE,"Desulfitibacter_alkalitolerans__DfiAlka2"
"OQJK01.2288.1_4/23-276","OQJK01","SAMD00036353","['Moorella_thermoacetica_Y72_copy_2__MooTher5']",7.37545061945668,TRUE,"Moorella_thermoacetica_Y72_copy_2__MooTher5"
"OPVM01.34222.1_1/49-318","OPVM01","SAMEA2042001","['Desulfovibrio_piger__DslPige3', 'Desulfovibrio_piger__DslPige4']",0.0718970912742298,TRUE,"Desulfovibrio_piger__DslPige3"
"ORUF01.1169.1_20/64-437","ORUF01","SAMEA2338834","['Bilophila_wadsworthia__BilWads6']",1.50000025001454e-06,TRUE,"Bilophila_wadsworthia__BilWads6"
"ORUF01.1169.1_19/11-266","ORUF01","SAMEA2338834","['Bilophila_wadsworthia__BilWads6']",1.50000025001454e-06,TRUE,"Bilophila_wadsworthia__BilWads6"
"ORPC01.2449.1_9/65-438","ORPC01","SAMEA2338722","['uncultured_bacterium__EF645667']",0.198519276190246,TRUE,"uncultured_bacterium__EF645667"
"ORPC01.2449.1_8/1-253","ORPC01","SAMEA2338722","['Bilophila_wadsworthia__BilWads6']",0.0993673705024268,TRUE,"Bilophila_wadsworthia__BilWads6"
"OYWE01.45209.1_1/1-188","OYWE01","SAMN06165040","['Desulfovibrio_piger__DslPige4', 'Desulfovibrio_piger__DslPige3', 'Desulfovibrio_piger__DslPige2']",NA,TRUE,"Desulfovibrio_piger__DslPige4"
"OZLH01.65693.1_1/6-91","OZLH01","SAMN06165218","['Desulfitibacter_alkalitolerans__DfiAlka2']",NA,TRUE,"Desulfitibacter_alkalitolerans__DfiAlka2"
"OZLH01.65693.1_2/1-97","OZLH01","SAMN06165218","['Anaerobic_bacterium_sk.prop8__Bv2Prop2']",1.13785253982822,TRUE,"Anaerobic_bacterium_sk.prop8__Bv2Prop2"
"JABLTQ01.5509.1_21/63-436","JABLTQ01","SAMN14651228","['Desulfovibrio_piger__DslPige3']",0.0079227876807884,TRUE,"Desulfovibrio_piger__DslPige3"
"JABLTQ01.120846.1_6/64-437","JABLTQ01","SAMN14651228","['Bilophila_wadsworthia__BilWads6']",0.107182370502427,TRUE,"Bilophila_wadsworthia__BilWads6"
"JABLTQ01.120846.1_5/11-266","JABLTQ01","SAMN14651228","['Bilophila_wadsworthia__BilWads6']",0.0993673705024268,TRUE,"Bilophila_wadsworthia__BilWads6"
"JABLTQ01.5509.1_20/11-266","JABLTQ01","SAMN14651228","['Desulfovibrio_piger__DslPige3', 'Desulfovibrio_piger__DslPige4']",0.0470370912742298,TRUE,"Desulfovibrio_piger__DslPige3"
"OWSL01.5835.1_2/63-436","OWSL01","SAMEA4378238","['Desulfovibrio_piger__DslPige3']",0.0721370912742298,TRUE,"Desulfovibrio_piger__DslPige3"
"OWSL01.5835.1_3/11-266","OWSL01","SAMEA4378238","['Desulfovibrio_piger__DslPige3', 'Desulfovibrio_piger__DslPige4']",0.0018347876807884,TRUE,"Desulfovibrio_piger__DslPige3"
"OWSL01.73726.1_1/1-208","OWSL01","SAMEA4378238","['Anaerobic_bacterium_sk.prop8__Bv2Prop2']",1.35916553982822,TRUE,"Anaerobic_bacterium_sk.prop8__Bv2Prop2"
"UZTG01.16.1_116/583-835","UZTG01","SAMN00792083","['Moorella_thermoacetica_Y72_copy_2__MooTher5']",7.24016061945668,TRUE,"Moorella_thermoacetica_Y72_copy_2__MooTher5"
"UERC01.66601.1_1/1-196","UERC01","SAMN06115394","['Bilophila_wadsworthia__BilWads6', 'Bilophila_sp._4_1_30__BilSpec3']",NA,TRUE,"Bilophila_wadsworthia__BilWads6"
"UPNI01.14545.1_1/64-437","UPNI01","SAMEA2737880","['Bilophila_wadsworthia__BilWads6']",1.50000025001454e-06,TRUE,"Bilophila_wadsworthia__BilWads6"
"UPNI01.14545.1_2/11-152","UPNI01","SAMEA2737880","['Bilophila_wadsworthia__BilWads6', 'Bilophila_sp._4_1_30__BilSpec3']",NA,TRUE,"Bilophila_wadsworthia__BilWads6"
"UPNI01.44288.1_1/62-141","UPNI01","SAMEA2737880","['uncultured_bacterium__EF645667', 'Candidatus_Desulfovibrio_trichonymphae', 'Bilophila_wadsworthia__BilWads6']",NA,TRUE,"uncultured_bacterium__EF645667"
"OUPY01.33297.1_1/26-399","OUPY01","SAMN05194694","['Desulfovibrio_piger__DslPige3', 'Desulfovibrio_piger__DslPige4']",0.0684160912742298,TRUE,"Desulfovibrio_piger__DslPige3"
"OUPY01.46065.1_1/1-254","OUPY01","SAMN05194694","['Desulfovibrio_piger__DslPige3']",0.0203577876807884,TRUE,"Desulfovibrio_piger__DslPige3"
"OUPY01.2403.1_2/3-237","OUPY01","SAMN05194694","['Gordonibacter_pamelaeae__GrdPame5']",0.00338522102966964,TRUE,"Gordonibacter_pamelaeae__GrdPame5"
"OUPY01.2403.1_3/1-200","OUPY01","SAMN05194694","['Gordonibacter_pamelaeae_7-10-1-b__FP929047', 'Gordonibacter_pamelaeae__GrdPame5']",NA,TRUE,"Gordonibacter_pamelaeae_7-10-1-b__FP929047"
"OUPY01.2403.1_4/51-181","OUPY01","SAMN05194694","['Gordonibacter_pamelaeae_7-10-1-b__FP929047']",NA,TRUE,"Gordonibacter_pamelaeae_7-10-1-b__FP929047"
"UZOV01.13690.1_1/1-193","UZOV01","SAMN00792002","['Desulfovibrio_piger__DslPige3', 'Desulfovibrio_piger__DslPige4', 'Desulfovibrio_piger__DslPige2']",NA,TRUE,"Desulfovibrio_piger__DslPige3"
"UESD01.606.1_8/64-437","UESD01","SAMN06115408","['Bilophila_wadsworthia__BilWads6']",1.50000025001454e-06,TRUE,"Bilophila_wadsworthia__BilWads6"
"UESD01.12614.1_2/65-438","UESD01","SAMN06115408","['Desulfovibrio_piger__DslPige3']",0.0657560912742298,TRUE,"Desulfovibrio_piger__DslPige3"
"UESD01.606.1_9/1-253","UESD01","SAMN06115408","['Bilophila_wadsworthia__BilWads6']",1.50000025001454e-06,TRUE,"Bilophila_wadsworthia__BilWads6"
"UESD01.12614.1_3/11-162","UESD01","SAMN06115408","['Desulfovibrio_piger__DslPige3', 'Desulfovibrio_piger__DslPige4']",0.0784160912742298,TRUE,"Desulfovibrio_piger__DslPige3"
"ULYU01.64089.1_2/62-139","ULYU01","SAMEA4835872","['uncultured_bacterium__EF645667', 'Bilophila_wadsworthia__BilWads6', 'Candidatus_Desulfovibrio_trichonymphae']",NA,TRUE,"uncultured_bacterium__EF645667"
"ORRT01.828.1_6/11-266","ORRT01","SAMEA2338624","['Bilophila_wadsworthia__BilWads6']",1.50000025001454e-06,TRUE,"Bilophila_wadsworthia__BilWads6"
"ORRT01.828.1_7/1-238","ORRT01","SAMEA2338624","['Bilophila_wadsworthia__BilWads6', 'Bilophila_sp._4_1_30__BilSpec3']",NA,TRUE,"Bilophila_wadsworthia__BilWads6"
"OZAI01.48669.1_1/8-161","OZAI01","SAMN06164907","['uncultured_bacterium__EF645667']",0.580559276190246,TRUE,"uncultured_bacterium__EF645667"
"ORIU01.89.1_5/53-398","ORIU01","SAMN04329873","['Anaerobic_bacterium_sk.prop8__Bv2Prop2']",1.32869753982822,TRUE,"Anaerobic_bacterium_sk.prop8__Bv2Prop2"
"ORIU01.89.1_4/5-240","ORIU01","SAMN04329873","['Desulfitibacter_alkalitolerans__DfiAlka2']",1.31833255633203,TRUE,"Desulfitibacter_alkalitolerans__DfiAlka2"
"OVLZ01.65167.1_2/1-89","OVLZ01","SAMN06016354","['Bilophila_wadsworthia__BilWads6', 'Bilophila_sp._4_1_30__BilSpec3', 'uncultured_bacterium__EF645667']",NA,TRUE,"Bilophila_wadsworthia__BilWads6"
"USYQ01.22743.1_1/28-400","USYQ01","SAMN06111928","['uncultured_bacterium__EF645667']",0.474586276190246,TRUE,"uncultured_bacterium__EF645667"
"USYQ01.29282.1_1/1-216","USYQ01","SAMN06111928","['uncultured_bacterium__EF645667']",NA,TRUE,"uncultured_bacterium__EF645667"
"UPCN01.500.1_12/64-437","UPCN01","SAMEA2737712","['Bilophila_wadsworthia__BilWads6']",1.50000025001454e-06,TRUE,"Bilophila_wadsworthia__BilWads6"
"UPCN01.500.1_13/11-266","UPCN01","SAMEA2737712","['Bilophila_wadsworthia__BilWads6']",1.50000025001454e-06,TRUE,"Bilophila_wadsworthia__BilWads6"
"OWFQ01.503.1_17/64-437","OWFQ01","SAMEA3708598","['Bilophila_wadsworthia__BilWads6']",1.50000025001454e-06,TRUE,"Bilophila_wadsworthia__BilWads6"
"OWFQ01.503.1_18/11-266","OWFQ01","SAMEA3708598","['Bilophila_wadsworthia__BilWads6']",1.50000025001454e-06,TRUE,"Bilophila_wadsworthia__BilWads6"
"OQQZ01.55935.1_1/64-160","OQQZ01","SAMN02711298","['Bilophila_sp._4_1_30__BilSpec3']",0.0672318334302823,TRUE,"Bilophila_sp._4_1_30__BilSpec3"
"UXIX01.4530.1_3/11-266","UXIX01","SAMEA2147114","['Desulfovibrio_piger__DslPige3', 'Desulfovibrio_piger__DslPige4']",0.0890590912742298,TRUE,"Desulfovibrio_piger__DslPige3"
"UXIX01.4530.1_4/461-647","UXIX01","SAMEA2147114","['Desulfovibrio_piger__DslPige4']",0.0115407876807884,TRUE,"Desulfovibrio_piger__DslPige4"
"UZLL01.11034.1_2/63-436","UZLL01","SAMN00715211","['Desulfovibrio_piger__DslPige3', 'Desulfovibrio_piger__DslPige4']",0.0575660912742298,TRUE,"Desulfovibrio_piger__DslPige3"
"UZLL01.28803.1_1/1-201","UZLL01","SAMN00715211","['Desulfovibrio_piger__DslPige3', 'Desulfovibrio_piger__DslPige4']",NA,TRUE,"Desulfovibrio_piger__DslPige3"
"OQGP01.7603.1_1/1-85","OQGP01","SAMD00036440","['Bilophila_sp._4_1_30__BilSpec3']",0.0320308334302823,TRUE,"Bilophila_sp._4_1_30__BilSpec3"
"UEPL01.560.1_12/64-437","UEPL01","SAMN06115518","['Bilophila_wadsworthia__BilWads6']",1.50000025001454e-06,TRUE,"Bilophila_wadsworthia__BilWads6"
"UEPL01.22348.1_2/31-404","UEPL01","SAMN06115518","['uncultured_bacterium__EF645667']",0.474586276190246,TRUE,"uncultured_bacterium__EF645667"
"UEPL01.560.1_13/11-266","UEPL01","SAMN06115518","['Bilophila_wadsworthia__BilWads6']",1.50000025001454e-06,TRUE,"Bilophila_wadsworthia__BilWads6"
"UERW01.1603.1_2/64-437","UERW01","SAMN06115492","['Bilophila_wadsworthia__BilWads6']",1.50000025001454e-06,TRUE,"Bilophila_wadsworthia__BilWads6"
"UERW01.1603.1_1/11-266","UERW01","SAMN06115492","['Bilophila_wadsworthia__BilWads6']",1.50000025001454e-06,TRUE,"Bilophila_wadsworthia__BilWads6"
"UMHH01.44891.1_7/64-437","UMHH01","SAMEA4836094","['Bilophila_wadsworthia__BilWads6']",1.50000025001454e-06,TRUE,"Bilophila_wadsworthia__BilWads6"
"UMHH01.44891.1_6/11-266","UMHH01","SAMEA4836094","['Bilophila_wadsworthia__BilWads6']",1.50000025001454e-06,TRUE,"Bilophila_wadsworthia__BilWads6"
"OQNV01.40582.1_1/2-283","OQNV01","SAMD00036432","['uncultured_bacterium__EF645667']",0.0216330841395422,TRUE,"uncultured_bacterium__EF645667"
"OQNV01.60918.1_1/51-266","OQNV01","SAMD00036432","['Gordonibacter_pamelaeae__GrdPame5']",0.310048704393165,TRUE,"Gordonibacter_pamelaeae__GrdPame5"
"OQNV01.52564.1_1/18-245","OQNV01","SAMD00036432","['Bilophila_sp._4_1_30__BilSpec3']",0.0281578334302823,TRUE,"Bilophila_sp._4_1_30__BilSpec3"
"OQNV01.107240.1_1/1-185","OQNV01","SAMD00036432","['Bilophila_wadsworthia__BilWads6']",NA,TRUE,"Bilophila_wadsworthia__BilWads6"
"OQNV01.27561.1_3/1-105","OQNV01","SAMD00036432","['Desulfovibrio_desulfuricans__DQ092635']",0.107794428980512,TRUE,"Desulfovibrio_desulfuricans__DQ092635"
"OQNV01.34242.1_1/63-153","OQNV01","SAMD00036432","['uncultured_bacterium__EF645667', 'uncultured_bacterium__EF645664', 'Desulfovibrio_desulfuricans__DQ092635']",NA,TRUE,"uncultured_bacterium__EF645667"
"OQNV01.40582.1_2/11-97","OQNV01","SAMD00036432","['uncultured_bacterium__EF645664']",0.0276205211668668,TRUE,"uncultured_bacterium__EF645664"
"OQNV01.13061.1_2/40-291","OQNV01","SAMD00036432","['Moorella_thermoacetica_Y72_copy_2__MooTher5']",7.61628561945668,TRUE,"Moorella_thermoacetica_Y72_copy_2__MooTher5"
"UYFM01.23911.1_3/1-130","UYFM01","SAMEA2161897","['Bilophila_wadsworthia__BilWads6']",NA,TRUE,"Bilophila_wadsworthia__BilWads6"
"UYFM01.23911.1_1/1-93","UYFM01","SAMEA2161897","['Bilophila_wadsworthia__BilWads6', 'Bilophila_sp._4_1_30__BilSpec3', 'uncultured_bacterium__EF645667']",NA,TRUE,"Bilophila_wadsworthia__BilWads6"
"OVTQ01.16473.1_1/19-392","OVTQ01","SAMN06016350","['Bilophila_wadsworthia__BilWads6']",1.50000025001454e-06,TRUE,"Bilophila_wadsworthia__BilWads6"
"OVTQ01.16473.1_2/11-204","OVTQ01","SAMN06016350","['Bilophila_wadsworthia__BilWads6']",0.112120370502427,TRUE,"Bilophila_wadsworthia__BilWads6"
"OVMH01.6762.1_2/64-437","OVMH01","SAMN06016383","['Bilophila_wadsworthia__BilWads6']",1.50000025001454e-06,TRUE,"Bilophila_wadsworthia__BilWads6"
"OVMH01.6762.1_3/11-265","OVMH01","SAMN06016383","['Bilophila_wadsworthia__BilWads6']",1.50000025001454e-06,TRUE,"Bilophila_wadsworthia__BilWads6"
"ULQU01.31168.1_1/1-206","ULQU01","SAMEA4835664","['uncultured_bacterium__EF645667']",NA,TRUE,"uncultured_bacterium__EF645667"
"UMHN01.46216.1_1/1-117","UMHN01","SAMEA4836099","['Bilophila_wadsworthia__BilWads6', 'Desulfovibrio_sp._6_1_46AFAA__DsvSp231']",NA,TRUE,"Bilophila_wadsworthia__BilWads6"
"OVMJ01.112.1_4/63-436","OVMJ01","SAMN06016415","['Desulfovibrio_piger__DslPige3', 'Desulfovibrio_piger__DslPige4']",0.0638080912742298,TRUE,"Desulfovibrio_piger__DslPige3"
"OVMJ01.112.1_9/63-436","OVMJ01","SAMN06016415","['Desulfovibrio_piger__DslPige3', 'Desulfovibrio_piger__DslPige4']",0.0638080912742298,TRUE,"Desulfovibrio_piger__DslPige3"
"OVMJ01.112.1_10/11-266","OVMJ01","SAMN06016415","['Desulfovibrio_piger__DslPige4']",0.0768977876807884,TRUE,"Desulfovibrio_piger__DslPige4"
"OVMJ01.112.1_5/11-266","OVMJ01","SAMN06016415","['Desulfovibrio_piger__DslPige4']",0.0768977876807884,TRUE,"Desulfovibrio_piger__DslPige4"
"OVMJ01.79597.1_1/52-221","OVMJ01","SAMN06016415","['Archaeoglobus_sulfaticallidus__ArgSulfa']",1.55956640625696,TRUE,"Archaeoglobus_sulfaticallidus__ArgSulfa"
"UEPX01.214.1_36/64-437","UEPX01","SAMN06115484","['Bilophila_wadsworthia__BilWads6']",1.50000025001454e-06,TRUE,"Bilophila_wadsworthia__BilWads6"
"UEPX01.214.1_35/1-253","UEPX01","SAMN06115484","['Bilophila_wadsworthia__BilWads6']",1.50000025001454e-06,TRUE,"Bilophila_wadsworthia__BilWads6"
"OWBJ01.577.1_15/64-437","OWBJ01","SAMEA3708635","['Bilophila_wadsworthia__BilWads6']",1.50000025001454e-06,TRUE,"Bilophila_wadsworthia__BilWads6"
"OWBJ01.577.1_14/11-266","OWBJ01","SAMEA3708635","['Bilophila_wadsworthia__BilWads6']",1.50000025001454e-06,TRUE,"Bilophila_wadsworthia__BilWads6"
"ORWK01.32586.1_1/64-181","ORWK01","SAMEA2338869","['Bilophila_wadsworthia__BilWads6', 'Bilophila_sp._4_1_30__BilSpec3', 'uncultured_bacterium__EF645667', 'Desulfovibrio_piger__DslPige3', 'Desulfovibrio_piger__DslPige4']",NA,TRUE,"Bilophila_wadsworthia__BilWads6"
"OQMP01.27420.1_1/2-278","OQMP01","SAMD00036430","['Bilophila_wadsworthia__BilWads6', 'Bilophila_sp._4_1_30__BilSpec3']",NA,TRUE,"Bilophila_wadsworthia__BilWads6"
"OQMP01.21035.1_1/1-181","OQMP01","SAMD00036430","['Bilophila_wadsworthia__BilWads6']",0.226159370502427,TRUE,"Bilophila_wadsworthia__BilWads6"
"OQMP01.27420.1_2/11-93","OQMP01","SAMD00036430","['Bilophila_wadsworthia__BilWads6', 'Bilophila_sp._4_1_30__BilSpec3']",NA,TRUE,"Bilophila_wadsworthia__BilWads6"
"UEQJ01.1031.1_15/64-437","UEQJ01","SAMN06115437","['Bilophila_sp._4_1_30__BilSpec3']",0.0077608334302823,TRUE,"Bilophila_sp._4_1_30__BilSpec3"
"UEQJ01.34160.1_1/1-357","UEQJ01","SAMN06115437","['Desulfovibrio_piger__DslPige3', 'Desulfovibrio_piger__DslPige4']",0.0339107876807884,TRUE,"Desulfovibrio_piger__DslPige3"
"UEQJ01.1031.1_14/11-266","UEQJ01","SAMN06115437","['Bilophila_wadsworthia__BilWads6']",0.153629370502427,TRUE,"Bilophila_wadsworthia__BilWads6"
"UEQJ01.37408.1_2/11-266","UEQJ01","SAMN06115437","['Desulfovibrio_piger__DslPige3', 'Desulfovibrio_piger__DslPige4']",0.0855770912742298,TRUE,"Desulfovibrio_piger__DslPige3"
"UEQJ01.70046.1_1/1-165","UEQJ01","SAMN06115437","['Desulfovibrio_piger__DslPige3', 'Desulfovibrio_piger__DslPige4']",0.12365509127423,TRUE,"Desulfovibrio_piger__DslPige3"
"UPNP01.36312.1_2/51-239","UPNP01","SAMEA2737833","['MSW_digester_clone__Unc01cxc']",0.792683746464801,TRUE,"MSW_digester_clone__Unc01cxc"
"UPNP01.29159.1_1/1-146","UPNP01","SAMEA2737833","['Gordonibacter_pamelaeae__GrdPame5']",0.655419704393165,TRUE,"Gordonibacter_pamelaeae__GrdPame5"
"ORPS01.8514.1_6/52-397","ORPS01","SAMEA2338754","['Anaerobic_bacterium_sk.prop8__Bv2Prop2']",1.35418253982822,TRUE,"Anaerobic_bacterium_sk.prop8__Bv2Prop2"
"ORPS01.8514.1_5/5-240","ORPS01","SAMEA2338754","['Desulfitibacter_alkalitolerans__DfiAlka2']",1.24769455633203,TRUE,"Desulfitibacter_alkalitolerans__DfiAlka2"
"UZKP01.4028.1_2/64-408","UZKP01","SAMN00715214","['Bilophila_sp._4_1_30__BilSpec3']",0.0223088334302823,TRUE,"Bilophila_sp._4_1_30__BilSpec3"
"UZKP01.4028.1_3/1-163","UZKP01","SAMN00715214","['Bilophila_wadsworthia__BilWads6']",NA,TRUE,"Bilophila_wadsworthia__BilWads6"
"OVZH01.31155.1_1/1-339","OVZH01","SAMEA3708664","['Bilophila_wadsworthia__BilWads6', 'Bilophila_sp._4_1_30__BilSpec3']",NA,TRUE,"Bilophila_wadsworthia__BilWads6"
"OVZH01.31155.1_2/11-135","OVZH01","SAMEA3708664","['Bilophila_wadsworthia__BilWads6', 'Bilophila_sp._4_1_30__BilSpec3']",NA,TRUE,"Bilophila_wadsworthia__BilWads6"
"OPSZ01.31149.1_2/51-211","OPSZ01","SAMEA2042440","['Bilophila_sp._4_1_30__BilSpec3']",0.0094988334302823,TRUE,"Bilophila_sp._4_1_30__BilSpec3"
"OPSZ01.37082.1_1/13-152","OPSZ01","SAMEA2042440","['Bilophila_wadsworthia__BilWads6']",0.119778370502427,TRUE,"Bilophila_wadsworthia__BilWads6"
"OPSZ01.52127.1_1/1-174","OPSZ01","SAMEA2042440","['Bilophila_wadsworthia__BilWads6', 'Bilophila_sp._4_1_30__BilSpec3']",NA,TRUE,"Bilophila_wadsworthia__BilWads6"
"UEQO01.936.1_31/64-437","UEQO01","SAMN06115517","['Bilophila_wadsworthia__BilWads6']",1.50000025001454e-06,TRUE,"Bilophila_wadsworthia__BilWads6"
"UEQO01.11072.1_2/62-435","UEQO01","SAMN06115517","['uncultured_bacterium__EF645667']",0.474586276190246,TRUE,"uncultured_bacterium__EF645667"
"UEQO01.936.1_30/11-266","UEQO01","SAMN06115517","['Bilophila_wadsworthia__BilWads6']",1.50000025001454e-06,TRUE,"Bilophila_wadsworthia__BilWads6"
"UEQO01.11072.1_1/11-231","UEQO01","SAMN06115517","['uncultured_bacterium__EF645667']",0.597408276190246,TRUE,"uncultured_bacterium__EF645667"
"OZLZ01.26268.1_1/1-206","OZLZ01","SAMN06164726","['Desulfovibrio_piger__DslPige3', 'Desulfovibrio_piger__DslPige4']",NA,TRUE,"Desulfovibrio_piger__DslPige3"
"ORSH01.3045.1_5/64-437","ORSH01","SAMEA2338629","['Bilophila_wadsworthia__BilWads6']",1.50000025001454e-06,TRUE,"Bilophila_wadsworthia__BilWads6"
"ORSH01.3045.1_6/1-253","ORSH01","SAMEA2338629","['Bilophila_wadsworthia__BilWads6']",1.50000025001454e-06,TRUE,"Bilophila_wadsworthia__BilWads6"
"UZHO01.27007.1_2/2-138","UZHO01","SAMN00791933","['Desulfovibrio_piger__DslPige3', 'Desulfovibrio_piger__DslPige4', 'Desulfovibrio_piger__DslPige2']",NA,TRUE,"Desulfovibrio_piger__DslPige3"
"UZHO01.27007.1_1/11-102","UZHO01","SAMN00791933","['uncultured_bacterium__EF645667', 'Desulfovibrio_piger__DslPige3', 'Desulfovibrio_piger__DslPige4']",NA,TRUE,"uncultured_bacterium__EF645667"
"ULTR01.60425.1_1/11-266","ULTR01","SAMEA4835739","['uncultured_bacterium__EF645667']",0.623172276190246,TRUE,"uncultured_bacterium__EF645667"
"ULTR01.662.1_1/62-157","ULTR01","SAMEA4835739","['uncultured_bacterium__EF645667', 'Candidatus_Desulfovibrio_trichonymphae', 'Bilophila_wadsworthia__BilWads6']",NA,TRUE,"uncultured_bacterium__EF645667"
"ULTR01.60425.1_2/1-114","ULTR01","SAMEA4835739","['uncultured_bacterium__EF645667', 'Desulfovibrio_piger__DslPige3']",NA,TRUE,"uncultured_bacterium__EF645667"
"ORNW01.7193.1_3/64-437","ORNW01","SAMEA2338689","['Bilophila_wadsworthia__BilWads6']",0.107182370502427,TRUE,"Bilophila_wadsworthia__BilWads6"
"ORNW01.7193.1_2/11-266","ORNW01","SAMEA2338689","['Bilophila_wadsworthia__BilWads6']",0.0993673705024268,TRUE,"Bilophila_wadsworthia__BilWads6"
"OWBF01.12024.1_1/64-437","OWBF01","SAMEA3708539","['Bilophila_wadsworthia__BilWads6']",1.50000025001454e-06,TRUE,"Bilophila_wadsworthia__BilWads6"
"OWBF01.17308.1_1/2-156","OWBF01","SAMEA3708539","['Bilophila_wadsworthia__BilWads6']",NA,TRUE,"Bilophila_wadsworthia__BilWads6"
"OWBF01.12024.1_2/11-83","OWBF01","SAMEA3708539","['Bilophila_wadsworthia__BilWads6', 'Bilophila_sp._4_1_30__BilSpec3']",NA,TRUE,"Bilophila_wadsworthia__BilWads6"
"OZAF01.448.1_5/27-294","OZAF01","SAMN06165156","['Moorella_thermoacetica_Y72_copy_2__MooTher5']",7.00372561945668,TRUE,"Moorella_thermoacetica_Y72_copy_2__MooTher5"
"UZJC01.1580.1_4/62-435","UZJC01","SAMN00791906","['uncultured_bacterium__EF645667']",0.474586276190246,TRUE,"uncultured_bacterium__EF645667"
"UZJC01.1580.1_5/11-266","UZJC01","SAMN00791906","['uncultured_bacterium__EF645667']",0.597408276190246,TRUE,"uncultured_bacterium__EF645667"
"OZHJ01.26491.1_1/63-209","OZHJ01","SAMN06165215","['Desulfovibrio_piger__DslPige3', 'Desulfovibrio_piger__DslPige4']",NA,TRUE,"Desulfovibrio_piger__DslPige3"
"OZHJ01.41754.1_1/11-118","OZHJ01","SAMN06165215","['Desulfovibrio_piger__DslPige3', 'Desulfovibrio_piger__DslPige4']",NA,TRUE,"Desulfovibrio_piger__DslPige3"
"UPMX01.23.1_90/62-435","UPMX01","SAMEA2737818","['uncultured_bacterium__EF645667']",0.479939276190246,TRUE,"uncultured_bacterium__EF645667"
"UPMX01.23.1_89/11-266","UPMX01","SAMEA2737818","['uncultured_bacterium__EF645667']",0.597408276190246,TRUE,"uncultured_bacterium__EF645667"
"UERD01.11406.1_1/64-380","UERD01","SAMN06115424","['Bilophila_wadsworthia__BilWads6']",0.155876370502427,TRUE,"Bilophila_wadsworthia__BilWads6"
"UERD01.21558.1_1/11-210","UERD01","SAMN06115424","['Bilophila_wadsworthia__BilWads6']",0.147155370502427,TRUE,"Bilophila_wadsworthia__BilWads6"
"OPBL01.48121.1_1/64-128","OPBL01","SAMEA2042630","['Bilophila_wadsworthia__BilWads6', 'Bilophila_sp._4_1_30__BilSpec3', 'uncultured_bacterium__EF645667', 'Desulfovibrio_piger__DslPige3', 'Desulfovibrio_piger__DslPige4']",NA,TRUE,"Bilophila_wadsworthia__BilWads6"
"OWRR01.506.1_9/64-437","OWRR01","SAMEA4378240","['Bilophila_wadsworthia__BilWads6']",1.50000025001454e-06,TRUE,"Bilophila_wadsworthia__BilWads6"
"OWRR01.506.1_10/11-266","OWRR01","SAMEA4378240","['Bilophila_wadsworthia__BilWads6']",1.50000025001454e-06,TRUE,"Bilophila_wadsworthia__BilWads6"
"UZRB01.14206.1_3/64-246","UZRB01","SAMN00792023","['Bilophila_wadsworthia__BilWads6']",NA,TRUE,"Bilophila_wadsworthia__BilWads6"
"UZRB01.28887.1_1/63-214","UZRB01","SAMN00792023","['Desulfovibrio_piger__DslPige3', 'Desulfovibrio_piger__DslPige4']",NA,TRUE,"Desulfovibrio_piger__DslPige3"
"UZRB01.46909.1_1/63-214","UZRB01","SAMN00792023","['Desulfovibrio_piger__DslPige2']",NA,TRUE,"Desulfovibrio_piger__DslPige2"
"UZRB01.87343.1_1/48-199","UZRB01","SAMN00792023","['Gordonibacter_pamelaeae__GrdPame5']",NA,TRUE,"Gordonibacter_pamelaeae__GrdPame5"
"UEQN01.13608.1_2/62-435","UEQN01","SAMN06115449","['uncultured_bacterium__EF645667']",0.474586276190246,TRUE,"uncultured_bacterium__EF645667"
"UEQN01.13608.1_1/11-266","UEQN01","SAMN06115449","['uncultured_bacterium__EF645667']",0.597408276190246,TRUE,"uncultured_bacterium__EF645667"
"UEQN01.46113.1_1/64-238","UEQN01","SAMN06115449","['Bilophila_wadsworthia__BilWads6', 'Bilophila_sp._4_1_30__BilSpec3', 'uncultured_bacterium__EF645667']",NA,TRUE,"Bilophila_wadsworthia__BilWads6"
"UEQN01.73648.1_1/1-179","UEQN01","SAMN06115449","['Bilophila_wadsworthia__BilWads6', 'Bilophila_sp._4_1_30__BilSpec3']",NA,TRUE,"Bilophila_wadsworthia__BilWads6"
"UEQN01.7304.1_1/1-80","UEQN01","SAMN06115449","['Bilophila_wadsworthia__BilWads6', 'Bilophila_sp._4_1_30__BilSpec3', 'Desulfovibrio_sp._6_1_46AFAA__DsvSp231', 'uncultured_bacterium__EF645667']",NA,TRUE,"Bilophila_wadsworthia__BilWads6"
"ORUG01.26699.1_1/64-358","ORUG01","SAMEA2338780","['Bilophila_wadsworthia__BilWads6', 'Bilophila_sp._4_1_30__BilSpec3']",NA,TRUE,"Bilophila_wadsworthia__BilWads6"
"OVTD01.1202.1_7/64-437","OVTD01","SAMN06016377","['Bilophila_wadsworthia__BilWads6']",1.50000025001454e-06,TRUE,"Bilophila_wadsworthia__BilWads6"
"OVTD01.1202.1_6/11-266","OVTD01","SAMN06016377","['Bilophila_sp._4_1_30__BilSpec3']",0.0016698334302823,TRUE,"Bilophila_sp._4_1_30__BilSpec3"
"UZMN01.15502.1_1/1-73","UZMN01","SAMN00715219","['Bilophila_wadsworthia__BilWads6']",0.302452370502427,TRUE,"Bilophila_wadsworthia__BilWads6"
"ULTQ01.84082.1_2/62-435","ULTQ01","SAMEA4835738","['uncultured_bacterium__EF645667']",0.471300276190246,TRUE,"uncultured_bacterium__EF645667"
"ULTQ01.84082.1_1/11-266","ULTQ01","SAMEA4835738","['uncultured_bacterium__EF645667']",0.597408276190246,TRUE,"uncultured_bacterium__EF645667"
"ULTQ01.74033.1_1/1-190","ULTQ01","SAMEA4835738","['Bilophila_wadsworthia__BilWads6', 'Bilophila_sp._4_1_30__BilSpec3']",NA,TRUE,"Bilophila_wadsworthia__BilWads6"
"UZHV01.33818.1_1/2-184","UZHV01","SAMN00791915","['Bilophila_sp._4_1_30__BilSpec3', 'Bilophila_wadsworthia__BilWads6']",NA,TRUE,"Bilophila_sp._4_1_30__BilSpec3"
"UZLX01.37167.1_1/1-113","UZLX01","SAMN00715241","['Desulfovibrio_vulgaris__DQ826729']",NA,TRUE,"Desulfovibrio_vulgaris__DQ826729"
"ULPS01.48280.1_2/5-144","ULPS01","SAMEA4835635","['Desulfitibacter_alkalitolerans__DfiAlka2']",NA,TRUE,"Desulfitibacter_alkalitolerans__DfiAlka2"
"ULPS01.48280.1_1/1-129","ULPS01","SAMEA4835635","['Anaerobic_bacterium_sk.prop8__Bv2Prop2']",1.47164953982822,TRUE,"Anaerobic_bacterium_sk.prop8__Bv2Prop2"
"ULPS01.65184.1_1/1-82","ULPS01","SAMEA4835635","['Desulfitibacter_alkalitolerans__DfiAlka2']",NA,TRUE,"Desulfitibacter_alkalitolerans__DfiAlka2"
"UERM01.2908.1_4/64-437","UERM01","SAMN06115432","['Bilophila_sp._4_1_30__BilSpec3']",0.0077688334302823,TRUE,"Bilophila_sp._4_1_30__BilSpec3"
"UERM01.2908.1_3/11-266","UERM01","SAMN06115432","['Bilophila_sp._4_1_30__BilSpec3']",0.0016698334302823,TRUE,"Bilophila_sp._4_1_30__BilSpec3"
"UPRQ01.42214.1_1/63-198","UPRQ01","SAMEA2737796","['Desulfovibrio_piger__DslPige3', 'Desulfovibrio_piger__DslPige4']",0.12154609127423,TRUE,"Desulfovibrio_piger__DslPige3"
"UMGK01.51445.1_1/63-436","UMGK01","SAMEA4836070","['Desulfovibrio_piger__DslPige3', 'Desulfovibrio_piger__DslPige4']",0.0481270912742298,TRUE,"Desulfovibrio_piger__DslPige3"
"UMGK01.54132.1_1/11-151","UMGK01","SAMEA4836070","['Bilophila_wadsworthia__BilWads6', 'Bilophila_sp._4_1_30__BilSpec3']",NA,TRUE,"Bilophila_wadsworthia__BilWads6"
"UXSN01.3115.1_5/64-437","UXSN01","SAMEA2160490","['Bilophila_wadsworthia__BilWads6']",1.50000025001454e-06,TRUE,"Bilophila_wadsworthia__BilWads6"
"UXSN01.3115.1_6/11-266","UXSN01","SAMEA2160490","['Bilophila_sp._4_1_30__BilSpec3']",0.0016698334302823,TRUE,"Bilophila_sp._4_1_30__BilSpec3"
"UXSQ01.11114.1_3/64-437","UXSQ01","SAMEA2161597","['Bilophila_wadsworthia__BilWads6']",1.50000025001454e-06,TRUE,"Bilophila_wadsworthia__BilWads6"
"UXSQ01.11114.1_2/11-185","UXSQ01","SAMEA2161597","['Bilophila_sp._4_1_30__BilSpec3']",0.0147228334302823,TRUE,"Bilophila_sp._4_1_30__BilSpec3"
"UEPO01.43.1_66/63-436","UEPO01","SAMN06115501","['Desulfovibrio_piger__DslPige3', 'Desulfovibrio_piger__DslPige4']",0.0561410912742298,TRUE,"Desulfovibrio_piger__DslPige3"
"UEPO01.2428.1_12/64-434","UEPO01","SAMN06115501","['Bilophila_wadsworthia__BilWads6']",0.105006370502427,TRUE,"Bilophila_wadsworthia__BilWads6"
"UEPO01.784.1_2/11-266","UEPO01","SAMN06115501","['Bilophila_wadsworthia__BilWads6']",0.02815750000025,TRUE,"Bilophila_wadsworthia__BilWads6"
"UEPO01.43.1_65/11-266","UEPO01","SAMN06115501","['Desulfovibrio_piger__DslPige3']",0.0203577876807884,TRUE,"Desulfovibrio_piger__DslPige3"
"ULRB01.71895.1_2/11-232","ULRB01","SAMEA4835671","['uncultured_bacterium__EF645667']",NA,TRUE,"uncultured_bacterium__EF645667"
"ULRB01.41466.1_1/1-183","ULRB01","SAMEA4835671","['uncultured_bacterium__EF645667', 'Desulfovibrio_piger__DslPige4', 'Desulfovibrio_piger__DslPige3']",NA,TRUE,"uncultured_bacterium__EF645667"
"ULRB01.71895.1_1/2-137","ULRB01","SAMEA4835671","['Desulfovibrio_piger__DslPige4', 'Desulfovibrio_piger__DslPige3', 'Desulfovibrio_piger__DslPige2']",NA,TRUE,"Desulfovibrio_piger__DslPige4"
"ULRB01.77710.1_3/27-294","ULRB01","SAMEA4835671","['Moorella_thermoacetica_Y72_copy_2__MooTher5']",7.00372561945668,TRUE,"Moorella_thermoacetica_Y72_copy_2__MooTher5"
"UPMI01.107852.1_1/1-170","UPMI01","SAMEA2737844","['Bilophila_wadsworthia__BilWads6', 'Bilophila_sp._4_1_30__BilSpec3']",NA,TRUE,"Bilophila_wadsworthia__BilWads6"
"UAAM01.9489.1_1/1-337","UAAM01","SAMN06165108","['Desulfovibrio_piger__DslPige3', 'Desulfovibrio_piger__DslPige4']",0.0784040912742298,TRUE,"Desulfovibrio_piger__DslPige3"
"UAAM01.9489.1_2/11-228","UAAM01","SAMN06165108","['uncultured_bacterium__EF645667']",0.185145276190246,TRUE,"uncultured_bacterium__EF645667"
"OVXV01.6718.1_4/63-436","OVXV01","SAMEA3708712","['Desulfovibrio_piger__DslPige3', 'Desulfovibrio_piger__DslPige4']",0.0575660912742298,TRUE,"Desulfovibrio_piger__DslPige3"
"OVXV01.6718.1_5/11-266","OVXV01","SAMEA3708712","['Desulfovibrio_piger__DslPige3', 'Desulfovibrio_piger__DslPige4']",0.0018347876807884,TRUE,"Desulfovibrio_piger__DslPige3"
"OPQT01.3704.1_1/64-122","OPQT01","SAMEA1966253","['Bilophila_sp._4_1_30__BilSpec3']",0.0530298334302823,TRUE,"Bilophila_sp._4_1_30__BilSpec3"
"UMKW01.5621.1_1/64-131","UMKW01","SAMEA4836183","['Bilophila_wadsworthia__BilWads6', 'Bilophila_sp._4_1_30__BilSpec3', 'uncultured_bacterium__EF645667', 'Desulfovibrio_piger__DslPige3', 'Desulfovibrio_piger__DslPige4']",NA,TRUE,"Bilophila_wadsworthia__BilWads6"
"UYES01.6163.1_2/29-295","UYES01","SAMEA2143074","['Moorella_thermoacetica_Y72_copy_2__MooTher5']",6.78987761945668,TRUE,"Moorella_thermoacetica_Y72_copy_2__MooTher5"
"UANL01.6366.1_2/63-436","UANL01","SAMN06164456","['Desulfovibrio_piger__DslPige3', 'Desulfovibrio_piger__DslPige4']",0.12747609127423,TRUE,"Desulfovibrio_piger__DslPige3"
"UANL01.6366.1_1/11-266","UANL01","SAMN06164456","['uncultured_bacterium__EF645667']",0.257424276190246,TRUE,"uncultured_bacterium__EF645667"
"ULRW01.27572.1_2/1-266","ULRW01","SAMEA4835687","['uncultured_bacterium__EF645667', 'Desulfovibrio_piger__DslPige3']",NA,TRUE,"uncultured_bacterium__EF645667"
"ULRW01.53167.1_1/1-112","ULRW01","SAMEA4835687","['uncultured_bacterium__EF645667']",NA,TRUE,"uncultured_bacterium__EF645667"
"ULRW01.27572.1_1/11-140","ULRW01","SAMEA4835687","['uncultured_bacterium__EF645667']",0.583919276190246,TRUE,"uncultured_bacterium__EF645667"
"ULRW01.10696.1_1/62-157","ULRW01","SAMEA4835687","['uncultured_bacterium__EF645667']",NA,TRUE,"uncultured_bacterium__EF645667"
"UPDW01.50550.1_1/9-127","UPDW01","SAMEA2737691","['Bilophila_sp._4_1_30__BilSpec3']",0.0016698334302823,TRUE,"Bilophila_sp._4_1_30__BilSpec3"
"UPDW01.50550.1_2/11-91","UPDW01","SAMEA2737691","['Bilophila_wadsworthia__BilWads6', 'Bilophila_sp._4_1_30__BilSpec3']",NA,TRUE,"Bilophila_wadsworthia__BilWads6"
"OWCH01.504.1_12/64-437","OWCH01","SAMEA3708648","['Bilophila_wadsworthia__BilWads6']",1.50000025001454e-06,TRUE,"Bilophila_wadsworthia__BilWads6"
"OWCH01.504.1_13/11-266","OWCH01","SAMEA3708648","['Bilophila_wadsworthia__BilWads6']",1.50000025001454e-06,TRUE,"Bilophila_wadsworthia__BilWads6"
"OVML01.2374.1_5/63-436","OVML01","SAMN06016343","['Desulfovibrio_piger__DslPige3', 'Desulfovibrio_piger__DslPige4']",0.0561410912742298,TRUE,"Desulfovibrio_piger__DslPige3"
"OVML01.6696.1_2/11-266","OVML01","SAMN06016343","['Bilophila_wadsworthia__BilWads6']",0.381440370502427,TRUE,"Bilophila_wadsworthia__BilWads6"
"OVML01.2374.1_6/11-266","OVML01","SAMN06016343","['Desulfovibrio_piger__DslPige3']",0.0203577876807884,TRUE,"Desulfovibrio_piger__DslPige3"
"OVML01.61640.1_1/1-200","OVML01","SAMN06016343","['Bilophila_wadsworthia__BilWads6']",0.321933370502427,TRUE,"Bilophila_wadsworthia__BilWads6"
"OZJN01.18803.1_1/32-285","OZJN01","SAMN06165254","['Moorella_thermoacetica_Y72_copy_2__MooTher5']",7.37545061945668,TRUE,"Moorella_thermoacetica_Y72_copy_2__MooTher5"
"UYEU01.50629.1_2/6-240","UYEU01","SAMEA2154015","['Desulfitibacter_alkalitolerans__DfiAlka2']",0.953887556332035,TRUE,"Desulfitibacter_alkalitolerans__DfiAlka2"
"UYEU01.87310.1_1/1-223","UYEU01","SAMEA2154015","['Anaerobic_bacterium_sk.prop8__Bv2Prop2']",NA,TRUE,"Anaerobic_bacterium_sk.prop8__Bv2Prop2"
"ORNS01.11835.1_2/63-436","ORNS01","SAMEA2338684","['Desulfovibrio_piger__DslPige3', 'Desulfovibrio_piger__DslPige4']",0.0328367876807884,TRUE,"Desulfovibrio_piger__DslPige3"
"ORNS01.11835.1_1/11-233","ORNS01","SAMEA2338684","['Desulfovibrio_piger__DslPige3', 'Desulfovibrio_piger__DslPige4']",0.0940680912742298,TRUE,"Desulfovibrio_piger__DslPige3"
"ORNS01.42821.1_1/5-154","ORNS01","SAMEA2338684","['Anaerobic_bacterium_sk.prop8__Bv2Prop2']",1.28857453982822,TRUE,"Anaerobic_bacterium_sk.prop8__Bv2Prop2"
"ORNS01.1744.1_10/27-293","ORNS01","SAMEA2338684","['Moorella_thermoacetica_Y72_copy_2__MooTher5']",6.81049761945668,TRUE,"Moorella_thermoacetica_Y72_copy_2__MooTher5"
"ORNS01.42821.1_2/4-87","ORNS01","SAMEA2338684","['Deep_sea_sediment_clone__JN798931']",1.85351933734539,TRUE,"Deep_sea_sediment_clone__JN798931"
"PPYE01.457295.1_4/64-437","PPYE01","SAMN08240022","['Bilophila_wadsworthia__BilWads6']",1.50000025001454e-06,TRUE,"Bilophila_wadsworthia__BilWads6"
"PPYE01.585225.1_12/64-437","PPYE01","SAMN08240022","['Bilophila_wadsworthia__BilWads6']",1.50000025001454e-06,TRUE,"Bilophila_wadsworthia__BilWads6"
"PPYE01.682705.1_3/53-397","PPYE01","SAMN08240022","['Anaerobic_bacterium_sk.prop8__Bv2Prop2']",1.35665453982822,TRUE,"Anaerobic_bacterium_sk.prop8__Bv2Prop2"
"PPYE01.585225.1_13/11-266","PPYE01","SAMN08240022","['Bilophila_sp._4_1_30__BilSpec3']",0.0016698334302823,TRUE,"Bilophila_sp._4_1_30__BilSpec3"
"PPYE01.457295.1_3/11-266","PPYE01","SAMN08240022","['Bilophila_wadsworthia__BilWads6']",1.50000025001454e-06,TRUE,"Bilophila_wadsworthia__BilWads6"
"PPYE01.545938.1_1/2-257","PPYE01","SAMN08240022","['Bilophila_wadsworthia__BilWads6']",1.50000025001454e-06,TRUE,"Bilophila_wadsworthia__BilWads6"
"PPYE01.682705.1_4/5-240","PPYE01","SAMN08240022","['Desulfitibacter_alkalitolerans__DfiAlka2']",1.28401955633203,TRUE,"Desulfitibacter_alkalitolerans__DfiAlka2"
"PPYE01.799754.1_1/64-212","PPYE01","SAMN08240022","['Bilophila_wadsworthia__BilWads6', 'Bilophila_sp._4_1_30__BilSpec3', 'uncultured_bacterium__EF645667', 'Desulfovibrio_piger__DslPige3', 'Desulfovibrio_piger__DslPige4']",NA,TRUE,"Bilophila_wadsworthia__BilWads6"
"PPYE01.354457.1_1/64-164","PPYE01","SAMN08240022","['Bilophila_wadsworthia__BilWads6', 'Bilophila_sp._4_1_30__BilSpec3', 'uncultured_bacterium__EF645667', 'Desulfovibrio_piger__DslPige3', 'Desulfovibrio_piger__DslPige4']",NA,TRUE,"Bilophila_wadsworthia__BilWads6"
"PPYE01.665986.1_2/40-291","PPYE01","SAMN08240022","['Moorella_thermoacetica_Y72_copy_2__MooTher5']",7.92386161945668,TRUE,"Moorella_thermoacetica_Y72_copy_2__MooTher5"
"PPYE01.287593.1_1/178-429","PPYE01","SAMN08240022","['Moorella_thermoacetica_Y72_copy_2__MooTher5']",7.27623661945668,TRUE,"Moorella_thermoacetica_Y72_copy_2__MooTher5"
"OYYK01.19579.1_2/1-300","OYYK01","SAMN06165010","['Desulfovibrio_sp._3_1_syn3__DsvSp230']",0.00163384853285095,TRUE,"Desulfovibrio_sp._3_1_syn3__DsvSp230"
"OYYK01.33487.1_1/63-241","OYYK01","SAMN06165010","['Desulfovibrio_vulgaris__DQ826729']",0.408788911862788,TRUE,"Desulfovibrio_vulgaris__DQ826729"
"OYYK01.6259.1_3/2-124","OYYK01","SAMN06165010","['uncultured_bacterium__EF645667']",0.190474276190246,TRUE,"uncultured_bacterium__EF645667"
"OYYK01.19579.1_1/11-148","OYYK01","SAMN06165010","['Desulfovibrio_sp._6_1_46AFAA__DsvSp231']",NA,TRUE,"Desulfovibrio_sp._6_1_46AFAA__DsvSp231"
"OVXW01.40712.1_1/5-294","OVXW01","SAMEA3708510","['Desulfovibrio_piger__DslPige3', 'Desulfovibrio_piger__DslPige4']",NA,TRUE,"Desulfovibrio_piger__DslPige3"
"OVXW01.7201.1_5/11-266","OVXW01","SAMEA3708510","['Desulfovibrio_piger__DslPige3', 'Desulfovibrio_piger__DslPige4']",0.0609040912742298,TRUE,"Desulfovibrio_piger__DslPige3"
"OVXW01.734.1_26/11-266","OVXW01","SAMEA3708510","['uncultured_bacterium__EF645667']",0.197555276190246,TRUE,"uncultured_bacterium__EF645667"
"OVXW01.62161.1_1/1-199","OVXW01","SAMEA3708510","['Bilophila_wadsworthia__BilWads6']",0.112022370502427,TRUE,"Bilophila_wadsworthia__BilWads6"
"OVXW01.7201.1_6/1-101","OVXW01","SAMEA3708510","['Desulfovibrio_piger__DslPige3', 'Desulfovibrio_piger__DslPige4', 'Desulfovibrio_piger__DslPige2']",NA,TRUE,"Desulfovibrio_piger__DslPige3"
"OVXW01.734.1_27/1-101","OVXW01","SAMEA3708510","['Desulfovibrio_piger__DslPige4', 'Desulfovibrio_piger__DslPige3', 'Desulfovibrio_piger__DslPige2']",NA,TRUE,"Desulfovibrio_piger__DslPige4"
"UMHC01.58397.1_9/63-436","UMHC01","SAMEA4836083","['Desulfovibrio_vulgaris__DQ826729']",0.434694909358552,TRUE,"Desulfovibrio_vulgaris__DQ826729"
"UMHC01.58397.1_10/11-266","UMHC01","SAMEA4836083","['Bilophila_wadsworthia__BilWads6']",0.309860370502427,TRUE,"Bilophila_wadsworthia__BilWads6"
"UMHC01.13475.1_2/11-266","UMHC01","SAMEA4836083","['uncultured_bacterium__EF645667']",0.196136276190246,TRUE,"uncultured_bacterium__EF645667"
"UMHC01.53411.1_1/63-307","UMHC01","SAMEA4836083","['Desulfovibrio_piger__DslPige3', 'Desulfovibrio_piger__DslPige4', 'uncultured_bacterium__EF645667']",NA,TRUE,"Desulfovibrio_piger__DslPige3"
"ULRJ01.65815.1_1/2-244","ULRJ01","SAMEA4835679","['Anaerobic_bacterium_sk.prop8__Bv2Prop2']",1.22442653982822,TRUE,"Anaerobic_bacterium_sk.prop8__Bv2Prop2"
"UXSO01.12475.1_3/63-436","UXSO01","SAMEA2142970","['Desulfovibrio_piger__DslPige3', 'Desulfovibrio_piger__DslPige4']",0.0658910912742298,TRUE,"Desulfovibrio_piger__DslPige3"
"UXSO01.12475.1_2/11-266","UXSO01","SAMEA2142970","['Desulfovibrio_piger__DslPige3', 'Desulfovibrio_piger__DslPige4']",0.0840730912742298,TRUE,"Desulfovibrio_piger__DslPige3"
"OVGB01.42109.1_1/51-329","OVGB01","SAMN06016410","['Desulfovibrio_piger__DslPige3', 'Desulfovibrio_piger__DslPige4']",NA,TRUE,"Desulfovibrio_piger__DslPige3"
"OVGB01.11149.1_2/1-306","OVGB01","SAMN06016410","['Desulfovibrio_vulgaris__DQ826729']",0.394749911862788,TRUE,"Desulfovibrio_vulgaris__DQ826729"
"OVGB01.10203.1_2/11-266","OVGB01","SAMN06016410","['Desulfovibrio_piger__DslPige3', 'Desulfovibrio_piger__DslPige4']",0.22771609127423,TRUE,"Desulfovibrio_piger__DslPige3"
"OVGB01.2327.1_11/11-266","OVGB01","SAMN06016410","['uncultured_bacterium__EF645667']",0.196136276190246,TRUE,"uncultured_bacterium__EF645667"
"OVGB01.66857.1_1/1-208","OVGB01","SAMN06016410","['Bilophila_wadsworthia__BilWads6']",NA,TRUE,"Bilophila_wadsworthia__BilWads6"
"OVGB01.11149.1_1/11-167","OVGB01","SAMN06016410","['Bilophila_wadsworthia__BilWads6']",NA,TRUE,"Bilophila_wadsworthia__BilWads6"
"OVGB01.10203.1_3/1-112","OVGB01","SAMN06016410","['Desulfovibrio_piger__DslPige3', 'Desulfovibrio_piger__DslPige4', 'Desulfovibrio_piger__DslPige2']",NA,TRUE,"Desulfovibrio_piger__DslPige3"
"OVGB01.2327.1_12/1-112","OVGB01","SAMN06016410","['Desulfovibrio_piger__DslPige4', 'Desulfovibrio_piger__DslPige3', 'Desulfovibrio_piger__DslPige2']",NA,TRUE,"Desulfovibrio_piger__DslPige4"
"UXRF01.20741.1_3/7-240","UXRF01","SAMEA2162844","['Desulfitibacter_alkalitolerans__DfiAlka2']",0.953887556332035,TRUE,"Desulfitibacter_alkalitolerans__DfiAlka2"
"UXRF01.56957.1_1/1-142","UXRF01","SAMEA2162844","['Archaeoglobus_sulfaticallidus__ArgSulfa']",1.22655470495879,TRUE,"Archaeoglobus_sulfaticallidus__ArgSulfa"
"UXRF01.68156.1_2/50-127","UXRF01","SAMEA2162844","['Rice_field_soil_clone_Bu-23__JN615148']",0.849862794918777,TRUE,"Rice_field_soil_clone_Bu-23__JN615148"
"USYB01.29591.1_2/2-327","USYB01","SAMN06112048","['Desulfovibrio_piger__DslPige3', 'Desulfovibrio_piger__DslPige4']",0.0430797876807884,TRUE,"Desulfovibrio_piger__DslPige3"
"USYB01.13008.1_1/11-238","USYB01","SAMN06112048","['Desulfovibrio_piger__DslPige3', 'Desulfovibrio_piger__DslPige4']",0.0365307876807884,TRUE,"Desulfovibrio_piger__DslPige3"
"OWCE01.28596.1_2/1-337","OWCE01","SAMEA3708704","['Bilophila_wadsworthia__BilWads6']",0.105658370502427,TRUE,"Bilophila_wadsworthia__BilWads6"
"OWCE01.6581.1_3/1-285","OWCE01","SAMEA3708704","['Anaerobic_bacterium_sk.prop8__Bv2Prop2']",1.18319753982822,TRUE,"Anaerobic_bacterium_sk.prop8__Bv2Prop2"
"OWCE01.6581.1_4/6-240","OWCE01","SAMEA3708704","['Desulfitibacter_alkalitolerans__DfiAlka2']",1.06858355633203,TRUE,"Desulfitibacter_alkalitolerans__DfiAlka2"
"UZLR01.2781.1_4/65-438","UZLR01","SAMN00715238","['Desulfovibrio_piger__DslPige3', 'Desulfovibrio_piger__DslPige4']",0.0649020912742298,TRUE,"Desulfovibrio_piger__DslPige3"
"UZLR01.2781.1_3/11-266","UZLR01","SAMN00715238","['Desulfovibrio_piger__DslPige3', 'Desulfovibrio_piger__DslPige4']",0.0018347876807884,TRUE,"Desulfovibrio_piger__DslPige3"
"UZLR01.31987.1_1/1-183","UZLR01","SAMN00715238","['Bilophila_sp._4_1_30__BilSpec3']",0.0118148334302823,TRUE,"Bilophila_sp._4_1_30__BilSpec3"
"OQZU01.14.1_118/53-401","OQZU01","SAMN04161035","['Anaerobic_bacterium_sk.prop8__Bv2Prop2']",1.29820453982822,TRUE,"Anaerobic_bacterium_sk.prop8__Bv2Prop2"
"OQZU01.14.1_117/4-240","OQZU01","SAMN04161035","['Desulfitibacter_alkalitolerans__DfiAlka2']",1.28346255633203,TRUE,"Desulfitibacter_alkalitolerans__DfiAlka2"
"UZNU01.8840.1_1/63-419","UZNU01","SAMN00792014","['Desulfovibrio_piger__DslPige2']",0.0104875214698588,TRUE,"Desulfovibrio_piger__DslPige2"
"UZNU01.24325.1_1/11-265","UZNU01","SAMN00792014","['uncultured_bacterium__EF645667']",0.195194276190246,TRUE,"uncultured_bacterium__EF645667"
"OZCW01.3119.1_4/63-436","OZCW01","SAMN06165064","['Desulfovibrio_piger__DslPige3', 'Desulfovibrio_piger__DslPige4']",0.0655380912742298,TRUE,"Desulfovibrio_piger__DslPige3"
"OZCW01.3119.1_3/11-266","OZCW01","SAMN06165064","['Desulfovibrio_piger__DslPige3']",0.0296657876807884,TRUE,"Desulfovibrio_piger__DslPige3"
"OWET01.18931.1_2/64-437","OWET01","SAMEA3708652","['Bilophila_wadsworthia__BilWads6']",1.50000025001454e-06,TRUE,"Bilophila_wadsworthia__BilWads6"
"OWET01.18931.1_1/11-137","OWET01","SAMEA3708652","['Bilophila_wadsworthia__BilWads6', 'Bilophila_sp._4_1_30__BilSpec3']",NA,TRUE,"Bilophila_wadsworthia__BilWads6"
"OWRI01.3929.1_8/1-345","OWRI01","SAMEA4378289","['Bilophila_wadsworthia__BilWads6', 'Bilophila_sp._4_1_30__BilSpec3']",NA,TRUE,"Bilophila_wadsworthia__BilWads6"
"OWRI01.3929.1_7/11-266","OWRI01","SAMEA4378289","['Bilophila_wadsworthia__BilWads6']",1.50000025001454e-06,TRUE,"Bilophila_wadsworthia__BilWads6"
"OWRI01.3602.1_1/64-135","OWRI01","SAMEA4378289","['uncultured_bacterium__EF645667', 'Desulfovibrio_sp._3_1_syn3__DsvSp230', 'Desulfovibrio_sp._6_1_46AFAA__DsvSp231']",NA,TRUE,"uncultured_bacterium__EF645667"
"ULVA01.7966.1_1/1-216","ULVA01","SAMEA4835768","['Desulfovibrio_piger__DslPige3', 'Desulfovibrio_piger__DslPige4']",NA,TRUE,"Desulfovibrio_piger__DslPige3"
"OQCX01.44397.1_2/11-112","OQCX01","SAMD00036337","['Bilophila_sp._4_1_30__BilSpec3']",0.0227648334302823,TRUE,"Bilophila_sp._4_1_30__BilSpec3"
"OQIR01.50365.1_1/1-119","OQIR01","SAMD00036214","['Anaerobic_bacterium_sk.prop8__Bv2Prop2']",NA,TRUE,"Anaerobic_bacterium_sk.prop8__Bv2Prop2"
"UXZT01.43112.1_1/1-169","UXZT01","SAMEA2148733","['uncultured_bacterium__EF645667']",0.392317276190246,TRUE,"uncultured_bacterium__EF645667"
"UPDN01.10.1_107/62-435","UPDN01","SAMEA2737731","['uncultured_bacterium__EF645667']",0.474586276190246,TRUE,"uncultured_bacterium__EF645667"
"UPDN01.22777.1_1/11-266","UPDN01","SAMEA2737731","['Bilophila_wadsworthia__BilWads6']",0.416385370502427,TRUE,"Bilophila_wadsworthia__BilWads6"
"UPDN01.10.1_106/11-266","UPDN01","SAMEA2737731","['uncultured_bacterium__EF645667']",0.608863276190246,TRUE,"uncultured_bacterium__EF645667"
"UPDN01.43929.1_1/1-263","UPDN01","SAMEA2737731","['Desulfovibrio_vulgaris__DQ826729']",0.375418911862788,TRUE,"Desulfovibrio_vulgaris__DQ826729"
"UEQU01.777.1_8/64-437","UEQU01","SAMN06115542","['Bilophila_wadsworthia__BilWads6']",0.107182370502427,TRUE,"Bilophila_wadsworthia__BilWads6"
"UEQU01.777.1_7/11-266","UEQU01","SAMN06115542","['Bilophila_wadsworthia__BilWads6']",0.0993673705024268,TRUE,"Bilophila_wadsworthia__BilWads6"
"UYCY01.3242.1_2/62-435","UYCY01","SAMEA2152443","['uncultured_bacterium__EF645667']",0.471300276190246,TRUE,"uncultured_bacterium__EF645667"
"UYCY01.3242.1_1/11-266","UYCY01","SAMEA2152443","['uncultured_bacterium__EF645667']",0.597408276190246,TRUE,"uncultured_bacterium__EF645667"
"ORQM01.27069.1_1/1-96","ORQM01","SAMEA2338629","['Bilophila_wadsworthia__BilWads6', 'Bilophila_sp._4_1_30__BilSpec3', 'uncultured_bacterium__EF645667']",NA,TRUE,"Bilophila_wadsworthia__BilWads6"
"ORQM01.27069.1_2/1-69","ORQM01","SAMEA2338629","['Bilophila_wadsworthia__BilWads6', 'Bilophila_sp._4_1_30__BilSpec3']",NA,TRUE,"Bilophila_wadsworthia__BilWads6"
"OVMB01.19506.1_1/64-350","OVMB01","SAMN06016373","['Bilophila_sp._4_1_30__BilSpec3']",0.0105888334302823,TRUE,"Bilophila_sp._4_1_30__BilSpec3"
"OVMB01.12419.1_2/1-253","OVMB01","SAMN06016373","['Bilophila_wadsworthia__BilWads6']",1.50000025001454e-06,TRUE,"Bilophila_wadsworthia__BilWads6"
"ORSA01.6452.1_4/63-436","ORSA01","SAMEA2338659","['Desulfovibrio_piger__DslPige3', 'Desulfovibrio_piger__DslPige4']",0.0720470912742298,TRUE,"Desulfovibrio_piger__DslPige3"
"ORSA01.6452.1_5/11-266","ORSA01","SAMEA2338659","['Desulfovibrio_piger__DslPige3']",0.0203577876807884,TRUE,"Desulfovibrio_piger__DslPige3"
"OWBT01.1177.1_15/64-437","OWBT01","SAMEA3708551","['Bilophila_wadsworthia__BilWads6']",1.50000025001454e-06,TRUE,"Bilophila_wadsworthia__BilWads6"
"OWBT01.1177.1_14/11-266","OWBT01","SAMEA3708551","['Bilophila_wadsworthia__BilWads6']",1.50000025001454e-06,TRUE,"Bilophila_wadsworthia__BilWads6"
"OYDA01.23431.1_1/78-163","OYDA01","SAMN06164427","['Desulfovibrio_piger__DslPige3', 'Desulfovibrio_piger__DslPige4']",0.17315309127423,TRUE,"Desulfovibrio_piger__DslPige3"
"OYYO01.35022.1_2/1-130","OYYO01","SAMN06165176","['uncultured_bacterium__EF645667', 'Desulfovibrio_piger__DslPige3']",NA,TRUE,"uncultured_bacterium__EF645667"
"UMHJ01.17882.1_1/64-437","UMHJ01","SAMEA4836096","['Bilophila_wadsworthia__BilWads6']",0.107182370502427,TRUE,"Bilophila_wadsworthia__BilWads6"
"UMHJ01.13981.1_1/12-151","UMHJ01","SAMEA4836096","['Bilophila_sp._4_1_30__BilSpec3']",0.0218128334302823,TRUE,"Bilophila_sp._4_1_30__BilSpec3"
"UMHJ01.17882.1_2/11-79","UMHJ01","SAMEA4836096","['Bilophila_wadsworthia__BilWads6', 'Bilophila_sp._4_1_30__BilSpec3']",NA,TRUE,"Bilophila_wadsworthia__BilWads6"
"OZIB01.1218.1_3/27-294","OZIB01","SAMN06165286","['Moorella_thermoacetica_Y72_copy_2__MooTher5']",7.00372561945668,TRUE,"Moorella_thermoacetica_Y72_copy_2__MooTher5"
"OVZJ01.794.1_15/64-437","OVZJ01","SAMEA3708612","['Bilophila_wadsworthia__BilWads6']",1.50000025001454e-06,TRUE,"Bilophila_wadsworthia__BilWads6"
"OVZJ01.794.1_14/1-253","OVZJ01","SAMEA3708612","['Bilophila_wadsworthia__BilWads6']",1.50000025001454e-06,TRUE,"Bilophila_wadsworthia__BilWads6"
"UEYF01.20984.1_1/1-253","UEYF01","SAMN06115402","['Bilophila_sp._4_1_30__BilSpec3']",0.0205528334302823,TRUE,"Bilophila_sp._4_1_30__BilSpec3"
"ULXJ01.43369.1_1/1-193","ULXJ01","SAMEA4835830","['Desulfovibrio_piger__DslPige3', 'Desulfovibrio_piger__DslPige4']",NA,TRUE,"Desulfovibrio_piger__DslPige3"
"OVZN01.7286.1_3/63-436","OVZN01","SAMEA3708531","['Desulfovibrio_piger__DslPige3']",0.0479910912742298,TRUE,"Desulfovibrio_piger__DslPige3"
"OVZN01.432.1_37/64-437","OVZN01","SAMEA3708531","['Bilophila_wadsworthia__BilWads6']",1.50000025001454e-06,TRUE,"Bilophila_wadsworthia__BilWads6"
"OVZN01.432.1_36/11-266","OVZN01","SAMEA3708531","['Bilophila_wadsworthia__BilWads6']",1.50000025001454e-06,TRUE,"Bilophila_wadsworthia__BilWads6"
"OVZN01.7286.1_4/11-143","OVZN01","SAMEA3708531","['Desulfovibrio_piger__DslPige3', 'Desulfovibrio_piger__DslPige4', 'uncultured_bacterium__EF645667']",NA,TRUE,"Desulfovibrio_piger__DslPige3"
"UXQV01.11559.1_5/63-436","UXQV01","SAMEA2156486","['Desulfovibrio_piger__DslPige3', 'Desulfovibrio_piger__DslPige4']",0.0569950912742298,TRUE,"Desulfovibrio_piger__DslPige3"
"UXQV01.11559.1_4/11-266","UXQV01","SAMEA2156486","['Desulfovibrio_piger__DslPige3', 'Desulfovibrio_piger__DslPige4']",0.0390267876807884,TRUE,"Desulfovibrio_piger__DslPige3"
"UXQV01.48156.1_1/7-240","UXQV01","SAMEA2156486","['Desulfitibacter_alkalitolerans__DfiAlka2']",0.957423556332035,TRUE,"Desulfitibacter_alkalitolerans__DfiAlka2"
"UXQV01.77913.1_1/52-223","UXQV01","SAMEA2156486","['Anaerobic_bacterium_sk.prop8__Bv2Prop2']",1.13785253982822,TRUE,"Anaerobic_bacterium_sk.prop8__Bv2Prop2"
"UXQV01.48156.1_2/1-162","UXQV01","SAMEA2156486","['Anaerobic_bacterium_sk.prop8__Bv2Prop2']",1.13785253982822,TRUE,"Anaerobic_bacterium_sk.prop8__Bv2Prop2"
"UZSZ01.12535.1_2/64-131","UZSZ01","SAMN00792046","['Bilophila_wadsworthia__BilWads6', 'Bilophila_sp._4_1_30__BilSpec3', 'uncultured_bacterium__EF645667', 'Desulfovibrio_piger__DslPige3', 'Desulfovibrio_piger__DslPige4']",NA,TRUE,"Bilophila_wadsworthia__BilWads6"
"OWDF01.1883.1_2/64-437","OWDF01","SAMEA3708519","['Bilophila_wadsworthia__BilWads6']",1.50000025001454e-06,TRUE,"Bilophila_wadsworthia__BilWads6"
"OWDF01.1883.1_3/11-266","OWDF01","SAMEA3708519","['Bilophila_sp._4_1_30__BilSpec3']",0.0016698334302823,TRUE,"Bilophila_sp._4_1_30__BilSpec3"
"OWDF01.8180.1_1/40-290","OWDF01","SAMEA3708519","['Moorella_thermoacetica_Y72_copy_2__MooTher5']",7.80360161945668,TRUE,"Moorella_thermoacetica_Y72_copy_2__MooTher5"
"USXA01.1887.1_1/64-360","USXA01","SAMN06112067","['Bilophila_wadsworthia__BilWads6', 'Bilophila_sp._4_1_30__BilSpec3']",NA,TRUE,"Bilophila_wadsworthia__BilWads6"
"USXA01.7452.1_1/2-248","USXA01","SAMN06112067","['Bilophila_wadsworthia__BilWads6']",NA,TRUE,"Bilophila_wadsworthia__BilWads6"
"USVR01.17680.1_2/1-253","USVR01","SAMN06111948","['Bilophila_sp._4_1_30__BilSpec3']",0.0016698334302823,TRUE,"Bilophila_sp._4_1_30__BilSpec3"
"UYDI01.60577.1_1/64-295","UYDI01","SAMEA2146477","['Bilophila_wadsworthia__BilWads6', 'Bilophila_sp._4_1_30__BilSpec3']",NA,TRUE,"Bilophila_wadsworthia__BilWads6"
"OWPQ01.25629.1_1/1-173","OWPQ01","SAMEA4378294","['Bilophila_wadsworthia__BilWads6']",0.0993673705024268,TRUE,"Bilophila_wadsworthia__BilWads6"
"OWPQ01.13397.1_2/1-206","OWPQ01","SAMEA4378294","['Bilophila_wadsworthia__BilWads6', 'Bilophila_sp._4_1_30__BilSpec3']",NA,TRUE,"Bilophila_wadsworthia__BilWads6"
"OWPQ01.9014.1_1/64-147","OWPQ01","SAMEA4378294","['Bilophila_wadsworthia__BilWads6', 'Bilophila_sp._4_1_30__BilSpec3', 'uncultured_bacterium__EF645667', 'Desulfovibrio_piger__DslPige3', 'Desulfovibrio_piger__DslPige4']",NA,TRUE,"Bilophila_wadsworthia__BilWads6"
"OPBR01.13432.1_2/1-288","OPBR01","SAMEA2042661","['Desulfovibrio_piger__DslPige3', 'Desulfovibrio_piger__DslPige4']",0.0550960912742298,TRUE,"Desulfovibrio_piger__DslPige3"
"OPBR01.13432.1_1/11-216","OPBR01","SAMEA2042661","['Desulfovibrio_piger__DslPige3', 'Desulfovibrio_piger__DslPige4']",0.0971800912742298,TRUE,"Desulfovibrio_piger__DslPige3"
"OPBR01.30775.1_1/63-149","OPBR01","SAMEA2042661","['Desulfovibrio_piger__DslPige4', 'Desulfovibrio_piger__DslPige3', 'uncultured_bacterium__EF645667']",NA,TRUE,"Desulfovibrio_piger__DslPige4"
"USUK01.8448.1_2/26-399","USUK01","SAMN06111961","['Bilophila_wadsworthia__BilWads6']",1.50000025001454e-06,TRUE,"Bilophila_wadsworthia__BilWads6"
"USUK01.8448.1_3/11-266","USUK01","SAMN06111961","['Bilophila_wadsworthia__BilWads6']",1.50000025001454e-06,TRUE,"Bilophila_wadsworthia__BilWads6"
"ORVR01.9924.1_2/11-266","ORVR01","SAMEA2338825","['Bilophila_wadsworthia__BilWads6']",1.50000025001454e-06,TRUE,"Bilophila_wadsworthia__BilWads6"
"ORVR01.85136.1_1/6-147","ORVR01","SAMEA2338825","[]",NA,FALSE,NA
"ORVR01.9924.1_1/2-159","ORVR01","SAMEA2338825","['Bilophila_wadsworthia__BilWads6', 'Bilophila_sp._4_1_30__BilSpec3']",NA,TRUE,"Bilophila_wadsworthia__BilWads6"
"UPLN01.23337.1_1/64-159","UPLN01","SAMEA2737842","['Desulfovibrio_piger__DslPige4']",0.100784787680788,TRUE,"Desulfovibrio_piger__DslPige4"
"OWAD01.10695.1_2/32-369","OWAD01","SAMEA3708605","['Desulfovibrio_piger__DslPige3', 'Desulfovibrio_piger__DslPige4']",0.0577920912742298,TRUE,"Desulfovibrio_piger__DslPige3"
"OWAD01.10650.1_2/11-266","OWAD01","SAMEA3708605","['Desulfovibrio_piger__DslPige4']",0.0674097876807884,TRUE,"Desulfovibrio_piger__DslPige4"
"OURS01.17411.1_2/62-435","OURS01","SAMEA2338774","['uncultured_bacterium__EF645667']",0.471300276190246,TRUE,"uncultured_bacterium__EF645667"
"OURS01.17411.1_1/11-266","OURS01","SAMEA2338774","['uncultured_bacterium__EF645667']",0.597408276190246,TRUE,"uncultured_bacterium__EF645667"
"OURS01.98957.1_1/11-118","OURS01","SAMEA2338774","['Bilophila_wadsworthia__BilWads6']",0.0993673705024268,TRUE,"Bilophila_wadsworthia__BilWads6"
"OVMI01.18555.1_2/64-437","OVMI01","SAMN06016384","['Bilophila_wadsworthia__BilWads6']",1.50000025001454e-06,TRUE,"Bilophila_wadsworthia__BilWads6"
"OVMI01.18555.1_1/11-159","OVMI01","SAMN06016384","['Bilophila_sp._4_1_30__BilSpec3']",0.0168338334302823,TRUE,"Bilophila_sp._4_1_30__BilSpec3"
"OVMI01.66600.1_1/1-103","OVMI01","SAMN06016384","['Bilophila_wadsworthia__BilWads6', 'Desulfovibrio_sp._6_1_46AFAA__DsvSp231']",NA,TRUE,"Bilophila_wadsworthia__BilWads6"
"UADG01.27434.1_1/1-198","UADG01","SAMN06165021","['uncultured_bacterium__EF645667', 'Desulfovibrio_piger__DslPige3']",NA,TRUE,"uncultured_bacterium__EF645667"
"UADG01.34546.1_1/11-127","UADG01","SAMN06165021","['uncultured_bacterium__EF645667']",0.597408276190246,TRUE,"uncultured_bacterium__EF645667"
"UZQC01.8045.1_2/64-437","UZQC01","SAMN00792042","['Bilophila_wadsworthia__BilWads6']",1.50000025001454e-06,TRUE,"Bilophila_wadsworthia__BilWads6"
"UZQC01.8045.1_3/11-184","UZQC01","SAMN00792042","['Bilophila_sp._4_1_30__BilSpec3', 'Bilophila_wadsworthia__BilWads6']",NA,TRUE,"Bilophila_sp._4_1_30__BilSpec3"
"ORTG01.4165.1_4/64-437","ORTG01","SAMEA2338811","['Bilophila_wadsworthia__BilWads6']",1.50000025001454e-06,TRUE,"Bilophila_wadsworthia__BilWads6"
"ORTG01.4165.1_5/11-266","ORTG01","SAMEA2338811","['Bilophila_sp._4_1_30__BilSpec3']",0.0016698334302823,TRUE,"Bilophila_sp._4_1_30__BilSpec3"
"OVZU01.5663.1_1/40-413","OVZU01","SAMEA3708619","['Bilophila_wadsworthia__BilWads6']",1.50000025001454e-06,TRUE,"Bilophila_wadsworthia__BilWads6"
"OVZU01.5663.1_3/1-101","OVZU01","SAMEA3708619","['Bilophila_wadsworthia__BilWads6', 'Desulfovibrio_sp._6_1_46AFAA__DsvSp231']",NA,TRUE,"Bilophila_wadsworthia__BilWads6"
"OVZU01.5663.1_2/11-120","OVZU01","SAMEA3708619","['Bilophila_wadsworthia__BilWads6']",0.136275370502427,TRUE,"Bilophila_wadsworthia__BilWads6"
"OVZT01.385.1_37/64-437","OVZT01","SAMEA3708518","['Bilophila_wadsworthia__BilWads6']",1.50000025001454e-06,TRUE,"Bilophila_wadsworthia__BilWads6"
"OVZT01.385.1_36/11-266","OVZT01","SAMEA3708518","['Bilophila_wadsworthia__BilWads6']",1.50000025001454e-06,TRUE,"Bilophila_wadsworthia__BilWads6"
"OPRS01.39586.1_1/11-150","OPRS01","SAMEA2042440","['Bilophila_wadsworthia__BilWads6', 'Bilophila_sp._4_1_30__BilSpec3']",NA,TRUE,"Bilophila_wadsworthia__BilWads6"
"OPRS01.26128.1_1/159-308","OPRS01","SAMEA2042440","['Gordonibacter_pamelaeae__GrdPame5']",0.0979462210296696,TRUE,"Gordonibacter_pamelaeae__GrdPame5"
"UZPZ01.14759.1_2/1-321","UZPZ01","SAMN00791958","['Desulfovibrio_piger__DslPige4']",0.10995009127423,TRUE,"Desulfovibrio_piger__DslPige4"
"UZPZ01.14759.1_1/11-266","UZPZ01","SAMN00791958","['Desulfovibrio_piger__DslPige4']",0.0110857876807884,TRUE,"Desulfovibrio_piger__DslPige4"
"UZPZ01.75212.1_1/63-127","UZPZ01","SAMN00791958","['Desulfovibrio_piger__DslPige4', 'Desulfovibrio_piger__DslPige3']",NA,TRUE,"Desulfovibrio_piger__DslPige4"
"ORPU01.17391.1_2/64-437","ORPU01","SAMEA2338718","['Desulfovibrio_piger__DslPige3', 'Desulfovibrio_piger__DslPige4']",0.0597420912742298,TRUE,"Desulfovibrio_piger__DslPige3"
"ORPU01.17391.1_1/11-197","ORPU01","SAMEA2338718","['uncultured_bacterium__EF645667']",0.287649276190246,TRUE,"uncultured_bacterium__EF645667"
"ORPU01.23446.1_1/2-177","ORPU01","SAMEA2338718","['Desulfovibrio_piger__DslPige4']",0.12884709127423,TRUE,"Desulfovibrio_piger__DslPige4"
"USWU01.30690.1_2/11-266","USWU01","SAMN06112007","['Bilophila_wadsworthia__BilWads6']",1.50000025001454e-06,TRUE,"Bilophila_wadsworthia__BilWads6"
"ULUE01.21781.1_1/1-182","ULUE01","SAMEA4835752","['Bilophila_wadsworthia__BilWads6', 'Bilophila_sp._4_1_30__BilSpec3']",NA,TRUE,"Bilophila_wadsworthia__BilWads6"
"UPWR01.19975.1_1/52-387","UPWR01","SAMN06112029","['Bilophila_wadsworthia__BilWads6', 'Bilophila_sp._4_1_30__BilSpec3']",NA,TRUE,"Bilophila_wadsworthia__BilWads6"
"UPWR01.22451.1_1/24-142","UPWR01","SAMN06112029","['Bilophila_wadsworthia__BilWads6', 'Desulfovibrio_sp._6_1_46AFAA__DsvSp231']",NA,TRUE,"Bilophila_wadsworthia__BilWads6"
"OWAQ01.421.1_5/64-437","OWAQ01","SAMEA3708546","['Bilophila_wadsworthia__BilWads6']",1.50000025001454e-06,TRUE,"Bilophila_wadsworthia__BilWads6"
"OWAQ01.421.1_6/11-266","OWAQ01","SAMEA3708546","['Bilophila_wadsworthia__BilWads6']",1.50000025001454e-06,TRUE,"Bilophila_wadsworthia__BilWads6"
"OUOY01.46363.1_1/1-251","OUOY01","SAMN05356887","['Desulfovibrio_piger__DslPige3', 'Desulfovibrio_piger__DslPige4']",0.0920320912742298,TRUE,"Desulfovibrio_piger__DslPige3"
"OUOY01.77641.1_1/63-133","OUOY01","SAMN05356887","['Desulfovibrio_piger__DslPige4', 'Desulfovibrio_piger__DslPige3']",NA,TRUE,"Desulfovibrio_piger__DslPige4"
"OZCH01.11916.1_1/64-399","OZCH01","SAMN06164929","['Bilophila_wadsworthia__BilWads6', 'Bilophila_sp._4_1_30__BilSpec3']",NA,TRUE,"Bilophila_wadsworthia__BilWads6"
"USUR01.66854.1_1/2-225","USUR01","SAMN06111984","['Bilophila_sp._4_1_30__BilSpec3']",0.0219398334302823,TRUE,"Bilophila_sp._4_1_30__BilSpec3"
"USUR01.84550.1_1/1-91","USUR01","SAMN06111984","['Bilophila_wadsworthia__BilWads6']",0.137168370502427,TRUE,"Bilophila_wadsworthia__BilWads6"
"ULYK01.26850.1_2/1-134","ULYK01","SAMEA4835860","['Bilophila_wadsworthia__BilWads6', 'Bilophila_sp._4_1_30__BilSpec3', 'uncultured_bacterium__EF645667']",NA,TRUE,"Bilophila_wadsworthia__BilWads6"
"ULYK01.26850.1_1/11-124","ULYK01","SAMEA4835860","['Bilophila_wadsworthia__BilWads6', 'Bilophila_sp._4_1_30__BilSpec3']",NA,TRUE,"Bilophila_wadsworthia__BilWads6"
"ULYK01.5319.1_1/1-74","ULYK01","SAMEA4835860","['Bilophila_wadsworthia__BilWads6', 'Bilophila_sp._4_1_30__BilSpec3', 'Desulfovibrio_sp._6_1_46AFAA__DsvSp231', 'uncultured_bacterium__EF645667']",NA,TRUE,"Bilophila_wadsworthia__BilWads6"
"ORNU01.12644.1_2/63-436","ORNU01","SAMEA2338695","['Desulfovibrio_piger__DslPige3', 'Desulfovibrio_piger__DslPige4']",0.0542930912742298,TRUE,"Desulfovibrio_piger__DslPige3"
"ORNU01.12644.1_1/11-266","ORNU01","SAMEA2338695","['Desulfovibrio_piger__DslPige3', 'Desulfovibrio_piger__DslPige4']",0.0664930912742298,TRUE,"Desulfovibrio_piger__DslPige3"
"OQGR01.46716.1_1/4-215","OQGR01","SAMD00036208","['Bilophila_wadsworthia__BilWads6']",0.302417370502427,TRUE,"Bilophila_wadsworthia__BilWads6"
"ORNC01.7878.1_2/64-437","ORNC01","SAMEA2338723","['Desulfovibrio_piger__DslPige3', 'Desulfovibrio_piger__DslPige4']",0.0532040912742298,TRUE,"Desulfovibrio_piger__DslPige3"
"OQPU01.50415.1_1/11-206","OQPU01","SAMN02712159","['Bilophila_sp._4_1_30__BilSpec3']",0.0271028334302823,TRUE,"Bilophila_sp._4_1_30__BilSpec3"
"UERA01.130.1_43/65-438","UERA01","SAMN06115463","['Desulfovibrio_piger__DslPige3', 'Desulfovibrio_piger__DslPige4']",0.0575660912742298,TRUE,"Desulfovibrio_piger__DslPige3"
"UERA01.5442.1_4/84-455","UERA01","SAMN06115463","['Bilophila_wadsworthia__BilWads6']",1.50000025001454e-06,TRUE,"Bilophila_wadsworthia__BilWads6"
"UERA01.5442.1_3/1-253","UERA01","SAMN06115463","['Bilophila_wadsworthia__BilWads6']",1.50000025001454e-06,TRUE,"Bilophila_wadsworthia__BilWads6"
"UERA01.130.1_44/11-266","UERA01","SAMN06115463","['Desulfovibrio_piger__DslPige3', 'Desulfovibrio_piger__DslPige4']",0.0018347876807884,TRUE,"Desulfovibrio_piger__DslPige3"
"ORTZ01.14149.1_1/64-348","ORTZ01","SAMEA2338824","['Bilophila_wadsworthia__BilWads6']",0.155876370502427,TRUE,"Bilophila_wadsworthia__BilWads6"
"OQGN01.58432.1_1/1-74","OQGN01","SAMD00036200","['Desulfitibacter_alkalitolerans__DfiAlka2', 'Anaerobic_bacterium_sk.prop8__Bv2Prop2']",NA,TRUE,"Desulfitibacter_alkalitolerans__DfiAlka2"
"ULRG01.34478.1_1/1-286","ULRG01","SAMEA4835676","['Desulfovibrio_piger__DslPige3', 'Desulfovibrio_piger__DslPige4']",NA,TRUE,"Desulfovibrio_piger__DslPige3"
"UAAB01.40927.1_1/13-177","UAAB01","SAMN06165173","['Bilophila_wadsworthia__BilWads6', 'Bilophila_sp._4_1_30__BilSpec3']",NA,TRUE,"Bilophila_wadsworthia__BilWads6"
"OPBC01.22934.1_1/1-274","OPBC01","SAMEA2042661","['Desulfovibrio_piger__DslPige4']",0.0626170912742298,TRUE,"Desulfovibrio_piger__DslPige4"
"UEQS01.1523.1_6/64-437","UEQS01","SAMN06115474","['Bilophila_wadsworthia__BilWads6']",1.50000025001454e-06,TRUE,"Bilophila_wadsworthia__BilWads6"
"UEQS01.1523.1_7/11-266","UEQS01","SAMN06115474","['Bilophila_wadsworthia__BilWads6']",1.50000025001454e-06,TRUE,"Bilophila_wadsworthia__BilWads6"
"UMDO01.55604.1_1/1-189","UMDO01","SAMEA4835996","['Bilophila_wadsworthia__BilWads6', 'Bilophila_sp._4_1_30__BilSpec3']",NA,TRUE,"Bilophila_wadsworthia__BilWads6"
"ORRB01.47930.1_1/1-258","ORRB01","SAMEA2338636","['Desulfovibrio_piger__DslPige3', 'Desulfovibrio_piger__DslPige4']",0.0853830912742298,TRUE,"Desulfovibrio_piger__DslPige3"
"UEPJ01.120.1_5/63-436","UEPJ01","SAMN06115508","['Desulfovibrio_piger__DslPige3', 'Desulfovibrio_piger__DslPige4']",0.0470370912742298,TRUE,"Desulfovibrio_piger__DslPige3"
"UEPJ01.135.1_43/64-437","UEPJ01","SAMN06115508","['Bilophila_wadsworthia__BilWads6']",1.50000025001454e-06,TRUE,"Bilophila_wadsworthia__BilWads6"
"UEPJ01.120.1_9/63-436","UEPJ01","SAMN06115508","['Desulfovibrio_piger__DslPige3', 'Desulfovibrio_piger__DslPige4']",0.0647640912742298,TRUE,"Desulfovibrio_piger__DslPige3"
"UEPJ01.135.1_42/11-266","UEPJ01","SAMN06115508","['Bilophila_wadsworthia__BilWads6']",1.50000025001454e-06,TRUE,"Bilophila_wadsworthia__BilWads6"
"UEPJ01.120.1_6/11-266","UEPJ01","SAMN06115508","['Desulfovibrio_piger__DslPige3', 'Desulfovibrio_piger__DslPige4']",0.0018347876807884,TRUE,"Desulfovibrio_piger__DslPige3"
"UEPJ01.120.1_10/11-266","UEPJ01","SAMN06115508","['uncultured_bacterium__EF645667']",0.196136276190246,TRUE,"uncultured_bacterium__EF645667"
"UEPJ01.29723.1_1/58-197","UEPJ01","SAMN06115508","['Thermodesulfobium_narugense__CP002690']",1.22090103458103,TRUE,"Thermodesulfobium_narugense__CP002690"
"UEPJ01.69700.1_1/6-119","UEPJ01","SAMN06115508","['Anaerobic_bacterium_sk.prop8__Bv2Prop2', 'Desulfitibacter_alkalitolerans__DfiAlka2']",NA,TRUE,"Anaerobic_bacterium_sk.prop8__Bv2Prop2"
"OQUN01.101083.1_1/1-176","OQUN01","SAMN06018977","['Bilophila_wadsworthia__BilWads6']",NA,TRUE,"Bilophila_wadsworthia__BilWads6"
"OQUN01.3432.1_10/27-293","OQUN01","SAMN06018977","['Moorella_thermoacetica_Y72_copy_2__MooTher5']",6.73074261945668,TRUE,"Moorella_thermoacetica_Y72_copy_2__MooTher5"
"OQUN01.7255.1_3/27-294","OQUN01","SAMN06018977","['Moorella_thermoacetica_Y72_copy_2__MooTher5']",7.00372561945668,TRUE,"Moorella_thermoacetica_Y72_copy_2__MooTher5"
"OQUN01.3661.1_7/28-293","OQUN01","SAMN06018977","['Moorella_thermoacetica_Y72_copy_2__MooTher5']",6.99045261945668,TRUE,"Moorella_thermoacetica_Y72_copy_2__MooTher5"
"OQUN01.1360.1_23/28-287","OQUN01","SAMN06018977","['Moorella_thermoacetica_Y72_copy_2__MooTher5']",6.71810161945668,TRUE,"Moorella_thermoacetica_Y72_copy_2__MooTher5"
"OQUN01.752.1_27/579-833","OQUN01","SAMN06018977","['Moorella_thermoacetica_Y72_copy_2__MooTher5']",7.78230061945668,TRUE,"Moorella_thermoacetica_Y72_copy_2__MooTher5"
"UPFH01.40214.1_1/3-225","UPFH01","SAMEA2737735","['Bilophila_wadsworthia__BilWads6', 'Bilophila_sp._4_1_30__BilSpec3']",NA,TRUE,"Bilophila_wadsworthia__BilWads6"
"ORUY01.74640.1_2/51-113","ORUY01","SAMEA2338836","['Gordonibacter_pamelaeae__GrdPame5']",NA,TRUE,"Gordonibacter_pamelaeae__GrdPame5"
"UMHY01.21648.1_1/62-170","UMHY01","SAMEA4836112","['uncultured_bacterium__EF645667', 'Candidatus_Desulfovibrio_trichonymphae', 'Bilophila_wadsworthia__BilWads6']",NA,TRUE,"uncultured_bacterium__EF645667"
"UPRD01.14830.1_2/64-437","UPRD01","SAMEA2737755","['Bilophila_sp._4_1_30__BilSpec3']",0.0077618334302823,TRUE,"Bilophila_sp._4_1_30__BilSpec3"
"UPRD01.11496.1_1/58-396","UPRD01","SAMEA2737755","['Anaerobic_bacterium_sk.prop8__Bv2Prop2']",1.14882853982822,TRUE,"Anaerobic_bacterium_sk.prop8__Bv2Prop2"
"UPRD01.68791.1_2/6-152","UPRD01","SAMEA2737755","['Desulfitibacter_alkalitolerans__DfiAlka2']",1.15190155633203,TRUE,"Desulfitibacter_alkalitolerans__DfiAlka2"
"UYKZ01.2646.1_3/40-291","UYKZ01","SAMN03653689","['Moorella_thermoacetica_Y72_copy_2__MooTher5']",7.61628561945668,TRUE,"Moorella_thermoacetica_Y72_copy_2__MooTher5"
"UZRI01.9393.1_3/11-223","UZRI01","SAMN00791945","['uncultured_bacterium__EF645667']",0.608863276190246,TRUE,"uncultured_bacterium__EF645667"
"UZRI01.9393.1_2/1-208","UZRI01","SAMN00791945","['uncultured_bacterium__EF645667', 'Desulfovibrio_piger__DslPige3']",NA,TRUE,"uncultured_bacterium__EF645667"
"UZRI01.9393.1_1/64-165","UZRI01","SAMN00791945","['uncultured_bacterium__EF645667', 'Candidatus_Desulfovibrio_trichonymphae', 'Bilophila_wadsworthia__BilWads6']",NA,TRUE,"uncultured_bacterium__EF645667"
"OWDM01.1647.1_10/64-437","OWDM01","SAMEA3708668","['Bilophila_wadsworthia__BilWads6']",1.50000025001454e-06,TRUE,"Bilophila_wadsworthia__BilWads6"
"OWDM01.1647.1_9/11-266","OWDM01","SAMEA3708668","['Bilophila_wadsworthia__BilWads6']",1.50000025001454e-06,TRUE,"Bilophila_wadsworthia__BilWads6"
"ORQV01.11807.1_4/63-436","ORQV01","SAMEA2338630","['Desulfovibrio_piger__DslPige3', 'Desulfovibrio_piger__DslPige4']",0.0561410912742298,TRUE,"Desulfovibrio_piger__DslPige3"
"ORQV01.11807.1_5/11-210","ORQV01","SAMEA2338630","['uncultured_bacterium__EF645667']",NA,TRUE,"uncultured_bacterium__EF645667"
"ORQV01.10786.1_1/2-114","ORQV01","SAMEA2338630","['Bilophila_wadsworthia__BilWads6', 'Desulfovibrio_piger__DslPige3', 'Desulfovibrio_piger__DslPige4']",NA,TRUE,"Bilophila_wadsworthia__BilWads6"
"ORQV01.5150.1_3/27-294","ORQV01","SAMEA2338630","['Moorella_thermoacetica_Y72_copy_2__MooTher5']",7.00372561945668,TRUE,"Moorella_thermoacetica_Y72_copy_2__MooTher5"
"OZCI01.25984.1_1/59-127","OZCI01","SAMN06165009","['Desulfovibrio_vulgaris__DQ826729', 'Desulfovibrio_desulfuricans__DslDes16_DsvAlas8', 'uncultured_bacterium__EF645667']",NA,TRUE,"Desulfovibrio_vulgaris__DQ826729"
"OZHM01.30500.1_2/1-130","OZHM01","SAMN06165194","['uncultured_bacterium__EF645667', 'Desulfovibrio_piger__DslPige4', 'Desulfovibrio_piger__DslPige3', 'Desulfovibrio_piger__DslPige2']",NA,TRUE,"uncultured_bacterium__EF645667"
"OZHM01.38116.1_1/63-143","OZHM01","SAMN06165194","['Desulfovibrio_piger__DslPige4']",0.04143350000025,TRUE,"Desulfovibrio_piger__DslPige4"
"UXRL01.12825.1_1/63-436","UXRL01","SAMEA2150234","['Desulfovibrio_piger__DslPige3', 'Desulfovibrio_piger__DslPige4']",0.0597230912742298,TRUE,"Desulfovibrio_piger__DslPige3"
"UXRL01.12825.1_2/11-266","UXRL01","SAMEA2150234","['uncultured_bacterium__EF645667']",0.173085276190246,TRUE,"uncultured_bacterium__EF645667"
"UXRL01.33878.1_1/7-240","UXRL01","SAMEA2150234","['Desulfitibacter_alkalitolerans__DfiAlka2']",0.953887556332035,TRUE,"Desulfitibacter_alkalitolerans__DfiAlka2"
"UPEV01.3774.1_4/64-437","UPEV01","SAMEA2737661","['Bilophila_wadsworthia__BilWads6']",1.50000025001454e-06,TRUE,"Bilophila_wadsworthia__BilWads6"
"UPEV01.3774.1_3/1-253","UPEV01","SAMEA2737661","['Bilophila_wadsworthia__BilWads6']",1.50000025001454e-06,TRUE,"Bilophila_wadsworthia__BilWads6"
"OWBO01.1174.1_9/11-266","OWBO01","SAMEA3708566","['Bilophila_sp._4_1_30__BilSpec3']",0.0016698334302823,TRUE,"Bilophila_sp._4_1_30__BilSpec3"
"OWBO01.1174.1_8/1-96","OWBO01","SAMEA3708566","['Bilophila_wadsworthia__BilWads6', 'Bilophila_sp._4_1_30__BilSpec3', 'uncultured_bacterium__EF645667']",NA,TRUE,"Bilophila_wadsworthia__BilWads6"
"UZOC01.4035.1_2/63-436","UZOC01","SAMN00791959","['Desulfovibrio_piger__DslPige4']",0.0141067876807884,TRUE,"Desulfovibrio_piger__DslPige4"
"UZOC01.4035.1_1/11-266","UZOC01","SAMN00791959","['Desulfovibrio_piger__DslPige3']",0.0297097876807884,TRUE,"Desulfovibrio_piger__DslPige3"
"ULQF01.78973.1_2/63-436","ULQF01","SAMEA4835648","['Desulfovibrio_piger__DslPige3', 'Desulfovibrio_piger__DslPige4']",0.0470370912742298,TRUE,"Desulfovibrio_piger__DslPige3"
"ULQF01.69311.1_2/6-151","ULQF01","SAMEA4835648","['Desulfovibrio_piger__DslPige3', 'Desulfovibrio_piger__DslPige4']",NA,TRUE,"Desulfovibrio_piger__DslPige3"
"OWQR01.46029.1_2/1-203","OWQR01","SAMEA4378293","['Bilophila_sp._4_1_30__BilSpec3']",0.0107488334302823,TRUE,"Bilophila_sp._4_1_30__BilSpec3"
"UPMA01.100779.1_1/64-161","UPMA01","SAMEA2737835","['Bilophila_wadsworthia__BilWads6']",0.0993673705024268,TRUE,"Bilophila_wadsworthia__BilWads6"
"UEPV01.27412.1_1/11-266","UEPV01","SAMN06115453","['Bilophila_wadsworthia__BilWads6']",0.117802370502427,TRUE,"Bilophila_wadsworthia__BilWads6"
"UEPV01.25623.1_1/58-301","UEPV01","SAMN06115453","['Anaerobic_bacterium_sk.prop8__Bv2Prop2']",NA,TRUE,"Anaerobic_bacterium_sk.prop8__Bv2Prop2"
"UEPV01.35011.1_1/6-241","UEPV01","SAMN06115453","['Anaerobic_bacterium_sk.prop8__Bv2Prop2']",0.929634884876434,TRUE,"Anaerobic_bacterium_sk.prop8__Bv2Prop2"
"UEPV01.64045.1_1/35-168","UEPV01","SAMN06115453","['Bilophila_sp._4_1_30__BilSpec3']",0.0459588334302823,TRUE,"Bilophila_sp._4_1_30__BilSpec3"
"UZUV01.8414.1_2/64-437","UZUV01","SAMN00792102","['Bilophila_wadsworthia__BilWads6']",1.50000025001454e-06,TRUE,"Bilophila_wadsworthia__BilWads6"
"UZUV01.8414.1_1/11-211","UZUV01","SAMN00792102","['Bilophila_sp._4_1_30__BilSpec3', 'Bilophila_wadsworthia__BilWads6']",NA,TRUE,"Bilophila_sp._4_1_30__BilSpec3"
"ULSU01.34545.1_4/62-435","ULSU01","SAMEA4835715","['uncultured_bacterium__EF645667']",0.483851276190246,TRUE,"uncultured_bacterium__EF645667"
"ULSU01.34545.1_5/11-233","ULSU01","SAMEA4835715","['uncultured_bacterium__EF645667']",0.623172276190246,TRUE,"uncultured_bacterium__EF645667"
"UZRA01.6728.1_3/64-437","UZRA01","SAMN00791952","['Bilophila_wadsworthia__BilWads6']",1.50000025001454e-06,TRUE,"Bilophila_wadsworthia__BilWads6"
"UZRA01.16068.1_1/1-123","UZRA01","SAMN00791952","['Bilophila_sp._4_1_30__BilSpec3', 'Bilophila_wadsworthia__BilWads6', 'uncultured_bacterium__EF645667']",NA,TRUE,"Bilophila_sp._4_1_30__BilSpec3"
"UZRA01.6728.1_4/11-146","UZRA01","SAMN00791952","['Bilophila_wadsworthia__BilWads6', 'Bilophila_sp._4_1_30__BilSpec3']",NA,TRUE,"Bilophila_wadsworthia__BilWads6"
"OWQK01.14150.1_1/1-374","OWQK01","SAMEA4378278","['Desulfovibrio_piger__DslPige3', 'Desulfovibrio_piger__DslPige4']",0.0542930912742298,TRUE,"Desulfovibrio_piger__DslPige3"
"OWQK01.14150.1_2/11-266","OWQK01","SAMEA4378278","['Desulfovibrio_piger__DslPige3', 'Desulfovibrio_piger__DslPige4']",0.0558750912742298,TRUE,"Desulfovibrio_piger__DslPige3"
"OWQK01.82114.1_2/1-140","OWQK01","SAMEA4378278","['Anaerobic_bacterium_sk.prop8__Bv2Prop2']",1.22813953982822,TRUE,"Anaerobic_bacterium_sk.prop8__Bv2Prop2"
"ORTM01.3620.1_7/64-437","ORTM01","SAMEA2338855","['Bilophila_wadsworthia__BilWads6']",1.50000025001454e-06,TRUE,"Bilophila_wadsworthia__BilWads6"
"ORTM01.3620.1_6/11-266","ORTM01","SAMEA2338855","['Bilophila_wadsworthia__BilWads6']",1.50000025001454e-06,TRUE,"Bilophila_wadsworthia__BilWads6"
"UEYK01.1990.1_4/64-437","UEYK01","SAMN06115412","['Bilophila_wadsworthia__BilWads6']",1.50000025001454e-06,TRUE,"Bilophila_wadsworthia__BilWads6"
"UEYK01.1990.1_5/11-266","UEYK01","SAMN06115412","['Bilophila_wadsworthia__BilWads6']",1.50000025001454e-06,TRUE,"Bilophila_wadsworthia__BilWads6"
"UEYK01.43108.1_1/18-267","UEYK01","SAMN06115412","['Moorella_thermoacetica_Y72_copy_2__MooTher5']",7.56733861945668,TRUE,"Moorella_thermoacetica_Y72_copy_2__MooTher5"
"ORTA01.8256.1_2/63-435","ORTA01","SAMEA2338846","['Bilophila_wadsworthia__BilWads6']",0.157572370502427,TRUE,"Bilophila_wadsworthia__BilWads6"
"ORTA01.8256.1_3/11-266","ORTA01","SAMEA2338846","['Bilophila_wadsworthia__BilWads6']",0.408758370502427,TRUE,"Bilophila_wadsworthia__BilWads6"
"ORTA01.16013.1_1/1-179","ORTA01","SAMEA2338846","['Bilophila_sp._4_1_30__BilSpec3']",NA,TRUE,"Bilophila_sp._4_1_30__BilSpec3"
"UYCF01.42994.1_1/1-263","UYCF01","SAMEA2158190","['Bilophila_wadsworthia__BilWads6', 'Bilophila_sp._4_1_30__BilSpec3']",NA,TRUE,"Bilophila_wadsworthia__BilWads6"
"UYCF01.42418.1_1/64-170","UYCF01","SAMEA2158190","['Bilophila_wadsworthia__BilWads6', 'Bilophila_sp._4_1_30__BilSpec3', 'uncultured_bacterium__EF645667', 'Desulfovibrio_piger__DslPige3', 'Desulfovibrio_piger__DslPige4']",NA,TRUE,"Bilophila_wadsworthia__BilWads6"
"UYCF01.42994.1_2/11-86","UYCF01","SAMEA2158190","['Bilophila_wadsworthia__BilWads6', 'Bilophila_sp._4_1_30__BilSpec3']",NA,TRUE,"Bilophila_wadsworthia__BilWads6"
"OUNS01.43665.1_1/1-308","OUNS01","SAMN02711295","['Bilophila_sp._4_1_30__BilSpec3']",0.0406968334302823,TRUE,"Bilophila_sp._4_1_30__BilSpec3"
"OUNS01.42410.1_1/3-158","OUNS01","SAMN02711295","['Bilophila_wadsworthia__BilWads6']",NA,TRUE,"Bilophila_wadsworthia__BilWads6"
"OWQE01.4863.1_6/40-290","OWQE01","SAMEA4378276","['Moorella_thermoacetica_Y72_copy_2__MooTher5']",7.80360161945668,TRUE,"Moorella_thermoacetica_Y72_copy_2__MooTher5"
"UESK01.167.1_24/64-437","UESK01","SAMN06115452","['Bilophila_wadsworthia__BilWads6']",1.50000025001454e-06,TRUE,"Bilophila_wadsworthia__BilWads6"
"UESK01.167.1_23/11-266","UESK01","SAMN06115452","['Bilophila_sp._4_1_30__BilSpec3']",0.0016698334302823,TRUE,"Bilophila_sp._4_1_30__BilSpec3"
"ULVI01.31932.1_2/64-437","ULVI01","SAMEA4835782","['Bilophila_wadsworthia__BilWads6']",1.50000025001454e-06,TRUE,"Bilophila_wadsworthia__BilWads6"
"ULVI01.31932.1_3/11-266","ULVI01","SAMEA4835782","['Bilophila_wadsworthia__BilWads6']",1.50000025001454e-06,TRUE,"Bilophila_wadsworthia__BilWads6"
"ULVI01.113578.1_2/11-266","ULVI01","SAMEA4835782","['uncultured_bacterium__EF645667']",0.196136276190246,TRUE,"uncultured_bacterium__EF645667"
"ULVI01.3370.1_1/11-266","ULVI01","SAMEA4835782","['Desulfovibrio_piger__DslPige3', 'Desulfovibrio_piger__DslPige4']",0.0018347876807884,TRUE,"Desulfovibrio_piger__DslPige3"
"ULVI01.21254.1_1/63-143","ULVI01","SAMEA4835782","['Desulfovibrio_piger__DslPige4', 'Desulfovibrio_piger__DslPige3']",NA,TRUE,"Desulfovibrio_piger__DslPige4"
"ULVI01.27269.1_1/63-143","ULVI01","SAMEA4835782","['Desulfovibrio_piger__DslPige4', 'Desulfovibrio_piger__DslPige3', 'uncultured_bacterium__EF645667']",NA,TRUE,"Desulfovibrio_piger__DslPige4"
"ULSP01.35921.1_1/64-135","ULSP01","SAMEA4835711","['Bilophila_wadsworthia__BilWads6', 'Bilophila_sp._4_1_30__BilSpec3', 'uncultured_bacterium__EF645667', 'Desulfovibrio_piger__DslPige3', 'Desulfovibrio_piger__DslPige4']",NA,TRUE,"Bilophila_wadsworthia__BilWads6"
"UYCU01.3179.1_6/63-436","UYCU01","SAMEA2150563","['Desulfovibrio_piger__DslPige3', 'Desulfovibrio_piger__DslPige4']",0.0079287876807884,TRUE,"Desulfovibrio_piger__DslPige3"
"UYCU01.3179.1_5/11-266","UYCU01","SAMEA2150563","['Desulfovibrio_piger__DslPige3', 'Desulfovibrio_piger__DslPige4']",0.0018347876807884,TRUE,"Desulfovibrio_piger__DslPige3"
"UYCU01.64859.1_2/2-107","UYCU01","SAMEA2150563","['Anaerobic_bacterium_sk.prop8__Bv2Prop2']",1.16491153982822,TRUE,"Anaerobic_bacterium_sk.prop8__Bv2Prop2"
"ULVQ01.22236.1_1/1-209","ULVQ01","SAMEA4835790","['uncultured_bacterium__EF645667', 'Desulfovibrio_piger__DslPige4', 'Desulfovibrio_piger__DslPige3']",NA,TRUE,"uncultured_bacterium__EF645667"
"UXIS01.7675.1_3/39-300","UXIS01","SAMEA2147092","['Moorella_thermoacetica_Y72_copy_2__MooTher5']",7.28706661945668,TRUE,"Moorella_thermoacetica_Y72_copy_2__MooTher5"
"UEOI01.68.1_98/64-437","UEOI01","SAMN06115502","['Bilophila_wadsworthia__BilWads6']",1.50000025001454e-06,TRUE,"Bilophila_wadsworthia__BilWads6"
"UEOI01.68.1_97/11-266","UEOI01","SAMN06115502","['Bilophila_sp._4_1_30__BilSpec3']",0.0016698334302823,TRUE,"Bilophila_sp._4_1_30__BilSpec3"
"OQDA01.9639.1_2/11-266","OQDA01","SAMD00036328","['Bilophila_wadsworthia__BilWads6']",0.108964370502427,TRUE,"Bilophila_wadsworthia__BilWads6"
"OQDA01.9639.1_1/10-174","OQDA01","SAMD00036328","['Bilophila_wadsworthia__BilWads6']",NA,TRUE,"Bilophila_wadsworthia__BilWads6"
"OQDA01.6182.1_1/64-171","OQDA01","SAMD00036328","['Bilophila_wadsworthia__BilWads6', 'Bilophila_sp._4_1_30__BilSpec3', 'uncultured_bacterium__EF645667', 'Desulfovibrio_piger__DslPige3', 'Desulfovibrio_piger__DslPige4']",NA,TRUE,"Bilophila_wadsworthia__BilWads6"
"ORKI01.21129.1_3/1-321","ORKI01","SAMN04329780","['Desulfovibrio_piger__DslPige3']",NA,TRUE,"Desulfovibrio_piger__DslPige3"
"ORKI01.21129.1_2/11-266","ORKI01","SAMN04329780","['uncultured_bacterium__EF645667']",0.173242276190246,TRUE,"uncultured_bacterium__EF645667"
"ORPG01.35666.1_1/116-414","ORPG01","SAMEA2338772","['Bilophila_wadsworthia__BilWads6']",0.170119370502427,TRUE,"Bilophila_wadsworthia__BilWads6"
"OYYZ01.33108.1_2/1-209","OYYZ01","SAMN06165173","['Bilophila_wadsworthia__BilWads6']",0.123293370502427,TRUE,"Bilophila_wadsworthia__BilWads6"
"VOFH01.569.1_1052/64-437","VOFH01","SAMN12384727","['Bilophila_wadsworthia__BilWads6']",1.50000025001454e-06,TRUE,"Bilophila_wadsworthia__BilWads6"
"VOFH01.569.1_1051/11-266","VOFH01","SAMN12384727","['Bilophila_wadsworthia__BilWads6']",1.50000025001454e-06,TRUE,"Bilophila_wadsworthia__BilWads6"
"OZXT01.14102.1_2/1-293","OZXT01","SAMN06165036","['Desulfovibrio_piger__DslPige3']",NA,TRUE,"Desulfovibrio_piger__DslPige3"
"OUQG01.33542.1_1/1-341","OUQG01","SAMN05194731","['Gordonibacter_pamelaeae__GrdPame5']",0.914608704393165,TRUE,"Gordonibacter_pamelaeae__GrdPame5"
"OUQG01.66959.1_1/2-178","OUQG01","SAMN05194731","['Gordonibacter_pamelaeae__GrdPame5']",0.839404704393165,TRUE,"Gordonibacter_pamelaeae__GrdPame5"
"UZKR01.5017.1_5/63-436","UZKR01","SAMN00715217","['Desulfovibrio_piger__DslPige3']",0.0721370912742298,TRUE,"Desulfovibrio_piger__DslPige3"
"UZKR01.5017.1_4/11-266","UZKR01","SAMN00715217","['Desulfovibrio_piger__DslPige3', 'Desulfovibrio_piger__DslPige4']",0.0018347876807884,TRUE,"Desulfovibrio_piger__DslPige3"
"ULTF01.24000.1_1/1-251","ULTF01","SAMEA4835727","['Desulfovibrio_piger__DslPige3', 'Desulfovibrio_piger__DslPige4']",NA,TRUE,"Desulfovibrio_piger__DslPige3"
"UMBE01.27485.1_2/11-266","UMBE01","SAMEA4835933","['Bilophila_wadsworthia__BilWads6']",1.50000025001454e-06,TRUE,"Bilophila_wadsworthia__BilWads6"
"UMBE01.59671.1_1/64-259","UMBE01","SAMEA4835933","['Bilophila_wadsworthia__BilWads6', 'Bilophila_sp._4_1_30__BilSpec3']",NA,TRUE,"Bilophila_wadsworthia__BilWads6"
"UMBE01.27485.1_1/1-162","UMBE01","SAMEA4835933","['Bilophila_wadsworthia__BilWads6', 'Bilophila_sp._4_1_30__BilSpec3']",NA,TRUE,"Bilophila_wadsworthia__BilWads6"
"ORQB01.2480.1_3/26-290","ORQB01","SAMEA2338679","['Moorella_thermoacetica_Y72_copy_2__MooTher5']",7.93279661945668,TRUE,"Moorella_thermoacetica_Y72_copy_2__MooTher5"
"UMIN01.33664.1_2/40-291","UMIN01","SAMEA4836123","['Moorella_thermoacetica_Y72_copy_2__MooTher5']",7.61628561945668,TRUE,"Moorella_thermoacetica_Y72_copy_2__MooTher5"
"OQGJ01.44443.1_1/13-141","OQGJ01","SAMD00036193","['Bilophila_wadsworthia__BilWads6']",0.251702370502427,TRUE,"Bilophila_wadsworthia__BilWads6"
"UXMQ01.56405.1_2/11-175","UXMQ01","SAMEA2163575","['Desulfovibrio_piger__DslPige3']",0.49867209127423,TRUE,"Desulfovibrio_piger__DslPige3"
"UPDE01.5285.1_5/64-437","UPDE01","SAMEA2737715","['Bilophila_wadsworthia__BilWads6']",1.50000025001454e-06,TRUE,"Bilophila_wadsworthia__BilWads6"
"UPDE01.5285.1_6/11-266","UPDE01","SAMEA2737715","['Bilophila_wadsworthia__BilWads6']",1.50000025001454e-06,TRUE,"Bilophila_wadsworthia__BilWads6"
"UPDE01.56882.1_1/3-237","UPDE01","SAMEA2737715","['Gordonibacter_pamelaeae__GrdPame5']",0.0265892210296696,TRUE,"Gordonibacter_pamelaeae__GrdPame5"
"OQFY01.23152.1_1/1-96","OQFY01","SAMD00036206","['Desulfovibrio_piger__DslPige3', 'Desulfovibrio_piger__DslPige4', 'Desulfovibrio_piger__DslPige2']",NA,TRUE,"Desulfovibrio_piger__DslPige3"
"OZVT01.14145.1_1/11-266","OZVT01","SAMN06165107","['Desulfovibrio_piger__DslPige4']",0.0110807876807884,TRUE,"Desulfovibrio_piger__DslPige4"
"OZVT01.14145.1_2/1-203","OZVT01","SAMN06165107","['Desulfovibrio_piger__DslPige3', 'Desulfovibrio_piger__DslPige4']",NA,TRUE,"Desulfovibrio_piger__DslPige3"
"USWA01.26507.1_1/1-251","USWA01","SAMN06112038","['Bilophila_wadsworthia__BilWads6']",0.00948950000025001,TRUE,"Bilophila_wadsworthia__BilWads6"
"OWPZ01.60434.1_1/1-209","OWPZ01","SAMEA4378320","['Bilophila_wadsworthia__BilWads6', 'Bilophila_sp._4_1_30__BilSpec3']",NA,TRUE,"Bilophila_wadsworthia__BilWads6"
"OURR01.7666.1_2/11-266","OURR01","SAMEA2338732","['Bilophila_wadsworthia__BilWads6']",1.50000025001454e-06,TRUE,"Bilophila_wadsworthia__BilWads6"
"OURR01.16177.1_1/64-309","OURR01","SAMEA2338732","['Bilophila_wadsworthia__BilWads6']",0.164882370502427,TRUE,"Bilophila_wadsworthia__BilWads6"
"OURR01.7666.1_1/2-160","OURR01","SAMEA2338732","['Bilophila_wadsworthia__BilWads6', 'Bilophila_sp._4_1_30__BilSpec3']",NA,TRUE,"Bilophila_wadsworthia__BilWads6"
"OWRX01.3363.1_3/11-266","OWRX01","SAMEA4378243","['Bilophila_wadsworthia__BilWads6']",1.50000025001454e-06,TRUE,"Bilophila_wadsworthia__BilWads6"
"USWT01.7101.1_2/64-437","USWT01","SAMN06112080","['Bilophila_sp._4_1_30__BilSpec3']",0.0077638334302823,TRUE,"Bilophila_sp._4_1_30__BilSpec3"
"USWT01.7101.1_1/1-177","USWT01","SAMN06112080","['Bilophila_wadsworthia__BilWads6']",NA,TRUE,"Bilophila_wadsworthia__BilWads6"
"OPRJ01.48187.1_1/63-129","OPRJ01","SAMEA1963786","['Desulfovibrio_piger__DslPige4', 'Desulfovibrio_piger__DslPige3', 'uncultured_bacterium__EF645667']",NA,TRUE,"Desulfovibrio_piger__DslPige4"
"UMHL01.53955.1_1/64-332","UMHL01","SAMEA4836100","['Bilophila_wadsworthia__BilWads6']",0.0993673705024268,TRUE,"Bilophila_wadsworthia__BilWads6"
"UMHL01.43.1_2/11-266","UMHL01","SAMEA4836100","['uncultured_bacterium__EF645667']",0.196136276190246,TRUE,"uncultured_bacterium__EF645667"
"UMHL01.29304.1_1/11-266","UMHL01","SAMEA4836100","['Desulfovibrio_piger__DslPige3', 'Desulfovibrio_piger__DslPige4']",0.0018347876807884,TRUE,"Desulfovibrio_piger__DslPige3"
"UMHL01.43.1_1/10-174","UMHL01","SAMEA4836100","['Desulfovibrio_piger__DslPige3', 'Desulfovibrio_piger__DslPige4', 'Desulfovibrio_piger__DslPige2']",NA,TRUE,"Desulfovibrio_piger__DslPige3"
"UMHL01.18578.1_1/1-117","UMHL01","SAMEA4836100","['Bilophila_wadsworthia__BilWads6', 'Desulfovibrio_sp._6_1_46AFAA__DsvSp231']",NA,TRUE,"Bilophila_wadsworthia__BilWads6"
"UMHL01.29304.1_2/2-136","UMHL01","SAMEA4836100","['Desulfovibrio_piger__DslPige3', 'Desulfovibrio_piger__DslPige4', 'Desulfovibrio_piger__DslPige2']",NA,TRUE,"Desulfovibrio_piger__DslPige3"
"UMHL01.31948.1_2/11-109","UMHL01","SAMEA4836100","['Bilophila_wadsworthia__BilWads6', 'Bilophila_sp._4_1_30__BilSpec3']",NA,TRUE,"Bilophila_wadsworthia__BilWads6"
"OPWU01.9928.1_1/64-437","OPWU01","SAMEA2041932","['Desulfovibrio_piger__DslPige3', 'Desulfovibrio_piger__DslPige4']",0.0658240912742298,TRUE,"Desulfovibrio_piger__DslPige3"
"OPWU01.9928.1_2/11-231","OPWU01","SAMEA2041932","['Bilophila_wadsworthia__BilWads6']",0.169973370502427,TRUE,"Bilophila_wadsworthia__BilWads6"
"ORKZ01.7491.1_1/2-168","ORKZ01","SAMN04329860","['Anaerobic_bacterium_sk.prop8__Bv2Prop2']",1.19776053982822,TRUE,"Anaerobic_bacterium_sk.prop8__Bv2Prop2"
"ORKZ01.1616.1_4/7-89","ORKZ01","SAMN04329860","['Desulfitibacter_alkalitolerans__DfiAlka2', 'Anaerobic_bacterium_sk.prop8__Bv2Prop2']",NA,TRUE,"Desulfitibacter_alkalitolerans__DfiAlka2"
"ULRT01.19057.1_1/63-315","ULRT01","SAMEA4835690","['Desulfovibrio_piger__DslPige3', 'Desulfovibrio_piger__DslPige4']",NA,TRUE,"Desulfovibrio_piger__DslPige3"
"ULRT01.21750.1_2/1-126","ULRT01","SAMEA4835690","['Desulfovibrio_piger__DslPige3', 'Desulfovibrio_piger__DslPige4', 'Bilophila_wadsworthia__BilWads6']",NA,TRUE,"Desulfovibrio_piger__DslPige3"
"UEPS01.199.1_39/64-437","UEPS01","SAMN06115422","['Bilophila_wadsworthia__BilWads6']",1.50000025001454e-06,TRUE,"Bilophila_wadsworthia__BilWads6"
"UEPS01.199.1_38/11-266","UEPS01","SAMN06115422","['Bilophila_wadsworthia__BilWads6']",1.50000025001454e-06,TRUE,"Bilophila_wadsworthia__BilWads6"
"UEPS01.45709.1_1/1-85","UEPS01","SAMN06115422","['Bilophila_wadsworthia__BilWads6', 'uncultured_bacterium__EF645667']",NA,TRUE,"Bilophila_wadsworthia__BilWads6"
"OWEY01.522.1_5/64-437","OWEY01","SAMEA3708509","['Bilophila_wadsworthia__BilWads6']",1.50000025001454e-06,TRUE,"Bilophila_wadsworthia__BilWads6"
"OWEY01.522.1_6/11-266","OWEY01","SAMEA3708509","['Bilophila_wadsworthia__BilWads6']",1.50000025001454e-06,TRUE,"Bilophila_wadsworthia__BilWads6"
"ULXX01.58981.1_4/1-203","ULXX01","SAMEA4835848","['Desulfovibrio_piger__DslPige3', 'Desulfovibrio_piger__DslPige4']",NA,TRUE,"Desulfovibrio_piger__DslPige3"
"ULXX01.55978.1_1/11-184","ULXX01","SAMEA4835848","['uncultured_bacterium__EF645667']",NA,TRUE,"uncultured_bacterium__EF645667"
"ULXX01.55978.1_2/2-136","ULXX01","SAMEA4835848","['uncultured_bacterium__EF645667', 'Desulfovibrio_piger__DslPige4', 'Desulfovibrio_piger__DslPige3', 'Desulfovibrio_piger__DslPige2']",NA,TRUE,"uncultured_bacterium__EF645667"
"ULXX01.57433.1_1/2-136","ULXX01","SAMEA4835848","['Desulfovibrio_piger__DslPige3', 'Desulfovibrio_piger__DslPige4', 'Desulfovibrio_piger__DslPige2']",NA,TRUE,"Desulfovibrio_piger__DslPige3"
"ULXX01.27846.1_1/63-142","ULXX01","SAMEA4835848","['Desulfovibrio_piger__DslPige4', 'Desulfovibrio_piger__DslPige3']",NA,TRUE,"Desulfovibrio_piger__DslPige4"
"OVFT01.31486.1_1/1-199","OVFT01","SAMN06016379","['Bilophila_wadsworthia__BilWads6', 'Bilophila_sp._4_1_30__BilSpec3']",NA,TRUE,"Bilophila_wadsworthia__BilWads6"
"OVFT01.28708.1_1/11-176","OVFT01","SAMN06016379","['Bilophila_wadsworthia__BilWads6']",NA,TRUE,"Bilophila_wadsworthia__BilWads6"
"UEPB01.3610.1_4/65-438","UEPB01","SAMN06115513","['Desulfovibrio_piger__DslPige3', 'Desulfovibrio_piger__DslPige4']",0.15600709127423,TRUE,"Desulfovibrio_piger__DslPige3"
"UEPB01.3610.1_3/11-266","UEPB01","SAMN06115513","['Desulfovibrio_piger__DslPige3']",0.0203577876807884,TRUE,"Desulfovibrio_piger__DslPige3"
"USZD01.10492.1_1/63-436","USZD01","SAMN06112078","['Desulfovibrio_piger__DslPige2']",0.0301885214698588,TRUE,"Desulfovibrio_piger__DslPige2"
"OPDJ01.30110.1_1/64-152","OPDJ01","SAMEA2042624","['Bilophila_sp._4_1_30__BilSpec3']",0.0378168334302823,TRUE,"Bilophila_sp._4_1_30__BilSpec3"
"OPDJ01.65360.1_2/4-98","OPDJ01","SAMEA2042624","['Bilophila_sp._4_1_30__BilSpec3']",0.0016698334302823,TRUE,"Bilophila_sp._4_1_30__BilSpec3"
"UMBT01.102272.1_2/11-199","UMBT01","SAMEA4835945","['uncultured_bacterium__EF645667']",NA,TRUE,"uncultured_bacterium__EF645667"
"UMBT01.102272.1_1/18-182","UMBT01","SAMEA4835945","['Desulfovibrio_piger__DslPige3', 'Desulfovibrio_piger__DslPige4', 'Desulfovibrio_piger__DslPige2']",NA,TRUE,"Desulfovibrio_piger__DslPige3"
"UMBT01.100006.1_1/63-192","UMBT01","SAMEA4835945","['Desulfovibrio_piger__DslPige3', 'Desulfovibrio_piger__DslPige4']",NA,TRUE,"Desulfovibrio_piger__DslPige3"
"UMBT01.65379.1_1/63-150","UMBT01","SAMEA4835945","['Desulfovibrio_piger__DslPige4', 'Desulfovibrio_piger__DslPige3']",NA,TRUE,"Desulfovibrio_piger__DslPige4"
"UMBT01.21318.1_1/1-81","UMBT01","SAMEA4835945","['Desulfovibrio_piger__DslPige4', 'uncultured_bacterium__EF645667', 'Desulfovibrio_piger__DslPige3']",NA,TRUE,"Desulfovibrio_piger__DslPige4"
"OPJI01.5107.1_3/1-133","OPJI01","SAMEA2042192","['Desulfovibrio_piger__DslPige3', 'Desulfovibrio_piger__DslPige4']",0.134897787680788,TRUE,"Desulfovibrio_piger__DslPige3"
"UZUO01.243.1_10/64-437","UZUO01","SAMN00792076","['Bilophila_wadsworthia__BilWads6']",1.50000025001454e-06,TRUE,"Bilophila_wadsworthia__BilWads6"
"UZUO01.243.1_11/1-253","UZUO01","SAMN00792076","['Bilophila_wadsworthia__BilWads6']",1.50000025001454e-06,TRUE,"Bilophila_wadsworthia__BilWads6"
"OUQD01.19870.1_1/1-159","OUQD01","SAMN05194733","['Gordonibacter_pamelaeae__GrdPame5']",0.839404704393165,TRUE,"Gordonibacter_pamelaeae__GrdPame5"
"OUQD01.66139.1_1/1-185","OUQD01","SAMN05194733","['Gordonibacter_pamelaeae__GrdPame5']",NA,TRUE,"Gordonibacter_pamelaeae__GrdPame5"
"OUQD01.16656.1_1/20-282","OUQD01","SAMN05194733","['Moorella_thermoacetica_Y72_copy_2__MooTher5']",7.96078061945668,TRUE,"Moorella_thermoacetica_Y72_copy_2__MooTher5"
"ORSB01.21858.1_2/63-436","ORSB01","SAMEA2338661","['uncultured_bacterium__EF645667']",0.201208276190246,TRUE,"uncultured_bacterium__EF645667"
"ORSB01.15319.1_3/11-266","ORSB01","SAMEA2338661","['Desulfovibrio_sp._6_1_46AFAA__DsvSp231']",0.198492417985541,TRUE,"Desulfovibrio_sp._6_1_46AFAA__DsvSp231"
"ORSB01.21858.1_1/11-160","ORSB01","SAMEA2338661","['Bilophila_sp._4_1_30__BilSpec3']",0.0474288334302823,TRUE,"Bilophila_sp._4_1_30__BilSpec3"
"ORSB01.68070.1_1/1-105","ORSB01","SAMEA2338661","['Desulfovibrio_sp._6_1_46AFAA__DsvSp231', 'Desulfovibrio_sp._3_1_syn3__DsvSp230']",NA,TRUE,"Desulfovibrio_sp._6_1_46AFAA__DsvSp231"
"ORSB01.15319.1_4/1-90","ORSB01","SAMEA2338661","['Desulfovibrio_sp._3_1_syn3__DsvSp230', 'Desulfovibrio_sp._6_1_46AFAA__DsvSp231']",NA,TRUE,"Desulfovibrio_sp._3_1_syn3__DsvSp230"
"OVGE01.16886.1_2/1-311","OVGE01","SAMN06016403","['Anaerobic_bacterium_sk.prop8__Bv2Prop2']",1.35665453982822,TRUE,"Anaerobic_bacterium_sk.prop8__Bv2Prop2"
"OVGE01.16886.1_1/5-240","OVGE01","SAMN06016403","['Desulfitibacter_alkalitolerans__DfiAlka2']",1.29916455633203,TRUE,"Desulfitibacter_alkalitolerans__DfiAlka2"
"OYYB01.32674.1_1/1-186","OYYB01","SAMN06164994","['Bilophila_wadsworthia__BilWads6', 'Bilophila_sp._4_1_30__BilSpec3']",NA,TRUE,"Bilophila_wadsworthia__BilWads6"
"ULTL01.52873.1_2/1-210","ULTL01","SAMEA4835732","['Bilophila_wadsworthia__BilWads6', 'Bilophila_sp._4_1_30__BilSpec3']",NA,TRUE,"Bilophila_wadsworthia__BilWads6"
"ULTL01.2954.1_3/1-125","ULTL01","SAMEA4835732","['Bilophila_wadsworthia__BilWads6']",NA,TRUE,"Bilophila_wadsworthia__BilWads6"
"ULTL01.52873.1_1/11-117","ULTL01","SAMEA4835732","['Bilophila_wadsworthia__BilWads6', 'Bilophila_sp._4_1_30__BilSpec3']",NA,TRUE,"Bilophila_wadsworthia__BilWads6"
"ULTL01.72320.1_1/64-137","ULTL01","SAMEA4835732","['Bilophila_wadsworthia__BilWads6', 'Bilophila_sp._4_1_30__BilSpec3', 'uncultured_bacterium__EF645667', 'Desulfovibrio_piger__DslPige3', 'Desulfovibrio_piger__DslPige4']",NA,TRUE,"Bilophila_wadsworthia__BilWads6"
"USXZ01.8618.1_5/63-436","USXZ01","SAMN06111976","['Desulfovibrio_piger__DslPige3', 'Desulfovibrio_piger__DslPige4']",0.0595200912742298,TRUE,"Desulfovibrio_piger__DslPige3"
"USXZ01.1908.1_12/64-437","USXZ01","SAMN06111976","['Bilophila_wadsworthia__BilWads6']",1.50000025001454e-06,TRUE,"Bilophila_wadsworthia__BilWads6"
"USXZ01.1908.1_13/11-266","USXZ01","SAMN06111976","['Bilophila_wadsworthia__BilWads6']",1.50000025001454e-06,TRUE,"Bilophila_wadsworthia__BilWads6"
"USXZ01.8618.1_4/11-266","USXZ01","SAMN06111976","['Desulfovibrio_piger__DslPige3', 'Desulfovibrio_piger__DslPige4']",0.0484617876807884,TRUE,"Desulfovibrio_piger__DslPige3"
"USXZ01.29157.1_2/6-240","USXZ01","SAMN06111976","['Anaerobic_bacterium_sk.prop8__Bv2Prop2']",0.949406884876434,TRUE,"Anaerobic_bacterium_sk.prop8__Bv2Prop2"
"USXZ01.84312.1_1/46-212","USXZ01","SAMN06111976","['Anaerobic_bacterium_sk.prop8__Bv2Prop2', 'Thermodesulfobium_narugense__CP002690', 'MSW_digester_clone__Unc01cxc']",NA,TRUE,"Anaerobic_bacterium_sk.prop8__Bv2Prop2"
"USXZ01.29157.1_3/3-150","USXZ01","SAMN06111976","['Anaerobic_bacterium_sk.prop8__Bv2Prop2']",1.16623553982822,TRUE,"Anaerobic_bacterium_sk.prop8__Bv2Prop2"
"OVHO01.5216.1_2/11-128","OVHO01","SAMN02676186","['Bilophila_sp._4_1_30__BilSpec3']",0.0184048334302823,TRUE,"Bilophila_sp._4_1_30__BilSpec3"
"UXSF01.2322.1_7/64-437","UXSF01","SAMEA2153251","['Bilophila_wadsworthia__BilWads6']",1.50000025001454e-06,TRUE,"Bilophila_wadsworthia__BilWads6"
"UXSF01.2322.1_6/11-266","UXSF01","SAMEA2153251","['Bilophila_wadsworthia__BilWads6']",1.50000025001454e-06,TRUE,"Bilophila_wadsworthia__BilWads6"
"UYCZ01.8487.1_4/63-436","UYCZ01","SAMEA1965149","['Desulfovibrio_piger__DslPige4']",0.0140297876807884,TRUE,"Desulfovibrio_piger__DslPige4"
"UYCZ01.26617.1_2/52-399","UYCZ01","SAMEA1965149","['Anaerobic_bacterium_sk.prop8__Bv2Prop2']",1.16491153982822,TRUE,"Anaerobic_bacterium_sk.prop8__Bv2Prop2"
"UYCZ01.8487.1_5/11-266","UYCZ01","SAMEA1965149","['Desulfovibrio_piger__DslPige3']",0.0203577876807884,TRUE,"Desulfovibrio_piger__DslPige3"
"UYCZ01.26617.1_1/6-240","UYCZ01","SAMEA1965149","['Desulfitibacter_alkalitolerans__DfiAlka2']",0.953887556332035,TRUE,"Desulfitibacter_alkalitolerans__DfiAlka2"
"OQQF01.67751.1_1/1-188","OQQF01","SAMN02712160","['Bilophila_wadsworthia__BilWads6', 'Bilophila_sp._4_1_30__BilSpec3']",NA,TRUE,"Bilophila_wadsworthia__BilWads6"
"OQNI01.4416.1_3/64-437","OQNI01","SAMD00036386","['Bilophila_wadsworthia__BilWads6']",1.50000025001454e-06,TRUE,"Bilophila_wadsworthia__BilWads6"
"OQNI01.4416.1_4/11-266","OQNI01","SAMD00036386","['Bilophila_wadsworthia__BilWads6']",0.117747370502427,TRUE,"Bilophila_wadsworthia__BilWads6"
"OWPR01.98482.1_1/1-201","OWPR01","SAMEA4378249","['Anaerobic_bacterium_sk.prop8__Bv2Prop2']",1.16623553982822,TRUE,"Anaerobic_bacterium_sk.prop8__Bv2Prop2"
"UYFL01.90922.1_2/1-145","UYFL01","SAMEA2152373","['Bilophila_wadsworthia__BilWads6', 'Bilophila_sp._4_1_30__BilSpec3']",NA,TRUE,"Bilophila_wadsworthia__BilWads6"
"ORKS01.554.1_5/50-397","ORKS01","SAMN04329868","['Anaerobic_bacterium_sk.prop8__Bv2Prop2']",1.13300853982822,TRUE,"Anaerobic_bacterium_sk.prop8__Bv2Prop2"
"ORKS01.554.1_4/7-240","ORKS01","SAMN04329868","['Desulfitibacter_alkalitolerans__DfiAlka2']",0.923001556332035,TRUE,"Desulfitibacter_alkalitolerans__DfiAlka2"
"UZHJ01.8185.1_4/63-436","UZHJ01","SAMN00791943","['Desulfovibrio_piger__DslPige3', 'Desulfovibrio_piger__DslPige4']",0.0575660912742298,TRUE,"Desulfovibrio_piger__DslPige3"
"UZHJ01.8185.1_3/11-266","UZHJ01","SAMN00791943","['Desulfovibrio_piger__DslPige3', 'Desulfovibrio_piger__DslPige4']",0.0018347876807884,TRUE,"Desulfovibrio_piger__DslPige3"
"UZQT01.49604.1_1/1-173","UZQT01","SAMN00791997","['Bilophila_wadsworthia__BilWads6']",0.141116370502427,TRUE,"Bilophila_wadsworthia__BilWads6"
"OWGX01.31550.1_1/1-357","OWGX01","SAMEA3708559","['Bilophila_wadsworthia__BilWads6']",0.110032370502427,TRUE,"Bilophila_wadsworthia__BilWads6"
"OWGX01.25972.1_1/11-169","OWGX01","SAMEA3708559","['Bilophila_wadsworthia__BilWads6']",0.114687370502427,TRUE,"Bilophila_wadsworthia__BilWads6"
"UAAL01.21607.1_1/39-304","UAAL01","SAMN06165099","['Moorella_thermoacetica_Y72_copy_2__MooTher5']",6.75898361945668,TRUE,"Moorella_thermoacetica_Y72_copy_2__MooTher5"
"UPEO01.2367.1_6/64-437","UPEO01","SAMEA2737707","['Bilophila_wadsworthia__BilWads6']",1.50000025001454e-06,TRUE,"Bilophila_wadsworthia__BilWads6"
"UPEO01.2367.1_5/11-266","UPEO01","SAMEA2737707","['Bilophila_wadsworthia__BilWads6']",1.50000025001454e-06,TRUE,"Bilophila_wadsworthia__BilWads6"
"OQQB01.70720.1_1/1-199","OQQB01","SAMN02712189","['Bilophila_wadsworthia__BilWads6', 'Bilophila_sp._4_1_30__BilSpec3']",NA,TRUE,"Bilophila_wadsworthia__BilWads6"
"UZIA01.12139.1_1/64-259","UZIA01","SAMN00791937","['Bilophila_wadsworthia__BilWads6', 'Bilophila_sp._4_1_30__BilSpec3']",NA,TRUE,"Bilophila_wadsworthia__BilWads6"
"UAMW01.10806.1_1/10-383","UAMW01","SAMN06164621","['Bilophila_wadsworthia__BilWads6']",1.50000025001454e-06,TRUE,"Bilophila_wadsworthia__BilWads6"
"OWGW01.11673.1_1/64-396","OWGW01","SAMEA3708702","['Bilophila_wadsworthia__BilWads6']",0.100304370502427,TRUE,"Bilophila_wadsworthia__BilWads6"
"OWGW01.6173.1_2/1-253","OWGW01","SAMEA3708702","['Bilophila_wadsworthia__BilWads6']",0.00944750000025001,TRUE,"Bilophila_wadsworthia__BilWads6"
"OWGW01.6173.1_1/1-158","OWGW01","SAMEA3708702","['Bilophila_wadsworthia__BilWads6', 'Bilophila_sp._4_1_30__BilSpec3']",NA,TRUE,"Bilophila_wadsworthia__BilWads6"
"OYZZ01.8516.1_2/15-363","OYZZ01","SAMN06165036","['Desulfovibrio_piger__DslPige3']",0.0730840912742298,TRUE,"Desulfovibrio_piger__DslPige3"
"OYZZ01.8516.1_1/11-266","OYZZ01","SAMN06165036","['Desulfovibrio_piger__DslPige3', 'Desulfovibrio_piger__DslPige4']",0.11631709127423,TRUE,"Desulfovibrio_piger__DslPige3"
"UEPG01.13394.1_1/64-430","UEPG01","SAMN06115491","['Bilophila_wadsworthia__BilWads6']",NA,TRUE,"Bilophila_wadsworthia__BilWads6"
"UEPG01.23007.1_1/8-272","UEPG01","SAMN06115491","['Bilophila_wadsworthia__BilWads6']",0.00875950000025001,TRUE,"Bilophila_wadsworthia__BilWads6"
"UERZ01.297.1_12/64-437","UERZ01","SAMN06115470","['Bilophila_wadsworthia__BilWads6']",1.50000025001454e-06,TRUE,"Bilophila_wadsworthia__BilWads6"
"UERZ01.297.1_13/11-266","UERZ01","SAMN06115470","['Bilophila_wadsworthia__BilWads6']",1.50000025001454e-06,TRUE,"Bilophila_wadsworthia__BilWads6"
"UZKC01.5489.1_2/65-438","UZKC01","SAMN00715212","['Desulfovibrio_piger__DslPige4']",0.11384409127423,TRUE,"Desulfovibrio_piger__DslPige4"
"UZKC01.5489.1_3/11-266","UZKC01","SAMN00715212","['Desulfovibrio_piger__DslPige4']",0.0962247876807884,TRUE,"Desulfovibrio_piger__DslPige4"
"OVLL01.15821.1_1/37-410","OVLL01","SAMN06016356","['uncultured_bacterium__EF645667']",0.264273276190246,TRUE,"uncultured_bacterium__EF645667"
"OVLL01.16093.1_1/1-253","OVLL01","SAMN06016356","['Bilophila_sp._4_1_30__BilSpec3']",0.0205318334302823,TRUE,"Bilophila_sp._4_1_30__BilSpec3"
"UZMC01.24336.1_1/1-237","UZMC01","SAMN00715151","['Desulfovibrio_piger__DslPige3']",0.0777250912742298,TRUE,"Desulfovibrio_piger__DslPige3"
"OQLI01.14685.1_1/3-365","OQLI01","SAMD00036430","['Bilophila_sp._4_1_30__BilSpec3']",0.0266728334302823,TRUE,"Bilophila_sp._4_1_30__BilSpec3"
"OQLI01.14685.1_2/11-197","OQLI01","SAMD00036430","['Bilophila_wadsworthia__BilWads6']",0.151705370502427,TRUE,"Bilophila_wadsworthia__BilWads6"
"OXYJ01.30658.1_1/29-183","OXYJ01","SAMN06164622","['Desulfovibrio_piger__DslPige3', 'Desulfovibrio_piger__DslPige4']",NA,TRUE,"Desulfovibrio_piger__DslPige3"
"OXYJ01.14281.1_1/11-180","OXYJ01","SAMN06164622","['uncultured_bacterium__EF645667']",NA,TRUE,"uncultured_bacterium__EF645667"
"OXYJ01.14281.1_2/2-102","OXYJ01","SAMN06164622","['Desulfovibrio_piger__DslPige4', 'Desulfovibrio_piger__DslPige3', 'Desulfovibrio_piger__DslPige2']",NA,TRUE,"Desulfovibrio_piger__DslPige4"
"ULUX01.13538.1_3/63-436","ULUX01","SAMEA4835773","['Desulfovibrio_vulgaris__DQ826729']",0.434694909358552,TRUE,"Desulfovibrio_vulgaris__DQ826729"
"ULUX01.5404.1_2/11-266","ULUX01","SAMEA4835773","['Bilophila_wadsworthia__BilWads6']",0.416385370502427,TRUE,"Bilophila_wadsworthia__BilWads6"
"ULUX01.59270.1_2/63-221","ULUX01","SAMEA4835773","['Desulfovibrio_vulgaris__DQ826729']",NA,TRUE,"Desulfovibrio_vulgaris__DQ826729"
"ULUX01.5404.1_1/1-203","ULUX01","SAMEA4835773","['Desulfovibrio_vulgaris__DQ826729']",0.375418911862788,TRUE,"Desulfovibrio_vulgaris__DQ826729"
"ULUX01.55533.1_1/2-99","ULUX01","SAMEA4835773","['Bilophila_wadsworthia__BilWads6']",NA,TRUE,"Bilophila_wadsworthia__BilWads6"
"ULUX01.13538.1_4/11-127","ULUX01","SAMEA4835773","['Bilophila_wadsworthia__BilWads6']",NA,TRUE,"Bilophila_wadsworthia__BilWads6"
"OWDR01.72590.1_1/1-268","OWDR01","SAMEA3708574","['Bilophila_wadsworthia__BilWads6', 'Bilophila_sp._4_1_30__BilSpec3']",NA,TRUE,"Bilophila_wadsworthia__BilWads6"
"OWDR01.67007.1_1/1-214","OWDR01","SAMEA3708574","['Gordonibacter_pamelaeae_7-10-1-b__FP929047', 'Gordonibacter_pamelaeae__GrdPame5']",NA,TRUE,"Gordonibacter_pamelaeae_7-10-1-b__FP929047"
"OWDR01.50752.1_1/64-159","OWDR01","SAMEA3708574","['Bilophila_wadsworthia__BilWads6', 'Bilophila_sp._4_1_30__BilSpec3', 'uncultured_bacterium__EF645667', 'Desulfovibrio_piger__DslPige3', 'Desulfovibrio_piger__DslPige4']",NA,TRUE,"Bilophila_wadsworthia__BilWads6"
"ULRO01.1297.1_3/11-266","ULRO01","SAMEA4835682","['Desulfovibrio_piger__DslPige3', 'Desulfovibrio_piger__DslPige4']",0.0018347876807884,TRUE,"Desulfovibrio_piger__DslPige3"
"ULRO01.79661.1_1/1-122","ULRO01","SAMEA4835682","['uncultured_bacterium__EF645667', 'Desulfovibrio_piger__DslPige4', 'Desulfovibrio_piger__DslPige3']",NA,TRUE,"uncultured_bacterium__EF645667"
"ULRO01.21042.1_2/63-142","ULRO01","SAMEA4835682","['Termite_protist_endosymbiont_community_metagenome__entry118']",0.177841845522748,TRUE,"Termite_protist_endosymbiont_community_metagenome__entry118"
"ULRO01.83041.1_1/1-98","ULRO01","SAMEA4835682","['Bilophila_wadsworthia__BilWads6', 'Bilophila_sp._4_1_30__BilSpec3', 'uncultured_bacterium__EF645667']",NA,TRUE,"Bilophila_wadsworthia__BilWads6"
"UXSB01.7442.1_2/64-437","UXSB01","SAMEA2148755","['Bilophila_wadsworthia__BilWads6']",1.50000025001454e-06,TRUE,"Bilophila_wadsworthia__BilWads6"
"UXSB01.7442.1_3/11-266","UXSB01","SAMEA2148755","['Bilophila_wadsworthia__BilWads6']",1.50000025001454e-06,TRUE,"Bilophila_wadsworthia__BilWads6"
"UXTT01.10357.1_1/1-362","UXTT01","SAMEA1969417","['Desulfovibrio_piger__DslPige3', 'Desulfovibrio_piger__DslPige4']",0.0651300912742298,TRUE,"Desulfovibrio_piger__DslPige3"
"UXTT01.7355.1_1/1-253","UXTT01","SAMEA1969417","['Bilophila_wadsworthia__BilWads6']",0.309860370502427,TRUE,"Bilophila_wadsworthia__BilWads6"
"UXTT01.11468.1_1/1-227","UXTT01","SAMEA1969417","['Desulfovibrio_piger__DslPige4']",0.0129477876807884,TRUE,"Desulfovibrio_piger__DslPige4"
"UXTT01.3311.1_1/117-270","UXTT01","SAMEA1969417","['Desulfovibrio_vulgaris__DQ826729', 'Desulfovibrio_desulfuricans__DslDes16_DsvAlas8']",NA,TRUE,"Desulfovibrio_vulgaris__DQ826729"
"UPFI01.69724.1_1/6-170","UPFI01","SAMEA2737689","['Gordonibacter_pamelaeae_7-10-1-b__FP929047', 'Gordonibacter_pamelaeae__GrdPame5']",NA,TRUE,"Gordonibacter_pamelaeae_7-10-1-b__FP929047"
"ULNQ01.42438.1_1/1-215","ULNQ01","SAMEA4835580","['Desulfovibrio_piger__DslPige3', 'Desulfovibrio_piger__DslPige4']",NA,TRUE,"Desulfovibrio_piger__DslPige3"
"OQUP01.111539.1_2/6-200","OQUP01","SAMN06018973","['Desulfitibacter_alkalitolerans__DfiAlka2']",0.953887556332035,TRUE,"Desulfitibacter_alkalitolerans__DfiAlka2"
"ORTC01.19787.1_1/63-121","ORTC01","SAMEA2338794","['Desulfovibrio_piger__DslPige4', 'Desulfovibrio_piger__DslPige3', 'uncultured_bacterium__EF645667']",NA,TRUE,"Desulfovibrio_piger__DslPige4"
"UMCL01.31888.1_1/64-144","UMCL01","SAMEA4835967","['Bilophila_wadsworthia__BilWads6', 'Bilophila_sp._4_1_30__BilSpec3', 'uncultured_bacterium__EF645667', 'Desulfovibrio_piger__DslPige3', 'Desulfovibrio_piger__DslPige4']",NA,TRUE,"Bilophila_wadsworthia__BilWads6"
"ORVX01.20491.1_2/64-437","ORVX01","SAMEA2338827","['Bilophila_wadsworthia__BilWads6']",1.50000025001454e-06,TRUE,"Bilophila_wadsworthia__BilWads6"
"ORVX01.1729.1_8/62-435","ORVX01","SAMEA2338827","['uncultured_bacterium__EF645667']",0.474586276190246,TRUE,"uncultured_bacterium__EF645667"
"ORVX01.1729.1_9/11-266","ORVX01","SAMEA2338827","['uncultured_bacterium__EF645667']",0.608863276190246,TRUE,"uncultured_bacterium__EF645667"
"ORVX01.44943.1_1/1-224","ORVX01","SAMEA2338827","['Bilophila_wadsworthia__BilWads6']",NA,TRUE,"Bilophila_wadsworthia__BilWads6"
"OQSR01.382.1_33/62-435","OQSR01","SAMN05214691","['uncultured_bacterium__EF645667']",0.471300276190246,TRUE,"uncultured_bacterium__EF645667"
"OQSR01.32027.1_2/3-367","OQSR01","SAMN05214691","['Bilophila_wadsworthia__BilWads6']",0.417489370502427,TRUE,"Bilophila_wadsworthia__BilWads6"
"OQSR01.382.1_34/11-266","OQSR01","SAMN05214691","['uncultured_bacterium__EF645667']",0.597408276190246,TRUE,"uncultured_bacterium__EF645667"
"OVSW01.29930.1_1/1-293","OVSW01","SAMN06016367","['Bilophila_wadsworthia__BilWads6']",0.0993673705024268,TRUE,"Bilophila_wadsworthia__BilWads6"
"OVSW01.48254.1_1/6-145","OVSW01","SAMN06016367","['Bilophila_sp._4_1_30__BilSpec3', 'Bilophila_wadsworthia__BilWads6']",NA,TRUE,"Bilophila_sp._4_1_30__BilSpec3"
"UEQB01.395.1_16/64-437","UEQB01","SAMN06115405","['Bilophila_wadsworthia__BilWads6']",1.50000025001454e-06,TRUE,"Bilophila_wadsworthia__BilWads6"
"UEQB01.395.1_17/11-266","UEQB01","SAMN06115405","['Bilophila_wadsworthia__BilWads6']",1.50000025001454e-06,TRUE,"Bilophila_wadsworthia__BilWads6"
"UEQB01.63348.1_1/1-213","UEQB01","SAMN06115405","['Anaerobic_bacterium_sk.prop8__Bv2Prop2']",1.27508253982822,TRUE,"Anaerobic_bacterium_sk.prop8__Bv2Prop2"
"ORTU01.3848.1_6/64-437","ORTU01","SAMEA2338847","['Bilophila_wadsworthia__BilWads6']",1.50000025001454e-06,TRUE,"Bilophila_wadsworthia__BilWads6"
"ORTU01.3848.1_7/11-266","ORTU01","SAMEA2338847","['Bilophila_wadsworthia__BilWads6']",1.50000025001454e-06,TRUE,"Bilophila_wadsworthia__BilWads6"
"ORWA01.20038.1_2/1-211","ORWA01","SAMEA2338792","['Bilophila_wadsworthia__BilWads6']",0.107893370502427,TRUE,"Bilophila_wadsworthia__BilWads6"
"ORWA01.20038.1_1/11-126","ORWA01","SAMEA2338792","['Bilophila_wadsworthia__BilWads6']",0.147334370502427,TRUE,"Bilophila_wadsworthia__BilWads6"
"ORBR01.108.1_65/63-436","ORBR01","SAMN04158619","['Desulfovibrio_piger__DslPige3', 'Desulfovibrio_piger__DslPige4']",0.0732420912742298,TRUE,"Desulfovibrio_piger__DslPige3"
"ORBR01.108.1_61/63-436","ORBR01","SAMN04158619","['Desulfovibrio_piger__DslPige3', 'Desulfovibrio_piger__DslPige4']",0.0732420912742298,TRUE,"Desulfovibrio_piger__DslPige3"
"OZDD01.18100.1_1/10-125","OZDD01","SAMN06165083","['uncultured_bacterium__EF645667']",NA,TRUE,"uncultured_bacterium__EF645667"
"OZDD01.43016.1_1/62-157","OZDD01","SAMN06165083","['uncultured_bacterium__EF645667']",0.289791276190246,TRUE,"uncultured_bacterium__EF645667"
"UZVK01.12046.1_2/63-436","UZVK01","SAMN00792055","['Desulfovibrio_piger__DslPige3', 'Desulfovibrio_piger__DslPige4']",0.0684160912742298,TRUE,"Desulfovibrio_piger__DslPige3"
"UZVK01.12046.1_1/11-260","UZVK01","SAMN00792055","['Desulfovibrio_piger__DslPige3', 'Desulfovibrio_piger__DslPige4']",0.0018347876807884,TRUE,"Desulfovibrio_piger__DslPige3"
"UZVK01.50956.1_1/11-149","UZVK01","SAMN00792055","['Desulfovibrio_piger__DslPige3', 'Desulfovibrio_piger__DslPige4', 'uncultured_bacterium__EF645667']",NA,TRUE,"Desulfovibrio_piger__DslPige3"
"OWUB01.4969.1_2/65-438","OWUB01","SAMN05827069","['Desulfovibrio_piger__DslPige3']",0.0203517876807884,TRUE,"Desulfovibrio_piger__DslPige3"
"OWUB01.4969.1_1/11-266","OWUB01","SAMN05827069","['Desulfovibrio_piger__DslPige3', 'Desulfovibrio_piger__DslPige4']",0.0558750912742298,TRUE,"Desulfovibrio_piger__DslPige3"
"OWFR01.32154.1_1/2-214","OWFR01","SAMEA3708616","['Bilophila_sp._4_1_30__BilSpec3']",0.0117488334302823,TRUE,"Bilophila_sp._4_1_30__BilSpec3"
"OWFR01.31119.1_1/11-194","OWFR01","SAMEA3708616","['Bilophila_wadsworthia__BilWads6']",NA,TRUE,"Bilophila_wadsworthia__BilWads6"
"OWFR01.16746.1_1/64-159","OWFR01","SAMEA3708616","['Bilophila_wadsworthia__BilWads6', 'Bilophila_sp._4_1_30__BilSpec3', 'uncultured_bacterium__EF645667', 'Desulfovibrio_piger__DslPige3', 'Desulfovibrio_piger__DslPige4']",NA,TRUE,"Bilophila_wadsworthia__BilWads6"
"UZUU01.48408.1_2/1-103","UZUU01","SAMN00792117","['Bilophila_wadsworthia__BilWads6', 'Bilophila_sp._4_1_30__BilSpec3', 'uncultured_bacterium__EF645667']",NA,TRUE,"Bilophila_wadsworthia__BilWads6"
"USVC01.8693.1_2/58-405","USVC01","SAMN06112046","['Anaerobic_bacterium_sk.prop8__Bv2Prop2']",1.16623553982822,TRUE,"Anaerobic_bacterium_sk.prop8__Bv2Prop2"
"USVC01.13581.1_6/1-169","USVC01","SAMN06112046","['Anaerobic_bacterium_sk.prop8__Bv2Prop2']",0.808335884876433,TRUE,"Anaerobic_bacterium_sk.prop8__Bv2Prop2"
"OWAI01.8438.1_1/40-290","OWAI01","SAMEA3708490","['Moorella_thermoacetica_Y72_copy_2__MooTher5']",7.80360161945668,TRUE,"Moorella_thermoacetica_Y72_copy_2__MooTher5"
"OVTO01.14537.1_1/9-264","OVTO01","SAMN06016362","['Bilophila_wadsworthia__BilWads6']",1.50000025001454e-06,TRUE,"Bilophila_wadsworthia__BilWads6"
"OVTO01.31889.1_1/1-202","OVTO01","SAMN06016362","['Bilophila_wadsworthia__BilWads6', 'Bilophila_sp._4_1_30__BilSpec3']",NA,TRUE,"Bilophila_wadsworthia__BilWads6"
"OVTO01.7375.1_4/64-130","OVTO01","SAMN06016362","['Bilophila_sp._4_1_30__BilSpec3']",0.0481768334302823,TRUE,"Bilophila_sp._4_1_30__BilSpec3"
"ULRK01.62280.1_1/1-237","ULRK01","SAMEA4835680","['Desulfovibrio_piger__DslPige3', 'Desulfovibrio_piger__DslPige4']",NA,TRUE,"Desulfovibrio_piger__DslPige3"
"ULRK01.5794.1_1/1-213","ULRK01","SAMEA4835680","['Desulfovibrio_piger__DslPige4', 'Desulfovibrio_piger__DslPige3']",NA,TRUE,"Desulfovibrio_piger__DslPige4"
"ULRK01.39115.1_1/51-206","ULRK01","SAMEA4835680","['Desulfovibrio_piger__DslPige3', 'Desulfovibrio_piger__DslPige4']",NA,TRUE,"Desulfovibrio_piger__DslPige3"
"ULRK01.1883.1_1/4-159","ULRK01","SAMEA4835680","['Anaerobic_bacterium_sk.prop8__Bv2Prop2']",1.16491153982822,TRUE,"Anaerobic_bacterium_sk.prop8__Bv2Prop2"
"ULRK01.59100.1_2/11-90","ULRK01","SAMEA4835680","['Bilophila_wadsworthia__BilWads6', 'Bilophila_sp._4_1_30__BilSpec3']",NA,TRUE,"Bilophila_wadsworthia__BilWads6"
"ULRK01.59100.1_1/1-85","ULRK01","SAMEA4835680","['Bilophila_wadsworthia__BilWads6', 'Bilophila_sp._4_1_30__BilSpec3', 'uncultured_bacterium__EF645667']",NA,TRUE,"Bilophila_wadsworthia__BilWads6"
"UEQL01.1.1_90/63-436","UEQL01","SAMN06115531","['Desulfovibrio_piger__DslPige3', 'Desulfovibrio_piger__DslPige4']",0.0788650912742298,TRUE,"Desulfovibrio_piger__DslPige3"
"UEQL01.1.1_86/63-436","UEQL01","SAMN06115531","['Desulfovibrio_piger__DslPige3', 'Desulfovibrio_piger__DslPige4']",0.0788650912742298,TRUE,"Desulfovibrio_piger__DslPige3"
"UEQL01.1.1_85/11-266","UEQL01","SAMN06115531","['Desulfovibrio_piger__DslPige3', 'Desulfovibrio_piger__DslPige4']",0.0018347876807884,TRUE,"Desulfovibrio_piger__DslPige3"
"UEQL01.1.1_89/11-266","UEQL01","SAMN06115531","['Desulfovibrio_piger__DslPige3', 'Desulfovibrio_piger__DslPige4']",0.0018347876807884,TRUE,"Desulfovibrio_piger__DslPige3"
"OOYY01.37298.1_1/16-276","OOYY01","SAMEA2042981","['Archaeoglobus_sulfaticallidus__ArgSulfa']",7.2200798350603,TRUE,"Archaeoglobus_sulfaticallidus__ArgSulfa"
"UAMZ01.11336.1_1/2-252","UAMZ01","SAMN06164612","['Desulfovibrio_piger__DslPige3', 'Desulfovibrio_piger__DslPige4']",0.0470370912742298,TRUE,"Desulfovibrio_piger__DslPige3"
"UAMZ01.15915.1_1/35-293","UAMZ01","SAMN06164612","['Desulfovibrio_piger__DslPige3', 'Desulfovibrio_piger__DslPige4']",0.0498027876807884,TRUE,"Desulfovibrio_piger__DslPige3"
"ULQS01.689.1_2/62-283","ULQS01","SAMEA4835662","['uncultured_bacterium__EF645667']",NA,TRUE,"uncultured_bacterium__EF645667"
"ULQS01.74192.1_2/11-151","ULQS01","SAMEA4835662","['uncultured_bacterium__EF645667']",0.597408276190246,TRUE,"uncultured_bacterium__EF645667"
"ULQS01.73909.1_1/1-104","ULQS01","SAMEA4835662","['uncultured_bacterium__EF645667']",NA,TRUE,"uncultured_bacterium__EF645667"
"ULQS01.74192.1_1/1-139","ULQS01","SAMEA4835662","['uncultured_bacterium__EF645667', 'Desulfovibrio_piger__DslPige3']",NA,TRUE,"uncultured_bacterium__EF645667"
"UXRI01.5444.1_5/63-438","UXRI01","SAMEA2155758","['Desulfovibrio_vulgaris__DQ826729']",0.434886911862788,TRUE,"Desulfovibrio_vulgaris__DQ826729"
"UXRI01.5444.1_6/11-266","UXRI01","SAMEA2155758","['Bilophila_wadsworthia__BilWads6']",0.396920370502427,TRUE,"Bilophila_wadsworthia__BilWads6"
"UXRI01.30551.1_3/63-243","UXRI01","SAMEA2155758","['Desulfovibrio_vulgaris__DQ826729']",NA,TRUE,"Desulfovibrio_vulgaris__DQ826729"
"OROY01.6073.1_5/64-437","OROY01","SAMEA2338765","['Bilophila_wadsworthia__BilWads6']",1.50000025001454e-06,TRUE,"Bilophila_wadsworthia__BilWads6"
"OROY01.6073.1_6/11-266","OROY01","SAMEA2338765","['Bilophila_wadsworthia__BilWads6']",1.50000025001454e-06,TRUE,"Bilophila_wadsworthia__BilWads6"
"OQCB01.6978.1_3/11-266","OQCB01","SAMD00036229","['Bilophila_wadsworthia__BilWads6']",1.50000025001454e-06,TRUE,"Bilophila_wadsworthia__BilWads6"
"OQCB01.6978.1_4/1-130","OQCB01","SAMD00036229","['Bilophila_wadsworthia__BilWads6', 'Bilophila_sp._4_1_30__BilSpec3', 'uncultured_bacterium__EF645667']",NA,TRUE,"Bilophila_wadsworthia__BilWads6"
"OQCB01.2548.1_6/24-275","OQCB01","SAMD00036229","['Moorella_thermoacetica_Y72_copy_2__MooTher5']",7.53245061945668,TRUE,"Moorella_thermoacetica_Y72_copy_2__MooTher5"
"OQDW01.40692.1_1/64-132","OQDW01","SAMD00036330","['Bilophila_wadsworthia__BilWads6', 'Bilophila_sp._4_1_30__BilSpec3', 'uncultured_bacterium__EF645667', 'Desulfovibrio_piger__DslPige3', 'Desulfovibrio_piger__DslPige4']",NA,TRUE,"Bilophila_wadsworthia__BilWads6"
"UZKU01.20942.1_2/1-216","UZKU01","SAMN00715213","['Bilophila_wadsworthia__BilWads6', 'Bilophila_sp._4_1_30__BilSpec3']",NA,TRUE,"Bilophila_wadsworthia__BilWads6"
"UZKU01.13522.1_2/1-77","UZKU01","SAMN00715213","['Bilophila_wadsworthia__BilWads6']",0.144803370502427,TRUE,"Bilophila_wadsworthia__BilWads6"
"UAOZ01.20966.1_1/1-122","UAOZ01","SAMN06164854","['Bilophila_wadsworthia__BilWads6', 'Desulfovibrio_sp._6_1_46AFAA__DsvSp231']",NA,TRUE,"Bilophila_wadsworthia__BilWads6"
"UAOZ01.53473.1_2/4-157","UAOZ01","SAMN06164854","['Bilophila_wadsworthia__BilWads6']",0.161229370502427,TRUE,"Bilophila_wadsworthia__BilWads6"
"OYWO01.18733.1_1/1-319","OYWO01","SAMN06164906","['uncultured_bacterium__EF645667']",NA,TRUE,"uncultured_bacterium__EF645667"
"OYWO01.18733.1_2/11-171","OYWO01","SAMN06164906","['uncultured_bacterium__EF645667']",0.597408276190246,TRUE,"uncultured_bacterium__EF645667"
"USWW01.23604.1_1/1-363","USWW01","SAMN06112016","['Bilophila_wadsworthia__BilWads6', 'Bilophila_sp._4_1_30__BilSpec3']",NA,TRUE,"Bilophila_wadsworthia__BilWads6"
"USWW01.41.1_56/1-363","USWW01","SAMN06112016","['uncultured_bacterium__EF645667']",0.483228276190246,TRUE,"uncultured_bacterium__EF645667"
"USWW01.23604.1_2/11-266","USWW01","SAMN06112016","['Bilophila_wadsworthia__BilWads6']",1.50000025001454e-06,TRUE,"Bilophila_wadsworthia__BilWads6"
"USWW01.41.1_55/11-266","USWW01","SAMN06112016","['uncultured_bacterium__EF645667']",0.597408276190246,TRUE,"uncultured_bacterium__EF645667"
"UPDY01.1897.1_6/64-437","UPDY01","SAMEA2737721","['Bilophila_wadsworthia__BilWads6']",1.50000025001454e-06,TRUE,"Bilophila_wadsworthia__BilWads6"
"UPDY01.1897.1_7/11-266","UPDY01","SAMEA2737721","['Bilophila_wadsworthia__BilWads6']",1.50000025001454e-06,TRUE,"Bilophila_wadsworthia__BilWads6"
"ULQC01.92921.1_1/1-311","ULQC01","SAMEA4835645","['Anaerobic_bacterium_sk.prop8__Bv2Prop2']",1.37576653982822,TRUE,"Anaerobic_bacterium_sk.prop8__Bv2Prop2"
"ULQC01.40276.1_5/1-72","ULQC01","SAMEA4835645","['Desulfitibacter_alkalitolerans__DfiAlka2']",NA,TRUE,"Desulfitibacter_alkalitolerans__DfiAlka2"
"ULQC01.92921.1_2/4-94","ULQC01","SAMEA4835645","['Deep_sea_sediment_clone__JN798931']",1.85351933734539,TRUE,"Deep_sea_sediment_clone__JN798931"
"ULQC01.25133.1_1/27-293","ULQC01","SAMEA4835645","['Moorella_thermoacetica_Y72_copy_2__MooTher5']",6.81049761945668,TRUE,"Moorella_thermoacetica_Y72_copy_2__MooTher5"
"QWBY01.65342.1_1/64-205","QWBY01","SAMN09866722","['Bilophila_wadsworthia__BilWads6', 'Bilophila_sp._4_1_30__BilSpec3', 'uncultured_bacterium__EF645667', 'Desulfovibrio_piger__DslPige3', 'Desulfovibrio_piger__DslPige4']",NA,TRUE,"Bilophila_wadsworthia__BilWads6"
"UMGX01.3207.1_2/40-291","UMGX01","SAMEA4836086","['Moorella_thermoacetica_Y72_copy_2__MooTher5']",7.61628561945668,TRUE,"Moorella_thermoacetica_Y72_copy_2__MooTher5"
"UMGX01.10274.1_1/11-224","UMGX01","SAMEA4836086","['Moorella_thermoacetica_Y72_copy_2__MooTher5']",8.34447061945668,TRUE,"Moorella_thermoacetica_Y72_copy_2__MooTher5"
"UEQK01.2405.1_2/64-437","UEQK01","SAMN06115485","['Bilophila_wadsworthia__BilWads6']",1.50000025001454e-06,TRUE,"Bilophila_wadsworthia__BilWads6"
"UEQK01.2405.1_1/11-266","UEQK01","SAMN06115485","['Bilophila_wadsworthia__BilWads6']",1.50000025001454e-06,TRUE,"Bilophila_wadsworthia__BilWads6"
"OPZZ01.7111.1_3/51-219","OPZZ01","SAMD00036241","['Gordonibacter_pamelaeae__GrdPame5']",NA,TRUE,"Gordonibacter_pamelaeae__GrdPame5"
"OPZZ01.28527.1_1/3-108","OPZZ01","SAMD00036241","['Bilophila_sp._4_1_30__BilSpec3']",0.0210628334302823,TRUE,"Bilophila_sp._4_1_30__BilSpec3"
"OVYB01.314.1_10/64-437","OVYB01","SAMEA3708556","['Bilophila_wadsworthia__BilWads6']",1.50000025001454e-06,TRUE,"Bilophila_wadsworthia__BilWads6"
"OVYB01.314.1_11/11-266","OVYB01","SAMEA3708556","['Bilophila_wadsworthia__BilWads6']",1.50000025001454e-06,TRUE,"Bilophila_wadsworthia__BilWads6"
"OWBR01.2973.1_5/56-429","OWBR01","SAMEA3708639","['Bilophila_wadsworthia__BilWads6']",1.50000025001454e-06,TRUE,"Bilophila_wadsworthia__BilWads6"
"OWBR01.2973.1_4/1-253","OWBR01","SAMEA3708639","['Bilophila_sp._4_1_30__BilSpec3']",0.0016698334302823,TRUE,"Bilophila_sp._4_1_30__BilSpec3"
"UMIQ01.7028.1_2/2-114","UMIQ01","SAMEA4836129","['Bilophila_wadsworthia__BilWads6', 'Desulfovibrio_sp._6_1_46AFAA__DsvSp231']",NA,TRUE,"Bilophila_wadsworthia__BilWads6"
"OWFT01.56281.1_1/2-145","OWFT01","SAMEA3708477","['Anaerobic_bacterium_sk.prop8__Bv2Prop2']",1.03286553982822,TRUE,"Anaerobic_bacterium_sk.prop8__Bv2Prop2"
"OWFT01.56281.1_2/6-84","OWFT01","SAMEA3708477","['Anaerobic_bacterium_sk.prop8__Bv2Prop2', 'Desulfitibacter_alkalitolerans__DfiAlka2']",NA,TRUE,"Anaerobic_bacterium_sk.prop8__Bv2Prop2"
"OQUK01.113436.1_1/6-117","OQUK01","SAMN06018971","['Desulfitibacter_alkalitolerans__DfiAlka2']",0.953887556332035,TRUE,"Desulfitibacter_alkalitolerans__DfiAlka2"
"UEOD01.19444.1_1/60-285","UEOD01","SAMN06115526","['Bilophila_wadsworthia__BilWads6', 'Bilophila_sp._4_1_30__BilSpec3']",NA,TRUE,"Bilophila_wadsworthia__BilWads6"
"UEOD01.25847.1_1/1-184","UEOD01","SAMN06115526","['Bilophila_wadsworthia__BilWads6']",0.123468370502427,TRUE,"Bilophila_wadsworthia__BilWads6"
"UXQN01.28851.1_2/63-436","UXQN01","SAMEA2162036","['Desulfovibrio_piger__DslPige3', 'Desulfovibrio_piger__DslPige4']",0.0561410912742298,TRUE,"Desulfovibrio_piger__DslPige3"
"OWFN01.716.1_15/64-437","OWFN01","SAMEA3708647","['Bilophila_wadsworthia__BilWads6']",1.50000025001454e-06,TRUE,"Bilophila_wadsworthia__BilWads6"
"OWFN01.716.1_14/11-266","OWFN01","SAMEA3708647","['Bilophila_sp._4_1_30__BilSpec3']",0.0016698334302823,TRUE,"Bilophila_sp._4_1_30__BilSpec3"
"OWAH01.679.1_22/64-437","OWAH01","SAMEA3708601","['Bilophila_wadsworthia__BilWads6']",1.50000025001454e-06,TRUE,"Bilophila_wadsworthia__BilWads6"
"OWAH01.679.1_21/11-266","OWAH01","SAMEA3708601","['Bilophila_wadsworthia__BilWads6']",1.50000025001454e-06,TRUE,"Bilophila_wadsworthia__BilWads6"
"OWAH01.42258.1_1/1-218","OWAH01","SAMEA3708601","['Desulfovibrio_piger__DslPige3', 'Desulfovibrio_piger__DslPige4']",0.10857709127423,TRUE,"Desulfovibrio_piger__DslPige3"
"OWAH01.53685.1_1/1-179","OWAH01","SAMEA3708601","['uncultured_bacterium__EF645667']",0.298976276190246,TRUE,"uncultured_bacterium__EF645667"
"OWAH01.51561.1_1/51-146","OWAH01","SAMEA3708601","['Gordonibacter_pamelaeae_7-10-1-b__FP929047']",NA,TRUE,"Gordonibacter_pamelaeae_7-10-1-b__FP929047"
"OWAH01.34989.1_1/73-133","OWAH01","SAMEA3708601","['Gordonibacter_pamelaeae__GrdPame5']",0.20886422102967,TRUE,"Gordonibacter_pamelaeae__GrdPame5"
"UPCO01.781.1_21/64-437","UPCO01","SAMEA2737710","['Bilophila_wadsworthia__BilWads6']",1.50000025001454e-06,TRUE,"Bilophila_wadsworthia__BilWads6"
"UPCO01.781.1_20/11-266","UPCO01","SAMEA2737710","['Bilophila_wadsworthia__BilWads6']",1.50000025001454e-06,TRUE,"Bilophila_wadsworthia__BilWads6"
"UMCF01.1558.1_1/62-163","UMCF01","SAMEA4835958","['uncultured_bacterium__EF645667', 'Candidatus_Desulfovibrio_trichonymphae', 'Bilophila_wadsworthia__BilWads6']",NA,TRUE,"uncultured_bacterium__EF645667"
"ULPT01.6626.1_1/1-171","ULPT01","SAMEA4835636","['Desulfovibrio_piger__DslPige4', 'Desulfovibrio_piger__DslPige3']",NA,TRUE,"Desulfovibrio_piger__DslPige4"
"ORRI01.41046.1_1/1-180","ORRI01","SAMEA2338623","['uncultured_bacterium__EF645667']",0.428225276190246,TRUE,"uncultured_bacterium__EF645667"
"ORRI01.13236.1_3/1-113","ORRI01","SAMEA2338623","['Desulfovibrio_sp._6_1_46AFAA__DsvSp231']",0.338202417985541,TRUE,"Desulfovibrio_sp._6_1_46AFAA__DsvSp231"
"OVMK01.23643.1_1/4-258","OVMK01","SAMN06016420","['Bilophila_wadsworthia__BilWads6']",0.117788370502427,TRUE,"Bilophila_wadsworthia__BilWads6"
"OVMK01.33488.1_1/37-249","OVMK01","SAMN06016420","['Bilophila_sp._4_1_30__BilSpec3']",0.0243168334302823,TRUE,"Bilophila_sp._4_1_30__BilSpec3"
"UZUS01.1452.1_14/62-435","UZUS01","SAMN00792079","['uncultured_bacterium__EF645667']",0.476920276190246,TRUE,"uncultured_bacterium__EF645667"
"UZUS01.2318.1_1/1-355","UZUS01","SAMN00792079","['Bilophila_wadsworthia__BilWads6', 'Bilophila_sp._4_1_30__BilSpec3']",NA,TRUE,"Bilophila_wadsworthia__BilWads6"
"UZUS01.2318.1_2/11-266","UZUS01","SAMN00792079","['Bilophila_wadsworthia__BilWads6']",1.50000025001454e-06,TRUE,"Bilophila_wadsworthia__BilWads6"
"UZUS01.1452.1_15/11-266","UZUS01","SAMN00792079","['uncultured_bacterium__EF645667']",0.608863276190246,TRUE,"uncultured_bacterium__EF645667"
"OVSX01.14992.1_1/53-400","OVSX01","SAMN06016334","['Anaerobic_bacterium_sk.prop8__Bv2Prop2']",1.16623553982822,TRUE,"Anaerobic_bacterium_sk.prop8__Bv2Prop2"
"OVSX01.14992.1_2/6-220","OVSX01","SAMN06016334","['Anaerobic_bacterium_sk.prop8__Bv2Prop2']",NA,TRUE,"Anaerobic_bacterium_sk.prop8__Bv2Prop2"
"OVSX01.54276.1_1/1-208","OVSX01","SAMN06016334","['Desulfovibrio_piger__DslPige4', 'Desulfovibrio_piger__DslPige3']",NA,TRUE,"Desulfovibrio_piger__DslPige4"
"OVLV01.2220.1_4/65-438","OVLV01","SAMN06016341","['Desulfovibrio_piger__DslPige3', 'Desulfovibrio_piger__DslPige4']",0.0595200912742298,TRUE,"Desulfovibrio_piger__DslPige3"
"OVLV01.5272.1_2/11-266","OVLV01","SAMN06016341","['uncultured_bacterium__EF645667']",0.212823276190246,TRUE,"uncultured_bacterium__EF645667"
"OVLV01.5272.1_3/1-293","OVLV01","SAMN06016341","['Bilophila_wadsworthia__BilWads6']",0.136305370502427,TRUE,"Bilophila_wadsworthia__BilWads6"
"UMEA01.46735.1_2/2-119","UMEA01","SAMEA4836007","['Desulfovibrio_piger__DslPige4', 'Desulfovibrio_piger__DslPige3', 'Desulfovibrio_piger__DslPige2']",NA,TRUE,"Desulfovibrio_piger__DslPige4"
"OQPY01.9861.1_3/1-111","OQPY01","SAMN02712136","['Bilophila_sp._4_1_30__BilSpec3', 'Bilophila_wadsworthia__BilWads6', 'uncultured_bacterium__EF645667']",NA,TRUE,"Bilophila_sp._4_1_30__BilSpec3"
"UMIP01.67128.1_2/63-436","UMIP01","SAMEA4836117","['Desulfovibrio_vulgaris__DQ826729']",0.434694909358552,TRUE,"Desulfovibrio_vulgaris__DQ826729"
"UMIP01.4942.1_6/64-437","UMIP01","SAMEA4836117","['Bilophila_wadsworthia__BilWads6']",1.50000025001454e-06,TRUE,"Bilophila_wadsworthia__BilWads6"
"UMIP01.67128.1_3/11-266","UMIP01","SAMEA4836117","['Bilophila_wadsworthia__BilWads6']",0.309860370502427,TRUE,"Bilophila_wadsworthia__BilWads6"
"UMIP01.4942.1_5/11-266","UMIP01","SAMEA4836117","['Bilophila_wadsworthia__BilWads6']",1.50000025001454e-06,TRUE,"Bilophila_wadsworthia__BilWads6"
"UMIP01.24371.1_4/11-266","UMIP01","SAMEA4836117","['Desulfovibrio_piger__DslPige3', 'Desulfovibrio_piger__DslPige4']",0.0018347876807884,TRUE,"Desulfovibrio_piger__DslPige3"
"UMIP01.2713.1_2/11-266","UMIP01","SAMEA4836117","['uncultured_bacterium__EF645667']",0.196136276190246,TRUE,"uncultured_bacterium__EF645667"
"UMIP01.2713.1_1/10-174","UMIP01","SAMEA4836117","['Desulfovibrio_piger__DslPige3', 'Desulfovibrio_piger__DslPige4', 'Desulfovibrio_piger__DslPige2']",NA,TRUE,"Desulfovibrio_piger__DslPige3"
"UMIP01.24371.1_5/2-136","UMIP01","SAMEA4836117","['Desulfovibrio_piger__DslPige3', 'Desulfovibrio_piger__DslPige4', 'Desulfovibrio_piger__DslPige2']",NA,TRUE,"Desulfovibrio_piger__DslPige3"
"USVT01.9281.1_2/64-437","USVT01","SAMN06112019","['Bilophila_sp._4_1_30__BilSpec3']",0.0077978334302823,TRUE,"Bilophila_sp._4_1_30__BilSpec3"
"USVT01.9281.1_1/11-266","USVT01","SAMN06112019","['Bilophila_wadsworthia__BilWads6']",1.50000025001454e-06,TRUE,"Bilophila_wadsworthia__BilWads6"
"OYCY01.33916.1_1/3-194","OYCY01","SAMN06164763","['Desulfitibacter_alkalitolerans__DfiAlka2']",1.20857255633203,TRUE,"Desulfitibacter_alkalitolerans__DfiAlka2"
"OVMA01.36195.1_1/11-107","OVMA01","SAMN06016372","['Bilophila_wadsworthia__BilWads6', 'Bilophila_sp._4_1_30__BilSpec3']",NA,TRUE,"Bilophila_wadsworthia__BilWads6"
"OVMA01.36195.1_2/1-111","OVMA01","SAMN06016372","['Bilophila_wadsworthia__BilWads6', 'Bilophila_sp._4_1_30__BilSpec3', 'uncultured_bacterium__EF645667']",NA,TRUE,"Bilophila_wadsworthia__BilWads6"
"ORJY01.597.1_5/1-343","ORJY01","SAMN04329851","['Anaerobic_bacterium_sk.prop8__Bv2Prop2']",1.13300853982822,TRUE,"Anaerobic_bacterium_sk.prop8__Bv2Prop2"
"ORJY01.597.1_4/7-240","ORJY01","SAMN04329851","['Desulfitibacter_alkalitolerans__DfiAlka2']",0.923001556332035,TRUE,"Desulfitibacter_alkalitolerans__DfiAlka2"
"OVTF01.23111.1_1/64-323","OVTF01","SAMN06016412","['Bilophila_wadsworthia__BilWads6', 'Bilophila_sp._4_1_30__BilSpec3']",NA,TRUE,"Bilophila_wadsworthia__BilWads6"
"OVTF01.3900.1_2/2-216","OVTF01","SAMN06016412","['Bilophila_wadsworthia__BilWads6']",NA,TRUE,"Bilophila_wadsworthia__BilWads6"
"OVTF01.3900.1_1/2-86","OVTF01","SAMN06016412","['Bilophila_wadsworthia__BilWads6', 'Bilophila_sp._4_1_30__BilSpec3', 'uncultured_bacterium__EF645667']",NA,TRUE,"Bilophila_wadsworthia__BilWads6"
"ORQK01.22490.1_1/1-176","ORQK01","SAMEA2338669","['Bilophila_wadsworthia__BilWads6']",NA,TRUE,"Bilophila_wadsworthia__BilWads6"
"ORQK01.21855.1_2/64-174","ORQK01","SAMEA2338669","['Bilophila_sp._4_1_30__BilSpec3']",0.0307888334302823,TRUE,"Bilophila_sp._4_1_30__BilSpec3"
"OQQH01.30758.1_1/11-266","OQQH01","SAMN02712190","['Bilophila_sp._4_1_30__BilSpec3']",0.0016698334302823,TRUE,"Bilophila_sp._4_1_30__BilSpec3"
"OQQH01.83241.1_1/1-199","OQQH01","SAMN02712190","['Bilophila_wadsworthia__BilWads6', 'Bilophila_sp._4_1_30__BilSpec3']",NA,TRUE,"Bilophila_wadsworthia__BilWads6"
"UZVA01.42736.1_1/63-203","UZVA01","SAMN00792059","['Desulfovibrio_piger__DslPige3', 'Desulfovibrio_piger__DslPige4']",NA,TRUE,"Desulfovibrio_piger__DslPige3"
"UYDG01.107344.1_1/1-142","UYDG01","SAMEA2144980","['Bilophila_wadsworthia__BilWads6']",0.0993673705024268,TRUE,"Bilophila_wadsworthia__BilWads6"
"UYDG01.105161.1_1/1-118","UYDG01","SAMEA2144980","['Bilophila_wadsworthia__BilWads6']",0.190454370502427,TRUE,"Bilophila_wadsworthia__BilWads6"
"UYDG01.20295.1_3/2-97","UYDG01","SAMEA2144980","['Bilophila_sp._4_1_30__BilSpec3']",0.136182833430282,TRUE,"Bilophila_sp._4_1_30__BilSpec3"
"OWSB01.141.1_37/62-435","OWSB01","SAMEA4378313","['uncultured_bacterium__EF645667']",0.479939276190246,TRUE,"uncultured_bacterium__EF645667"
"OWSB01.1638.1_14/53-397","OWSB01","SAMEA4378313","['Anaerobic_bacterium_sk.prop8__Bv2Prop2']",1.36866853982822,TRUE,"Anaerobic_bacterium_sk.prop8__Bv2Prop2"
"OWSB01.141.1_38/11-266","OWSB01","SAMEA4378313","['uncultured_bacterium__EF645667']",0.597408276190246,TRUE,"uncultured_bacterium__EF645667"
"OWSB01.1638.1_13/5-240","OWSB01","SAMEA4378313","['Desulfitibacter_alkalitolerans__DfiAlka2']",1.28401955633203,TRUE,"Desulfitibacter_alkalitolerans__DfiAlka2"
"UPCT01.38833.1_1/64-437","UPCT01","SAMEA2737684","['Bilophila_wadsworthia__BilWads6']",1.50000025001454e-06,TRUE,"Bilophila_wadsworthia__BilWads6"
"UPCV01.17774.1_2/51-395","UPCV01","SAMEA2737688","['Gordonibacter_pamelaeae_7-10-1-b__FP929047']",0.00759969517357038,TRUE,"Gordonibacter_pamelaeae_7-10-1-b__FP929047"
"UPCV01.20853.1_2/1-142","UPCV01","SAMEA2737688","['Gordonibacter_pamelaeae__GrdPame5']",NA,TRUE,"Gordonibacter_pamelaeae__GrdPame5"
"UPCV01.17774.1_1/3-82","UPCV01","SAMEA2737688","['Gordonibacter_pamelaeae__GrdPame5']",NA,TRUE,"Gordonibacter_pamelaeae__GrdPame5"
"UBNS01.12052.1_2/5-240","UBNS01","SAMEA4431933","['Desulfitibacter_alkalitolerans__DfiAlka2']",1.30437955633203,TRUE,"Desulfitibacter_alkalitolerans__DfiAlka2"
"UMGC01.85348.1_4/64-437","UMGC01","SAMEA4836061","['Bilophila_sp._4_1_30__BilSpec3']",0.0077598334302823,TRUE,"Bilophila_sp._4_1_30__BilSpec3"
"UMGC01.85348.1_5/11-85","UMGC01","SAMEA4836061","['Bilophila_wadsworthia__BilWads6', 'Bilophila_sp._4_1_30__BilSpec3']",NA,TRUE,"Bilophila_wadsworthia__BilWads6"
"UZHT01.11967.1_2/1-166","UZHT01","SAMN00791920","['Bilophila_wadsworthia__BilWads6']",NA,TRUE,"Bilophila_wadsworthia__BilWads6"
"UYLP01.1698.1_11/64-437","UYLP01","SAMN03653691","['Bilophila_wadsworthia__BilWads6']",1.50000025001454e-06,TRUE,"Bilophila_wadsworthia__BilWads6"
"UYLP01.1698.1_12/11-266","UYLP01","SAMN03653691","['Bilophila_sp._4_1_30__BilSpec3']",0.0016698334302823,TRUE,"Bilophila_sp._4_1_30__BilSpec3"
"OQNA01.2324.1_1/64-141","OQNA01","SAMD00036425","['Bilophila_wadsworthia__BilWads6', 'Bilophila_sp._4_1_30__BilSpec3', 'uncultured_bacterium__EF645667', 'Desulfovibrio_piger__DslPige3', 'Desulfovibrio_piger__DslPige4']",NA,TRUE,"Bilophila_wadsworthia__BilWads6"
"ORBQ01.338.1_24/64-437","ORBQ01","SAMN05024041","['Bilophila_sp._4_1_30__BilSpec3']",0.0077598334302823,TRUE,"Bilophila_sp._4_1_30__BilSpec3"
"ORBQ01.338.1_23/11-266","ORBQ01","SAMN05024041","['Bilophila_sp._4_1_30__BilSpec3']",0.0016698334302823,TRUE,"Bilophila_sp._4_1_30__BilSpec3"
"USWB01.3251.1_10/64-437","USWB01","SAMN06111982","['Bilophila_wadsworthia__BilWads6']",1.50000025001454e-06,TRUE,"Bilophila_wadsworthia__BilWads6"
"USWB01.3251.1_11/11-266","USWB01","SAMN06111982","['Bilophila_wadsworthia__BilWads6']",1.50000025001454e-06,TRUE,"Bilophila_wadsworthia__BilWads6"
"USWB01.65136.1_1/37-227","USWB01","SAMN06111982","['Anaerobic_bacterium_sk.prop8__Bv2Prop2']",1.14882853982822,TRUE,"Anaerobic_bacterium_sk.prop8__Bv2Prop2"
"OWDP01.64553.1_2/11-126","OWDP01","SAMEA3708558","['uncultured_bacterium__EF645667']",0.429438170607274,TRUE,"uncultured_bacterium__EF645667"
"OOWF01.12486.1_1/1-264","OOWF01","SAMEA2042915","['Desulfovibrio_piger__DslPige3', 'Desulfovibrio_piger__DslPige4']",0.0865530912742298,TRUE,"Desulfovibrio_piger__DslPige3"
"OWBI01.4399.1_4/64-437","OWBI01","SAMEA3708516","['Bilophila_wadsworthia__BilWads6']",1.50000025001454e-06,TRUE,"Bilophila_wadsworthia__BilWads6"
"OWBI01.4399.1_3/1-253","OWBI01","SAMEA3708516","['Bilophila_wadsworthia__BilWads6']",0.00942450000025001,TRUE,"Bilophila_wadsworthia__BilWads6"
"OWDE01.3464.1_7/64-437","OWDE01","SAMEA3708515","['Bilophila_wadsworthia__BilWads6']",1.50000025001454e-06,TRUE,"Bilophila_wadsworthia__BilWads6"
"OWDE01.3464.1_6/11-266","OWDE01","SAMEA3708515","['Bilophila_wadsworthia__BilWads6']",1.50000025001454e-06,TRUE,"Bilophila_wadsworthia__BilWads6"
"OYWU01.53823.1_1/1-91","OYWU01","SAMN06165043","['Bilophila_wadsworthia__BilWads6']",0.0993673705024268,TRUE,"Bilophila_wadsworthia__BilWads6"
"OPUS01.12942.1_2/179-529","OPUS01","SAMEA2043042","['Desulfovibrio_piger__DslPige3', 'Desulfovibrio_piger__DslPige4']",0.0799780912742298,TRUE,"Desulfovibrio_piger__DslPige3"
"OPUS01.12942.1_1/11-189","OPUS01","SAMEA2043042","['Desulfovibrio_piger__DslPige3', 'Desulfovibrio_piger__DslPige4']",0.0555037876807884,TRUE,"Desulfovibrio_piger__DslPige3"
"OZCU01.7988.1_2/27-293","OZCU01","SAMN06165100","['Moorella_thermoacetica_Y72_copy_2__MooTher5']",6.73074261945668,TRUE,"Moorella_thermoacetica_Y72_copy_2__MooTher5"
"UPSX01.18928.1_1/64-431","UPSX01","SAMN06112033","['Bilophila_sp._4_1_30__BilSpec3']",0.0271428334302823,TRUE,"Bilophila_sp._4_1_30__BilSpec3"
"UPSX01.8822.1_3/25-254","UPSX01","SAMN06112033","['Bilophila_wadsworthia__BilWads6']",0.120867370502427,TRUE,"Bilophila_wadsworthia__BilWads6"
"OYWQ01.29956.1_2/11-180","OYWQ01","SAMN06165045","['Bilophila_wadsworthia__BilWads6']",NA,TRUE,"Bilophila_wadsworthia__BilWads6"
"OWBS01.2427.1_1/1-305","OWBS01","SAMEA3708483","['Bilophila_wadsworthia__BilWads6', 'Bilophila_sp._4_1_30__BilSpec3']",NA,TRUE,"Bilophila_wadsworthia__BilWads6"
"OWBS01.2427.1_2/11-266","OWBS01","SAMEA3708483","['Bilophila_wadsworthia__BilWads6']",1.50000025001454e-06,TRUE,"Bilophila_wadsworthia__BilWads6"
"OWBS01.6670.1_5/64-125","OWBS01","SAMEA3708483","['Bilophila_wadsworthia__BilWads6', 'Bilophila_sp._4_1_30__BilSpec3', 'uncultured_bacterium__EF645667', 'Desulfovibrio_piger__DslPige3', 'Desulfovibrio_piger__DslPige4']",NA,TRUE,"Bilophila_wadsworthia__BilWads6"
"UPEH01.6792.1_3/11-266","UPEH01","SAMEA2737704","['Bilophila_wadsworthia__BilWads6']",1.50000025001454e-06,TRUE,"Bilophila_wadsworthia__BilWads6"
"UPEH01.6792.1_4/1-91","UPEH01","SAMEA2737704","['Bilophila_wadsworthia__BilWads6', 'Bilophila_sp._4_1_30__BilSpec3', 'uncultured_bacterium__EF645667']",NA,TRUE,"Bilophila_wadsworthia__BilWads6"
"UPXA01.14720.1_1/63-436","UPXA01","SAMN06112028","['Desulfovibrio_piger__DslPige3', 'Desulfovibrio_piger__DslPige4']",0.0536460912742298,TRUE,"Desulfovibrio_piger__DslPige3"
"UPXA01.30733.1_1/11-266","UPXA01","SAMN06112028","['Desulfovibrio_piger__DslPige3', 'Desulfovibrio_piger__DslPige4']",0.0018347876807884,TRUE,"Desulfovibrio_piger__DslPige3"
"UPXA01.14720.1_2/11-212","UPXA01","SAMN06112028","['uncultured_bacterium__EF645667']",0.213411276190246,TRUE,"uncultured_bacterium__EF645667"
"UYCP01.55456.1_2/1-355","UYCP01","SAMEA2153852","['uncultured_bacterium__EF645667']",0.093809677392887,TRUE,"uncultured_bacterium__EF645667"
"UYCG01.10763.1_7/53-397","UYCG01","SAMEA2150726","['Anaerobic_bacterium_sk.prop8__Bv2Prop2']",1.37576653982822,TRUE,"Anaerobic_bacterium_sk.prop8__Bv2Prop2"
"UYCG01.19127.1_2/11-266","UYCG01","SAMEA2150726","['uncultured_bacterium__EF645667']",0.194516276190246,TRUE,"uncultured_bacterium__EF645667"
"UYCG01.19127.1_1/1-263","UYCG01","SAMEA2150726","['Desulfovibrio_piger__DslPige3', 'Desulfovibrio_piger__DslPige4']",NA,TRUE,"Desulfovibrio_piger__DslPige3"
"UYCG01.10763.1_6/5-240","UYCG01","SAMEA2150726","['Desulfitibacter_alkalitolerans__DfiAlka2']",1.27797155633203,TRUE,"Desulfitibacter_alkalitolerans__DfiAlka2"
"UYCG01.36472.1_1/63-199","UYCG01","SAMEA2150726","['Desulfovibrio_piger__DslPige3', 'Desulfovibrio_piger__DslPige4']",0.185211787680788,TRUE,"Desulfovibrio_piger__DslPige3"
"UYCG01.6315.1_6/27-293","UYCG01","SAMEA2150726","['Moorella_thermoacetica_Y72_copy_2__MooTher5']",6.81049761945668,TRUE,"Moorella_thermoacetica_Y72_copy_2__MooTher5"
"OZAB01.1850.1_5/27-294","OZAB01","SAMN06165154","['Moorella_thermoacetica_Y72_copy_2__MooTher5']",7.00372561945668,TRUE,"Moorella_thermoacetica_Y72_copy_2__MooTher5"
"OZAB01.411.1_19/28-293","OZAB01","SAMN06165154","['Moorella_thermoacetica_Y72_copy_2__MooTher5']",7.08102461945668,TRUE,"Moorella_thermoacetica_Y72_copy_2__MooTher5"
"UYFS01.6872.1_3/63-436","UYFS01","SAMEA2149794","['Desulfovibrio_piger__DslPige3']",0.0269947876807884,TRUE,"Desulfovibrio_piger__DslPige3"
"UYFS01.6872.1_2/11-266","UYFS01","SAMEA2149794","['Desulfovibrio_piger__DslPige3']",0.0711500912742298,TRUE,"Desulfovibrio_piger__DslPige3"
"UYFS01.44921.1_2/1-197","UYFS01","SAMEA2149794","['Anaerobic_bacterium_sk.prop8__Bv2Prop2']",1.35418253982822,TRUE,"Anaerobic_bacterium_sk.prop8__Bv2Prop2"
"UYFS01.37260.1_2/1-129","UYFS01","SAMEA2149794","['Desulfitibacter_alkalitolerans__DfiAlka2']",NA,TRUE,"Desulfitibacter_alkalitolerans__DfiAlka2"
"UYFS01.63654.1_1/52-169","UYFS01","SAMEA2149794","['Anaerobic_bacterium_sk.prop8__Bv2Prop2', 'MSW_digester_clone__Unc01cxc']",NA,TRUE,"Anaerobic_bacterium_sk.prop8__Bv2Prop2"
"UYFS01.44921.1_1/4-104","UYFS01","SAMEA2149794","['Caldiserica_bacterium__Cl9Bacte']",1.47624230883394,TRUE,"Caldiserica_bacterium__Cl9Bacte"
"UMGZ01.72067.1_1/64-437","UMGZ01","SAMEA4836087","['Bilophila_wadsworthia__BilWads6']",1.50000025001454e-06,TRUE,"Bilophila_wadsworthia__BilWads6"
"UMGZ01.75693.1_4/1-352","UMGZ01","SAMEA4836087","['uncultured_bacterium__EF645667']",0.474586276190246,TRUE,"uncultured_bacterium__EF645667"
"UMGZ01.75693.1_3/11-266","UMGZ01","SAMEA4836087","['uncultured_bacterium__EF645667']",0.608863276190246,TRUE,"uncultured_bacterium__EF645667"
"UMGZ01.56983.1_1/1-208","UMGZ01","SAMEA4836087","['Bilophila_wadsworthia__BilWads6']",NA,TRUE,"Bilophila_wadsworthia__BilWads6"
"OVSU01.16759.1_1/64-398","OVSU01","SAMN06016348","['Bilophila_wadsworthia__BilWads6', 'Bilophila_sp._4_1_30__BilSpec3']",NA,TRUE,"Bilophila_wadsworthia__BilWads6"
"ULSV01.33478.1_4/64-437","ULSV01","SAMEA4835717","['Bilophila_wadsworthia__BilWads6']",1.50000025001454e-06,TRUE,"Bilophila_wadsworthia__BilWads6"
"ULSV01.33478.1_3/11-266","ULSV01","SAMEA4835717","['Bilophila_wadsworthia__BilWads6']",0.00919450000025001,TRUE,"Bilophila_wadsworthia__BilWads6"
"OWGB01.33836.1_1/64-123","OWGB01","SAMEA3708625","['Bilophila_wadsworthia__BilWads6', 'Bilophila_sp._4_1_30__BilSpec3', 'uncultured_bacterium__EF645667', 'Desulfovibrio_piger__DslPige3', 'Desulfovibrio_piger__DslPige4']",NA,TRUE,"Bilophila_wadsworthia__BilWads6"
"UXRU01.2831.1_8/62-435","UXRU01","SAMEA2155093","['uncultured_bacterium__EF645667']",0.471300276190246,TRUE,"uncultured_bacterium__EF645667"
"UXRU01.2831.1_9/11-126","UXRU01","SAMEA2155093","['uncultured_bacterium__EF645667']",0.597408276190246,TRUE,"uncultured_bacterium__EF645667"
"ULUZ01.20894.1_1/64-144","ULUZ01","SAMEA4835771","['Bilophila_wadsworthia__BilWads6', 'Bilophila_sp._4_1_30__BilSpec3', 'uncultured_bacterium__EF645667', 'Desulfovibrio_piger__DslPige3', 'Desulfovibrio_piger__DslPige4']",NA,TRUE,"Bilophila_wadsworthia__BilWads6"
"UEYI01.9754.1_2/64-437","UEYI01","SAMN06115521","['Bilophila_wadsworthia__BilWads6']",1.50000025001454e-06,TRUE,"Bilophila_wadsworthia__BilWads6"
"UEYI01.16060.1_1/1-356","UEYI01","SAMN06115521","['Desulfovibrio_piger__DslPige3', 'Desulfovibrio_piger__DslPige4']",0.0684160912742298,TRUE,"Desulfovibrio_piger__DslPige3"
"UEYI01.9815.1_3/11-266","UEYI01","SAMN06115521","['Bilophila_wadsworthia__BilWads6']",0.309860370502427,TRUE,"Bilophila_wadsworthia__BilWads6"
"UEYI01.9754.1_1/11-266","UEYI01","SAMN06115521","['Bilophila_wadsworthia__BilWads6']",1.50000025001454e-06,TRUE,"Bilophila_wadsworthia__BilWads6"
"UEYI01.16060.1_2/11-266","UEYI01","SAMN06115521","['Desulfovibrio_piger__DslPige3', 'Desulfovibrio_piger__DslPige4']",0.0018347876807884,TRUE,"Desulfovibrio_piger__DslPige3"
"UEYI01.9815.1_4/1-242","UEYI01","SAMN06115521","['Desulfovibrio_vulgaris__DQ826729']",0.434694909358552,TRUE,"Desulfovibrio_vulgaris__DQ826729"
"UERU01.237.1_22/64-437","UERU01","SAMN06115519","['Bilophila_wadsworthia__BilWads6']",1.50000025001454e-06,TRUE,"Bilophila_wadsworthia__BilWads6"
"UERU01.237.1_21/11-266","UERU01","SAMN06115519","['Bilophila_wadsworthia__BilWads6']",1.50000025001454e-06,TRUE,"Bilophila_wadsworthia__BilWads6"
"ORSX01.1020.1_5/64-437","ORSX01","SAMEA2338795","['Bilophila_wadsworthia__BilWads6']",1.50000025001454e-06,TRUE,"Bilophila_wadsworthia__BilWads6"
"ORSX01.1020.1_6/11-266","ORSX01","SAMEA2338795","['Bilophila_sp._4_1_30__BilSpec3']",0.0016698334302823,TRUE,"Bilophila_sp._4_1_30__BilSpec3"
"OVYH01.10800.1_4/63-436","OVYH01","SAMEA3708497","['uncultured_bacterium__EF645667']",0.085775677392887,TRUE,"uncultured_bacterium__EF645667"
"OVYH01.10800.1_5/11-266","OVYH01","SAMEA3708497","['uncultured_bacterium__EF645667']",0.143520170607274,TRUE,"uncultured_bacterium__EF645667"
"OVYH01.36089.1_2/1-242","OVYH01","SAMEA3708497","['Bilophila_wadsworthia__BilWads6', 'Bilophila_sp._4_1_30__BilSpec3']",NA,TRUE,"Bilophila_wadsworthia__BilWads6"
"OVYH01.71234.1_1/42-206","OVYH01","SAMEA3708497","['Anaerobic_bacterium_sk.prop8__Bv2Prop2', 'Thermodesulfobium_narugense__CP002690', 'MSW_digester_clone__Unc01cxc']",NA,TRUE,"Anaerobic_bacterium_sk.prop8__Bv2Prop2"
"OVYH01.36089.1_1/11-171","OVYH01","SAMEA3708497","['Bilophila_wadsworthia__BilWads6']",0.0993673705024268,TRUE,"Bilophila_wadsworthia__BilWads6"
"OVYH01.21461.1_1/64-165","OVYH01","SAMEA3708497","['Bilophila_wadsworthia__BilWads6', 'Bilophila_sp._4_1_30__BilSpec3', 'uncultured_bacterium__EF645667', 'Desulfovibrio_piger__DslPige3', 'Desulfovibrio_piger__DslPige4']",NA,TRUE,"Bilophila_wadsworthia__BilWads6"
"OVYH01.22045.1_3/1-87","OVYH01","SAMEA3708497","['Bilophila_wadsworthia__BilWads6', 'Bilophila_sp._4_1_30__BilSpec3', 'Desulfovibrio_sp._6_1_46AFAA__DsvSp231', 'uncultured_bacterium__EF645667']",NA,TRUE,"Bilophila_wadsworthia__BilWads6"
"UYEH01.19675.1_2/1-256","UYEH01","SAMEA2161897","['Bilophila_wadsworthia__BilWads6', 'Bilophila_sp._4_1_30__BilSpec3']",NA,TRUE,"Bilophila_wadsworthia__BilWads6"
"UYEH01.19675.1_1/11-128","UYEH01","SAMEA2161897","['Bilophila_wadsworthia__BilWads6', 'Bilophila_sp._4_1_30__BilSpec3']",NA,TRUE,"Bilophila_wadsworthia__BilWads6"
"UBZQ01.24531.1_2/56-429","UBZQ01","SAMEA4431882","['Desulfovibrio_piger__DslPige3']",0.0265537876807884,TRUE,"Desulfovibrio_piger__DslPige3"
"UBZQ01.18765.1_3/2-156","UBZQ01","SAMEA4431882","['Desulfovibrio_piger__DslPige3', 'Desulfovibrio_piger__DslPige4']",NA,TRUE,"Desulfovibrio_piger__DslPige3"
"UBZQ01.4205.1_5/26-290","UBZQ01","SAMEA4431882","['Moorella_thermoacetica_Y72_copy_2__MooTher5']",8.03293261945668,TRUE,"Moorella_thermoacetica_Y72_copy_2__MooTher5"
"OUPM01.8747.1_3/10-383","OUPM01","SAMN05356879","['Desulfovibrio_piger__DslPige3']",0.0721370912742298,TRUE,"Desulfovibrio_piger__DslPige3"
"OUPM01.8747.1_2/11-266","OUPM01","SAMN05356879","['Desulfovibrio_piger__DslPige3', 'Desulfovibrio_piger__DslPige4']",0.0713240912742298,TRUE,"Desulfovibrio_piger__DslPige3"
"ORSW01.10511.1_3/1-213","ORSW01","SAMEA2338856","['Bilophila_wadsworthia__BilWads6']",0.225938370502427,TRUE,"Bilophila_wadsworthia__BilWads6"
"OQLC01.36822.1_2/11-102","OQLC01","SAMD00036381","['Bilophila_wadsworthia__BilWads6', 'Bilophila_sp._4_1_30__BilSpec3']",NA,TRUE,"Bilophila_wadsworthia__BilWads6"
"OQLC01.36822.1_1/2-100","OQLC01","SAMD00036381","['Bilophila_sp._4_1_30__BilSpec3']",0.114784833430282,TRUE,"Bilophila_sp._4_1_30__BilSpec3"
"ORQA01.75693.1_1/64-167","ORQA01","SAMEA2338631","['Bilophila_sp._4_1_30__BilSpec3']",NA,TRUE,"Bilophila_sp._4_1_30__BilSpec3"
"UAHF01.2177.1_2/27-294","UAHF01","SAMN06165266","['Moorella_thermoacetica_Y72_copy_2__MooTher5']",7.00372561945668,TRUE,"Moorella_thermoacetica_Y72_copy_2__MooTher5"
"UALJ01.19214.1_1/65-248","UALJ01","SAMN06164784","['Desulfovibrio_piger__DslPige3', 'Desulfovibrio_piger__DslPige4', 'uncultured_bacterium__EF645667']",NA,TRUE,"Desulfovibrio_piger__DslPige3"
"UALJ01.26018.1_1/11-201","UALJ01","SAMN06164784","['Desulfovibrio_piger__DslPige3']",0.0734420912742298,TRUE,"Desulfovibrio_piger__DslPige3"
"UALJ01.2265.1_2/29-295","UALJ01","SAMN06164784","['Moorella_thermoacetica_Y72_copy_2__MooTher5']",6.73074261945668,TRUE,"Moorella_thermoacetica_Y72_copy_2__MooTher5"
"ORUE01.11900.1_2/11-179","ORUE01","SAMEA2338790","['Bilophila_wadsworthia__BilWads6']",NA,TRUE,"Bilophila_wadsworthia__BilWads6"
"ORUE01.11900.1_1/1-202","ORUE01","SAMEA2338790","['Bilophila_wadsworthia__BilWads6', 'Bilophila_sp._4_1_30__BilSpec3']",NA,TRUE,"Bilophila_wadsworthia__BilWads6"
"UMHW01.41926.1_1/1-129","UMHW01","SAMEA4836107","['Bilophila_wadsworthia__BilWads6']",NA,TRUE,"Bilophila_wadsworthia__BilWads6"
"UMHW01.62769.1_1/64-173","UMHW01","SAMEA4836107","['Bilophila_wadsworthia__BilWads6', 'Bilophila_sp._4_1_30__BilSpec3', 'uncultured_bacterium__EF645667', 'Desulfovibrio_piger__DslPige3', 'Desulfovibrio_piger__DslPige4']",NA,TRUE,"Bilophila_wadsworthia__BilWads6"
"UMHW01.21742.1_2/11-115","UMHW01","SAMEA4836107","['Bilophila_wadsworthia__BilWads6', 'Bilophila_sp._4_1_30__BilSpec3']",NA,TRUE,"Bilophila_wadsworthia__BilWads6"
"UPCY01.822.1_34/62-435","UPCY01","SAMEA2737662","['uncultured_bacterium__EF645667']",0.474586276190246,TRUE,"uncultured_bacterium__EF645667"
"UPCY01.822.1_35/11-266","UPCY01","SAMEA2737662","['uncultured_bacterium__EF645667']",0.597408276190246,TRUE,"uncultured_bacterium__EF645667"
"ORJW01.25549.1_2/1-217","ORJW01","SAMN04329773","['Bilophila_wadsworthia__BilWads6']",0.123301370502427,TRUE,"Bilophila_wadsworthia__BilWads6"
"ORJW01.50706.1_1/2-106","ORJW01","SAMN04329773","['Bilophila_wadsworthia__BilWads6', 'Bilophila_sp._4_1_30__BilSpec3', 'uncultured_bacterium__EF645667', 'Desulfovibrio_piger__DslPige3', 'Desulfovibrio_piger__DslPige4']",NA,TRUE,"Bilophila_wadsworthia__BilWads6"
"OZBH01.16062.1_1/1-283","OZBH01","SAMN06164923","['Bilophila_wadsworthia__BilWads6', 'Bilophila_sp._4_1_30__BilSpec3']",NA,TRUE,"Bilophila_wadsworthia__BilWads6"
"OZRO01.26676.1_2/1-155","OZRO01","SAMN06164615","['Desulfovibrio_piger__DslPige4', 'Desulfovibrio_piger__DslPige3', 'Desulfovibrio_piger__DslPige2']",NA,TRUE,"Desulfovibrio_piger__DslPige4"
"ORNJ01.20593.1_1/7-261","ORNJ01","SAMEA2338734","['Desulfovibrio_piger__DslPige3']",0.0296887876807884,TRUE,"Desulfovibrio_piger__DslPige3"
"ORNJ01.32790.1_1/1-218","ORNJ01","SAMEA2338734","['Desulfovibrio_piger__DslPige3', 'Desulfovibrio_piger__DslPige4']",0.0850840912742298,TRUE,"Desulfovibrio_piger__DslPige3"
"UZQZ01.16663.1_1/64-205","UZQZ01","SAMN00792039","['Bilophila_wadsworthia__BilWads6', 'Bilophila_sp._4_1_30__BilSpec3', 'uncultured_bacterium__EF645667', 'Desulfovibrio_piger__DslPige3', 'Desulfovibrio_piger__DslPige4']",NA,TRUE,"Bilophila_wadsworthia__BilWads6"
"UZQZ01.22762.1_2/4-168","UZQZ01","SAMN00792039","['Bilophila_wadsworthia__BilWads6', 'Bilophila_sp._4_1_30__BilSpec3']",NA,TRUE,"Bilophila_wadsworthia__BilWads6"
"UZQZ01.22762.1_1/11-127","UZQZ01","SAMN00792039","['Bilophila_wadsworthia__BilWads6', 'Bilophila_sp._4_1_30__BilSpec3']",NA,TRUE,"Bilophila_wadsworthia__BilWads6"
"OZHP01.48.1_38/27-294","OZHP01","SAMN06165313","['Moorella_thermoacetica_Y72_copy_2__MooTher5']",6.98282761945668,TRUE,"Moorella_thermoacetica_Y72_copy_2__MooTher5"
"OPVK01.67805.1_1/1-167","OPVK01","SAMEA2042002","['Desulfovibrio_piger__DslPige3', 'Desulfovibrio_piger__DslPige4']",0.0470370912742298,TRUE,"Desulfovibrio_piger__DslPige3"
"OWBG01.8946.1_2/11-266","OWBG01","SAMEA3708678","['Bilophila_wadsworthia__BilWads6']",1.50000025001454e-06,TRUE,"Bilophila_wadsworthia__BilWads6"
"OWBG01.11199.1_1/64-176","OWBG01","SAMEA3708678","['Bilophila_wadsworthia__BilWads6', 'Bilophila_sp._4_1_30__BilSpec3', 'uncultured_bacterium__EF645667', 'Desulfovibrio_piger__DslPige3', 'Desulfovibrio_piger__DslPige4']",NA,TRUE,"Bilophila_wadsworthia__BilWads6"
"OWBG01.8946.1_1/2-119","OWBG01","SAMEA3708678","['Bilophila_wadsworthia__BilWads6', 'Bilophila_sp._4_1_30__BilSpec3', 'uncultured_bacterium__EF645667']",NA,TRUE,"Bilophila_wadsworthia__BilWads6"
"ORTO01.4638.1_7/64-437","ORTO01","SAMEA2338791","['Bilophila_wadsworthia__BilWads6']",0.109432370502427,TRUE,"Bilophila_wadsworthia__BilWads6"
"ORTO01.4638.1_6/11-266","ORTO01","SAMEA2338791","['Bilophila_wadsworthia__BilWads6']",0.117695370502427,TRUE,"Bilophila_wadsworthia__BilWads6"
"ORTO01.67370.1_1/11-160","ORTO01","SAMEA2338791","['Desulfovibrio_piger__DslPige3', 'Desulfovibrio_piger__DslPige4']",0.0482477876807884,TRUE,"Desulfovibrio_piger__DslPige3"
"OWEX01.26499.1_1/11-224","OWEX01","SAMEA3708486","['Bilophila_wadsworthia__BilWads6']",NA,TRUE,"Bilophila_wadsworthia__BilWads6"
"OWEX01.6239.1_3/64-247","OWEX01","SAMEA3708486","['Bilophila_wadsworthia__BilWads6', 'Bilophila_sp._4_1_30__BilSpec3', 'uncultured_bacterium__EF645667']",NA,TRUE,"Bilophila_wadsworthia__BilWads6"
"UMJL01.12869.1_5/28-293","UMJL01","SAMEA4836148","['Moorella_thermoacetica_Y72_copy_2__MooTher5']",6.99045261945668,TRUE,"Moorella_thermoacetica_Y72_copy_2__MooTher5"
"OWRC01.28036.1_1/1-204","OWRC01","SAMEA4378242","['Bilophila_wadsworthia__BilWads6', 'Bilophila_sp._4_1_30__BilSpec3']",NA,TRUE,"Bilophila_wadsworthia__BilWads6"
"OWRC01.28036.1_2/11-166","OWRC01","SAMEA4378242","['Bilophila_wadsworthia__BilWads6', 'Bilophila_sp._4_1_30__BilSpec3']",NA,TRUE,"Bilophila_wadsworthia__BilWads6"
"OQCE01.8582.1_3/11-147","OQCE01","SAMD00036228","['Bilophila_sp._4_1_30__BilSpec3']",0.0170858334302823,TRUE,"Bilophila_sp._4_1_30__BilSpec3"
"OQCE01.8582.1_2/12-134","OQCE01","SAMD00036228","['Bilophila_sp._4_1_30__BilSpec3']",0.0174288334302823,TRUE,"Bilophila_sp._4_1_30__BilSpec3"
"OQCE01.8582.1_1/87-152","OQCE01","SAMD00036228","['Bilophila_sp._4_1_30__BilSpec3']",0.0460578334302823,TRUE,"Bilophila_sp._4_1_30__BilSpec3"
"OUPV01.4006.1_4/63-436","OUPV01","SAMN05194723","['Desulfovibrio_piger__DslPige3', 'Desulfovibrio_piger__DslPige4']",0.0532040912742298,TRUE,"Desulfovibrio_piger__DslPige3"
"OUPV01.4006.1_5/11-266","OUPV01","SAMN05194723","['Desulfovibrio_piger__DslPige3', 'Desulfovibrio_piger__DslPige4']",0.0390387876807884,TRUE,"Desulfovibrio_piger__DslPige3"
"ORSY01.5627.1_2/64-437","ORSY01","SAMEA2338670","['Bilophila_wadsworthia__BilWads6']",1.50000025001454e-06,TRUE,"Bilophila_wadsworthia__BilWads6"
"ORSY01.5627.1_3/11-266","ORSY01","SAMEA2338670","['Bilophila_sp._4_1_30__BilSpec3']",0.0108488334302823,TRUE,"Bilophila_sp._4_1_30__BilSpec3"
"OWCV01.5324.1_2/64-437","OWCV01","SAMEA3708503","['Bilophila_wadsworthia__BilWads6']",1.50000025001454e-06,TRUE,"Bilophila_wadsworthia__BilWads6"
"OWCV01.5324.1_1/11-266","OWCV01","SAMEA3708503","['Bilophila_sp._4_1_30__BilSpec3']",0.0016698334302823,TRUE,"Bilophila_sp._4_1_30__BilSpec3"
"ORTP01.1109.1_19/64-437","ORTP01","SAMEA2338839","['Bilophila_wadsworthia__BilWads6']",1.50000025001454e-06,TRUE,"Bilophila_wadsworthia__BilWads6"
"ORTP01.7590.1_1/1-291","ORTP01","SAMEA2338839","['Gordonibacter_pamelaeae_7-10-1-b__FP929047']",0.0495246951735704,TRUE,"Gordonibacter_pamelaeae_7-10-1-b__FP929047"
"ORTP01.1109.1_18/11-266","ORTP01","SAMEA2338839","['Bilophila_wadsworthia__BilWads6']",1.50000025001454e-06,TRUE,"Bilophila_wadsworthia__BilWads6"
"OZCJ01.17805.1_2/5-240","OZCJ01","SAMN06164950","['Desulfitibacter_alkalitolerans__DfiAlka2']",1.30533955633203,TRUE,"Desulfitibacter_alkalitolerans__DfiAlka2"
"OVGJ01.19122.1_1/1-290","OVGJ01","SAMN06016386","['Bilophila_sp._4_1_30__BilSpec3']",0.0099648334302823,TRUE,"Bilophila_sp._4_1_30__BilSpec3"
"OUQC01.70437.1_1/53-145","OUQC01","SAMN05194722","['Anaerobic_bacterium_sk.prop8__Bv2Prop2', 'Desulfitibacter_alkalitolerans__DfiAlka2', 'MSW_digester_clone__Unc01cxc']",NA,TRUE,"Anaerobic_bacterium_sk.prop8__Bv2Prop2"
"OUQC01.62644.1_1/11-94","OUQC01","SAMN05194722","['uncultured_bacterium__EF645667', 'Bilophila_wadsworthia__BilWads6', 'Desulfovibrio_vulgaris__DQ826729']",NA,TRUE,"uncultured_bacterium__EF645667"
"OUQC01.62644.1_2/1-99","OUQC01","SAMN05194722","['uncultured_bacterium__EF645667', 'Desulfovibrio_piger__DslPige3']",NA,TRUE,"uncultured_bacterium__EF645667"
"UZOQ01.12829.1_1/63-422","UZOQ01","SAMN00792016","['Desulfovibrio_piger__DslPige3', 'Desulfovibrio_piger__DslPige4']",0.0740600912742298,TRUE,"Desulfovibrio_piger__DslPige3"
"UZOQ01.29194.1_1/11-266","UZOQ01","SAMN00792016","['Desulfovibrio_piger__DslPige4']",0.0573990912742298,TRUE,"Desulfovibrio_piger__DslPige4"
"UYDE01.34301.1_2/50-357","UYDE01","SAMEA2158769","['Anaerobic_bacterium_sk.prop8__Bv2Prop2']",1.21063353982822,TRUE,"Anaerobic_bacterium_sk.prop8__Bv2Prop2"
"UYDE01.51445.1_1/6-206","UYDE01","SAMEA2158769","['Desulfitibacter_alkalitolerans__DfiAlka2']",1.05888355633203,TRUE,"Desulfitibacter_alkalitolerans__DfiAlka2"
"UYDE01.51445.1_2/1-100","UYDE01","SAMEA2158769","['Anaerobic_bacterium_EtOH8__Bv2EtOH2']",0.672920182700703,TRUE,"Anaerobic_bacterium_EtOH8__Bv2EtOH2"
"OZDN01.36233.1_1/1-214","OZDN01","SAMN06165141","['Desulfovibrio_piger__DslPige3', 'Desulfovibrio_piger__DslPige4']",NA,TRUE,"Desulfovibrio_piger__DslPige3"
"OZDN01.33281.1_1/35-227","OZDN01","SAMN06165141","['Desulfovibrio_piger__DslPige3', 'Desulfovibrio_piger__DslPige4']",NA,TRUE,"Desulfovibrio_piger__DslPige3"
"ULRR01.17245.1_2/27-293","ULRR01","SAMEA4835688","['Moorella_thermoacetica_Y72_copy_2__MooTher5']",6.81049761945668,TRUE,"Moorella_thermoacetica_Y72_copy_2__MooTher5"
"UZSE01.29413.1_2/1-110","UZSE01","SAMN00715272","['Bilophila_wadsworthia__BilWads6', 'Bilophila_sp._4_1_30__BilSpec3', 'uncultured_bacterium__EF645667']",NA,TRUE,"Bilophila_wadsworthia__BilWads6"
"OZGL01.39647.1_2/1-127","OZGL01","SAMN06165263","['Desulfovibrio_piger__DslPige4']",0.15560309127423,TRUE,"Desulfovibrio_piger__DslPige4"
"USVX01.61560.1_1/1-211","USVX01","SAMN06111987","['Bilophila_wadsworthia__BilWads6']",NA,TRUE,"Bilophila_wadsworthia__BilWads6"
"ULXA01.49043.1_1/64-259","ULXA01","SAMEA4835827","['Bilophila_wadsworthia__BilWads6', 'Bilophila_sp._4_1_30__BilSpec3']",NA,TRUE,"Bilophila_wadsworthia__BilWads6"
"ULXA01.41848.1_2/1-154","ULXA01","SAMEA4835827","['Bilophila_wadsworthia__BilWads6']",NA,TRUE,"Bilophila_wadsworthia__BilWads6"
"ULXA01.41848.1_1/11-108","ULXA01","SAMEA4835827","['Bilophila_wadsworthia__BilWads6']",0.0993673705024268,TRUE,"Bilophila_wadsworthia__BilWads6"
"USWZ01.22945.1_2/64-170","USWZ01","SAMN06111997","['Bilophila_sp._4_1_30__BilSpec3']",0.0316368334302823,TRUE,"Bilophila_sp._4_1_30__BilSpec3"
"USWZ01.25546.1_1/405-519","USWZ01","SAMN06111997","['Bilophila_wadsworthia__BilWads6']",0.187894370502427,TRUE,"Bilophila_wadsworthia__BilWads6"
"UPWW01.23394.1_1/6-227","UPWW01","SAMN06112026","['Bilophila_wadsworthia__BilWads6']",NA,TRUE,"Bilophila_wadsworthia__BilWads6"
"UPWW01.56285.1_1/1-147","UPWW01","SAMN06112026","['Bilophila_wadsworthia__BilWads6', 'Bilophila_sp._4_1_30__BilSpec3']",NA,TRUE,"Bilophila_wadsworthia__BilWads6"
"UANI01.46914.1_1/1-105","UANI01","SAMN06164841","['Bilophila_wadsworthia__BilWads6']",0.246983370502427,TRUE,"Bilophila_wadsworthia__BilWads6"
"UANI01.44593.1_1/1-98","UANI01","SAMN06164841","['Bilophila_wadsworthia__BilWads6']",0.127722370502427,TRUE,"Bilophila_wadsworthia__BilWads6"
"UZMT01.2439.1_5/63-436","UZMT01","SAMN00715232","['Desulfovibrio_piger__DslPige3']",0.0721370912742298,TRUE,"Desulfovibrio_piger__DslPige3"
"UZMT01.2439.1_6/11-266","UZMT01","SAMN00715232","['Desulfovibrio_piger__DslPige3']",0.0203577876807884,TRUE,"Desulfovibrio_piger__DslPige3"
"OVFI01.2248.1_6/64-437","OVFI01","SAMN06016365","['Bilophila_wadsworthia__BilWads6']",1.50000025001454e-06,TRUE,"Bilophila_wadsworthia__BilWads6"
"OVFI01.2248.1_5/11-266","OVFI01","SAMN06016365","['Bilophila_wadsworthia__BilWads6']",1.50000025001454e-06,TRUE,"Bilophila_wadsworthia__BilWads6"
"UYEI01.65975.1_2/1-149","UYEI01","SAMEA2157917","['Bilophila_wadsworthia__BilWads6', 'Bilophila_sp._4_1_30__BilSpec3']",NA,TRUE,"Bilophila_wadsworthia__BilWads6"
"UZSY01.19533.1_2/51-424","UZSY01","SAMN00792116","['Desulfovibrio_piger__DslPige3', 'Desulfovibrio_piger__DslPige4']",0.0536460912742298,TRUE,"Desulfovibrio_piger__DslPige3"
"UZSY01.27902.1_1/52-328","UZSY01","SAMN00792116","['Anaerobic_bacterium_sk.prop8__Bv2Prop2']",1.16095353982822,TRUE,"Anaerobic_bacterium_sk.prop8__Bv2Prop2"
"UZSY01.17681.1_1/1-236","UZSY01","SAMN00792116","['Desulfovibrio_piger__DslPige3', 'Desulfovibrio_piger__DslPige4']",0.0812920912742298,TRUE,"Desulfovibrio_piger__DslPige3"
"UZSY01.19533.1_1/11-75","UZSY01","SAMN00792116","['Desulfovibrio_piger__DslPige3', 'Desulfovibrio_piger__DslPige4', 'uncultured_bacterium__EF645667', 'Bilophila_wadsworthia__BilWads6', 'Desulfovibrio_piger__DslPige2']",NA,TRUE,"Desulfovibrio_piger__DslPige3"
"OWGF01.6758.1_1/64-437","OWGF01","SAMEA3708614","['Bilophila_sp._4_1_30__BilSpec3']",0.0201038334302823,TRUE,"Bilophila_sp._4_1_30__BilSpec3"
"OWGF01.6758.1_2/1-253","OWGF01","SAMEA3708614","['Bilophila_wadsworthia__BilWads6']",0.0993673705024268,TRUE,"Bilophila_wadsworthia__BilWads6"
"UZLY01.24565.1_2/1-77","UZLY01","SAMN00715176","['Bilophila_sp._4_1_30__BilSpec3']",0.0302318334302823,TRUE,"Bilophila_sp._4_1_30__BilSpec3"
"UZLY01.24565.1_3/2-88","UZLY01","SAMN00715176","['Bilophila_wadsworthia__BilWads6', 'Bilophila_sp._4_1_30__BilSpec3', 'uncultured_bacterium__EF645667']",NA,TRUE,"Bilophila_wadsworthia__BilWads6"
"ORQJ01.7226.1_2/64-437","ORQJ01","SAMEA2338657","['Bilophila_wadsworthia__BilWads6']",1.50000025001454e-06,TRUE,"Bilophila_wadsworthia__BilWads6"
"ORQJ01.7226.1_3/11-266","ORQJ01","SAMEA2338657","['Bilophila_wadsworthia__BilWads6']",0.108956370502427,TRUE,"Bilophila_wadsworthia__BilWads6"
"ULVZ01.30772.1_1/4-377","ULVZ01","SAMEA4835800","['Bilophila_wadsworthia__BilWads6']",1.50000025001454e-06,TRUE,"Bilophila_wadsworthia__BilWads6"
"ULVZ01.33813.1_3/1-133","ULVZ01","SAMEA4835800","['Bilophila_wadsworthia__BilWads6']",NA,TRUE,"Bilophila_wadsworthia__BilWads6"
"ULVZ01.30772.1_2/11-82","ULVZ01","SAMEA4835800","['Bilophila_wadsworthia__BilWads6', 'Bilophila_sp._4_1_30__BilSpec3']",NA,TRUE,"Bilophila_wadsworthia__BilWads6"
"ORIR01.2277.1_1/63-436","ORIR01","SAMN04329863","['Desulfovibrio_piger__DslPige3', 'Desulfovibrio_piger__DslPige4']",0.0018347876807884,TRUE,"Desulfovibrio_piger__DslPige3"
"ORIR01.1070.1_4/1-294","ORIR01","SAMN04329863","['Anaerobic_bacterium_sk.prop8__Bv2Prop2']",1.13670453982822,TRUE,"Anaerobic_bacterium_sk.prop8__Bv2Prop2"
"ORIR01.1070.1_3/6-240","ORIR01","SAMN04329863","['Desulfitibacter_alkalitolerans__DfiAlka2']",1.04037455633203,TRUE,"Desulfitibacter_alkalitolerans__DfiAlka2"
"ORIR01.8910.1_1/7-240","ORIR01","SAMN04329863","['Bilophila_wadsworthia__BilWads6']",0.136215370502427,TRUE,"Bilophila_wadsworthia__BilWads6"
"OWPG01.54105.1_1/11-97","OWPG01","SAMEA4378250","['Bilophila_wadsworthia__BilWads6', 'Bilophila_sp._4_1_30__BilSpec3']",NA,TRUE,"Bilophila_wadsworthia__BilWads6"
"OWPG01.54105.1_2/1-85","OWPG01","SAMEA4378250","['Bilophila_wadsworthia__BilWads6', 'Bilophila_sp._4_1_30__BilSpec3', 'uncultured_bacterium__EF645667']",NA,TRUE,"Bilophila_wadsworthia__BilWads6"
"OWDT01.5918.1_3/64-437","OWDT01","SAMEA3708656","['Bilophila_wadsworthia__BilWads6']",1.50000025001454e-06,TRUE,"Bilophila_wadsworthia__BilWads6"
"OWDT01.5918.1_4/1-253","OWDT01","SAMEA3708656","['Bilophila_wadsworthia__BilWads6']",1.50000025001454e-06,TRUE,"Bilophila_wadsworthia__BilWads6"
"USXW01.950.1_1/1-98","USXW01","SAMN06112037","['Bilophila_wadsworthia__BilWads6']",0.103186370502427,TRUE,"Bilophila_wadsworthia__BilWads6"
"OWEF01.70109.1_1/1-199","OWEF01","SAMEA3708711","['Anaerobic_bacterium_sk.prop8__Bv2Prop2']",NA,TRUE,"Anaerobic_bacterium_sk.prop8__Bv2Prop2"
"OWEF01.30057.1_1/1-98","OWEF01","SAMEA3708711","['Bilophila_wadsworthia__BilWads6']",0.223315370502427,TRUE,"Bilophila_wadsworthia__BilWads6"
"OYXT01.22678.1_1/8-205","OYXT01","SAMN06165035","['Desulfovibrio_piger__DslPige3', 'Desulfovibrio_piger__DslPige4']",0.19525309127423,TRUE,"Desulfovibrio_piger__DslPige3"
"OYXT01.45469.1_1/1-126","OYXT01","SAMN06165035","['Desulfovibrio_piger__DslPige3', 'Desulfovibrio_piger__DslPige4']",0.0477267876807884,TRUE,"Desulfovibrio_piger__DslPige3"
"UXQQ01.20325.1_1/63-400","UXQQ01","SAMEA2147036","['Desulfovibrio_piger__DslPige3', 'Desulfovibrio_piger__DslPige4']",0.0584590912742298,TRUE,"Desulfovibrio_piger__DslPige3"
"OVSZ01.12133.1_2/15-388","OVSZ01","SAMN06016405","['Desulfovibrio_piger__DslPige3', 'Desulfovibrio_piger__DslPige4']",0.0593890912742298,TRUE,"Desulfovibrio_piger__DslPige3"
"OVSZ01.12133.1_1/11-266","OVSZ01","SAMN06016405","['Desulfovibrio_piger__DslPige3']",0.0203577876807884,TRUE,"Desulfovibrio_piger__DslPige3"
"ULWK01.37980.1_3/1-134","ULWK01","SAMEA4835810","['Bilophila_wadsworthia__BilWads6']",NA,TRUE,"Bilophila_wadsworthia__BilWads6"
"ULWK01.61368.1_1/11-98","ULWK01","SAMEA4835810","['Bilophila_wadsworthia__BilWads6', 'Bilophila_sp._4_1_30__BilSpec3']",NA,TRUE,"Bilophila_wadsworthia__BilWads6"
"ULWK01.61368.1_2/1-111","ULWK01","SAMEA4835810","['Bilophila_wadsworthia__BilWads6', 'Bilophila_sp._4_1_30__BilSpec3', 'uncultured_bacterium__EF645667']",NA,TRUE,"Bilophila_wadsworthia__BilWads6"
"OVGD01.1015.1_20/63-436","OVGD01","SAMN06016400","['Desulfovibrio_piger__DslPige3', 'Desulfovibrio_piger__DslPige4']",0.0327677876807884,TRUE,"Desulfovibrio_piger__DslPige3"
"OVGD01.1015.1_19/11-266","OVGD01","SAMN06016400","['Desulfovibrio_piger__DslPige3', 'Desulfovibrio_piger__DslPige4']",0.0867900912742298,TRUE,"Desulfovibrio_piger__DslPige3"
"OVGD01.2560.1_13/64-257","OVGD01","SAMN06016400","['uncultured_bacterium__EF645667']",NA,TRUE,"uncultured_bacterium__EF645667"
"OVGD01.49592.1_2/11-160","OVGD01","SAMN06016400","['Bilophila_wadsworthia__BilWads6', 'Bilophila_sp._4_1_30__BilSpec3']",NA,TRUE,"Bilophila_wadsworthia__BilWads6"
"OVGD01.49592.1_1/1-117","OVGD01","SAMN06016400","['Bilophila_wadsworthia__BilWads6', 'Bilophila_sp._4_1_30__BilSpec3', 'uncultured_bacterium__EF645667']",NA,TRUE,"Bilophila_wadsworthia__BilWads6"
"OZEC01.51264.1_1/1-170","OZEC01","SAMN06165087","['Desulfovibrio_sp._6_1_46AFAA__DsvSp231']",0.0753944179855414,TRUE,"Desulfovibrio_sp._6_1_46AFAA__DsvSp231"
"UXQM01.15256.1_2/64-437","UXQM01","SAMEA2158062","['Bilophila_wadsworthia__BilWads6']",1.50000025001454e-06,TRUE,"Bilophila_wadsworthia__BilWads6"
"UXQM01.15256.1_1/11-266","UXQM01","SAMEA2158062","['Bilophila_wadsworthia__BilWads6']",0.0993673705024268,TRUE,"Bilophila_wadsworthia__BilWads6"
"UMFF01.21185.1_4/64-437","UMFF01","SAMEA4836042","['Bilophila_wadsworthia__BilWads6']",1.50000025001454e-06,TRUE,"Bilophila_wadsworthia__BilWads6"
"UMFF01.21185.1_3/11-266","UMFF01","SAMEA4836042","['Bilophila_sp._4_1_30__BilSpec3']",0.0016698334302823,TRUE,"Bilophila_sp._4_1_30__BilSpec3"
"UPFS01.7620.1_1/64-437","UPFS01","SAMEA2737664","['Bilophila_wadsworthia__BilWads6']",1.50000025001454e-06,TRUE,"Bilophila_wadsworthia__BilWads6"
"UPFS01.7620.1_2/11-266","UPFS01","SAMEA2737664","['Bilophila_wadsworthia__BilWads6']",1.50000025001454e-06,TRUE,"Bilophila_wadsworthia__BilWads6"
"UEYH01.17786.1_3/11-257","UEYH01","SAMN06115522","['Bilophila_wadsworthia__BilWads6']",0.0993673705024268,TRUE,"Bilophila_wadsworthia__BilWads6"
"UEYH01.41236.1_1/64-212","UEYH01","SAMN06115522","['Bilophila_sp._4_1_30__BilSpec3']",0.105103833430282,TRUE,"Bilophila_sp._4_1_30__BilSpec3"
"UEYH01.17786.1_1/1-134","UEYH01","SAMN06115522","['Bilophila_sp._4_1_30__BilSpec3']",0.0498358334302823,TRUE,"Bilophila_sp._4_1_30__BilSpec3"
"ORTI01.773.1_24/64-437","ORTI01","SAMEA2338832","['Bilophila_wadsworthia__BilWads6']",1.50000025001454e-06,TRUE,"Bilophila_wadsworthia__BilWads6"
"ORTI01.773.1_23/11-266","ORTI01","SAMEA2338832","['Bilophila_wadsworthia__BilWads6']",1.50000025001454e-06,TRUE,"Bilophila_wadsworthia__BilWads6"
"OVMG01.208.1_2/11-266","OVMG01","SAMN06016409","['uncultured_bacterium__EF645667']",0.197555276190246,TRUE,"uncultured_bacterium__EF645667"
"OVMG01.63095.1_1/1-258","OVMG01","SAMN06016409","['Bilophila_wadsworthia__BilWads6']",0.319233370502427,TRUE,"Bilophila_wadsworthia__BilWads6"
"OVMG01.70339.1_1/1-233","OVMG01","SAMN06016409","['Desulfovibrio_piger__DslPige3', 'Desulfovibrio_piger__DslPige4']",NA,TRUE,"Desulfovibrio_piger__DslPige3"
"OVMG01.19167.1_1/63-219","OVMG01","SAMN06016409","['Bilophila_wadsworthia__BilWads6', 'Desulfovibrio_piger__DslPige3', 'Desulfovibrio_piger__DslPige4']",NA,TRUE,"Bilophila_wadsworthia__BilWads6"
"OVMG01.6455.1_1/7-146","OVMG01","SAMN06016409","['Bilophila_wadsworthia__BilWads6']",NA,TRUE,"Bilophila_wadsworthia__BilWads6"
"OVMG01.21074.1_1/11-160","OVMG01","SAMN06016409","['Bilophila_wadsworthia__BilWads6']",0.147161370502427,TRUE,"Bilophila_wadsworthia__BilWads6"
"OVMG01.70948.1_1/1-124","OVMG01","SAMN06016409","['Bilophila_wadsworthia__BilWads6', 'Desulfovibrio_piger__DslPige3', 'Desulfovibrio_piger__DslPige4']",NA,TRUE,"Bilophila_wadsworthia__BilWads6"
"OVMG01.208.1_1/2-140","OVMG01","SAMN06016409","['Desulfovibrio_piger__DslPige4', 'Desulfovibrio_piger__DslPige3', 'Desulfovibrio_piger__DslPige2']",NA,TRUE,"Desulfovibrio_piger__DslPige4"
"OVMG01.21074.1_2/1-129","OVMG01","SAMN06016409","['Desulfovibrio_vulgaris__DQ826729']",0.333453911862788,TRUE,"Desulfovibrio_vulgaris__DQ826729"
"ULQX01.43010.1_1/1-237","ULQX01","SAMEA4835667","['Bilophila_wadsworthia__BilWads6', 'Bilophila_sp._4_1_30__BilSpec3']",NA,TRUE,"Bilophila_wadsworthia__BilWads6"
"ULQX01.13286.1_1/11-103","ULQX01","SAMEA4835667","['Bilophila_wadsworthia__BilWads6', 'Bilophila_sp._4_1_30__BilSpec3']",NA,TRUE,"Bilophila_wadsworthia__BilWads6"
"ULQX01.13286.1_2/2-84","ULQX01","SAMEA4835667","['Bilophila_wadsworthia__BilWads6', 'Bilophila_sp._4_1_30__BilSpec3', 'uncultured_bacterium__EF645667']",NA,TRUE,"Bilophila_wadsworthia__BilWads6"
"UZHU01.3984.1_1/64-437","UZHU01","SAMN00791914","['Bilophila_wadsworthia__BilWads6']",1.50000025001454e-06,TRUE,"Bilophila_wadsworthia__BilWads6"
"UZHU01.3984.1_2/11-266","UZHU01","SAMN00791914","['Bilophila_sp._4_1_30__BilSpec3']",0.0016698334302823,TRUE,"Bilophila_sp._4_1_30__BilSpec3"
"OOUX01.25109.1_1/1-242","OOUX01","SAMEA2042285","['Desulfovibrio_piger__DslPige4', 'Desulfovibrio_piger__DslPige3', 'Desulfovibrio_piger__DslPige2']",NA,TRUE,"Desulfovibrio_piger__DslPige4"
"USYT01.4484.1_3/64-437","USYT01","SAMN06111986","['Bilophila_wadsworthia__BilWads6']",1.50000025001454e-06,TRUE,"Bilophila_wadsworthia__BilWads6"
"USYT01.4484.1_4/11-266","USYT01","SAMN06111986","['Bilophila_wadsworthia__BilWads6']",1.50000025001454e-06,TRUE,"Bilophila_wadsworthia__BilWads6"
"ULOG01.35503.1_3/1-122","ULOG01","SAMEA4835598","['Bilophila_wadsworthia__BilWads6', 'Desulfovibrio_piger__DslPige3', 'Desulfovibrio_piger__DslPige4']",NA,TRUE,"Bilophila_wadsworthia__BilWads6"
"ULOG01.9403.1_2/2-136","ULOG01","SAMEA4835598","['Desulfovibrio_piger__DslPige3', 'Desulfovibrio_piger__DslPige4', 'Desulfovibrio_piger__DslPige2']",NA,TRUE,"Desulfovibrio_piger__DslPige3"
"ULOG01.49055.1_1/2-136","ULOG01","SAMEA4835598","['Desulfovibrio_piger__DslPige4', 'Desulfovibrio_piger__DslPige3', 'Desulfovibrio_piger__DslPige2']",NA,TRUE,"Desulfovibrio_piger__DslPige4"
"ULOG01.14191.1_1/63-142","ULOG01","SAMEA4835598","['Desulfovibrio_piger__DslPige4', 'Desulfovibrio_piger__DslPige3']",NA,TRUE,"Desulfovibrio_piger__DslPige4"
"ORRC01.23281.1_3/1-121","ORRC01","SAMEA2338676","['Bilophila_wadsworthia__BilWads6', 'Desulfovibrio_sp._6_1_46AFAA__DsvSp231']",NA,TRUE,"Bilophila_wadsworthia__BilWads6"
"ORRC01.28593.1_3/63-185","ORRC01","SAMEA2338676","['Desulfovibrio_sp._6_1_46AFAA__DsvSp231']",0.0261574179855414,TRUE,"Desulfovibrio_sp._6_1_46AFAA__DsvSp231"
"ORQT01.2325.1_6/63-436","ORQT01","SAMEA2338634","['Desulfovibrio_piger__DslPige3', 'Desulfovibrio_piger__DslPige4']",0.0721030912742298,TRUE,"Desulfovibrio_piger__DslPige3"
"ORQT01.2325.1_10/63-436","ORQT01","SAMEA2338634","['Desulfovibrio_piger__DslPige3', 'Desulfovibrio_piger__DslPige4']",0.0721030912742298,TRUE,"Desulfovibrio_piger__DslPige3"
"ORQT01.2325.1_11/11-266","ORQT01","SAMEA2338634","['uncultured_bacterium__EF645667']",0.158625276190246,TRUE,"uncultured_bacterium__EF645667"
"ORQT01.2325.1_7/11-266","ORQT01","SAMEA2338634","['uncultured_bacterium__EF645667']",0.158625276190246,TRUE,"uncultured_bacterium__EF645667"
"UERF01.111.1_23/64-437","UERF01","SAMN06115477","['Bilophila_wadsworthia__BilWads6']",1.50000025001454e-06,TRUE,"Bilophila_wadsworthia__BilWads6"
"UERF01.111.1_22/11-266","UERF01","SAMN06115477","['Bilophila_sp._4_1_30__BilSpec3']",0.0016698334302823,TRUE,"Bilophila_sp._4_1_30__BilSpec3"
"OVFW01.1745.1_3/11-266","OVFW01","SAMN06016413","['Bilophila_wadsworthia__BilWads6']",1.50000025001454e-06,TRUE,"Bilophila_wadsworthia__BilWads6"
"OVFW01.1745.1_2/1-238","OVFW01","SAMN06016413","['Bilophila_wadsworthia__BilWads6', 'Bilophila_sp._4_1_30__BilSpec3']",NA,TRUE,"Bilophila_wadsworthia__BilWads6"
"OVZW01.609.1_12/64-437","OVZW01","SAMEA3708576","['Bilophila_wadsworthia__BilWads6']",1.50000025001454e-06,TRUE,"Bilophila_wadsworthia__BilWads6"
"OVZW01.609.1_13/11-266","OVZW01","SAMEA3708576","['Bilophila_wadsworthia__BilWads6']",1.50000025001454e-06,TRUE,"Bilophila_wadsworthia__BilWads6"
"ORSL01.4465.1_6/63-436","ORSL01","SAMEA2338664","['Desulfovibrio_piger__DslPige3']",0.0264967876807884,TRUE,"Desulfovibrio_piger__DslPige3"
"ORSL01.4465.1_7/11-266","ORSL01","SAMEA2338664","['Desulfovibrio_piger__DslPige3', 'Desulfovibrio_piger__DslPige4']",0.0812380912742298,TRUE,"Desulfovibrio_piger__DslPige3"
"UMAC01.27155.1_1/1-189","UMAC01","SAMEA4835904","['Anaerobic_bacterium_sk.prop8__Bv2Prop2']",1.35418253982822,TRUE,"Anaerobic_bacterium_sk.prop8__Bv2Prop2"
"UMAC01.50880.1_1/52-164","UMAC01","SAMEA4835904","['Anaerobic_bacterium_sk.prop8__Bv2Prop2', 'MSW_digester_clone__Unc01cxc']",NA,TRUE,"Anaerobic_bacterium_sk.prop8__Bv2Prop2"
"OQDH01.19080.1_1/11-103","OQDH01","SAMD00036319","['Bilophila_wadsworthia__BilWads6', 'Bilophila_sp._4_1_30__BilSpec3']",NA,TRUE,"Bilophila_wadsworthia__BilWads6"
"OQFR01.57534.1_2/1-93","OQFR01","SAMD00036216","['Bilophila_wadsworthia__BilWads6', 'Bilophila_sp._4_1_30__BilSpec3', 'uncultured_bacterium__EF645667']",NA,TRUE,"Bilophila_wadsworthia__BilWads6"
"OQFR01.57534.1_1/11-87","OQFR01","SAMD00036216","['Bilophila_sp._4_1_30__BilSpec3']",0.457038833430282,TRUE,"Bilophila_sp._4_1_30__BilSpec3"
"OWRT01.9388.1_2/63-436","OWRT01","SAMEA4378290","['Desulfovibrio_piger__DslPige3', 'Desulfovibrio_piger__DslPige4']",0.0470370912742298,TRUE,"Desulfovibrio_piger__DslPige3"
"OWRT01.6402.1_5/64-437","OWRT01","SAMEA4378290","['Bilophila_wadsworthia__BilWads6']",1.50000025001454e-06,TRUE,"Bilophila_wadsworthia__BilWads6"
"OWRT01.6402.1_6/11-266","OWRT01","SAMEA4378290","['Bilophila_wadsworthia__BilWads6']",1.50000025001454e-06,TRUE,"Bilophila_wadsworthia__BilWads6"
"OWRT01.9388.1_1/11-160","OWRT01","SAMEA4378290","['Desulfovibrio_piger__DslPige3', 'uncultured_bacterium__EF645667', 'Desulfovibrio_piger__DslPige4']",NA,TRUE,"Desulfovibrio_piger__DslPige3"
"OWRT01.35758.1_2/1-115","OWRT01","SAMEA4378290","['Bilophila_wadsworthia__BilWads6', 'Desulfovibrio_piger__DslPige3', 'Desulfovibrio_piger__DslPige4']",NA,TRUE,"Bilophila_wadsworthia__BilWads6"
"ORTD01.11808.1_3/1-113","ORTD01","SAMEA2338793","['Bilophila_wadsworthia__BilWads6', 'Desulfovibrio_sp._6_1_46AFAA__DsvSp231']",NA,TRUE,"Bilophila_wadsworthia__BilWads6"
"QWCN01.1636.1_23/64-437","QWCN01","SAMN09866707","['Bilophila_wadsworthia__BilWads6']",1.50000025001454e-06,TRUE,"Bilophila_wadsworthia__BilWads6"
"QWCN01.1636.1_22/11-266","QWCN01","SAMN09866707","['Bilophila_sp._4_1_30__BilSpec3']",0.0016698334302823,TRUE,"Bilophila_sp._4_1_30__BilSpec3"
"UALN01.24894.1_1/1-229","UALN01","SAMN06164626","['Bilophila_wadsworthia__BilWads6']",0.110468370502427,TRUE,"Bilophila_wadsworthia__BilWads6"
"OPMG01.7634.1_3/39-300","OPMG01","SAMEA2042616","['Moorella_thermoacetica_Y72_copy_2__MooTher5']",7.28706661945668,TRUE,"Moorella_thermoacetica_Y72_copy_2__MooTher5"
"ULSA01.24414.1_2/1-246","ULSA01","SAMEA4835697","['Bilophila_wadsworthia__BilWads6', 'Bilophila_sp._4_1_30__BilSpec3']",NA,TRUE,"Bilophila_wadsworthia__BilWads6"
"UERI01.635.1_20/64-437","UERI01","SAMN06115528","['Bilophila_wadsworthia__BilWads6']",1.50000025001454e-06,TRUE,"Bilophila_wadsworthia__BilWads6"
"UERI01.635.1_19/11-266","UERI01","SAMN06115528","['Bilophila_wadsworthia__BilWads6']",1.50000025001454e-06,TRUE,"Bilophila_wadsworthia__BilWads6"
"ULPH01.21657.1_1/11-266","ULPH01","SAMEA4835623","['Desulfovibrio_piger__DslPige3', 'Desulfovibrio_piger__DslPige4']",0.0018347876807884,TRUE,"Desulfovibrio_piger__DslPige3"
"ULPH01.38634.1_1/42-292","ULPH01","SAMEA4835623","['Desulfovibrio_piger__DslPige3']",0.0739520912742298,TRUE,"Desulfovibrio_piger__DslPige3"
"ORJM01.5354.1_1/9-264","ORJM01","SAMN04329857","['Bilophila_sp._4_1_30__BilSpec3']",0.0202618334302823,TRUE,"Bilophila_sp._4_1_30__BilSpec3"
"ORJM01.9250.1_1/64-317","ORJM01","SAMN04329857","['Bilophila_sp._4_1_30__BilSpec3']",0.0214628334302823,TRUE,"Bilophila_sp._4_1_30__BilSpec3"
"ORJM01.11884.1_1/1-259","ORJM01","SAMN04329857","['Bilophila_wadsworthia__BilWads6']",0.202495370502427,TRUE,"Bilophila_wadsworthia__BilWads6"
"ORUL01.9406.1_2/11-266","ORUL01","SAMEA2338792","['Bilophila_wadsworthia__BilWads6']",0.147334370502427,TRUE,"Bilophila_wadsworthia__BilWads6"
"ORUL01.9406.1_3/1-212","ORUL01","SAMEA2338792","['Bilophila_wadsworthia__BilWads6']",0.107893370502427,TRUE,"Bilophila_wadsworthia__BilWads6"
"OYXK01.23823.1_2/14-252","OYXK01","SAMN06164905","['Bilophila_sp._4_1_30__BilSpec3']",0.0102698334302823,TRUE,"Bilophila_sp._4_1_30__BilSpec3"
"OWBV01.380.1_15/64-437","OWBV01","SAMEA3708481","['Bilophila_wadsworthia__BilWads6']",1.50000025001454e-06,TRUE,"Bilophila_wadsworthia__BilWads6"
"OWBV01.380.1_14/1-253","OWBV01","SAMEA3708481","['Bilophila_wadsworthia__BilWads6']",1.50000025001454e-06,TRUE,"Bilophila_wadsworthia__BilWads6"
"OPCW01.7977.1_4/1-244","OPCW01","SAMEA2042660","['Desulfovibrio_piger__DslPige3', 'Desulfovibrio_piger__DslPige4']",NA,TRUE,"Desulfovibrio_piger__DslPige3"
"OPCW01.7977.1_3/11-133","OPCW01","SAMEA2042660","['Desulfovibrio_piger__DslPige3', 'Desulfovibrio_piger__DslPige4']",0.0555037876807884,TRUE,"Desulfovibrio_piger__DslPige3"
"OPCW01.46830.1_1/63-166","OPCW01","SAMEA2042660","['Desulfovibrio_piger__DslPige3', 'Desulfovibrio_piger__DslPige4']",NA,TRUE,"Desulfovibrio_piger__DslPige3"
"OVGL01.16484.1_1/64-394","OVGL01","SAMN06016333","['Bilophila_wadsworthia__BilWads6', 'Bilophila_sp._4_1_30__BilSpec3']",NA,TRUE,"Bilophila_wadsworthia__BilWads6"
"OVGL01.12375.1_1/1-249","OVGL01","SAMN06016333","['Bilophila_wadsworthia__BilWads6']",1.50000025001454e-06,TRUE,"Bilophila_wadsworthia__BilWads6"
"OVTC01.1267.1_5/63-436","OVTC01","SAMN06016351","['Desulfovibrio_piger__DslPige3']",0.0202377876807884,TRUE,"Desulfovibrio_piger__DslPige3"
"OVTC01.1267.1_9/63-436","OVTC01","SAMN06016351","['Desulfovibrio_piger__DslPige3']",0.0202377876807884,TRUE,"Desulfovibrio_piger__DslPige3"
"OVTC01.1267.1_10/11-266","OVTC01","SAMN06016351","['uncultured_bacterium__EF645667']",0.185842276190246,TRUE,"uncultured_bacterium__EF645667"
"OVTC01.1267.1_6/11-266","OVTC01","SAMN06016351","['uncultured_bacterium__EF645667']",0.185842276190246,TRUE,"uncultured_bacterium__EF645667"
"UPNF01.49190.1_1/1-75","UPNF01","SAMEA2737828","['Bilophila_wadsworthia__BilWads6', 'Bilophila_sp._4_1_30__BilSpec3', 'Desulfovibrio_sp._6_1_46AFAA__DsvSp231', 'uncultured_bacterium__EF645667']",NA,TRUE,"Bilophila_wadsworthia__BilWads6"
"UPNF01.41010.1_2/1-117","UPNF01","SAMEA2737828","['Bilophila_sp._4_1_30__BilSpec3']",0.0342838334302823,TRUE,"Bilophila_sp._4_1_30__BilSpec3"
"UPFP01.1770.1_5/64-437","UPFP01","SAMEA2737697","['Bilophila_wadsworthia__BilWads6']",1.50000025001454e-06,TRUE,"Bilophila_wadsworthia__BilWads6"
"UPFP01.1770.1_6/11-266","UPFP01","SAMEA2737697","['Bilophila_wadsworthia__BilWads6']",1.50000025001454e-06,TRUE,"Bilophila_wadsworthia__BilWads6"
"OWBZ01.587.1_12/64-437","OWBZ01","SAMEA3708666","['Bilophila_wadsworthia__BilWads6']",1.50000025001454e-06,TRUE,"Bilophila_wadsworthia__BilWads6"
"OWBZ01.17.1_32/63-436","OWBZ01","SAMEA3708666","['uncultured_bacterium__EF645667']",0.085775677392887,TRUE,"uncultured_bacterium__EF645667"
"OWBZ01.587.1_13/11-266","OWBZ01","SAMEA3708666","['Bilophila_wadsworthia__BilWads6']",1.50000025001454e-06,TRUE,"Bilophila_wadsworthia__BilWads6"
"OWBZ01.17.1_33/11-266","OWBZ01","SAMEA3708666","['uncultured_bacterium__EF645667']",0.141154170607274,TRUE,"uncultured_bacterium__EF645667"
"OWBZ01.66600.1_1/11-206","OWBZ01","SAMEA3708666","['Desulfovibrio_desulfuricans_subsp._desulfuricans_str._ATCC_27774__CP001358']",NA,TRUE,"Desulfovibrio_desulfuricans_subsp._desulfuricans_str._ATCC_27774__CP001358"
"OWBZ01.42189.1_1/3-172","OWBZ01","SAMEA3708666","['Gordonibacter_pamelaeae__GrdPame5']",0.00338522102966964,TRUE,"Gordonibacter_pamelaeae__GrdPame5"
"OWBZ01.42189.1_2/5-134","OWBZ01","SAMEA3708666","['Gordonibacter_pamelaeae_7-10-1-b__FP929047', 'Gordonibacter_pamelaeae__GrdPame5']",NA,TRUE,"Gordonibacter_pamelaeae_7-10-1-b__FP929047"
"OROL01.90667.1_2/2-131","OROL01","SAMEA2338750","['Gordonibacter_pamelaeae_7-10-1-b__FP929047', 'Gordonibacter_pamelaeae__GrdPame5']",NA,TRUE,"Gordonibacter_pamelaeae_7-10-1-b__FP929047"
"OVXZ01.1795.1_12/64-437","OVXZ01","SAMEA3708487","['Bilophila_wadsworthia__BilWads6']",1.50000025001454e-06,TRUE,"Bilophila_wadsworthia__BilWads6"
"OVXZ01.1795.1_13/11-266","OVXZ01","SAMEA3708487","['Bilophila_wadsworthia__BilWads6']",1.50000025001454e-06,TRUE,"Bilophila_wadsworthia__BilWads6"
"UZJZ01.1514.1_8/64-437","UZJZ01","SAMN00715235","['Bilophila_wadsworthia__BilWads6']",1.50000025001454e-06,TRUE,"Bilophila_wadsworthia__BilWads6"
"UZJZ01.1514.1_7/11-266","UZJZ01","SAMN00715235","['Bilophila_sp._4_1_30__BilSpec3']",0.0016698334302823,TRUE,"Bilophila_sp._4_1_30__BilSpec3"
"OZXJ01.3909.1_3/63-436","OZXJ01","SAMN06165064","['Desulfovibrio_piger__DslPige3', 'Desulfovibrio_piger__DslPige4']",0.0592280912742298,TRUE,"Desulfovibrio_piger__DslPige3"
"OZXJ01.3909.1_4/11-266","OZXJ01","SAMN06165064","['Desulfovibrio_piger__DslPige3', 'Desulfovibrio_piger__DslPige4']",0.0390367876807884,TRUE,"Desulfovibrio_piger__DslPige3"
"ORTH01.40901.1_2/51-196","ORTH01","SAMEA2338826","['Gordonibacter_pamelaeae__GrdPame5']",0.681895704393165,TRUE,"Gordonibacter_pamelaeae__GrdPame5"
"ORTH01.37736.1_1/3-151","ORTH01","SAMEA2338826","['Gordonibacter_pamelaeae_7-10-1-b__FP929047', 'Gordonibacter_pamelaeae__GrdPame5']",NA,TRUE,"Gordonibacter_pamelaeae_7-10-1-b__FP929047"
"ORTH01.55381.1_2/11-122","ORTH01","SAMEA2338826","['uncultured_bacterium__EF645667']",0.0597200662703209,TRUE,"uncultured_bacterium__EF645667"
"ORTH01.37736.1_2/3-92","ORTH01","SAMEA2338826","['Gordonibacter_pamelaeae__GrdPame5']",NA,TRUE,"Gordonibacter_pamelaeae__GrdPame5"
"ORTH01.16.1_108/40-291","ORTH01","SAMEA2338826","['Moorella_thermoacetica_Y72_copy_2__MooTher5']",7.61628561945668,TRUE,"Moorella_thermoacetica_Y72_copy_2__MooTher5"
"USWM01.26546.1_1/42-318","USWM01","SAMN06112042","['Bilophila_wadsworthia__BilWads6', 'Bilophila_sp._4_1_30__BilSpec3']",NA,TRUE,"Bilophila_wadsworthia__BilWads6"
"USWM01.9892.1_3/1-238","USWM01","SAMN06112042","['Bilophila_sp._4_1_30__BilSpec3']",NA,TRUE,"Bilophila_sp._4_1_30__BilSpec3"
"UZTC01.28481.1_2/1-307","UZTC01","SAMN00792069","['Desulfovibrio_piger__DslPige3', 'Desulfovibrio_piger__DslPige4']",0.0470370912742298,TRUE,"Desulfovibrio_piger__DslPige3"
"UZTC01.1544.1_14/1-126","UZTC01","SAMN00792069","['uncultured_bacterium__EF645667', 'Desulfovibrio_piger__DslPige3', 'Desulfovibrio_piger__DslPige4']",NA,TRUE,"uncultured_bacterium__EF645667"
"UZTC01.7577.1_5/1-126","UZTC01","SAMN00792069","['Desulfovibrio_piger__DslPige3', 'Desulfovibrio_piger__DslPige4', 'Bilophila_wadsworthia__BilWads6']",NA,TRUE,"Desulfovibrio_piger__DslPige3"
"UZTC01.4103.1_1/1-108","UZTC01","SAMN00792069","['Bilophila_sp._4_1_30__BilSpec3', 'Bilophila_wadsworthia__BilWads6', 'uncultured_bacterium__EF645667']",NA,TRUE,"Bilophila_sp._4_1_30__BilSpec3"
"UZTC01.11163.1_1/63-146","UZTC01","SAMN00792069","['Desulfovibrio_piger__DslPige4', 'Desulfovibrio_piger__DslPige3']",NA,TRUE,"Desulfovibrio_piger__DslPige4"
"UZTC01.7577.1_1/63-146","UZTC01","SAMN00792069","['Desulfovibrio_piger__DslPige4', 'Desulfovibrio_piger__DslPige3', 'uncultured_bacterium__EF645667']",NA,TRUE,"Desulfovibrio_piger__DslPige4"
"UZTC01.28481.1_1/11-79","UZTC01","SAMN00792069","['uncultured_bacterium__EF645667', 'Desulfovibrio_piger__DslPige3', 'Desulfovibrio_piger__DslPige4', 'Desulfovibrio_piger__DslPige2']",NA,TRUE,"uncultured_bacterium__EF645667"
"UPCR01.6790.1_2/11-266","UPCR01","SAMEA2737714","['uncultured_bacterium__EF645667']",0.161392276190246,TRUE,"uncultured_bacterium__EF645667"
"UPCR01.9514.1_2/65-260","UPCR01","SAMEA2737714","['Desulfovibrio_piger__DslPige3', 'Desulfovibrio_piger__DslPige4']",NA,TRUE,"Desulfovibrio_piger__DslPige3"
"UPCR01.9514.1_1/1-94","UPCR01","SAMEA2737714","['Desulfovibrio_piger__DslPige3', 'Desulfovibrio_piger__DslPige4', 'Desulfovibrio_piger__DslPige2', 'Bilophila_wadsworthia__BilWads6']",NA,TRUE,"Desulfovibrio_piger__DslPige3"
"USXK01.34106.1_1/1-231","USXK01","SAMN06112017","['Bilophila_wadsworthia__BilWads6', 'Bilophila_sp._4_1_30__BilSpec3']",NA,TRUE,"Bilophila_wadsworthia__BilWads6"
"USXK01.37778.1_1/1-163","USXK01","SAMN06112017","['Bilophila_sp._4_1_30__BilSpec3']",NA,TRUE,"Bilophila_sp._4_1_30__BilSpec3"
"USXK01.34106.1_2/11-93","USXK01","SAMN06112017","['Bilophila_wadsworthia__BilWads6', 'Bilophila_sp._4_1_30__BilSpec3']",NA,TRUE,"Bilophila_wadsworthia__BilWads6"
"USXK01.65192.1_2/1-82","USXK01","SAMN06112017","['Anaerobic_bacterium_sk.prop8__Bv2Prop2', 'Desulfitibacter_alkalitolerans__DfiAlka2', 'Desulfovibrio_desulfuricans__DslDes24']",NA,TRUE,"Anaerobic_bacterium_sk.prop8__Bv2Prop2"
"USWN01.28933.1_1/51-424","USWN01","SAMN06111962","['Bilophila_wadsworthia__BilWads6']",1.50000025001454e-06,TRUE,"Bilophila_wadsworthia__BilWads6"
"USWN01.44477.1_1/1-247","USWN01","SAMN06111962","['Bilophila_wadsworthia__BilWads6']",NA,TRUE,"Bilophila_wadsworthia__BilWads6"
"UZST01.1838.1_7/64-437","UZST01","SAMN00792081","['Bilophila_wadsworthia__BilWads6']",1.50000025001454e-06,TRUE,"Bilophila_wadsworthia__BilWads6"
"UZST01.1838.1_6/11-266","UZST01","SAMN00792081","['Bilophila_wadsworthia__BilWads6']",1.50000025001454e-06,TRUE,"Bilophila_wadsworthia__BilWads6"
"ORMV01.18595.1_1/1-121","ORMV01","SAMEA2338778","['Bilophila_wadsworthia__BilWads6', 'Desulfovibrio_sp._6_1_46AFAA__DsvSp231']",NA,TRUE,"Bilophila_wadsworthia__BilWads6"
"ORMV01.45773.1_2/11-103","ORMV01","SAMEA2338778","['Bilophila_wadsworthia__BilWads6', 'Bilophila_sp._4_1_30__BilSpec3']",NA,TRUE,"Bilophila_wadsworthia__BilWads6"
"ORMV01.45773.1_1/2-119","ORMV01","SAMEA2338778","['Bilophila_wadsworthia__BilWads6', 'Bilophila_sp._4_1_30__BilSpec3', 'uncultured_bacterium__EF645667']",NA,TRUE,"Bilophila_wadsworthia__BilWads6"
"UZVQ01.3876.1_3/64-437","UZVQ01","SAMN00993242","['Bilophila_wadsworthia__BilWads6']",1.50000025001454e-06,TRUE,"Bilophila_wadsworthia__BilWads6"
"UZVQ01.3876.1_4/11-266","UZVQ01","SAMN00993242","['Bilophila_wadsworthia__BilWads6']",1.50000025001454e-06,TRUE,"Bilophila_wadsworthia__BilWads6"
"ULXY01.54974.1_1/1-159","ULXY01","SAMEA4835851","['Bilophila_wadsworthia__BilWads6', 'Bilophila_sp._4_1_30__BilSpec3']",NA,TRUE,"Bilophila_wadsworthia__BilWads6"
"ULXY01.53254.1_2/11-157","ULXY01","SAMEA4835851","['Desulfovibrio_piger__DslPige3', 'Desulfovibrio_piger__DslPige4', 'uncultured_bacterium__EF645667']",NA,TRUE,"Desulfovibrio_piger__DslPige3"
"ULXY01.23412.1_2/1-145","ULXY01","SAMEA4835851","['Bilophila_wadsworthia__BilWads6', 'Bilophila_sp._4_1_30__BilSpec3']",NA,TRUE,"Bilophila_wadsworthia__BilWads6"
"ULXY01.23412.1_1/11-99","ULXY01","SAMEA4835851","['Bilophila_wadsworthia__BilWads6', 'Bilophila_sp._4_1_30__BilSpec3']",NA,TRUE,"Bilophila_wadsworthia__BilWads6"
"UZTP01.5043.1_3/64-437","UZTP01","SAMN00792090","['Bilophila_sp._4_1_30__BilSpec3']",0.0077578334302823,TRUE,"Bilophila_sp._4_1_30__BilSpec3"
"UZTP01.5043.1_4/11-266","UZTP01","SAMN00792090","['Bilophila_wadsworthia__BilWads6']",1.50000025001454e-06,TRUE,"Bilophila_wadsworthia__BilWads6"
"ORNT01.18541.1_1/63-385","ORNT01","SAMEA2338729","['Desulfovibrio_piger__DslPige3', 'Desulfovibrio_piger__DslPige4']",NA,TRUE,"Desulfovibrio_piger__DslPige3"
"USVU01.43917.1_1/1-239","USVU01","SAMN06111930","['Bilophila_wadsworthia__BilWads6']",0.144398370502427,TRUE,"Bilophila_wadsworthia__BilWads6"
"USVU01.55824.1_1/9-147","USVU01","SAMN06111930","['Bilophila_wadsworthia__BilWads6']",NA,TRUE,"Bilophila_wadsworthia__BilWads6"
"USVU01.11532.1_3/64-147","USVU01","SAMN06111930","['Bilophila_wadsworthia__BilWads6', 'Bilophila_sp._4_1_30__BilSpec3', 'uncultured_bacterium__EF645667', 'Desulfovibrio_piger__DslPige3', 'Desulfovibrio_piger__DslPige4']",NA,TRUE,"Bilophila_wadsworthia__BilWads6"
"UAOC01.50186.1_1/9-132","UAOC01","SAMN06164885","['uncultured_bacterium__EF645667']",NA,TRUE,"uncultured_bacterium__EF645667"
"UAOC01.56838.1_1/1-96","UAOC01","SAMN06164885","['Desulfovibrio_simplex__DslSimpl']",0.023828040650224,TRUE,"Desulfovibrio_simplex__DslSimpl"
"ORSD01.8479.1_2/62-435","ORSD01","SAMEA2338665","['uncultured_bacterium__EF645667']",0.474586276190246,TRUE,"uncultured_bacterium__EF645667"
"ORSD01.8479.1_1/11-266","ORSD01","SAMEA2338665","['uncultured_bacterium__EF645667']",0.623172276190246,TRUE,"uncultured_bacterium__EF645667"
"OWFA01.471.1_15/63-436","OWFA01","SAMEA3708492","['Desulfovibrio_piger__DslPige3', 'Desulfovibrio_piger__DslPige4']",0.0536460912742298,TRUE,"Desulfovibrio_piger__DslPige3"
"OVTY01.351.1_27/63-437","OVTY01","SAMN06016340","['Desulfovibrio_vulgaris__DQ826729']",0.379991911862788,TRUE,"Desulfovibrio_vulgaris__DQ826729"
"OVTY01.351.1_26/11-266","OVTY01","SAMN06016340","['Bilophila_wadsworthia__BilWads6']",0.425687370502427,TRUE,"Bilophila_wadsworthia__BilWads6"
"OVTY01.44843.1_1/51-301","OVTY01","SAMN06016340","['Desulfovibrio_piger__DslPige3', 'Desulfovibrio_piger__DslPige4']",NA,TRUE,"Desulfovibrio_piger__DslPige3"
"OVTY01.77164.1_2/2-140","OVTY01","SAMN06016340","['Desulfovibrio_piger__DslPige3', 'Desulfovibrio_piger__DslPige4', 'Desulfovibrio_piger__DslPige2']",NA,TRUE,"Desulfovibrio_piger__DslPige3"
"OVTY01.77347.1_1/2-140","OVTY01","SAMN06016340","['Desulfovibrio_piger__DslPige4', 'Desulfovibrio_piger__DslPige3', 'Desulfovibrio_piger__DslPige2']",NA,TRUE,"Desulfovibrio_piger__DslPige4"
"ORTY01.11119.1_1/64-386","ORTY01","SAMEA2338857","['Bilophila_sp._4_1_30__BilSpec3']",0.0246938334302823,TRUE,"Bilophila_sp._4_1_30__BilSpec3"
"ORTY01.2902.1_2/11-266","ORTY01","SAMEA2338857","['Bilophila_wadsworthia__BilWads6']",0.309860370502427,TRUE,"Bilophila_wadsworthia__BilWads6"
"ORTY01.56301.1_1/51-315","ORTY01","SAMEA2338857","['Desulfovibrio_piger__DslPige3', 'Desulfovibrio_piger__DslPige4']",NA,TRUE,"Desulfovibrio_piger__DslPige3"
"ORTY01.2902.1_1/1-227","ORTY01","SAMEA2338857","['Desulfovibrio_vulgaris__DQ826729']",0.434694909358552,TRUE,"Desulfovibrio_vulgaris__DQ826729"
"ORTY01.78138.1_1/11-160","ORTY01","SAMEA2338857","['Bilophila_wadsworthia__BilWads6', 'Bilophila_sp._4_1_30__BilSpec3']",NA,TRUE,"Bilophila_wadsworthia__BilWads6"
"ORTY01.59812.1_1/11-160","ORTY01","SAMEA2338857","['Desulfovibrio_piger__DslPige3', 'Desulfovibrio_piger__DslPige4', 'uncultured_bacterium__EF645667']",NA,TRUE,"Desulfovibrio_piger__DslPige3"
"ORTY01.76057.1_1/1-124","ORTY01","SAMEA2338857","['Bilophila_wadsworthia__BilWads6', 'Desulfovibrio_piger__DslPige3', 'Desulfovibrio_piger__DslPige4']",NA,TRUE,"Bilophila_wadsworthia__BilWads6"
"ORTY01.59812.1_2/1-126","ORTY01","SAMEA2338857","['Desulfovibrio_piger__DslPige3', 'Desulfovibrio_piger__DslPige4', 'Desulfovibrio_piger__DslPige2']",NA,TRUE,"Desulfovibrio_piger__DslPige3"
"ORTY01.80466.1_2/1-126","ORTY01","SAMEA2338857","['Desulfovibrio_piger__DslPige4', 'Desulfovibrio_piger__DslPige3', 'Desulfovibrio_piger__DslPige2']",NA,TRUE,"Desulfovibrio_piger__DslPige4"
"ORTY01.80466.1_1/11-75","ORTY01","SAMEA2338857","['Desulfovibrio_piger__DslPige3', 'Desulfovibrio_piger__DslPige4', 'uncultured_bacterium__EF645667', 'Bilophila_wadsworthia__BilWads6', 'Desulfovibrio_piger__DslPige2']",NA,TRUE,"Desulfovibrio_piger__DslPige3"
"ORBT01.130855.1_1/6-181","ORBT01","SAMN04158623","['Desulfitibacter_alkalitolerans__DfiAlka2']",1.05888355633203,TRUE,"Desulfitibacter_alkalitolerans__DfiAlka2"
"USXU01.1048.1_12/64-437","USXU01","SAMN06111933","['Bilophila_wadsworthia__BilWads6']",1.50000025001454e-06,TRUE,"Bilophila_wadsworthia__BilWads6"
"USXU01.1048.1_13/11-266","USXU01","SAMN06111933","['Bilophila_wadsworthia__BilWads6']",1.50000025001454e-06,TRUE,"Bilophila_wadsworthia__BilWads6"
"UZJF01.10810.1_3/2-334","UZJF01","SAMN00791909","['Bilophila_sp._4_1_30__BilSpec3']",0.0082338334302823,TRUE,"Bilophila_sp._4_1_30__BilSpec3"
"UZJF01.10810.1_2/11-266","UZJF01","SAMN00791909","['Bilophila_wadsworthia__BilWads6']",1.50000025001454e-06,TRUE,"Bilophila_wadsworthia__BilWads6"
"UMKN01.14976.1_1/2-102","UMKN01","SAMEA4836177","['Bilophila_wadsworthia__BilWads6', 'Bilophila_sp._4_1_30__BilSpec3', 'uncultured_bacterium__EF645667']",NA,TRUE,"Bilophila_wadsworthia__BilWads6"
"UEOY01.9863.1_1/1-354","UEOY01","SAMN06115427","['Bilophila_sp._4_1_30__BilSpec3']",0.0078748334302823,TRUE,"Bilophila_sp._4_1_30__BilSpec3"
"UEOY01.9863.1_2/11-264","UEOY01","SAMN06115427","['Bilophila_wadsworthia__BilWads6']",0.108602370502427,TRUE,"Bilophila_wadsworthia__BilWads6"
"VOFD01.1381.1_10/65-438","VOFD01","SAMN12384723","['Desulfovibrio_piger__DslPige3', 'Desulfovibrio_piger__DslPige4']",0.0575660912742298,TRUE,"Desulfovibrio_piger__DslPige3"
"VOFD01.1381.1_15/65-438","VOFD01","SAMN12384723","['Desulfovibrio_piger__DslPige3']",0.0657560912742298,TRUE,"Desulfovibrio_piger__DslPige3"
"VOFD01.1381.1_11/11-266","VOFD01","SAMN12384723","['Desulfovibrio_piger__DslPige3', 'Desulfovibrio_piger__DslPige4']",0.0018347876807884,TRUE,"Desulfovibrio_piger__DslPige3"
"VOFD01.1381.1_16/11-266","VOFD01","SAMN12384723","['uncultured_bacterium__EF645667']",0.197555276190246,TRUE,"uncultured_bacterium__EF645667"
"ULQW01.79312.1_1/1-122","ULQW01","SAMEA4835666","['uncultured_bacterium__EF645667', 'Desulfovibrio_piger__DslPige3', 'Desulfovibrio_piger__DslPige4']",NA,TRUE,"uncultured_bacterium__EF645667"
"ULQW01.77744.1_2/11-148","ULQW01","SAMEA4835666","['Desulfovibrio_piger__DslPige3', 'uncultured_bacterium__EF645667', 'Desulfovibrio_piger__DslPige4']",NA,TRUE,"Desulfovibrio_piger__DslPige3"
"ULQW01.30697.1_1/63-142","ULQW01","SAMEA4835666","['Desulfovibrio_piger__DslPige4', 'Desulfovibrio_piger__DslPige3']",NA,TRUE,"Desulfovibrio_piger__DslPige4"
"ULQW01.62281.1_2/63-142","ULQW01","SAMEA4835666","['Desulfovibrio_piger__DslPige4', 'Desulfovibrio_piger__DslPige3', 'uncultured_bacterium__EF645667']",NA,TRUE,"Desulfovibrio_piger__DslPige4"
"UMHT01.2989.1_5/64-437","UMHT01","SAMEA4836105","['Bilophila_wadsworthia__BilWads6']",1.50000025001454e-06,TRUE,"Bilophila_wadsworthia__BilWads6"
"UMHT01.2989.1_6/11-266","UMHT01","SAMEA4836105","['Bilophila_wadsworthia__BilWads6']",1.50000025001454e-06,TRUE,"Bilophila_wadsworthia__BilWads6"
"ORUM01.787.1_15/64-437","ORUM01","SAMEA2338831","['Bilophila_wadsworthia__BilWads6']",1.50000025001454e-06,TRUE,"Bilophila_wadsworthia__BilWads6"
"ORUM01.787.1_14/11-266","ORUM01","SAMEA2338831","['Bilophila_wadsworthia__BilWads6']",1.50000025001454e-06,TRUE,"Bilophila_wadsworthia__BilWads6"
"OUQH01.2542.1_8/52-400","OUQH01","SAMN05194711","['Gordonibacter_pamelaeae__GrdPame5']",0.914608704393165,TRUE,"Gordonibacter_pamelaeae__GrdPame5"
"OUQH01.2542.1_9/2-230","OUQH01","SAMN05194711","['Gordonibacter_pamelaeae__GrdPame5']",0.839404704393165,TRUE,"Gordonibacter_pamelaeae__GrdPame5"
"OUQH01.61344.1_1/1-125","OUQH01","SAMN05194711","['Desulfovibrio_piger__DslPige4', 'Desulfovibrio_piger__DslPige3']",NA,TRUE,"Desulfovibrio_piger__DslPige4"
"OUQH01.79066.1_2/1-160","OUQH01","SAMN05194711","['uncultured_bacterium__EF645667', 'Desulfovibrio_piger__DslPige3', 'Desulfovibrio_piger__DslPige4']",NA,TRUE,"uncultured_bacterium__EF645667"
"ULQD01.22563.1_1/1-233","ULQD01","SAMEA4835646","['Desulfitibacter_alkalitolerans__DfiAlka2']",0.953887556332035,TRUE,"Desulfitibacter_alkalitolerans__DfiAlka2"
"ULQD01.22839.1_1/1-187","ULQD01","SAMEA4835646","['Desulfovibrio_piger__DslPige3', 'Desulfovibrio_piger__DslPige4']",NA,TRUE,"Desulfovibrio_piger__DslPige3"
"ULQD01.17546.1_1/63-178","ULQD01","SAMEA4835646","['Desulfovibrio_piger__DslPige3', 'Desulfovibrio_piger__DslPige4']",0.0569597876807884,TRUE,"Desulfovibrio_piger__DslPige3"
"ULTS01.37260.1_1/1-322","ULTS01","SAMEA4835741","['Desulfovibrio_piger__DslPige3']",0.0202377876807884,TRUE,"Desulfovibrio_piger__DslPige3"
"UYDT01.11976.1_2/64-437","UYDT01","SAMEA2156032","['uncultured_bacterium__EF645667']",0.171471276190246,TRUE,"uncultured_bacterium__EF645667"
"UYDT01.11650.1_3/11-266","UYDT01","SAMEA2156032","['Desulfovibrio_piger__DslPige4']",0.0674097876807884,TRUE,"Desulfovibrio_piger__DslPige4"
"UYDT01.11976.1_3/11-160","UYDT01","SAMEA2156032","['Bilophila_wadsworthia__BilWads6', 'Bilophila_sp._4_1_30__BilSpec3']",NA,TRUE,"Bilophila_wadsworthia__BilWads6"
"USVL01.4325.1_4/64-437","USVL01","SAMN06112034","['Bilophila_sp._4_1_30__BilSpec3']",0.0077608334302823,TRUE,"Bilophila_sp._4_1_30__BilSpec3"
"USVL01.4325.1_3/11-266","USVL01","SAMN06112034","['Bilophila_wadsworthia__BilWads6']",1.50000025001454e-06,TRUE,"Bilophila_wadsworthia__BilWads6"
"USVL01.50272.1_1/1-198","USVL01","SAMN06112034","['Desulfovibrio_piger__DslPige3', 'Desulfovibrio_piger__DslPige4']",0.0883350912742298,TRUE,"Desulfovibrio_piger__DslPige3"
"USVL01.73443.1_1/1-101","USVL01","SAMN06112034","['uncultured_bacterium__EF645667', 'Desulfovibrio_piger__DslPige3', 'Desulfovibrio_piger__DslPige4']",NA,TRUE,"uncultured_bacterium__EF645667"
"OQDT01.10420.1_3/11-266","OQDT01","SAMD00036337","['Bilophila_wadsworthia__BilWads6']",0.168528370502427,TRUE,"Bilophila_wadsworthia__BilWads6"
"OQDT01.10420.1_4/1-130","OQDT01","SAMD00036337","['Bilophila_sp._4_1_30__BilSpec3']",0.0170198334302823,TRUE,"Bilophila_sp._4_1_30__BilSpec3"
"ORIC01.113687.1_1/2-167","ORIC01","SAMN04329767","['Anaerobic_bacterium_sk.prop8__Bv2Prop2']",1.28048453982822,TRUE,"Anaerobic_bacterium_sk.prop8__Bv2Prop2"
"OVME01.1277.1_10/64-437","OVME01","SAMN06016336","['Bilophila_wadsworthia__BilWads6']",1.50000025001454e-06,TRUE,"Bilophila_wadsworthia__BilWads6"
"OVME01.1277.1_9/11-266","OVME01","SAMN06016336","['Bilophila_wadsworthia__BilWads6']",1.50000025001454e-06,TRUE,"Bilophila_wadsworthia__BilWads6"
"UMJY01.55548.1_2/1-355","UMJY01","SAMEA4836161","['Bilophila_wadsworthia__BilWads6', 'Bilophila_sp._4_1_30__BilSpec3']",NA,TRUE,"Bilophila_wadsworthia__BilWads6"
"UMJY01.18050.1_3/1-123","UMJY01","SAMEA4836161","['Bilophila_wadsworthia__BilWads6', 'Desulfovibrio_sp._6_1_46AFAA__DsvSp231']",NA,TRUE,"Bilophila_wadsworthia__BilWads6"
"UMJY01.55548.1_1/11-118","UMJY01","SAMEA4836161","['Bilophila_wadsworthia__BilWads6', 'Bilophila_sp._4_1_30__BilSpec3']",NA,TRUE,"Bilophila_wadsworthia__BilWads6"
"UMJY01.7406.1_10/27-293","UMJY01","SAMEA4836161","['Moorella_thermoacetica_Y72_copy_2__MooTher5']",6.73074261945668,TRUE,"Moorella_thermoacetica_Y72_copy_2__MooTher5"
"UXTX01.19554.1_1/119-469","UXTX01","SAMEA2154516","['Desulfovibrio_piger__DslPige3', 'Desulfovibrio_piger__DslPige4']",0.0674130912742298,TRUE,"Desulfovibrio_piger__DslPige3"
"ULWW01.46547.1_2/1-352","ULWW01","SAMEA4835823","['Desulfovibrio_piger__DslPige3', 'Desulfovibrio_piger__DslPige4']",0.0508460912742298,TRUE,"Desulfovibrio_piger__DslPige3"
"ULWW01.17597.1_1/2-77","ULWW01","SAMEA4835823","['Bilophila_wadsworthia__BilWads6', 'Desulfovibrio_piger__DslPige3', 'Desulfovibrio_piger__DslPige4', 'uncultured_bacterium__EF645667']",NA,TRUE,"Bilophila_wadsworthia__BilWads6"
"OQPP01.20025.1_1/64-390","OQPP01","SAMN02712135","['Bilophila_wadsworthia__BilWads6', 'Bilophila_sp._4_1_30__BilSpec3']",NA,TRUE,"Bilophila_wadsworthia__BilWads6"
"OVTJ01.17173.1_2/11-266","OVTJ01","SAMN06016423","['Bilophila_sp._4_1_30__BilSpec3']",0.0108838334302823,TRUE,"Bilophila_sp._4_1_30__BilSpec3"
"OVTJ01.17173.1_3/1-125","OVTJ01","SAMN06016423","['Bilophila_wadsworthia__BilWads6', 'Bilophila_sp._4_1_30__BilSpec3', 'uncultured_bacterium__EF645667']",NA,TRUE,"Bilophila_wadsworthia__BilWads6"
"UPRP01.15111.1_1/26-161","UPRP01","SAMEA2737788","['Bilophila_wadsworthia__BilWads6']",0.120585370502427,TRUE,"Bilophila_wadsworthia__BilWads6"
"UPRP01.81443.1_2/2-141","UPRP01","SAMEA2737788","['Anaerobic_bacterium_sk.prop8__Bv2Prop2']",1.16623553982822,TRUE,"Anaerobic_bacterium_sk.prop8__Bv2Prop2"
"UPRP01.84938.1_1/1-95","UPRP01","SAMEA2737788","['Anaerobic_bacterium_sk.prop8__Bv2Prop2', 'Desulfitibacter_alkalitolerans__DfiAlka2']",NA,TRUE,"Anaerobic_bacterium_sk.prop8__Bv2Prop2"
"OWDO01.51729.1_1/11-212","OWDO01","SAMEA3708568","['Bilophila_sp._4_1_30__BilSpec3']",0.0140588334302823,TRUE,"Bilophila_sp._4_1_30__BilSpec3"
"OWDO01.44107.1_1/1-236","OWDO01","SAMEA3708568","['Bilophila_wadsworthia__BilWads6', 'Bilophila_sp._4_1_30__BilSpec3']",NA,TRUE,"Bilophila_wadsworthia__BilWads6"
"OWDO01.59255.1_1/89-193","OWDO01","SAMEA3708568","['Bilophila_wadsworthia__BilWads6', 'Bilophila_sp._4_1_30__BilSpec3', 'uncultured_bacterium__EF645667', 'Desulfovibrio_piger__DslPige3', 'Desulfovibrio_piger__DslPige4']",NA,TRUE,"Bilophila_wadsworthia__BilWads6"
"ORCL01.17092.1_1/64-252","ORCL01","SAMN06115466","['Bilophila_wadsworthia__BilWads6']",0.137837370502427,TRUE,"Bilophila_wadsworthia__BilWads6"
"ORCN01.486.1_11/64-437","ORCN01","SAMN06115395","['Bilophila_wadsworthia__BilWads6']",1.50000025001454e-06,TRUE,"Bilophila_wadsworthia__BilWads6"
"ORCN01.1764.1_1/1-362","ORCN01","SAMN06115395","['uncultured_bacterium__EF645667']",0.474586276190246,TRUE,"uncultured_bacterium__EF645667"
"ORCN01.486.1_12/11-266","ORCN01","SAMN06115395","['Bilophila_sp._4_1_30__BilSpec3']",0.0016698334302823,TRUE,"Bilophila_sp._4_1_30__BilSpec3"
"ORCN01.1764.1_2/11-266","ORCN01","SAMN06115395","['uncultured_bacterium__EF645667']",0.597408276190246,TRUE,"uncultured_bacterium__EF645667"
"USXD01.53125.1_1/1-193","USXD01","SAMN06112054","['Polluted_aquifer_clone_LGWK16__UncS1633']",1.24312574366553,TRUE,"Polluted_aquifer_clone_LGWK16__UncS1633"
"USXD01.61327.1_1/1-169","USXD01","SAMN06112054","['Anaerobic_bacterium_sk.prop8__Bv2Prop2']",0.898259884876433,TRUE,"Anaerobic_bacterium_sk.prop8__Bv2Prop2"
"UZQA01.12561.1_2/63-436","UZQA01","SAMN00791971","['Desulfovibrio_piger__DslPige3']",0.0203047876807884,TRUE,"Desulfovibrio_piger__DslPige3"
"OVYX01.12538.1_2/64-325","OVYX01","SAMEA3708630","['Bilophila_sp._4_1_30__BilSpec3']",0.0400298334302823,TRUE,"Bilophila_sp._4_1_30__BilSpec3"
"OVYX01.20643.1_1/1-234","OVYX01","SAMEA3708630","['Bilophila_wadsworthia__BilWads6']",NA,TRUE,"Bilophila_wadsworthia__BilWads6"
"OVLU01.106.1_4/63-436","OVLU01","SAMN06016414","['Desulfovibrio_piger__DslPige3', 'Desulfovibrio_piger__DslPige4']",0.0592280912742298,TRUE,"Desulfovibrio_piger__DslPige3"
"OVLU01.9473.1_1/64-436","OVLU01","SAMN06016414","['Bilophila_sp._4_1_30__BilSpec3']",0.0016698334302823,TRUE,"Bilophila_sp._4_1_30__BilSpec3"
"OVLU01.9473.1_2/11-266","OVLU01","SAMN06016414","['Bilophila_wadsworthia__BilWads6']",1.50000025001454e-06,TRUE,"Bilophila_wadsworthia__BilWads6"
"OVLU01.106.1_5/11-266","OVLU01","SAMN06016414","['uncultured_bacterium__EF645667']",0.197555276190246,TRUE,"uncultured_bacterium__EF645667"
"OVLU01.87868.1_1/1-122","OVLU01","SAMN06016414","['Bilophila_wadsworthia__BilWads6', 'Desulfovibrio_piger__DslPige3', 'Desulfovibrio_piger__DslPige4']",NA,TRUE,"Bilophila_wadsworthia__BilWads6"
"OVLU01.19630.1_1/27-293","OVLU01","SAMN06016414","['Moorella_thermoacetica_Y72_copy_2__MooTher5']",7.55388261945668,TRUE,"Moorella_thermoacetica_Y72_copy_2__MooTher5"
"UXRH01.46382.1_1/1-359","UXRH01","SAMEA1972381","['Bilophila_wadsworthia__BilWads6', 'Bilophila_sp._4_1_30__BilSpec3']",NA,TRUE,"Bilophila_wadsworthia__BilWads6"
"UXRH01.45066.1_1/8-149","UXRH01","SAMEA1972381","['Bilophila_sp._4_1_30__BilSpec3', 'Bilophila_wadsworthia__BilWads6']",NA,TRUE,"Bilophila_sp._4_1_30__BilSpec3"
"UYEA01.3323.1_11/1-301","UYEA01","SAMEA2159881","['Desulfovibrio_piger__DslPige3']",0.43125609127423,TRUE,"Desulfovibrio_piger__DslPige3"
"UYEA01.3323.1_10/11-266","UYEA01","SAMEA2159881","['uncultured_bacterium__EF645667']",0.597408276190246,TRUE,"uncultured_bacterium__EF645667"
"UYEA01.4430.1_11/62-170","UYEA01","SAMEA2159881","['uncultured_bacterium__EF645667', 'Candidatus_Desulfovibrio_trichonymphae', 'Bilophila_wadsworthia__BilWads6']",NA,TRUE,"uncultured_bacterium__EF645667"
"ULVK01.46275.1_1/62-152","ULVK01","SAMEA4835783","['uncultured_bacterium__EF645667', 'Candidatus_Desulfovibrio_trichonymphae', 'Bilophila_wadsworthia__BilWads6']",NA,TRUE,"uncultured_bacterium__EF645667"
"UENY01.20.1_41/64-437","UENY01","SAMN06115543","['Bilophila_wadsworthia__BilWads6']",1.50000025001454e-06,TRUE,"Bilophila_wadsworthia__BilWads6"
"UENY01.20.1_42/1-253","UENY01","SAMN06115543","['Bilophila_wadsworthia__BilWads6']",1.50000025001454e-06,TRUE,"Bilophila_wadsworthia__BilWads6"
"UYBU01.31215.1_1/1-228","UYBU01","SAMEA1970465","['Desulfovibrio_piger__DslPige3', 'Desulfovibrio_piger__DslPige4']",NA,TRUE,"Desulfovibrio_piger__DslPige3"
"ULTM01.2757.1_1/1-228","ULTM01","SAMEA4835735","['Desulfovibrio_piger__DslPige3', 'Desulfovibrio_piger__DslPige4']",NA,TRUE,"Desulfovibrio_piger__DslPige3"
"ULTM01.14838.1_1/1-180","ULTM01","SAMEA4835735","['Desulfovibrio_piger__DslPige3', 'Desulfovibrio_piger__DslPige4']",0.0871930912742298,TRUE,"Desulfovibrio_piger__DslPige3"
"ULTM01.21328.1_3/64-170","ULTM01","SAMEA4835735","['Bilophila_wadsworthia__BilWads6', 'Bilophila_sp._4_1_30__BilSpec3', 'uncultured_bacterium__EF645667', 'Desulfovibrio_piger__DslPige3', 'Desulfovibrio_piger__DslPige4']",NA,TRUE,"Bilophila_wadsworthia__BilWads6"
"ULTM01.18176.1_2/11-119","ULTM01","SAMEA4835735","['Bilophila_wadsworthia__BilWads6', 'Bilophila_sp._4_1_30__BilSpec3']",NA,TRUE,"Bilophila_wadsworthia__BilWads6"
"ULTM01.18176.1_1/1-128","ULTM01","SAMEA4835735","['Bilophila_wadsworthia__BilWads6', 'Bilophila_sp._4_1_30__BilSpec3', 'uncultured_bacterium__EF645667']",NA,TRUE,"Bilophila_wadsworthia__BilWads6"
"ULTM01.43112.1_3/63-146","ULTM01","SAMEA4835735","['Desulfovibrio_piger__DslPige4', 'Desulfovibrio_piger__DslPige3']",NA,TRUE,"Desulfovibrio_piger__DslPige4"
"ULTM01.5240.1_1/63-134","ULTM01","SAMEA4835735","['Desulfovibrio_piger__DslPige4', 'Desulfovibrio_piger__DslPige3', 'uncultured_bacterium__EF645667']",NA,TRUE,"Desulfovibrio_piger__DslPige4"
"UZIK01.5677.1_3/64-436","UZIK01","SAMN00791911","['Bilophila_sp._4_1_30__BilSpec3']",0.0016698334302823,TRUE,"Bilophila_sp._4_1_30__BilSpec3"
"UZIK01.12089.1_1/18-131","UZIK01","SAMN00791911","['Bilophila_sp._4_1_30__BilSpec3']",0.0247718334302823,TRUE,"Bilophila_sp._4_1_30__BilSpec3"
"OZHD01.48840.1_1/1-202","OZHD01","SAMN06165277","['Desulfovibrio_piger__DslPige4']",0.0147997876807884,TRUE,"Desulfovibrio_piger__DslPige4"
"OZHD01.33513.1_2/6-150","OZHD01","SAMN06165277","['Desulfovibrio_piger__DslPige4', 'Desulfovibrio_piger__DslPige3', 'Desulfovibrio_piger__DslPige2']",NA,TRUE,"Desulfovibrio_piger__DslPige4"
"OZHD01.33513.1_1/11-99","OZHD01","SAMN06165277","['Desulfovibrio_piger__DslPige3', 'uncultured_bacterium__EF645667', 'Desulfovibrio_piger__DslPige4']",NA,TRUE,"Desulfovibrio_piger__DslPige3"
"OWZV01.1648.1_3/51-395","OWZV01","SAMN05827256","['Gordonibacter_pamelaeae__GrdPame5']",0.256805704393165,TRUE,"Gordonibacter_pamelaeae__GrdPame5"
"OWZV01.1252.1_4/1-202","OWZV01","SAMN05827256","['Gordonibacter_pamelaeae__GrdPame5']",NA,TRUE,"Gordonibacter_pamelaeae__GrdPame5"
"USUJ01.8659.1_5/63-436","USUJ01","SAMN06111992","['Desulfovibrio_piger__DslPige3', 'Desulfovibrio_piger__DslPige4']",0.0470370912742298,TRUE,"Desulfovibrio_piger__DslPige3"
"USUJ01.8659.1_4/11-266","USUJ01","SAMN06111992","['Desulfovibrio_piger__DslPige3', 'Desulfovibrio_piger__DslPige4']",0.0390407876807884,TRUE,"Desulfovibrio_piger__DslPige3"
"OQLH01.6759.1_1/21-394","OQLH01","SAMD00036381","['Bilophila_wadsworthia__BilWads6']",1.50000025001454e-06,TRUE,"Bilophila_wadsworthia__BilWads6"
"OQLH01.6759.1_2/11-266","OQLH01","SAMD00036381","['Bilophila_wadsworthia__BilWads6']",1.50000025001454e-06,TRUE,"Bilophila_wadsworthia__BilWads6"
"UMLC01.41015.1_1/1-248","UMLC01","SAMEA4836193","['Bilophila_wadsworthia__BilWads6', 'Bilophila_sp._4_1_30__BilSpec3']",NA,TRUE,"Bilophila_wadsworthia__BilWads6"
"UMLC01.34302.1_1/1-120","UMLC01","SAMEA4836193","['Bilophila_sp._4_1_30__BilSpec3', 'Bilophila_wadsworthia__BilWads6', 'uncultured_bacterium__EF645667']",NA,TRUE,"Bilophila_sp._4_1_30__BilSpec3"
"UMLC01.41015.1_2/11-97","UMLC01","SAMEA4836193","['Bilophila_wadsworthia__BilWads6', 'Bilophila_sp._4_1_30__BilSpec3']",NA,TRUE,"Bilophila_wadsworthia__BilWads6"
"ULQK01.47355.1_2/2-262","ULQK01","SAMEA4835652","['uncultured_bacterium__EF645667', 'Desulfovibrio_piger__DslPige3']",NA,TRUE,"uncultured_bacterium__EF645667"
"ULQK01.58108.1_1/1-103","ULQK01","SAMEA4835652","['uncultured_bacterium__EF645667']",NA,TRUE,"uncultured_bacterium__EF645667"
"ULQK01.17725.1_1/62-152","ULQK01","SAMEA4835652","['uncultured_bacterium__EF645667', 'Candidatus_Desulfovibrio_trichonymphae', 'Bilophila_wadsworthia__BilWads6']",NA,TRUE,"uncultured_bacterium__EF645667"
"OWAB01.17042.1_1/64-437","OWAB01","SAMEA3708590","['Desulfovibrio_sp._3_1_syn3__DsvSp230']",0.00163384853285095,TRUE,"Desulfovibrio_sp._3_1_syn3__DsvSp230"
"OWAB01.30454.1_1/7-262","OWAB01","SAMEA3708590","['Desulfovibrio_sp._6_1_46AFAA__DsvSp231']",0.0261574179855414,TRUE,"Desulfovibrio_sp._6_1_46AFAA__DsvSp231"
"OWAB01.57951.1_1/1-219","OWAB01","SAMEA3708590","['Bilophila_sp._4_1_30__BilSpec3']",0.0117288334302823,TRUE,"Bilophila_sp._4_1_30__BilSpec3"
"UZRG01.56686.1_1/1-120","UZRG01","SAMN00792027","['Bilophila_wadsworthia__BilWads6', 'Bilophila_sp._4_1_30__BilSpec3', 'uncultured_bacterium__EF645667']",NA,TRUE,"Bilophila_wadsworthia__BilWads6"
"UXSE01.11754.1_5/5-240","UXSE01","SAMEA2160998","['Desulfitibacter_alkalitolerans__DfiAlka2']",1.27797155633203,TRUE,"Desulfitibacter_alkalitolerans__DfiAlka2"
"UXSE01.11754.1_4/1-203","UXSE01","SAMEA2160998","['Anaerobic_bacterium_sk.prop8__Bv2Prop2']",1.47164953982822,TRUE,"Anaerobic_bacterium_sk.prop8__Bv2Prop2"
"UXSE01.11754.1_3/55-165","UXSE01","SAMEA2160998","['Desulfitibacter_alkalitolerans__DfiAlka2']",0.772137556332035,TRUE,"Desulfitibacter_alkalitolerans__DfiAlka2"
"ULVX01.5059.1_1/1-126","ULVX01","SAMEA4835797","['Bilophila_wadsworthia__BilWads6', 'Bilophila_sp._4_1_30__BilSpec3', 'uncultured_bacterium__EF645667']",NA,TRUE,"Bilophila_wadsworthia__BilWads6"
"UZOH01.8386.1_1/64-437","UZOH01","SAMN00792018","['Bilophila_wadsworthia__BilWads6']",1.50000025001454e-06,TRUE,"Bilophila_wadsworthia__BilWads6"
"UZOH01.8386.1_2/11-266","UZOH01","SAMN00792018","['Bilophila_wadsworthia__BilWads6']",1.50000025001454e-06,TRUE,"Bilophila_wadsworthia__BilWads6"
"OQNO01.351.1_36/64-437","OQNO01","SAMD00036377","['Bilophila_wadsworthia__BilWads6']",1.50000025001454e-06,TRUE,"Bilophila_wadsworthia__BilWads6"
"OQNO01.303.1_26/51-400","OQNO01","SAMD00036377","['Gordonibacter_pamelaeae__GrdPame5']",0.600429704393165,TRUE,"Gordonibacter_pamelaeae__GrdPame5"
"OQNO01.351.1_35/11-266","OQNO01","SAMD00036377","['Bilophila_wadsworthia__BilWads6']",1.50000025001454e-06,TRUE,"Bilophila_wadsworthia__BilWads6"
"OQNO01.303.1_27/2-235","OQNO01","SAMD00036377","['Gordonibacter_pamelaeae__GrdPame5']",0.679452704393165,TRUE,"Gordonibacter_pamelaeae__GrdPame5"
"UERL01.18164.1_1/54-427","UERL01","SAMN06115490","['uncultured_bacterium__EF645667']",0.487547276190246,TRUE,"uncultured_bacterium__EF645667"
"UERL01.18164.1_2/11-205","UERL01","SAMN06115490","['uncultured_bacterium__EF645667']",0.583919276190246,TRUE,"uncultured_bacterium__EF645667"
"ULVF01.69850.1_2/1-108","ULVF01","SAMEA4835779","['Desulfovibrio_piger__DslPige4', 'Desulfovibrio_piger__DslPige3', 'Desulfovibrio_piger__DslPige2']",NA,TRUE,"Desulfovibrio_piger__DslPige4"
"OQEN01.3796.1_6/63-426","OQEN01","SAMD00036316","['Desulfovibrio_sp._3_1_syn3__DsvSp230']",0.040383848532851,TRUE,"Desulfovibrio_sp._3_1_syn3__DsvSp230"
"OQEN01.3796.1_5/7-115","OQEN01","SAMD00036316","['Desulfovibrio_sp._6_1_46AFAA__DsvSp231']",0.136456417985541,TRUE,"Desulfovibrio_sp._6_1_46AFAA__DsvSp231"
"OQEN01.30334.1_2/5-128","OQEN01","SAMD00036316","['Desulfitibacter_alkalitolerans__DfiAlka2']",1.53518255633203,TRUE,"Desulfitibacter_alkalitolerans__DfiAlka2"
"OQEN01.30334.1_1/1-94","OQEN01","SAMD00036316","['Desulfitibacter_alkalitolerans__DfiAlka2']",NA,TRUE,"Desulfitibacter_alkalitolerans__DfiAlka2"
"OWEP01.24146.1_1/11-266","OWEP01","SAMEA3708570","['Bilophila_wadsworthia__BilWads6']",1.50000025001454e-06,TRUE,"Bilophila_wadsworthia__BilWads6"
"ORMQ01.62277.1_1/1-184","ORMQ01","SAMEA2338769","['Gordonibacter_pamelaeae_7-10-1-b__FP929047', 'Gordonibacter_pamelaeae__GrdPame5']",NA,TRUE,"Gordonibacter_pamelaeae_7-10-1-b__FP929047"
"OZIW01.24070.1_1/1-260","OZIW01","SAMN06165276","['Desulfovibrio_piger__DslPige4', 'Desulfovibrio_piger__DslPige3', 'Desulfovibrio_piger__DslPige2']",NA,TRUE,"Desulfovibrio_piger__DslPige4"
"OZIW01.29382.1_1/63-190","OZIW01","SAMN06165276","['Desulfovibrio_piger__DslPige3', 'Desulfovibrio_piger__DslPige4']",NA,TRUE,"Desulfovibrio_piger__DslPige3"
"USZJ01.35134.1_1/14-151","USZJ01","SAMN06111973","['Bilophila_wadsworthia__BilWads6']",0.247692370502427,TRUE,"Bilophila_wadsworthia__BilWads6"
"USZJ01.42489.1_2/2-184","USZJ01","SAMN06111973","['Anaerobic_bacterium_sk.prop8__Bv2Prop2']",1.16623553982822,TRUE,"Anaerobic_bacterium_sk.prop8__Bv2Prop2"
"USZJ01.39586.1_1/11-152","USZJ01","SAMN06111973","['Bilophila_wadsworthia__BilWads6']",0.129982370502427,TRUE,"Bilophila_wadsworthia__BilWads6"
"USZJ01.39586.1_2/1-131","USZJ01","SAMN06111973","['Desulfovibrio_vulgaris__DQ826729']",0.304816911862788,TRUE,"Desulfovibrio_vulgaris__DQ826729"
"USZJ01.42489.1_1/6-89","USZJ01","SAMN06111973","['Desulfitibacter_alkalitolerans__DfiAlka2']",1.21413955633203,TRUE,"Desulfitibacter_alkalitolerans__DfiAlka2"
"USZK01.45812.1_1/12-151","USZK01","SAMN06112056","['Bilophila_wadsworthia__BilWads6']",NA,TRUE,"Bilophila_wadsworthia__BilWads6"
"USZK01.32430.1_1/2-143","USZK01","SAMN06112056","['Bilophila_wadsworthia__BilWads6', 'Bilophila_sp._4_1_30__BilSpec3']",NA,TRUE,"Bilophila_wadsworthia__BilWads6"
"USZK01.32430.1_2/11-84","USZK01","SAMN06112056","['Bilophila_wadsworthia__BilWads6', 'Bilophila_sp._4_1_30__BilSpec3']",NA,TRUE,"Bilophila_wadsworthia__BilWads6"
"OURQ01.88870.1_2/2-102","OURQ01","SAMEA2338771","['Bilophila_wadsworthia__BilWads6', 'Bilophila_sp._4_1_30__BilSpec3', 'uncultured_bacterium__EF645667']",NA,TRUE,"Bilophila_wadsworthia__BilWads6"
"ULQG01.62244.1_1/63-146","ULQG01","SAMEA4835649","['Desulfovibrio_piger__DslPige4', 'Desulfovibrio_piger__DslPige3', 'uncultured_bacterium__EF645667']",NA,TRUE,"Desulfovibrio_piger__DslPige4"
"UXLK01.6353.1_1/63-222","UXLK01","SAMEA2159102","['Bilophila_wadsworthia__BilWads6', 'Bilophila_sp._4_1_30__BilSpec3', 'uncultured_bacterium__EF645667', 'Desulfovibrio_piger__DslPige3', 'Desulfovibrio_piger__DslPige4']",NA,TRUE,"Bilophila_wadsworthia__BilWads6"
"UXLK01.38444.1_2/1-78","UXLK01","SAMEA2159102","['Bilophila_wadsworthia__BilWads6']",0.196064370502427,TRUE,"Bilophila_wadsworthia__BilWads6"
"ULWS01.27479.1_2/64-143","ULWS01","SAMEA4835818","['Bilophila_wadsworthia__BilWads6', 'Bilophila_sp._4_1_30__BilSpec3', 'uncultured_bacterium__EF645667', 'Desulfovibrio_piger__DslPige3', 'Desulfovibrio_piger__DslPige4']",NA,TRUE,"Bilophila_wadsworthia__BilWads6"
"USYW01.3178.1_1/64-437","USYW01","SAMN06111949","['Bilophila_wadsworthia__BilWads6']",0.107182370502427,TRUE,"Bilophila_wadsworthia__BilWads6"
"USYW01.3178.1_2/11-266","USYW01","SAMN06111949","['Bilophila_wadsworthia__BilWads6']",0.108964370502427,TRUE,"Bilophila_wadsworthia__BilWads6"
"ORNA01.27111.1_1/8-139","ORNA01","SAMEA2338700","['Gordonibacter_pamelaeae__GrdPame5']",0.0836612210296696,TRUE,"Gordonibacter_pamelaeae__GrdPame5"
"ORNA01.17436.1_1/7-260","ORNA01","SAMEA2338700","['Moorella_thermoacetica_Y72_copy_2__MooTher5']",7.53149061945668,TRUE,"Moorella_thermoacetica_Y72_copy_2__MooTher5"
"ORNA01.8868.1_2/26-290","ORNA01","SAMEA2338700","['Moorella_thermoacetica_Y72_copy_2__MooTher5']",7.93347661945668,TRUE,"Moorella_thermoacetica_Y72_copy_2__MooTher5"
"OPRR01.4991.1_2/40-291","OPRR01","SAMEA2042406","['Moorella_thermoacetica_Y72_copy_2__MooTher5']",7.61628561945668,TRUE,"Moorella_thermoacetica_Y72_copy_2__MooTher5"
"UXJE01.79165.1_1/1-101","UXJE01","SAMEA2162862","['Bilophila_wadsworthia__BilWads6']",NA,TRUE,"Bilophila_wadsworthia__BilWads6"
"OUNI01.62286.1_1/16-118","OUNI01","SAMD00036315","['Bilophila_sp._4_1_30__BilSpec3']",0.0560818334302823,TRUE,"Bilophila_sp._4_1_30__BilSpec3"
"QZMA01.19851.1_2/7-380","QZMA01","SAMN06699331","['Bilophila_wadsworthia__BilWads6']",1.50000025001454e-06,TRUE,"Bilophila_wadsworthia__BilWads6"
"QZMA01.19851.1_1/11-152","QZMA01","SAMN06699331","['Bilophila_wadsworthia__BilWads6', 'Bilophila_sp._4_1_30__BilSpec3']",NA,TRUE,"Bilophila_wadsworthia__BilWads6"
"OPWM01.6910.1_4/62-354","OPWM01","SAMEA2042007","['uncultured_bacterium__EF645667']",NA,TRUE,"uncultured_bacterium__EF645667"
"ORCP01.143.1_13/64-437","ORCP01","SAMN06115496","['Bilophila_wadsworthia__BilWads6']",1.50000025001454e-06,TRUE,"Bilophila_wadsworthia__BilWads6"
"ORCP01.143.1_14/11-266","ORCP01","SAMN06115496","['Bilophila_wadsworthia__BilWads6']",1.50000025001454e-06,TRUE,"Bilophila_wadsworthia__BilWads6"
"ULTX01.61110.1_2/11-97","ULTX01","SAMEA4835747","['Desulfovibrio_piger__DslPige3', 'Desulfovibrio_piger__DslPige4', 'uncultured_bacterium__EF645667', 'Desulfovibrio_piger__DslPige2']",NA,TRUE,"Desulfovibrio_piger__DslPige3"
"ULTX01.61110.1_1/1-83","ULTX01","SAMEA4835747","['Desulfovibrio_piger__DslPige3', 'Desulfovibrio_piger__DslPige4', 'Desulfovibrio_piger__DslPige2']",NA,TRUE,"Desulfovibrio_piger__DslPige3"
"OWGI01.13947.1_2/1-355","OWGI01","SAMEA3708662","['Desulfovibrio_vulgaris__DQ826729']",0.0520935915607265,TRUE,"Desulfovibrio_vulgaris__DQ826729"
"OWGI01.4208.1_1/3-140","OWGI01","SAMEA3708662","['Desulfovibrio_vulgaris__DQ826729']",0.246906591560726,TRUE,"Desulfovibrio_vulgaris__DQ826729"
"OWGI01.13947.1_1/11-135","OWGI01","SAMEA3708662","['Desulfovibrio_vulgaris__DQ826729']",0.0680455915607265,TRUE,"Desulfovibrio_vulgaris__DQ826729"
"OQPO01.22024.1_1/64-437","OQPO01","SAMN02712138","['Bilophila_wadsworthia__BilWads6']",1.50000025001454e-06,TRUE,"Bilophila_wadsworthia__BilWads6"
"OQPO01.44761.1_1/11-241","OQPO01","SAMN02712138","['Bilophila_sp._4_1_30__BilSpec3']",NA,TRUE,"Bilophila_sp._4_1_30__BilSpec3"
"UXZE01.35372.1_2/1-100","UXZE01","SAMEA2150283","['Desulfovibrio_piger__DslPige3', 'Desulfovibrio_piger__DslPige4']",0.10235309127423,TRUE,"Desulfovibrio_piger__DslPige3"
"UXZE01.35372.1_1/11-83","UXZE01","SAMEA2150283","['Desulfovibrio_piger__DslPige3']",0.0316947876807884,TRUE,"Desulfovibrio_piger__DslPige3"
"OWDX01.1668.1_10/64-437","OWDX01","SAMEA3708637","['Bilophila_wadsworthia__BilWads6']",1.50000025001454e-06,TRUE,"Bilophila_wadsworthia__BilWads6"
"OWDX01.1668.1_11/11-266","OWDX01","SAMEA3708637","['Bilophila_sp._4_1_30__BilSpec3']",0.0016698334302823,TRUE,"Bilophila_sp._4_1_30__BilSpec3"
"OPAG01.31671.1_1/64-183","OPAG01","SAMEA2042619","['Bilophila_wadsworthia__BilWads6']",0.127303370502427,TRUE,"Bilophila_wadsworthia__BilWads6"
"ULZT01.1415.1_1/1-168","ULZT01","SAMEA4835897","['Desulfovibrio_piger__DslPige3', 'Desulfovibrio_piger__DslPige4']",NA,TRUE,"Desulfovibrio_piger__DslPige3"
"OZEP01.36501.1_1/11-222","OZEP01","SAMN06165020","['uncultured_bacterium__EF645667']",0.597408276190246,TRUE,"uncultured_bacterium__EF645667"
"OZEP01.44855.1_1/30-205","OZEP01","SAMN06165020","['uncultured_bacterium__EF645667', 'Candidatus_Desulfovibrio_trichonymphae']",NA,TRUE,"uncultured_bacterium__EF645667"
"UZNI01.17213.1_1/65-293","UZNI01","SAMN00715141","['Desulfovibrio_piger__DslPige3', 'Desulfovibrio_piger__DslPige4']",NA,TRUE,"Desulfovibrio_piger__DslPige3"
"OQFQ01.28679.1_1/11-119","OQFQ01","SAMD00036198","['Bilophila_wadsworthia__BilWads6', 'Bilophila_sp._4_1_30__BilSpec3']",NA,TRUE,"Bilophila_wadsworthia__BilWads6"
"OQFQ01.28679.1_2/1-113","OQFQ01","SAMD00036198","['Bilophila_wadsworthia__BilWads6', 'Bilophila_sp._4_1_30__BilSpec3', 'uncultured_bacterium__EF645667']",NA,TRUE,"Bilophila_wadsworthia__BilWads6"
"UZRZ01.25870.1_2/1-254","UZRZ01","SAMN00715260","['Bilophila_wadsworthia__BilWads6', 'Bilophila_sp._4_1_30__BilSpec3']",NA,TRUE,"Bilophila_wadsworthia__BilWads6"
"UZRZ01.39098.1_1/1-184","UZRZ01","SAMN00715260","['Bilophila_wadsworthia__BilWads6']",0.137799370502427,TRUE,"Bilophila_wadsworthia__BilWads6"
"UZRZ01.22417.1_1/64-181","UZRZ01","SAMN00715260","['Bilophila_sp._4_1_30__BilSpec3']",0.0553968334302823,TRUE,"Bilophila_sp._4_1_30__BilSpec3"
"ORLW01.61218.1_1/6-240","ORLW01","SAMN04329776","['Desulfitibacter_alkalitolerans__DfiAlka2']",0.953887556332035,TRUE,"Desulfitibacter_alkalitolerans__DfiAlka2"
"ORLW01.106523.1_1/11-86","ORLW01","SAMN04329776","['Bilophila_sp._4_1_30__BilSpec3']",0.0297868334302823,TRUE,"Bilophila_sp._4_1_30__BilSpec3"
"UXSM01.5714.1_4/64-437","UXSM01","SAMEA2150168","['Bilophila_wadsworthia__BilWads6']",1.50000025001454e-06,TRUE,"Bilophila_wadsworthia__BilWads6"
"UXSM01.5714.1_3/11-266","UXSM01","SAMEA2150168","['Bilophila_wadsworthia__BilWads6']",1.50000025001454e-06,TRUE,"Bilophila_wadsworthia__BilWads6"
"OVGO01.22706.1_1/62-435","OVGO01","SAMN06016402","['uncultured_bacterium__EF645667']",0.474586276190246,TRUE,"uncultured_bacterium__EF645667"
"OVGO01.75048.1_1/1-129","OVGO01","SAMN06016402","['Bilophila_wadsworthia__BilWads6']",0.282222370502427,TRUE,"Bilophila_wadsworthia__BilWads6"
"OVGO01.22706.1_2/11-135","OVGO01","SAMN06016402","['uncultured_bacterium__EF645667']",0.597408276190246,TRUE,"uncultured_bacterium__EF645667"
"ULZA01.9065.1_1/2-375","ULZA01","SAMEA4835877","['Desulfovibrio_piger__DslPige3', 'Desulfovibrio_piger__DslPige4']",0.0606080912742298,TRUE,"Desulfovibrio_piger__DslPige3"
"OQMO01.10615.1_2/11-242","OQMO01","SAMD00036431","['Bilophila_wadsworthia__BilWads6']",NA,TRUE,"Bilophila_wadsworthia__BilWads6"
"OQMO01.10615.1_1/1-148","OQMO01","SAMD00036431","['Bilophila_wadsworthia__BilWads6', 'Bilophila_sp._4_1_30__BilSpec3']",NA,TRUE,"Bilophila_wadsworthia__BilWads6"
"UEPY01.10103.1_2/64-437","UEPY01","SAMN06115472","['Bilophila_wadsworthia__BilWads6']",0.112844370502427,TRUE,"Bilophila_wadsworthia__BilWads6"
"UEPY01.10103.1_1/11-266","UEPY01","SAMN06115472","['Bilophila_wadsworthia__BilWads6']",0.00918850000025001,TRUE,"Bilophila_wadsworthia__BilWads6"
"UPQG01.5907.1_4/63-436","UPQG01","SAMEA2737783","['Desulfovibrio_piger__DslPige3', 'Desulfovibrio_piger__DslPige4']",0.0018347876807884,TRUE,"Desulfovibrio_piger__DslPige3"
"USZB01.309.1_15/64-437","USZB01","SAMN06112012","['Bilophila_wadsworthia__BilWads6']",1.50000025001454e-06,TRUE,"Bilophila_wadsworthia__BilWads6"
"USZB01.309.1_14/11-266","USZB01","SAMN06112012","['Bilophila_wadsworthia__BilWads6']",1.50000025001454e-06,TRUE,"Bilophila_wadsworthia__BilWads6"
"USZB01.91983.1_1/2-140","USZB01","SAMN06112012","['Bilophila_wadsworthia__BilWads6', 'Desulfovibrio_vulgaris__DQ826729']",NA,TRUE,"Bilophila_wadsworthia__BilWads6"
"OVFO01.20574.1_1/11-266","OVFO01","SAMN06016330","['Bilophila_wadsworthia__BilWads6']",1.50000025001454e-06,TRUE,"Bilophila_wadsworthia__BilWads6"
"OVFO01.45487.1_1/1-167","OVFO01","SAMN06016330","['Bilophila_wadsworthia__BilWads6', 'Bilophila_sp._4_1_30__BilSpec3']",NA,TRUE,"Bilophila_wadsworthia__BilWads6"
"UYBY01.9350.1_2/62-435","UYBY01","SAMEA2153005","['uncultured_bacterium__EF645667']",0.474586276190246,TRUE,"uncultured_bacterium__EF645667"
"UYBY01.9350.1_1/11-266","UYBY01","SAMEA2153005","['uncultured_bacterium__EF645667']",0.608863276190246,TRUE,"uncultured_bacterium__EF645667"
"UYBY01.43996.1_1/11-174","UYBY01","SAMEA2153005","['Desulfovibrio_vulgaris__DQ826729']",NA,TRUE,"Desulfovibrio_vulgaris__DQ826729"
"UZIO01.6419.1_2/65-438","UZIO01","SAMN00791930","['Desulfovibrio_piger__DslPige3']",0.0721370912742298,TRUE,"Desulfovibrio_piger__DslPige3"
"UZIO01.6419.1_1/11-266","UZIO01","SAMN00791930","['Desulfovibrio_piger__DslPige4']",0.0110857876807884,TRUE,"Desulfovibrio_piger__DslPige4"
"OWGA01.19301.1_2/64-437","OWGA01","SAMEA3708463","['Bilophila_wadsworthia__BilWads6']",1.50000025001454e-06,TRUE,"Bilophila_wadsworthia__BilWads6"
"OWGA01.6320.1_7/1-215","OWGA01","SAMEA3708463","['Bilophila_wadsworthia__BilWads6']",NA,TRUE,"Bilophila_wadsworthia__BilWads6"
"UXSC01.97719.1_1/1-221","UXSC01","SAMEA2145365","['uncultured_bacterium__EF645667']",NA,TRUE,"uncultured_bacterium__EF645667"
"UXSC01.111868.1_1/63-185","UXSC01","SAMEA2145365","['Bilophila_wadsworthia__BilWads6', 'Bilophila_sp._4_1_30__BilSpec3', 'uncultured_bacterium__EF645667', 'Desulfovibrio_piger__DslPige3', 'Desulfovibrio_piger__DslPige4']",NA,TRUE,"Bilophila_wadsworthia__BilWads6"
"ULTV01.21117.1_1/1-193","ULTV01","SAMEA4835743","['Desulfovibrio_piger__DslPige3', 'Desulfovibrio_piger__DslPige4']",NA,TRUE,"Desulfovibrio_piger__DslPige3"
"ULTV01.70142.1_1/1-108","ULTV01","SAMEA4835743","['Bilophila_wadsworthia__BilWads6', 'Desulfovibrio_piger__DslPige3', 'Desulfovibrio_piger__DslPige4']",NA,TRUE,"Bilophila_wadsworthia__BilWads6"
"UPFT01.4705.1_2/63-436","UPFT01","SAMEA2737676","['Desulfovibrio_sp._3_1_syn3__DsvSp230']",0.00163384853285095,TRUE,"Desulfovibrio_sp._3_1_syn3__DsvSp230"
"UPFT01.4705.1_1/11-266","UPFT01","SAMEA2737676","['Desulfovibrio_sp._6_1_46AFAA__DsvSp231']",0.0261574179855414,TRUE,"Desulfovibrio_sp._6_1_46AFAA__DsvSp231"
"UPFT01.27794.1_1/51-220","UPFT01","SAMEA2737676","['Gordonibacter_pamelaeae_7-10-1-b__FP929047']",0.0199176951735704,TRUE,"Gordonibacter_pamelaeae_7-10-1-b__FP929047"
"UPFT01.9526.1_6/1-121","UPFT01","SAMEA2737676","['Gordonibacter_pamelaeae__GrdPame5']",NA,TRUE,"Gordonibacter_pamelaeae__GrdPame5"
"UPFT01.6318.1_8/3-88","UPFT01","SAMEA2737676","['Gordonibacter_pamelaeae__GrdPame5']",NA,TRUE,"Gordonibacter_pamelaeae__GrdPame5"
"UPFT01.38228.1_2/4-248","UPFT01","SAMEA2737676","['Moorella_thermoacetica_Y72_copy_2__MooTher5']",7.64914261945668,TRUE,"Moorella_thermoacetica_Y72_copy_2__MooTher5"
"OWED01.1010.1_10/64-437","OWED01","SAMEA3708557","['Bilophila_wadsworthia__BilWads6']",1.50000025001454e-06,TRUE,"Bilophila_wadsworthia__BilWads6"
"OWED01.1010.1_11/1-253","OWED01","SAMEA3708557","['Bilophila_wadsworthia__BilWads6']",1.50000025001454e-06,TRUE,"Bilophila_wadsworthia__BilWads6"
"UEOG01.30096.1_1/2-155","UEOG01","SAMN06115488","['uncultured_bacterium__EF645667']",0.171393276190246,TRUE,"uncultured_bacterium__EF645667"
"ORQD01.6682.1_3/63-436","ORQD01","SAMEA2338632","['Desulfovibrio_piger__DslPige3']",0.0662670912742298,TRUE,"Desulfovibrio_piger__DslPige3"
"ORQD01.6682.1_2/11-266","ORQD01","SAMEA2338632","['Desulfovibrio_piger__DslPige4']",0.11273409127423,TRUE,"Desulfovibrio_piger__DslPige4"
"OUPX01.25350.1_2/1-158","OUPX01","SAMN05194720","['Bilophila_wadsworthia__BilWads6']",0.107893370502427,TRUE,"Bilophila_wadsworthia__BilWads6"
"USUG01.546.1_43/64-437","USUG01","SAMN06111957","['Bilophila_wadsworthia__BilWads6']",1.50000025001454e-06,TRUE,"Bilophila_wadsworthia__BilWads6"
"USUG01.546.1_42/11-266","USUG01","SAMN06111957","['Bilophila_wadsworthia__BilWads6']",1.50000025001454e-06,TRUE,"Bilophila_wadsworthia__BilWads6"
"USUG01.127008.1_1/2-162","USUG01","SAMN06111957","['Bilophila_wadsworthia__BilWads6']",0.386772370502427,TRUE,"Bilophila_wadsworthia__BilWads6"
"ULVM01.3647.1_2/11-266","ULVM01","SAMEA4835786","['Bilophila_wadsworthia__BilWads6']",1.50000025001454e-06,TRUE,"Bilophila_wadsworthia__BilWads6"
"ULVM01.3647.1_1/1-234","ULVM01","SAMEA4835786","['Bilophila_wadsworthia__BilWads6', 'Bilophila_sp._4_1_30__BilSpec3']",NA,TRUE,"Bilophila_wadsworthia__BilWads6"
"ULVM01.24178.1_2/64-176","ULVM01","SAMEA4835786","['Bilophila_wadsworthia__BilWads6', 'Bilophila_sp._4_1_30__BilSpec3', 'uncultured_bacterium__EF645667', 'Desulfovibrio_piger__DslPige3', 'Desulfovibrio_piger__DslPige4']",NA,TRUE,"Bilophila_wadsworthia__BilWads6"
"ORSV01.1613.1_6/62-435","ORSV01","SAMEA2338830","['uncultured_bacterium__EF645667']",0.474586276190246,TRUE,"uncultured_bacterium__EF645667"
"ORSV01.1613.1_5/11-266","ORSV01","SAMEA2338830","['uncultured_bacterium__EF645667']",0.608863276190246,TRUE,"uncultured_bacterium__EF645667"
"ORSV01.67170.1_1/1-248","ORSV01","SAMEA2338830","['Anaerobic_bacterium_sk.prop8__Bv2Prop2']",1.35665453982822,TRUE,"Anaerobic_bacterium_sk.prop8__Bv2Prop2"
"UAAG01.26079.1_1/4-179","UAAG01","SAMN06165144","['Desulfovibrio_piger__DslPige3', 'Desulfovibrio_piger__DslPige4']",0.0426757876807884,TRUE,"Desulfovibrio_piger__DslPige3"
"OVZI01.8185.1_4/63-436","OVZI01","SAMEA3708698","['Desulfovibrio_piger__DslPige3', 'Desulfovibrio_piger__DslPige4']",0.0764370912742298,TRUE,"Desulfovibrio_piger__DslPige3"
"OVZI01.8185.1_3/11-266","OVZI01","SAMEA3708698","['Desulfovibrio_piger__DslPige3']",0.0297127876807884,TRUE,"Desulfovibrio_piger__DslPige3"
"OVZI01.64092.1_1/11-153","OVZI01","SAMEA3708698","['Bilophila_wadsworthia__BilWads6', 'Bilophila_sp._4_1_30__BilSpec3']",NA,TRUE,"Bilophila_wadsworthia__BilWads6"
"OVZI01.64092.1_2/1-113","OVZI01","SAMEA3708698","['Bilophila_wadsworthia__BilWads6', 'Bilophila_sp._4_1_30__BilSpec3', 'uncultured_bacterium__EF645667']",NA,TRUE,"Bilophila_wadsworthia__BilWads6"
"ULTW01.42440.1_1/54-365","ULTW01","SAMEA4835744","['Desulfovibrio_piger__DslPige3', 'Desulfovibrio_piger__DslPige4']",NA,TRUE,"Desulfovibrio_piger__DslPige3"
"ULTW01.18645.1_1/9-264","ULTW01","SAMEA4835744","['Desulfovibrio_piger__DslPige3', 'Desulfovibrio_piger__DslPige4']",0.0018347876807884,TRUE,"Desulfovibrio_piger__DslPige3"
"ULTW01.28614.1_1/1-122","ULTW01","SAMEA4835744","['uncultured_bacterium__EF645667', 'Desulfovibrio_piger__DslPige4', 'Desulfovibrio_piger__DslPige3']",NA,TRUE,"uncultured_bacterium__EF645667"
"UZTV01.20987.1_1/6-145","UZTV01","SAMN00792061","['Bilophila_sp._4_1_30__BilSpec3', 'Bilophila_wadsworthia__BilWads6']",NA,TRUE,"Bilophila_sp._4_1_30__BilSpec3"
"UZTV01.21870.1_1/64-182","UZTV01","SAMN00792061","['Bilophila_wadsworthia__BilWads6', 'Bilophila_sp._4_1_30__BilSpec3', 'uncultured_bacterium__EF645667', 'Desulfovibrio_piger__DslPige3', 'Desulfovibrio_piger__DslPige4']",NA,TRUE,"Bilophila_wadsworthia__BilWads6"
"UZRJ01.3768.1_3/64-437","UZRJ01","SAMN00791948","['Bilophila_wadsworthia__BilWads6']",1.50000025001454e-06,TRUE,"Bilophila_wadsworthia__BilWads6"
"UZRJ01.3768.1_2/1-253","UZRJ01","SAMN00791948","['Bilophila_wadsworthia__BilWads6']",1.50000025001454e-06,TRUE,"Bilophila_wadsworthia__BilWads6"
"UMJQ01.3977.1_20/40-291","UMJQ01","SAMEA4836154","['Moorella_thermoacetica_Y72_copy_2__MooTher5']",7.61628561945668,TRUE,"Moorella_thermoacetica_Y72_copy_2__MooTher5"
"OYDR01.12902.1_1/1-191","OYDR01","SAMN06164623","['Desulfovibrio_piger__DslPige3', 'Desulfovibrio_piger__DslPige4']",NA,TRUE,"Desulfovibrio_piger__DslPige3"
"ORNP01.7462.1_4/63-436","ORNP01","SAMEA2338708","['Desulfovibrio_piger__DslPige3', 'Desulfovibrio_piger__DslPige4']",0.0470370912742298,TRUE,"Desulfovibrio_piger__DslPige3"
"OQCK01.23897.1_1/1-133","OQCK01","SAMD00036229","['Bilophila_wadsworthia__BilWads6']",0.376625370502427,TRUE,"Bilophila_wadsworthia__BilWads6"
"UZOI01.8813.1_2/63-433","UZOI01","SAMN00791951","['Bilophila_wadsworthia__BilWads6']",0.153691370502427,TRUE,"Bilophila_wadsworthia__BilWads6"
"UXMO01.57634.1_1/11-92","UXMO01","SAMEA2145582","['uncultured_bacterium__EF645667', 'Bilophila_wadsworthia__BilWads6', 'Desulfovibrio_vulgaris__DQ826729']",NA,TRUE,"uncultured_bacterium__EF645667"
"UXMO01.57634.1_2/1-90","UXMO01","SAMEA2145582","['uncultured_bacterium__EF645667', 'Desulfovibrio_piger__DslPige3']",NA,TRUE,"uncultured_bacterium__EF645667"
"ULSO01.92335.1_1/1-301","ULSO01","SAMEA4835708","['Anaerobic_bacterium_sk.prop8__Bv2Prop2']",1.34310853982822,TRUE,"Anaerobic_bacterium_sk.prop8__Bv2Prop2"
"UXIV01.18973.1_1/34-317","UXIV01","SAMEA1964687","['Desulfovibrio_piger__DslPige3', 'Desulfovibrio_piger__DslPige4']",NA,TRUE,"Desulfovibrio_piger__DslPige3"
"UXIV01.20473.1_1/11-165","UXIV01","SAMEA1964687","['Desulfovibrio_piger__DslPige3', 'Desulfovibrio_piger__DslPige4', 'uncultured_bacterium__EF645667']",NA,TRUE,"Desulfovibrio_piger__DslPige3"
"UXIV01.34867.1_1/1-126","UXIV01","SAMEA1964687","['uncultured_bacterium__EF645667', 'Desulfovibrio_piger__DslPige3', 'Desulfovibrio_piger__DslPige4']",NA,TRUE,"uncultured_bacterium__EF645667"
"UXIV01.20473.1_2/1-126","UXIV01","SAMEA1964687","['uncultured_bacterium__EF645667', 'Desulfovibrio_piger__DslPige4', 'Desulfovibrio_piger__DslPige3', 'Desulfovibrio_piger__DslPige2']",NA,TRUE,"uncultured_bacterium__EF645667"
"USVO01.5543.1_4/63-436","USVO01","SAMN06112044","['Desulfovibrio_piger__DslPige3', 'Desulfovibrio_piger__DslPige4']",0.0582070912742298,TRUE,"Desulfovibrio_piger__DslPige3"
"USVO01.5543.1_5/11-266","USVO01","SAMN06112044","['Desulfovibrio_piger__DslPige3', 'Desulfovibrio_piger__DslPige4']",0.0018347876807884,TRUE,"Desulfovibrio_piger__DslPige3"
"UPWK01.878.1_11/64-437","UPWK01","SAMN06112059","['Bilophila_wadsworthia__BilWads6']",1.50000025001454e-06,TRUE,"Bilophila_wadsworthia__BilWads6"
"UPWK01.878.1_12/11-266","UPWK01","SAMN06112059","['Bilophila_wadsworthia__BilWads6']",1.50000025001454e-06,TRUE,"Bilophila_wadsworthia__BilWads6"
"OQEB01.40913.1_1/4-111","OQEB01","SAMD00036317","['Bilophila_wadsworthia__BilWads6']",0.117796370502427,TRUE,"Bilophila_wadsworthia__BilWads6"
"ULWF01.57152.1_1/11-266","ULWF01","SAMEA4835805","['uncultured_bacterium__EF645667']",0.597408276190246,TRUE,"uncultured_bacterium__EF645667"
"ULWF01.4825.1_1/62-257","ULWF01","SAMEA4835805","['uncultured_bacterium__EF645667']",NA,TRUE,"uncultured_bacterium__EF645667"
"ULWF01.57152.1_2/1-153","ULWF01","SAMEA4835805","['uncultured_bacterium__EF645667', 'Desulfovibrio_piger__DslPige3']",NA,TRUE,"uncultured_bacterium__EF645667"
"ORBZ01.118.1_57/64-437","ORBZ01","SAMN05024037","['Bilophila_wadsworthia__BilWads6']",1.50000025001454e-06,TRUE,"Bilophila_wadsworthia__BilWads6"
"ORBZ01.118.1_56/11-266","ORBZ01","SAMN05024037","['Bilophila_wadsworthia__BilWads6']",1.50000025001454e-06,TRUE,"Bilophila_wadsworthia__BilWads6"
"ORBZ01.23255.1_1/1-73","ORBZ01","SAMN05024037","['Gordonibacter_pamelaeae__GrdPame5']",NA,TRUE,"Gordonibacter_pamelaeae__GrdPame5"
"OWPL01.10114.1_1/63-436","OWPL01","SAMEA4378256","['Desulfovibrio_piger__DslPige3']",0.0205247876807884,TRUE,"Desulfovibrio_piger__DslPige3"
"OWPL01.10114.1_2/11-266","OWPL01","SAMEA4378256","['Desulfovibrio_piger__DslPige3', 'Desulfovibrio_piger__DslPige4']",0.0018347876807884,TRUE,"Desulfovibrio_piger__DslPige3"
"UZQK01.23395.1_1/7-256","UZQK01","SAMN00791963","['Bilophila_sp._4_1_30__BilSpec3']",0.0016698334302823,TRUE,"Bilophila_sp._4_1_30__BilSpec3"
"UZQK01.35847.1_1/64-214","UZQK01","SAMN00791963","['Bilophila_sp._4_1_30__BilSpec3']",0.0216628334302823,TRUE,"Bilophila_sp._4_1_30__BilSpec3"
"UZON01.4352.1_2/64-437","UZON01","SAMN00792026","['uncultured_bacterium__EF645667']",0.483228276190246,TRUE,"uncultured_bacterium__EF645667"
"UZON01.4352.1_3/11-266","UZON01","SAMN00792026","['uncultured_bacterium__EF645667']",0.597408276190246,TRUE,"uncultured_bacterium__EF645667"
"PPYF01.173759.1_4/40-291","PPYF01","SAMN08240021","['Moorella_thermoacetica_Y72_copy_2__MooTher5']",7.92386161945668,TRUE,"Moorella_thermoacetica_Y72_copy_2__MooTher5"
"UEPQ01.62.1_14/21-362","UEPQ01","SAMN06115483","['Bilophila_wadsworthia__BilWads6']",0.0993673705024268,TRUE,"Bilophila_wadsworthia__BilWads6"
"UEPQ01.62.1_13/63-344","UEPQ01","SAMN06115483","['Bilophila_sp._4_1_30__BilSpec3']",NA,TRUE,"Bilophila_sp._4_1_30__BilSpec3"
"OWXA01.5389.1_2/20-361","OWXA01","SAMN05827029","['uncultured_bacterium__EF645667']",0.186009276190246,TRUE,"uncultured_bacterium__EF645667"
"UPFD01.8591.1_3/20-361","UPFD01","SAMEA2737666","['Desulfovibrio_piger__DslPige3', 'Desulfovibrio_piger__DslPige4']",0.0580767876807884,TRUE,"Desulfovibrio_piger__DslPige3"
"UPFD01.8591.1_2/4-418","UPFD01","SAMEA2737666","['Desulfovibrio_piger__DslPige4']",0.0612720912742298,TRUE,"Desulfovibrio_piger__DslPige4"
"UPMZ01.5950.1_6/8-336","UPMZ01","SAMEA2737808","['Gordonibacter_pamelaeae__GrdPame5']",0.00338522102966964,TRUE,"Gordonibacter_pamelaeae__GrdPame5"
"UPMZ01.5950.1_5/4-307","UPMZ01","SAMEA2737808","['Gordonibacter_pamelaeae_7-10-1-b__FP929047']",0.00759969517357038,TRUE,"Gordonibacter_pamelaeae_7-10-1-b__FP929047"
"UEYD01.35306.1_1/33-280","UEYD01","SAMN06115506","['Bilophila_wadsworthia__BilWads6', 'Bilophila_sp._4_1_30__BilSpec3']",NA,TRUE,"Bilophila_wadsworthia__BilWads6"
"OPSF01.12557.1_1/62-398","OPSF01","SAMEA2042111","['Desulfovibrio_piger__DslPige3', 'Desulfovibrio_piger__DslPige4']",0.0650360912742298,TRUE,"Desulfovibrio_piger__DslPige3"
"QWCE01.34300.1_2/1-365","QWCE01","SAMN09866716","['Anaerobic_bacterium_sk.prop8__Bv2Prop2']",1.32868353982822,TRUE,"Anaerobic_bacterium_sk.prop8__Bv2Prop2"
"QWCE01.3417.1_6/21-362","QWCE01","SAMN09866716","['Bilophila_wadsworthia__BilWads6']",0.0993673705024268,TRUE,"Bilophila_wadsworthia__BilWads6"
"QWCE01.3417.1_7/63-344","QWCE01","SAMN09866716","['Bilophila_sp._4_1_30__BilSpec3']",NA,TRUE,"Bilophila_sp._4_1_30__BilSpec3"
"QWCE01.143185.1_1/6-181","QWCE01","SAMN09866716","[]",NA,FALSE,NA
"QWCE01.148739.1_1/8-192","QWCE01","SAMN09866716","['Gordonibacter_pamelaeae__GrdPame5']",0.287504704393165,TRUE,"Gordonibacter_pamelaeae__GrdPame5"
"QWCE01.141726.1_2/4-113","QWCE01","SAMN09866716","['Thermodesulfobium_narugense__CP002690']",1.27053903458103,TRUE,"Thermodesulfobium_narugense__CP002690"
"OWCY01.6912.1_2/20-361","OWCY01","SAMEA3708620","['Desulfovibrio_piger__DslPige3']",0.0311747876807884,TRUE,"Desulfovibrio_piger__DslPige3"
"OWCY01.6912.1_3/6-418","OWCY01","SAMEA3708620","['Desulfovibrio_piger__DslPige2']",0.0255935214698588,TRUE,"Desulfovibrio_piger__DslPige2"
"OWCY01.44532.1_1/21-270","OWCY01","SAMEA3708620","['Bilophila_wadsworthia__BilWads6']",NA,TRUE,"Bilophila_wadsworthia__BilWads6"
"ORRJ01.22585.1_1/2-338","ORRJ01","SAMEA2338649","['Bilophila_wadsworthia__BilWads6']",0.151367370502427,TRUE,"Bilophila_wadsworthia__BilWads6"
"ORRJ01.13417.1_2/6-418","ORRJ01","SAMEA2338649","['Desulfovibrio_piger__DslPige3']",0.0313437876807884,TRUE,"Desulfovibrio_piger__DslPige3"
"UERO01.20183.1_1/63-344","UERO01","SAMN06115397","['Bilophila_sp._4_1_30__BilSpec3']",NA,TRUE,"Bilophila_sp._4_1_30__BilSpec3"
"UERO01.11922.1_1/2-214","UERO01","SAMN06115397","['Bilophila_wadsworthia__BilWads6']",0.118470370502427,TRUE,"Bilophila_wadsworthia__BilWads6"
"OPAP01.30399.1_1/2-185","OPAP01","SAMEA1967055","['Desulfovibrio_piger__DslPige3', 'Desulfovibrio_piger__DslPige4']",0.0018347876807884,TRUE,"Desulfovibrio_piger__DslPige3"
"OURY01.49778.1_1/1-225","OURY01","SAMEA2338638","['Anaerobic_bacterium_sk.prop8__Bv2Prop2']",NA,TRUE,"Anaerobic_bacterium_sk.prop8__Bv2Prop2"
"OYXC01.9658.1_1/19-265","OYXC01","SAMN06165016","['Desulfovibrio_piger__DslPige3', 'Desulfovibrio_piger__DslPige4']",0.0390407876807884,TRUE,"Desulfovibrio_piger__DslPige3"
"OYXC01.9658.1_2/2-211","OYXC01","SAMN06165016","['Desulfovibrio_piger__DslPige4', 'Desulfovibrio_piger__DslPige3']",NA,TRUE,"Desulfovibrio_piger__DslPige4"
"USZA01.13236.1_3/52-401","USZA01","SAMN06112073","['Bilophila_wadsworthia__BilWads6']",0.139700370502427,TRUE,"Bilophila_wadsworthia__BilWads6"
"USZA01.41154.1_2/12-171","USZA01","SAMN06112073","['Anaerobic_bacterium_sk.prop8__Bv2Prop2']",1.12602988487643,TRUE,"Anaerobic_bacterium_sk.prop8__Bv2Prop2"
"UZLQ01.611.1_9/10-349","UZLQ01","SAMN00715227","['Bilophila_wadsworthia__BilWads6']",0.0993673705024268,TRUE,"Bilophila_wadsworthia__BilWads6"
"UZLQ01.611.1_10/63-344","UZLQ01","SAMN00715227","['Bilophila_sp._4_1_30__BilSpec3']",NA,TRUE,"Bilophila_sp._4_1_30__BilSpec3"
"UPRH01.19723.1_1/21-362","UPRH01","SAMEA2737760","['Bilophila_wadsworthia__BilWads6']",0.0993673705024268,TRUE,"Bilophila_wadsworthia__BilWads6"
"UPMW01.3186.1_7/21-361","UPMW01","SAMEA2737879","['uncultured_bacterium__EF645667']",0.142062170607274,TRUE,"uncultured_bacterium__EF645667"
"UPMW01.3186.1_8/4-420","UPMW01","SAMEA2737879","['uncultured_bacterium__EF645667']",0.0848526773928871,TRUE,"uncultured_bacterium__EF645667"
"UPMM01.15656.1_2/4-419","UPMM01","SAMEA2737839","['Desulfovibrio_piger__DslPige4']",0.0152037876807884,TRUE,"Desulfovibrio_piger__DslPige4"
"ORIF01.7405.1_1/14-339","ORIF01","SAMN04329858","['Desulfitibacter_alkalitolerans__DfiAlka2']",0.821568556332035,TRUE,"Desulfitibacter_alkalitolerans__DfiAlka2"
"ORIF01.8035.1_2/4-370","ORIF01","SAMN04329858","['Anaerobic_bacterium_sk.prop8__Bv2Prop2']",1.14705953982822,TRUE,"Anaerobic_bacterium_sk.prop8__Bv2Prop2"
"ORIF01.8853.1_1/4-394","ORIF01","SAMN04329858","['Desulfovibrio_piger__DslPige3', 'Desulfovibrio_piger__DslPige4']",0.0854610912742298,TRUE,"Desulfovibrio_piger__DslPige3"
"OXJK01.30384.1_1/4-183","OXJK01","SAMN05826969","['Bilophila_wadsworthia__BilWads6', 'Bilophila_sp._4_1_30__BilSpec3']",NA,TRUE,"Bilophila_wadsworthia__BilWads6"
"UPQN01.3.1_187/18-361","UPQN01","SAMEA2737804","['uncultured_bacterium__EF645667']",0.655104276190246,TRUE,"uncultured_bacterium__EF645667"
"UPQN01.3.1_186/5-398","UPQN01","SAMEA2737804","['uncultured_bacterium__EF645667']",0.508187276190246,TRUE,"uncultured_bacterium__EF645667"
"USWG01.18375.1_1/12-232","USWG01","SAMN06111996","['Bilophila_sp._4_1_30__BilSpec3']",NA,TRUE,"Bilophila_sp._4_1_30__BilSpec3"
"UZHZ01.1361.1_6/21-362","UZHZ01","SAMN00791913","['Bilophila_sp._4_1_30__BilSpec3']",0.0016698334302823,TRUE,"Bilophila_sp._4_1_30__BilSpec3"
"UZHZ01.1361.1_5/63-344","UZHZ01","SAMN00791913","['Bilophila_sp._4_1_30__BilSpec3']",NA,TRUE,"Bilophila_sp._4_1_30__BilSpec3"
"OZKV01.8779.1_1/6-418","OZKV01","SAMN06165244","['Desulfovibrio_piger__DslPige3']",0.0290447876807884,TRUE,"Desulfovibrio_piger__DslPige3"
"OQPZ01.68446.1_1/4-194","OQPZ01","SAMN02712189","['Bilophila_sp._4_1_30__BilSpec3']",0.0467368334302823,TRUE,"Bilophila_sp._4_1_30__BilSpec3"
"OWBQ01.8.1_52/18-361","OWBQ01","SAMEA3708561","['uncultured_bacterium__EF645667']",0.655104276190246,TRUE,"uncultured_bacterium__EF645667"
"OWBQ01.8.1_53/5-398","OWBQ01","SAMEA3708561","['uncultured_bacterium__EF645667']",0.505803276190246,TRUE,"uncultured_bacterium__EF645667"
"OPRK01.12948.1_1/8-143","OPRK01","SAMEA1966253","['Bilophila_wadsworthia__BilWads6']",0.155599370502427,TRUE,"Bilophila_wadsworthia__BilWads6"
"OWQQ01.8304.1_3/20-361","OWQQ01","SAMEA4378285","['Desulfovibrio_piger__DslPige3']",0.0217727876807884,TRUE,"Desulfovibrio_piger__DslPige3"
"OWQQ01.8304.1_2/4-418","OWQQ01","SAMEA4378285","['Desulfovibrio_piger__DslPige3', 'Desulfovibrio_piger__DslPige4']",0.0584990912742298,TRUE,"Desulfovibrio_piger__DslPige3"
"ORRD01.1201.1_14/8-368","ORRD01","SAMEA2338677","['Gordonibacter_pamelaeae__GrdPame5']",0.901106704393165,TRUE,"Gordonibacter_pamelaeae__GrdPame5"
"UZNL01.14334.1_1/5-250","UZNL01","SAMN00715143","['Candidatus_Desulfovibrio_trichonymphae']",0.338769307406043,TRUE,"Candidatus_Desulfovibrio_trichonymphae"
"ULSH01.35401.1_1/4-202","ULSH01","SAMEA4835702","['uncultured_bacterium__EF645667']",NA,TRUE,"uncultured_bacterium__EF645667"
"UYDM01.8511.1_3/20-361","UYDM01","SAMEA2151439","['Desulfovibrio_piger__DslPige3', 'Desulfovibrio_piger__DslPige4']",0.0903620912742298,TRUE,"Desulfovibrio_piger__DslPige3"
"UYDM01.8511.1_2/6-419","UYDM01","SAMEA2151439","['Desulfovibrio_piger__DslPige3', 'Desulfovibrio_piger__DslPige4']",0.0801460912742298,TRUE,"Desulfovibrio_piger__DslPige3"
"OQQY01.71910.1_1/4-199","OQQY01","SAMN02711295","['Bilophila_wadsworthia__BilWads6']",0.0993673705024268,TRUE,"Bilophila_wadsworthia__BilWads6"
"OQQY01.70848.1_1/1-200","OQQY01","SAMN02711295","['Bilophila_wadsworthia__BilWads6', 'Bilophila_sp._4_1_30__BilSpec3']",NA,TRUE,"Bilophila_wadsworthia__BilWads6"
"OVYG01.1315.1_13/21-362","OVYG01","SAMEA3708462","['Bilophila_wadsworthia__BilWads6']",0.0993673705024268,TRUE,"Bilophila_wadsworthia__BilWads6"
"OVYG01.1315.1_12/63-344","OVYG01","SAMEA3708462","['Bilophila_sp._4_1_30__BilSpec3']",NA,TRUE,"Bilophila_sp._4_1_30__BilSpec3"
"UXRB01.19263.1_2/20-361","UXRB01","SAMEA2155512","['Desulfovibrio_piger__DslPige3', 'Desulfovibrio_piger__DslPige4']",0.0770900912742298,TRUE,"Desulfovibrio_piger__DslPige3"
"UXRB01.19263.1_3/8-269","UXRB01","SAMEA2155512","['Desulfovibrio_piger__DslPige3', 'Desulfovibrio_piger__DslPige4']",NA,TRUE,"Desulfovibrio_piger__DslPige3"
"UPMR01.3615.1_3/20-361","UPMR01","SAMEA2737866","['Desulfovibrio_piger__DslPige3', 'Desulfovibrio_piger__DslPige4']",0.0018347876807884,TRUE,"Desulfovibrio_piger__DslPige3"
"UPMR01.3615.1_9/20-361","UPMR01","SAMEA2737866","['Desulfovibrio_piger__DslPige3', 'Desulfovibrio_piger__DslPige4']",0.0018347876807884,TRUE,"Desulfovibrio_piger__DslPige3"
"UPMR01.3615.1_10/4-418","UPMR01","SAMEA2737866","['Desulfovibrio_piger__DslPige3', 'Desulfovibrio_piger__DslPige4']",0.0826890912742298,TRUE,"Desulfovibrio_piger__DslPige3"
"UPMR01.3615.1_4/6-418","UPMR01","SAMEA2737866","['Desulfovibrio_piger__DslPige3', 'Desulfovibrio_piger__DslPige4']",0.0826890912742298,TRUE,"Desulfovibrio_piger__DslPige3"
"OWSK01.6388.1_2/6-418","OWSK01","SAMEA4378329","['Desulfovibrio_piger__DslPige3', 'Desulfovibrio_piger__DslPige4']",0.0538950912742298,TRUE,"Desulfovibrio_piger__DslPige3"
"OWSK01.6388.1_1/19-264","OWSK01","SAMEA4378329","['Desulfovibrio_piger__DslPige4']",0.0110857876807884,TRUE,"Desulfovibrio_piger__DslPige4"
"OWSK01.6388.1_6/3-177","OWSK01","SAMEA4378329","['Desulfovibrio_piger__DslPige3', 'Desulfovibrio_piger__DslPige4', 'uncultured_bacterium__EF645667']",NA,TRUE,"Desulfovibrio_piger__DslPige3"
"OWEA01.6517.1_2/20-361","OWEA01","SAMEA3708617","['uncultured_bacterium__EF645667']",0.205939276190246,TRUE,"uncultured_bacterium__EF645667"
"OWEA01.6517.1_3/6-418","OWEA01","SAMEA3708617","['Desulfovibrio_piger__DslPige3']",0.0244877876807884,TRUE,"Desulfovibrio_piger__DslPige3"
"UZIE01.3608.1_6/21-362","UZIE01","SAMN00791944","['Bilophila_wadsworthia__BilWads6']",0.0993673705024268,TRUE,"Bilophila_wadsworthia__BilWads6"
"UZIE01.3608.1_5/63-344","UZIE01","SAMN00791944","['Bilophila_sp._4_1_30__BilSpec3']",NA,TRUE,"Bilophila_sp._4_1_30__BilSpec3"
"ORVI01.27023.1_1/63-395","ORVI01","SAMEA2338833","['Bilophila_sp._4_1_30__BilSpec3']",0.102429833430282,TRUE,"Bilophila_sp._4_1_30__BilSpec3"
"ORVI01.95990.1_1/7-122","ORVI01","SAMEA2338833","['Desulfovibrio_vulgaris__DQ826729']",0.496574093887675,TRUE,"Desulfovibrio_vulgaris__DQ826729"
"ULXL01.46695.1_1/3-329","ULXL01","SAMEA4835837","['Desulfovibrio_desulfuricans_subsp._desulfuricans_str._ATCC_27774__CP001358']",NA,TRUE,"Desulfovibrio_desulfuricans_subsp._desulfuricans_str._ATCC_27774__CP001358"
"ULXL01.61062.1_1/5-210","ULXL01","SAMEA4835837","['Desulfovibrio_desulfuricans__DslDes17']",0.00675832737150207,TRUE,"Desulfovibrio_desulfuricans__DslDes17"
"ULRD01.28831.1_1/3-210","ULRD01","SAMEA4835675","['Desulfovibrio_piger__DslPige3', 'Desulfovibrio_piger__DslPige4']",NA,TRUE,"Desulfovibrio_piger__DslPige3"
"ULRD01.46055.1_1/9-144","ULRD01","SAMEA4835675","['Desulfovibrio_piger__DslPige3', 'Desulfovibrio_piger__DslPige4']",NA,TRUE,"Desulfovibrio_piger__DslPige3"
"OWBH01.12160.1_1/10-145","OWBH01","SAMEA3708628","['Bilophila_wadsworthia__BilWads6', 'Bilophila_sp._4_1_30__BilSpec3', 'uncultured_bacterium__EF645667']",NA,TRUE,"Bilophila_wadsworthia__BilWads6"
"UEYE01.14975.1_1/1-326","UEYE01","SAMN06115512","['Bilophila_wadsworthia__BilWads6']",0.197521370502427,TRUE,"Bilophila_wadsworthia__BilWads6"
"UEYE01.11137.1_2/63-400","UEYE01","SAMN06115512","['uncultured_bacterium__EF645667']",0.448110276190246,TRUE,"uncultured_bacterium__EF645667"
"UEYE01.31469.1_1/1-233","UEYE01","SAMN06115512","['Bilophila_sp._4_1_30__BilSpec3']",0.0091928334302823,TRUE,"Bilophila_sp._4_1_30__BilSpec3"
"UEYE01.11137.1_1/18-211","UEYE01","SAMN06115512","['uncultured_bacterium__EF645667']",0.711750276190246,TRUE,"uncultured_bacterium__EF645667"
"UMHE01.11170.1_3/18-361","UMHE01","SAMEA4836090","['uncultured_bacterium__EF645667']",0.655104276190246,TRUE,"uncultured_bacterium__EF645667"
"UMHE01.11170.1_4/3-391","UMHE01","SAMEA4836090","['uncultured_bacterium__EF645667']",0.505803276190246,TRUE,"uncultured_bacterium__EF645667"
"OQXB01.18.1_116/12-350","OQXB01","SAMN04161035","['Desulfitibacter_alkalitolerans__DfiAlka2']",1.15055455633203,TRUE,"Desulfitibacter_alkalitolerans__DfiAlka2"
"OQXB01.18.1_117/5-374","OQXB01","SAMN04161035","['Anaerobic_bacterium_sk.prop8__Bv2Prop2']",1.34757453982822,TRUE,"Anaerobic_bacterium_sk.prop8__Bv2Prop2"
"ORCJ01.30263.1_1/1-203","ORCJ01","SAMN06115435","['Desulfovibrio_vulgaris__DQ826729']",0.375418911862788,TRUE,"Desulfovibrio_vulgaris__DQ826729"
"ORWY01.341.1_49/20-361","ORWY01","SAMEA2338866","['uncultured_bacterium__EF645667']",0.213960276190246,TRUE,"uncultured_bacterium__EF645667"
"ORWY01.1258.1_15/21-362","ORWY01","SAMEA2338866","['Bilophila_wadsworthia__BilWads6']",0.0993673705024268,TRUE,"Bilophila_wadsworthia__BilWads6"
"ORWY01.1258.1_16/63-344","ORWY01","SAMEA2338866","['Bilophila_sp._4_1_30__BilSpec3']",NA,TRUE,"Bilophila_sp._4_1_30__BilSpec3"
"ORWY01.95422.1_1/3-221","ORWY01","SAMEA2338866","['Desulfovibrio_piger__DslPige4', 'Desulfovibrio_piger__DslPige3']",NA,TRUE,"Desulfovibrio_piger__DslPige4"
"ORWY01.114984.1_1/4-189","ORWY01","SAMEA2338866","['Desulfovibrio_piger__DslPige4']",0.11400809127423,TRUE,"Desulfovibrio_piger__DslPige4"
"UZMI01.6922.1_2/3-108","UZMI01","SAMN00715204","[]",NA,FALSE,NA
"OWSN01.3025.1_6/21-362","OWSN01","SAMEA4378267","['Bilophila_wadsworthia__BilWads6']",0.108448370502427,TRUE,"Bilophila_wadsworthia__BilWads6"
"OZPB01.8102.1_1/20-314","OZPB01","SAMN06164804","['uncultured_bacterium__EF645667']",0.196787276190246,TRUE,"uncultured_bacterium__EF645667"
"OZPB01.8102.1_2/6-265","OZPB01","SAMN06164804","['Desulfovibrio_piger__DslPige3', 'Desulfovibrio_piger__DslPige4']",NA,TRUE,"Desulfovibrio_piger__DslPige3"
"UZPQ01.2536.1_4/21-362","UZPQ01","SAMN00791950","['Bilophila_wadsworthia__BilWads6']",0.0993673705024268,TRUE,"Bilophila_wadsworthia__BilWads6"
"UZPQ01.2536.1_3/63-344","UZPQ01","SAMN00791950","['Bilophila_sp._4_1_30__BilSpec3']",NA,TRUE,"Bilophila_sp._4_1_30__BilSpec3"
"UMHG01.13160.1_5/63-344","UMHG01","SAMEA4836092","['Bilophila_sp._4_1_30__BilSpec3']",NA,TRUE,"Bilophila_sp._4_1_30__BilSpec3"
"UMHG01.7059.1_1/31-169","UMHG01","SAMEA4836092","['Bilophila_wadsworthia__BilWads6', 'Bilophila_sp._4_1_30__BilSpec3', 'uncultured_bacterium__EF645667']",NA,TRUE,"Bilophila_wadsworthia__BilWads6"
"UPPQ01.16932.1_2/3-342","UPPQ01","SAMEA2737763","['Desulfovibrio_piger__DslPige3', 'Desulfovibrio_piger__DslPige4']",0.0758880912742298,TRUE,"Desulfovibrio_piger__DslPige3"
"UZHX01.6273.1_1/63-251","UZHX01","SAMN00791942","['Bilophila_wadsworthia__BilWads6', 'Bilophila_sp._4_1_30__BilSpec3']",NA,TRUE,"Bilophila_wadsworthia__BilWads6"
"UYDJ01.9802.1_4/20-361","UYDJ01","SAMEA2144396","['Desulfovibrio_piger__DslPige3', 'Desulfovibrio_piger__DslPige4']",0.0018347876807884,TRUE,"Desulfovibrio_piger__DslPige3"
"UYDJ01.9802.1_3/6-418","UYDJ01","SAMEA2144396","['Desulfovibrio_piger__DslPige3']",0.0234377876807884,TRUE,"Desulfovibrio_piger__DslPige3"
"UZTU01.1044.1_15/21-362","UZTU01","SAMN00792072","['Bilophila_wadsworthia__BilWads6']",0.0993673705024268,TRUE,"Bilophila_wadsworthia__BilWads6"
"UZTU01.1044.1_16/63-344","UZTU01","SAMN00792072","['Bilophila_sp._4_1_30__BilSpec3']",NA,TRUE,"Bilophila_sp._4_1_30__BilSpec3"
"ORHZ01.1504.1_4/12-350","ORHZ01","SAMN04329852","['Desulfitibacter_alkalitolerans__DfiAlka2']",1.02084255633203,TRUE,"Desulfitibacter_alkalitolerans__DfiAlka2"
"ORHZ01.1504.1_5/5-373","ORHZ01","SAMN04329852","['MSW_digester_clone__Unc01cxc']",1.67750280670952,TRUE,"MSW_digester_clone__Unc01cxc"
"ORHZ01.9796.1_5/7-200","ORHZ01","SAMN04329852","['Anaerobic_bacterium_sk.prop8__Bv2Prop2']",0.618707140551801,TRUE,"Anaerobic_bacterium_sk.prop8__Bv2Prop2"
"ORHZ01.22362.1_1/18-192","ORHZ01","SAMN04329852","['Anaerobic_bacterium_sk.prop8__Bv2Prop2']",1.14845753982822,TRUE,"Anaerobic_bacterium_sk.prop8__Bv2Prop2"
"OQDZ01.8857.1_2/9-186","OQDZ01","SAMD00036330","['uncultured_bacterium__EF645667', 'uncultured_bacterium__EF645664', 'Desulfovibrio_desulfuricans__DQ092635']",NA,TRUE,"uncultured_bacterium__EF645667"
"ORPW01.19403.1_2/4-426","ORPW01","SAMEA2338703","['Desulfovibrio_desulfuricans_subsp._desulfuricans_str._ATCC_27774__CP001358']",0.0193417921887412,TRUE,"Desulfovibrio_desulfuricans_subsp._desulfuricans_str._ATCC_27774__CP001358"
"ORPW01.41734.1_1/1-229","ORPW01","SAMEA2338703","['Desulfovibrio_desulfuricans__DslDes17']",0.00675832737150207,TRUE,"Desulfovibrio_desulfuricans__DslDes17"
"ORJZ01.439.1_3/12-336","ORJZ01","SAMN04329869","['Desulfitibacter_alkalitolerans__DfiAlka2']",0.821568556332035,TRUE,"Desulfitibacter_alkalitolerans__DfiAlka2"
"ORJZ01.439.1_2/4-370","ORJZ01","SAMN04329869","['Anaerobic_bacterium_sk.prop8__Bv2Prop2']",1.14705953982822,TRUE,"Anaerobic_bacterium_sk.prop8__Bv2Prop2"
"ORJZ01.3824.1_2/9-298","ORJZ01","SAMN04329869","['uncultured_bacterium__EF645667']",0.00337106627032088,TRUE,"uncultured_bacterium__EF645667"
"ORJZ01.17253.1_1/2-182","ORJZ01","SAMN04329869","['MSW_digester_clone__Unc01cxc']",1.38163180670952,TRUE,"MSW_digester_clone__Unc01cxc"
"ORJZ01.5073.1_1/63-300","ORJZ01","SAMN04329869","['uncultured_bacterium__EF645667']",0.0428470841395422,TRUE,"uncultured_bacterium__EF645667"
"ORJZ01.4803.1_1/30-240","ORJZ01","SAMN04329869","['Bilophila_wadsworthia__BilWads6']",0.136715370502427,TRUE,"Bilophila_wadsworthia__BilWads6"
"UPSY01.5787.1_5/63-344","UPSY01","SAMN06111932","['Bilophila_sp._4_1_30__BilSpec3']",NA,TRUE,"Bilophila_sp._4_1_30__BilSpec3"
"UPSY01.8712.1_5/9-300","UPSY01","SAMN06111932","['Bilophila_wadsworthia__BilWads6']",NA,TRUE,"Bilophila_wadsworthia__BilWads6"
"OWDJ01.5587.1_6/21-362","OWDJ01","SAMEA3708596","['Bilophila_sp._4_1_30__BilSpec3']",0.0016698334302823,TRUE,"Bilophila_sp._4_1_30__BilSpec3"
"OWDJ01.5587.1_5/63-344","OWDJ01","SAMEA3708596","['Bilophila_sp._4_1_30__BilSpec3']",NA,TRUE,"Bilophila_sp._4_1_30__BilSpec3"
"OQSJ01.28389.1_1/17-358","OQSJ01","SAMN05214696","['Desulfovibrio_piger__DslPige3', 'Desulfovibrio_piger__DslPige4']",0.18876609127423,TRUE,"Desulfovibrio_piger__DslPige3"
"OUOT01.6296.1_6/8-336","OUOT01","SAMN05356872","['Gordonibacter_pamelaeae__GrdPame5']",0.00338522102966964,TRUE,"Gordonibacter_pamelaeae__GrdPame5"
"OUOT01.21243.1_2/19-360","OUOT01","SAMN05356872","['Desulfovibrio_piger__DslPige3', 'Desulfovibrio_piger__DslPige4']",0.0018347876807884,TRUE,"Desulfovibrio_piger__DslPige3"
"OUOT01.25188.1_1/13-352","OUOT01","SAMN05356872","['Desulfovibrio_piger__DslPige3', 'Desulfovibrio_piger__DslPige4']",0.0731360912742298,TRUE,"Desulfovibrio_piger__DslPige3"
"OUOT01.9751.1_1/1-112","OUOT01","SAMN05356872","['Gordonibacter_pamelaeae_7-10-1-b__FP929047', 'Gordonibacter_pamelaeae__GrdPame5']",NA,TRUE,"Gordonibacter_pamelaeae_7-10-1-b__FP929047"
"OQMR01.18366.1_2/4-418","OQMR01","SAMD00036432","['uncultured_bacterium__EF645667']",0.065815677392887,TRUE,"uncultured_bacterium__EF645667"
"ORTV01.18253.1_2/21-364","ORTV01","SAMEA2338810","['Bilophila_wadsworthia__BilWads6']",0.260323370502427,TRUE,"Bilophila_wadsworthia__BilWads6"
"ORTV01.8208.1_2/63-344","ORTV01","SAMEA2338810","['Bilophila_wadsworthia__BilWads6']",0.144005370502427,TRUE,"Bilophila_wadsworthia__BilWads6"
"ORTV01.7311.1_6/18-153","ORTV01","SAMEA2338810","['Bilophila_wadsworthia__BilWads6', 'Bilophila_sp._4_1_30__BilSpec3', 'uncultured_bacterium__EF645667']",NA,TRUE,"Bilophila_wadsworthia__BilWads6"
"USYV01.24307.1_2/4-222","USYV01","SAMN06112049","['Bilophila_wadsworthia__BilWads6']",0.136122370502427,TRUE,"Bilophila_wadsworthia__BilWads6"
"UEPT01.68.1_14/21-362","UEPT01","SAMN06115510","['Bilophila_wadsworthia__BilWads6']",0.0993673705024268,TRUE,"Bilophila_wadsworthia__BilWads6"
"UEPT01.68.1_13/63-344","UEPT01","SAMN06115510","['Bilophila_sp._4_1_30__BilSpec3']",NA,TRUE,"Bilophila_sp._4_1_30__BilSpec3"
"UEPT01.33940.1_1/5-279","UEPT01","SAMN06115510","['uncultured_bacterium__EF645667']",NA,TRUE,"uncultured_bacterium__EF645667"
"OWRK01.2906.1_6/21-362","OWRK01","SAMEA4378258","['Bilophila_sp._4_1_30__BilSpec3']",0.0016698334302823,TRUE,"Bilophila_sp._4_1_30__BilSpec3"
"OWRK01.2906.1_5/63-344","OWRK01","SAMEA4378258","['Bilophila_sp._4_1_30__BilSpec3']",NA,TRUE,"Bilophila_sp._4_1_30__BilSpec3"
"UPOY01.1248.1_26/20-361","UPOY01","SAMEA2737776","['uncultured_bacterium__EF645667']",0.00337106627032088,TRUE,"uncultured_bacterium__EF645667"
"UPOY01.1248.1_25/4-418","UPOY01","SAMEA2737776","['uncultured_bacterium__EF645664']",0.00661770883934027,TRUE,"uncultured_bacterium__EF645664"
"UERT01.182.1_13/21-362","UERT01","SAMN06115458","['Bilophila_wadsworthia__BilWads6']",0.0993673705024268,TRUE,"Bilophila_wadsworthia__BilWads6"
"UERT01.182.1_12/63-344","UERT01","SAMN06115458","['Bilophila_sp._4_1_30__BilSpec3']",NA,TRUE,"Bilophila_sp._4_1_30__BilSpec3"
"ORCK01.92.1_14/21-362","ORCK01","SAMN06115433","['Bilophila_wadsworthia__BilWads6']",0.0993673705024268,TRUE,"Bilophila_wadsworthia__BilWads6"
"ORCK01.92.1_13/63-344","ORCK01","SAMN06115433","['Bilophila_sp._4_1_30__BilSpec3']",NA,TRUE,"Bilophila_sp._4_1_30__BilSpec3"
"UYCC01.33328.1_1/1-206","UYCC01","SAMEA2143633","['MSW_digester_clone__Unc01cxc']",1.69779280670952,TRUE,"MSW_digester_clone__Unc01cxc"
"UYCC01.60554.1_1/14-160","UYCC01","SAMEA2143633","['Desulfitibacter_alkalitolerans__DfiAlka2']",NA,TRUE,"Desulfitibacter_alkalitolerans__DfiAlka2"
"ULTH01.29009.1_1/11-258","ULTH01","SAMEA4835729","['Desulfovibrio_piger__DslPige3', 'Desulfovibrio_piger__DslPige4']",0.0906590912742298,TRUE,"Desulfovibrio_piger__DslPige3"
"ULTH01.23905.1_1/2-167","ULTH01","SAMEA4835729","['uncultured_bacterium__EF645667', 'Desulfovibrio_piger__DslPige3', 'Desulfovibrio_piger__DslPige4']",NA,TRUE,"uncultured_bacterium__EF645667"
"ULTH01.29659.1_1/19-195","ULTH01","SAMEA4835729","['uncultured_bacterium__EF645667']",0.201075276190246,TRUE,"uncultured_bacterium__EF645667"
"OQQV01.41285.1_1/4-272","OQQV01","SAMN02712160","['Bilophila_sp._4_1_30__BilSpec3']",0.0107518334302823,TRUE,"Bilophila_sp._4_1_30__BilSpec3"
"OQQV01.78867.1_1/3-178","OQQV01","SAMN02712160","['Bilophila_wadsworthia__BilWads6', 'Bilophila_sp._4_1_30__BilSpec3', 'uncultured_bacterium__EF645667']",NA,TRUE,"Bilophila_wadsworthia__BilWads6"
"UXRN01.18091.1_2/4-418","UXRN01","SAMEA2144304","['Desulfovibrio_piger__DslPige3', 'Desulfovibrio_piger__DslPige4']",NA,TRUE,"Desulfovibrio_piger__DslPige3"
"UXRN01.76753.1_1/2-218","UXRN01","SAMEA2144304","['Desulfitibacter_alkalitolerans__DfiAlka2']",0.816687556332035,TRUE,"Desulfitibacter_alkalitolerans__DfiAlka2"
"UXRN01.36488.1_3/4-216","UXRN01","SAMEA2144304","['Bioreactor_clone__UncS2029']",1.1632391847004,TRUE,"Bioreactor_clone__UncS2029"
"OWSA01.10010.1_3/12-350","OWSA01","SAMEA4378328","['Desulfitibacter_alkalitolerans__DfiAlka2']",1.16425055633203,TRUE,"Desulfitibacter_alkalitolerans__DfiAlka2"
"OWSA01.10010.1_2/5-372","OWSA01","SAMEA4378328","['Anaerobic_bacterium_sk.prop8__Bv2Prop2']",1.43786653982822,TRUE,"Anaerobic_bacterium_sk.prop8__Bv2Prop2"
"OVFL01.784.1_14/21-362","OVFL01","SAMN06016342","['Bilophila_sp._4_1_30__BilSpec3']",0.0016698334302823,TRUE,"Bilophila_sp._4_1_30__BilSpec3"
"OVFL01.784.1_15/96-344","OVFL01","SAMN06016342","['Bilophila_wadsworthia__BilWads6', 'Bilophila_sp._4_1_30__BilSpec3']",NA,TRUE,"Bilophila_wadsworthia__BilWads6"
"ORUZ01.25874.1_2/6-235","ORUZ01","SAMEA2338804","['Bilophila_sp._4_1_30__BilSpec3']",NA,TRUE,"Bilophila_sp._4_1_30__BilSpec3"
"ORUZ01.72367.1_1/12-168","ORUZ01","SAMEA2338804","['Bilophila_wadsworthia__BilWads6', 'Bilophila_sp._4_1_30__BilSpec3']",NA,TRUE,"Bilophila_wadsworthia__BilWads6"
"ULUJ01.86331.1_1/5-218","ULUJ01","SAMEA4835757","['uncultured_bacterium__EF645667']",NA,TRUE,"uncultured_bacterium__EF645667"
"ULUJ01.93488.1_1/4-207","ULUJ01","SAMEA4835757","['Desulfovibrio_piger__DslPige3', 'Desulfovibrio_piger__DslPige4']",NA,TRUE,"Desulfovibrio_piger__DslPige3"
"OXOK01.726.1_2/21-362","OXOK01","SAMN05826746","['Bilophila_wadsworthia__BilWads6']",0.0993673705024268,TRUE,"Bilophila_wadsworthia__BilWads6"
"OXOK01.726.1_1/102-383","OXOK01","SAMN05826746","['Bilophila_sp._4_1_30__BilSpec3']",NA,TRUE,"Bilophila_sp._4_1_30__BilSpec3"
"OPYT01.3019.1_4/21-362","OPYT01","SAMD00036228","['Bilophila_sp._4_1_30__BilSpec3']",0.0016698334302823,TRUE,"Bilophila_sp._4_1_30__BilSpec3"
"ORNY01.19161.1_3/4-203","ORNY01","SAMEA2338696","['Bilophila_wadsworthia__BilWads6']",0.0993673705024268,TRUE,"Bilophila_wadsworthia__BilWads6"
"ORNY01.19979.1_2/63-238","ORNY01","SAMEA2338696","['Bilophila_wadsworthia__BilWads6']",0.114858370502427,TRUE,"Bilophila_wadsworthia__BilWads6"
"OUQF01.46913.1_1/17-244","OUQF01","SAMN05194701","['Desulfovibrio_piger__DslPige3', 'Desulfovibrio_piger__DslPige4']",NA,TRUE,"Desulfovibrio_piger__DslPige3"
"ORKN01.10695.1_1/2-284","ORKN01","SAMN04329856","['Anaerobic_bacterium_sk.prop8__Bv2Prop2']",1.18319753982822,TRUE,"Anaerobic_bacterium_sk.prop8__Bv2Prop2"
"OWSU01.23308.1_2/21-362","OWSU01","SAMEA4378292","['Bilophila_sp._4_1_30__BilSpec3']",0.0016698334302823,TRUE,"Bilophila_sp._4_1_30__BilSpec3"
"OWSU01.4362.1_12/1-303","OWSU01","SAMEA4378292","['Desulfovibrio_piger__DslPige3', 'Desulfovibrio_piger__DslPige4']",NA,TRUE,"Desulfovibrio_piger__DslPige3"
"OWSU01.53326.1_1/15-287","OWSU01","SAMEA4378292","['Desulfovibrio_piger__DslPige3', 'Desulfovibrio_piger__DslPige4']",NA,TRUE,"Desulfovibrio_piger__DslPige3"
"UBVR01.17981.1_1/21-264","UBVR01","SAMEA4431962","['Bilophila_wadsworthia__BilWads6']",NA,TRUE,"Bilophila_wadsworthia__BilWads6"
"UPPW01.159.1_45/18-361","UPPW01","SAMEA2737743","[]",NA,FALSE,NA
"UPPW01.159.1_46/5-398","UPPW01","SAMEA2737743","[]",NA,FALSE,NA
"UPNB01.100192.1_1/13-169","UPNB01","SAMEA2737848","[]",NA,FALSE,NA
"OWCI01.296.1_2/20-361","OWCI01","SAMEA3708670","['Desulfovibrio_piger__DslPige3', 'Desulfovibrio_piger__DslPige4']",0.10334209127423,TRUE,"Desulfovibrio_piger__DslPige3"
"OWCI01.4612.1_4/21-361","OWCI01","SAMEA3708670","['Bilophila_wadsworthia__BilWads6']",0.136061370502427,TRUE,"Bilophila_wadsworthia__BilWads6"
"OWCI01.4612.1_5/63-344","OWCI01","SAMEA3708670","['Bilophila_sp._4_1_30__BilSpec3']",NA,TRUE,"Bilophila_sp._4_1_30__BilSpec3"
"OWCI01.30854.1_1/2-344","OWCI01","SAMEA3708670","['Desulfovibrio_piger__DslPige3', 'Desulfovibrio_piger__DslPige4']",0.0829490912742298,TRUE,"Desulfovibrio_piger__DslPige3"
"UPXD01.691.1_23/21-362","UPXD01","SAMN06112021","['Bilophila_wadsworthia__BilWads6']",0.0993673705024268,TRUE,"Bilophila_wadsworthia__BilWads6"
"UPXD01.2.1_100/18-361","UPXD01","SAMN06112021","['uncultured_bacterium__EF645667']",0.644931276190246,TRUE,"uncultured_bacterium__EF645667"
"UPXD01.691.1_24/63-344","UPXD01","SAMN06112021","['Bilophila_sp._4_1_30__BilSpec3']",NA,TRUE,"Bilophila_sp._4_1_30__BilSpec3"
"UPXD01.2.1_99/5-399","UPXD01","SAMN06112021","['uncultured_bacterium__EF645667']",0.521867276190246,TRUE,"uncultured_bacterium__EF645667"
"UMCG01.31402.1_1/10-311","UMCG01","SAMEA4835963","['Desulfovibrio_sp._3_1_syn3__DsvSp230']",0.00792184853285095,TRUE,"Desulfovibrio_sp._3_1_syn3__DsvSp230"
"UMCG01.65871.1_1/7-195","UMCG01","SAMEA4835963","['Bilophila_wadsworthia__BilWads6', 'Bilophila_sp._4_1_30__BilSpec3', 'uncultured_bacterium__EF645667']",NA,TRUE,"Bilophila_wadsworthia__BilWads6"
"ORKP01.88433.1_1/2-172","ORKP01","SAMN04329774","['Bilophila_sp._4_1_30__BilSpec3']",0.0284068334302823,TRUE,"Bilophila_sp._4_1_30__BilSpec3"
"UYFG01.65708.1_1/2-178","UYFG01","SAMEA2152531","['Desulfitibacter_alkalitolerans__DfiAlka2']",1.02084255633203,TRUE,"Desulfitibacter_alkalitolerans__DfiAlka2"
"UPML01.16805.1_2/20-340","UPML01","SAMEA2737860","['Desulfovibrio_piger__DslPige4']",0.11402709127423,TRUE,"Desulfovibrio_piger__DslPige4"
"UPML01.16805.1_1/2-406","UPML01","SAMEA2737860","['Desulfovibrio_piger__DslPige3', 'Desulfovibrio_piger__DslPige4']",0.0826890912742298,TRUE,"Desulfovibrio_piger__DslPige3"
"OWSH01.22541.1_1/34-265","OWSH01","SAMEA4378310","['Desulfovibrio_piger__DslPige3']",0.44294709127423,TRUE,"Desulfovibrio_piger__DslPige3"
"ORRQ01.6132.1_3/20-361","ORRQ01","SAMEA2338628","['Desulfovibrio_piger__DslPige3', 'Desulfovibrio_piger__DslPige4']",0.0494047876807884,TRUE,"Desulfovibrio_piger__DslPige3"
"ORRQ01.6132.1_4/4-419","ORRQ01","SAMEA2338628","['Desulfovibrio_piger__DslPige3', 'Desulfovibrio_piger__DslPige4']",0.0664530912742298,TRUE,"Desulfovibrio_piger__DslPige3"
"OWHK01.3364.1_6/23-361","OWHK01","SAMN04480494","['uncultured_bacterium__EF645667']",0.655104276190246,TRUE,"uncultured_bacterium__EF645667"
"OWHK01.3364.1_5/5-398","OWHK01","SAMN04480494","['uncultured_bacterium__EF645667']",0.505803276190246,TRUE,"uncultured_bacterium__EF645667"
"UXRK01.9861.1_2/20-361","UXRK01","SAMEA2151703","['Desulfovibrio_piger__DslPige3', 'Desulfovibrio_piger__DslPige4']",0.0797820912742298,TRUE,"Desulfovibrio_piger__DslPige3"
"UXRK01.9861.1_1/6-419","UXRK01","SAMEA2151703","['Desulfovibrio_piger__DslPige3']",0.0757260912742298,TRUE,"Desulfovibrio_piger__DslPige3"
"USXT01.2736.1_3/20-361","USXT01","SAMN06112091","['Desulfovibrio_piger__DslPige3', 'Desulfovibrio_piger__DslPige4']",0.0650750912742298,TRUE,"Desulfovibrio_piger__DslPige3"
"USXT01.2736.1_7/20-361","USXT01","SAMN06112091","['Desulfovibrio_piger__DslPige3', 'Desulfovibrio_piger__DslPige4']",0.0650750912742298,TRUE,"Desulfovibrio_piger__DslPige3"
"USXT01.2736.1_8/4-418","USXT01","SAMN06112091","['Desulfovibrio_piger__DslPige3', 'Desulfovibrio_piger__DslPige4']",0.0018347876807884,TRUE,"Desulfovibrio_piger__DslPige3"
"USXT01.2736.1_4/6-418","USXT01","SAMN06112091","['Desulfovibrio_piger__DslPige3', 'Desulfovibrio_piger__DslPige4']",0.0018347876807884,TRUE,"Desulfovibrio_piger__DslPige3"
"ORST01.20553.1_2/62-400","ORST01","SAMEA2338652","['uncultured_bacterium__EF645667']",0.448013276190246,TRUE,"uncultured_bacterium__EF645667"
"ORST01.52934.1_1/6-210","ORST01","SAMEA2338652","['uncultured_bacterium__EF645667']",0.467186276190246,TRUE,"uncultured_bacterium__EF645667"
"OUOE01.124641.1_1/2-168","OUOE01","SAMN04158622","['Thermodesulfobium_narugense__CP002690']",0.995109034581026,TRUE,"Thermodesulfobium_narugense__CP002690"
"UEOE01.198.1_14/21-362","UEOE01","SAMN06115439","['Bilophila_wadsworthia__BilWads6']",0.0993673705024268,TRUE,"Bilophila_wadsworthia__BilWads6"
"UEOE01.198.1_13/63-344","UEOE01","SAMN06115439","['Bilophila_sp._4_1_30__BilSpec3']",NA,TRUE,"Bilophila_sp._4_1_30__BilSpec3"
"OWEW01.429.1_21/21-362","OWEW01","SAMEA3708657","['Bilophila_sp._4_1_30__BilSpec3']",0.0016698334302823,TRUE,"Bilophila_sp._4_1_30__BilSpec3"
"OWEW01.429.1_22/63-344","OWEW01","SAMEA3708657","['Bilophila_sp._4_1_30__BilSpec3']",NA,TRUE,"Bilophila_sp._4_1_30__BilSpec3"
"OWFW01.5308.1_2/21-362","OWFW01","SAMEA3708545","['Bilophila_wadsworthia__BilWads6']",0.0993673705024268,TRUE,"Bilophila_wadsworthia__BilWads6"
"OWFW01.9811.1_2/63-427","OWFW01","SAMEA3708545","['uncultured_bacterium__EF645667']",0.170341276190246,TRUE,"uncultured_bacterium__EF645667"
"OWFW01.9811.1_1/19-270","OWFW01","SAMEA3708545","['Desulfovibrio_desulfuricans__DslDes17']",0.00675832737150207,TRUE,"Desulfovibrio_desulfuricans__DslDes17"
"OVYP01.3.1_183/18-361","OVYP01","SAMEA3708580","['uncultured_bacterium__EF645667']",0.655104276190246,TRUE,"uncultured_bacterium__EF645667"
"OVYP01.3.1_182/5-398","OVYP01","SAMEA3708580","['uncultured_bacterium__EF645667']",0.513636276190246,TRUE,"uncultured_bacterium__EF645667"
"UXRS01.32882.1_2/21-364","UXRS01","SAMEA2151010","['Bilophila_wadsworthia__BilWads6']",0.302645370502427,TRUE,"Bilophila_wadsworthia__BilWads6"
"OUOV01.53054.1_1/3-192","OUOV01","SAMN05356884","['Bilophila_wadsworthia__BilWads6']",NA,TRUE,"Bilophila_wadsworthia__BilWads6"
"ORTS01.11589.1_1/18-359","ORTS01","SAMEA2338852","['uncultured_bacterium__EF645667']",0.562973276190246,TRUE,"uncultured_bacterium__EF645667"
"ORTS01.11589.1_2/5-398","ORTS01","SAMEA2338852","['uncultured_bacterium__EF645667']",0.502227276190246,TRUE,"uncultured_bacterium__EF645667"
"UMDT01.9418.1_1/3-140","UMDT01","SAMEA4836001","['Gordonibacter_pamelaeae_7-10-1-b__FP929047', 'Gordonibacter_pamelaeae__GrdPame5']",NA,TRUE,"Gordonibacter_pamelaeae_7-10-1-b__FP929047"
"ULVD01.86472.1_1/18-355","ULVD01","SAMEA4835777","['uncultured_bacterium__EF645667']",0.637417276190246,TRUE,"uncultured_bacterium__EF645667"
"ULVD01.76205.1_2/3-298","ULVD01","SAMEA4835777","['Bilophila_wadsworthia__BilWads6', 'Bilophila_sp._4_1_30__BilSpec3']",NA,TRUE,"Bilophila_wadsworthia__BilWads6"
"ULVD01.86472.1_2/1-224","ULVD01","SAMEA4835777","['uncultured_bacterium__EF645667', 'Desulfovibrio_piger__DslPige3']",NA,TRUE,"uncultured_bacterium__EF645667"
"ULVD01.76205.1_1/21-212","ULVD01","SAMEA4835777","['Bilophila_sp._4_1_30__BilSpec3', 'Bilophila_wadsworthia__BilWads6']",NA,TRUE,"Bilophila_sp._4_1_30__BilSpec3"
"USUP01.24133.1_1/18-329","USUP01","SAMN06111959","['uncultured_bacterium__EF645667']",0.650177276190246,TRUE,"uncultured_bacterium__EF645667"
"UXRM01.77822.1_1/1-230","UXRM01","SAMEA2151007","['uncultured_bacterium__EF645667', 'uncultured_bacterium__EF645664', 'Desulfovibrio_desulfuricans__DQ092635']",NA,TRUE,"uncultured_bacterium__EF645667"
"UXRM01.68698.1_1/7-220","UXRM01","SAMEA2151007","['uncultured_bacterium__EF645667']",0.00337106627032088,TRUE,"uncultured_bacterium__EF645667"
"OWAP01.19773.1_3/7-128","OWAP01","SAMEA3708593","['Bilophila_wadsworthia__BilWads6', 'Bilophila_sp._4_1_30__BilSpec3', 'uncultured_bacterium__EF645667']",NA,TRUE,"Bilophila_wadsworthia__BilWads6"
"UEPD01.317.1_12/21-362","UEPD01","SAMN06115416","['Bilophila_wadsworthia__BilWads6']",0.115422370502427,TRUE,"Bilophila_wadsworthia__BilWads6"
"UEPD01.317.1_11/63-344","UEPD01","SAMN06115416","['Bilophila_sp._4_1_30__BilSpec3']",NA,TRUE,"Bilophila_sp._4_1_30__BilSpec3"
"UEPD01.5105.1_1/7-421","UEPD01","SAMN06115416","['Desulfovibrio_piger__DslPige3', 'Desulfovibrio_piger__DslPige4']",0.0683010912742298,TRUE,"Desulfovibrio_piger__DslPige3"
"ULQL01.43782.1_1/4-217","ULQL01","SAMEA4835654","['uncultured_bacterium__EF645667']",0.213047276190246,TRUE,"uncultured_bacterium__EF645667"
"ULQL01.70530.1_1/4-217","ULQL01","SAMEA4835654","['Bilophila_wadsworthia__BilWads6', 'Desulfovibrio_piger__DslPige3', 'Desulfovibrio_piger__DslPige4']",NA,TRUE,"Bilophila_wadsworthia__BilWads6"
"ULQL01.59244.1_1/7-181","ULQL01","SAMEA4835654","['Bilophila_wadsworthia__BilWads6']",NA,TRUE,"Bilophila_wadsworthia__BilWads6"
"OXYV01.4533.1_1/9-348","OXYV01","SAMN06164630","['Desulfovibrio_piger__DslPige4']",0.12144909127423,TRUE,"Desulfovibrio_piger__DslPige4"
"OXYV01.4533.1_2/20-265","OXYV01","SAMN06164630","['Desulfovibrio_piger__DslPige3', 'Desulfovibrio_piger__DslPige4']",NA,TRUE,"Desulfovibrio_piger__DslPige3"
"UMAW01.9609.1_1/26-162","UMAW01","SAMEA4835925","['Bilophila_wadsworthia__BilWads6', 'Bilophila_sp._4_1_30__BilSpec3', 'uncultured_bacterium__EF645667']",NA,TRUE,"Bilophila_wadsworthia__BilWads6"
"UXSA01.47346.1_2/20-361","UXSA01","SAMEA2157972","['Desulfovibrio_piger__DslPige3', 'Desulfovibrio_piger__DslPige4']",0.0404997876807884,TRUE,"Desulfovibrio_piger__DslPige3"
"UXSA01.2681.1_2/6-418","UXSA01","SAMEA2157972","['Desulfovibrio_piger__DslPige3', 'Desulfovibrio_piger__DslPige4']",0.0470370912742298,TRUE,"Desulfovibrio_piger__DslPige3"
"UXSA01.109559.1_1/3-246","UXSA01","SAMEA2157972","['Desulfitibacter_alkalitolerans__DfiAlka2']",0.993752556332035,TRUE,"Desulfitibacter_alkalitolerans__DfiAlka2"
"OZKU01.16608.1_1/20-217","OZKU01","SAMN06165235","['Desulfovibrio_sp._6_1_46AFAA__DsvSp231']",NA,TRUE,"Desulfovibrio_sp._6_1_46AFAA__DsvSp231"
"UEPI01.3670.1_2/21-362","UEPI01","SAMN06115442","['Bilophila_wadsworthia__BilWads6']",0.108771370502427,TRUE,"Bilophila_wadsworthia__BilWads6"
"UEPI01.3670.1_1/63-344","UEPI01","SAMN06115442","['Bilophila_wadsworthia__BilWads6']",0.0993673705024268,TRUE,"Bilophila_wadsworthia__BilWads6"
"UEPI01.11494.1_2/19-338","UEPI01","SAMN06115442","['Desulfovibrio_piger__DslPige3', 'Desulfovibrio_piger__DslPige4']",NA,TRUE,"Desulfovibrio_piger__DslPige3"
"UEPI01.14834.1_2/2-290","UEPI01","SAMN06115442","['Desulfovibrio_piger__DslPige4']",NA,TRUE,"Desulfovibrio_piger__DslPige4"
"OUPN01.13122.1_1/19-252","OUPN01","SAMN05194699","['Bilophila_wadsworthia__BilWads6']",NA,TRUE,"Bilophila_wadsworthia__BilWads6"
"OPQI01.14415.1_1/1-133","OPQI01","SAMEA2042216","['Bilophila_wadsworthia__BilWads6', 'Bilophila_sp._4_1_30__BilSpec3', 'uncultured_bacterium__EF645667']",NA,TRUE,"Bilophila_wadsworthia__BilWads6"
"UEPU01.6531.1_3/20-361","UEPU01","SAMN06115516","['Desulfovibrio_piger__DslPige3', 'Desulfovibrio_piger__DslPige4']",0.0988230912742298,TRUE,"Desulfovibrio_piger__DslPige3"
"UEPU01.11586.1_2/10-351","UEPU01","SAMN06115516","['Bilophila_wadsworthia__BilWads6']",0.312150370502427,TRUE,"Bilophila_wadsworthia__BilWads6"
"UEPU01.6531.1_4/4-420","UEPU01","SAMN06115516","['Desulfovibrio_piger__DslPige3']",0.0242077876807884,TRUE,"Desulfovibrio_piger__DslPige3"
"UEPU01.11586.1_3/11-257","UEPU01","SAMN06115516","['Desulfovibrio_vulgaris__DQ826729']",NA,TRUE,"Desulfovibrio_vulgaris__DQ826729"
"UPMJ01.60113.1_1/2-156","UPMJ01","SAMEA2737823","['Bilophila_wadsworthia__BilWads6']",0.117931370502427,TRUE,"Bilophila_wadsworthia__BilWads6"
"OWHW01.16582.1_2/5-398","OWHW01","SAMN04480494","['uncultured_bacterium__EF645667']",0.505803276190246,TRUE,"uncultured_bacterium__EF645667"
"UEOQ01.7219.1_2/20-361","UEOQ01","SAMN06115530","['Desulfovibrio_piger__DslPige3', 'Desulfovibrio_piger__DslPige4']",0.0018347876807884,TRUE,"Desulfovibrio_piger__DslPige3"
"UEOQ01.7219.1_1/4-418","UEOQ01","SAMN06115530","['Desulfovibrio_piger__DslPige3']",0.0754470912742298,TRUE,"Desulfovibrio_piger__DslPige3"
"UEOQ01.36910.1_2/20-201","UEOQ01","SAMN06115530","['Bilophila_wadsworthia__BilWads6']",0.207390370502427,TRUE,"Bilophila_wadsworthia__BilWads6"
"ORIG01.7211.1_1/2-280","ORIG01","SAMN04329867","['Anaerobic_bacterium_sk.prop8__Bv2Prop2']",1.15823353982822,TRUE,"Anaerobic_bacterium_sk.prop8__Bv2Prop2"
"ORIG01.18078.1_1/2-184","ORIG01","SAMN04329867","['Anaerobic_bacterium_sk.prop8__Bv2Prop2']",0.746294884876433,TRUE,"Anaerobic_bacterium_sk.prop8__Bv2Prop2"
"OVZV01.13768.1_3/5-140","OVZV01","SAMEA3708564","['Bilophila_wadsworthia__BilWads6', 'Bilophila_sp._4_1_30__BilSpec3', 'uncultured_bacterium__EF645667']",NA,TRUE,"Bilophila_wadsworthia__BilWads6"
"ORRA01.5843.1_4/20-361","ORRA01","SAMEA2338650","['Desulfovibrio_sp._6_1_46AFAA__DsvSp231']",0.0261574179855414,TRUE,"Desulfovibrio_sp._6_1_46AFAA__DsvSp231"
"ORRA01.5843.1_3/96-487","ORRA01","SAMEA2338650","['Desulfovibrio_sp._3_1_syn3__DsvSp230']",0.00163384853285095,TRUE,"Desulfovibrio_sp._3_1_syn3__DsvSp230"
"UPWT01.18610.1_1/21-362","UPWT01","SAMN06112041","['Bilophila_wadsworthia__BilWads6']",0.0993673705024268,TRUE,"Bilophila_wadsworthia__BilWads6"
"UPWT01.22340.1_1/4-394","UPWT01","SAMN06112041","['uncultured_bacterium__EF645667']",0.0848526773928871,TRUE,"uncultured_bacterium__EF645667"
"UPWT01.27774.1_1/1-324","UPWT01","SAMN06112041","['uncultured_bacterium__EF645667']",0.142062170607274,TRUE,"uncultured_bacterium__EF645667"
"UPWT01.21622.1_1/63-377","UPWT01","SAMN06112041","['Bilophila_sp._4_1_30__BilSpec3']",NA,TRUE,"Bilophila_sp._4_1_30__BilSpec3"
"OPCP01.30717.1_1/7-228","OPCP01","SAMEA2042572","['Bilophila_wadsworthia__BilWads6']",NA,TRUE,"Bilophila_wadsworthia__BilWads6"
"OPCP01.24730.1_1/63-242","OPCP01","SAMEA2042572","['Bilophila_wadsworthia__BilWads6', 'uncultured_bacterium__EF645667', 'Bilophila_sp._4_1_30__BilSpec3']",NA,TRUE,"Bilophila_wadsworthia__BilWads6"
"ORQO01.10375.1_1/4-418","ORQO01","SAMEA2338643","['Desulfovibrio_piger__DslPige3']",0.0230607876807884,TRUE,"Desulfovibrio_piger__DslPige3"
"ORQO01.27408.1_1/3-201","ORQO01","SAMEA2338643","['Bilophila_wadsworthia__BilWads6', 'Desulfovibrio_piger__DslPige3', 'Desulfovibrio_piger__DslPige4']",NA,TRUE,"Bilophila_wadsworthia__BilWads6"
"ORBU01.35286.1_1/9-418","ORBU01","SAMN04158624","['Desulfovibrio_desulfuricans__DQ092635']",0.0117604289805122,TRUE,"Desulfovibrio_desulfuricans__DQ092635"
"ORBU01.142287.1_1/16-191","ORBU01","SAMN04158624","['Desulfitibacter_alkalitolerans__DfiAlka2']",1.05888355633203,TRUE,"Desulfitibacter_alkalitolerans__DfiAlka2"
"ORQS01.17894.1_2/21-361","ORQS01","SAMEA2338658","['Bilophila_wadsworthia__BilWads6']",0.220638370502427,TRUE,"Bilophila_wadsworthia__BilWads6"
"ORQS01.4439.1_8/5-398","ORQS01","SAMEA2338658","['uncultured_bacterium__EF645667']",0.505803276190246,TRUE,"uncultured_bacterium__EF645667"
"ORQS01.17894.1_1/17-315","ORQS01","SAMEA2338658","['Bilophila_wadsworthia__BilWads6', 'Bilophila_sp._4_1_30__BilSpec3']",NA,TRUE,"Bilophila_wadsworthia__BilWads6"
"ORQS01.2751.1_12/6-124","ORQS01","SAMEA2338658","['Bilophila_wadsworthia__BilWads6', 'Bilophila_sp._4_1_30__BilSpec3', 'uncultured_bacterium__EF645667']",NA,TRUE,"Bilophila_wadsworthia__BilWads6"
"UXQO01.16248.1_3/20-361","UXQO01","SAMEA2144555","['Desulfovibrio_piger__DslPige3', 'Desulfovibrio_piger__DslPige4']",0.10063509127423,TRUE,"Desulfovibrio_piger__DslPige3"
"UXQO01.16248.1_2/6-418","UXQO01","SAMEA2144555","['Desulfovibrio_piger__DslPige3', 'Desulfovibrio_piger__DslPige4']",0.0630840912742298,TRUE,"Desulfovibrio_piger__DslPige3"
"OWDU01.2997.1_3/18-362","OWDU01","SAMEA3708491","['uncultured_bacterium__EF645667']",0.644931276190246,TRUE,"uncultured_bacterium__EF645667"
"OWDU01.2997.1_4/5-398","OWDU01","SAMEA3708491","['uncultured_bacterium__EF645667']",0.505803276190246,TRUE,"uncultured_bacterium__EF645667"
"OWDU01.46775.1_2/7-245","OWDU01","SAMEA3708491","['Bilophila_wadsworthia__BilWads6', 'Bilophila_sp._4_1_30__BilSpec3']",NA,TRUE,"Bilophila_wadsworthia__BilWads6"
"ULWB01.36789.1_2/20-360","ULWB01","SAMEA4835799","['uncultured_bacterium__EF645667']",0.670046276190246,TRUE,"uncultured_bacterium__EF645667"
"ULWB01.36789.1_1/7-319","ULWB01","SAMEA4835799","['uncultured_bacterium__EF645667']",0.428225276190246,TRUE,"uncultured_bacterium__EF645667"
"ORVY01.12063.1_1/9-347","ORVY01","SAMEA2338848","['uncultured_bacterium__EF645667']",0.533113276190246,TRUE,"uncultured_bacterium__EF645667"
"ORVY01.17645.1_1/5-342","ORVY01","SAMEA2338848","['Bilophila_wadsworthia__BilWads6']",0.164723370502427,TRUE,"Bilophila_wadsworthia__BilWads6"
"ORVY01.51296.1_1/4-248","ORVY01","SAMEA2338848","['uncultured_bacterium__EF645667']",NA,TRUE,"uncultured_bacterium__EF645667"
"ORVY01.17645.1_2/20-200","ORVY01","SAMEA2338848","['Bilophila_wadsworthia__BilWads6']",0.0993673705024268,TRUE,"Bilophila_wadsworthia__BilWads6"
"UZUM01.21865.1_1/6-227","UZUM01","SAMN00792096","['Bilophila_wadsworthia__BilWads6']",NA,TRUE,"Bilophila_wadsworthia__BilWads6"
"ORSI01.3940.1_2/18-361","ORSI01","SAMEA2338627","['uncultured_bacterium__EF645667']",0.644931276190246,TRUE,"uncultured_bacterium__EF645667"
"ORSI01.3940.1_3/5-398","ORSI01","SAMEA2338627","['uncultured_bacterium__EF645667']",0.502634276190246,TRUE,"uncultured_bacterium__EF645667"
"UMHQ01.12568.1_14/21-362","UMHQ01","SAMEA4836098","['Bilophila_wadsworthia__BilWads6']",0.0993673705024268,TRUE,"Bilophila_wadsworthia__BilWads6"
"UMHQ01.12568.1_15/63-344","UMHQ01","SAMEA4836098","['Bilophila_sp._4_1_30__BilSpec3']",NA,TRUE,"Bilophila_sp._4_1_30__BilSpec3"
"UMHQ01.25223.1_1/1-261","UMHQ01","SAMEA4836098","['uncultured_bacterium__EF645667', 'Desulfovibrio_piger__DslPige3', 'Desulfovibrio_piger__DslPige4']",NA,TRUE,"uncultured_bacterium__EF645667"
"UMHQ01.46370.1_1/15-150","UMHQ01","SAMEA4836098","['Bilophila_wadsworthia__BilWads6', 'Desulfovibrio_piger__DslPige3', 'Desulfovibrio_piger__DslPige4', 'uncultured_bacterium__EF645667']",NA,TRUE,"Bilophila_wadsworthia__BilWads6"
"USVH01.4993.1_4/12-350","USVH01","SAMN06112072","['Desulfitibacter_alkalitolerans__DfiAlka2']",1.16543655633203,TRUE,"Desulfitibacter_alkalitolerans__DfiAlka2"
"USVH01.35410.1_2/8-328","USVH01","SAMN06112072","['Gordonibacter_pamelaeae__GrdPame5']",0.0116242210296696,TRUE,"Gordonibacter_pamelaeae__GrdPame5"
"USVH01.4993.1_5/5-372","USVH01","SAMN06112072","['MSW_digester_clone__Unc01cxc']",1.71712980670952,TRUE,"MSW_digester_clone__Unc01cxc"
"USVH01.28241.1_1/21-289","USVH01","SAMN06112072","['Bilophila_wadsworthia__BilWads6']",0.119638370502427,TRUE,"Bilophila_wadsworthia__BilWads6"
"ULVJ01.9402.1_2/21-362","ULVJ01","SAMEA4835784","['Bilophila_wadsworthia__BilWads6']",0.0993673705024268,TRUE,"Bilophila_wadsworthia__BilWads6"
"ULVJ01.16671.1_5/63-227","ULVJ01","SAMEA4835784","['Bilophila_wadsworthia__BilWads6', 'uncultured_bacterium__EF645667', 'Bilophila_sp._4_1_30__BilSpec3', 'Desulfovibrio_piger__DslPige3', 'Desulfovibrio_piger__DslPige4']",NA,TRUE,"Bilophila_wadsworthia__BilWads6"
"UMHU01.29959.1_2/21-362","UMHU01","SAMEA4836101","['Bilophila_wadsworthia__BilWads6']",0.0993673705024268,TRUE,"Bilophila_wadsworthia__BilWads6"
"UMHU01.29959.1_1/63-344","UMHU01","SAMEA4836101","['Bilophila_sp._4_1_30__BilSpec3']",NA,TRUE,"Bilophila_sp._4_1_30__BilSpec3"
"UPQH01.3107.1_11/5-398","UPQH01","SAMEA2737797","['uncultured_bacterium__EF645667']",0.505803276190246,TRUE,"uncultured_bacterium__EF645667"
"UPQH01.3107.1_12/18-327","UPQH01","SAMEA2737797","['uncultured_bacterium__EF645667']",0.655104276190246,TRUE,"uncultured_bacterium__EF645667"
"UEST01.1562.1_5/21-361","UEST01","SAMN06115430","['Bilophila_sp._4_1_30__BilSpec3']",0.0016698334302823,TRUE,"Bilophila_sp._4_1_30__BilSpec3"
"UEST01.1562.1_6/63-344","UEST01","SAMN06115430","['Bilophila_sp._4_1_30__BilSpec3']",NA,TRUE,"Bilophila_sp._4_1_30__BilSpec3"
"ORRO01.17421.1_1/20-361","ORRO01","SAMEA2338644","['Desulfovibrio_piger__DslPige3', 'Desulfovibrio_piger__DslPige4']",0.0865660912742298,TRUE,"Desulfovibrio_piger__DslPige3"
"ORRO01.17421.1_2/16-356","ORRO01","SAMEA2338644","['Desulfovibrio_piger__DslPige3', 'Desulfovibrio_piger__DslPige4']",NA,TRUE,"Desulfovibrio_piger__DslPige3"
"UYDK01.43761.1_1/10-323","UYDK01","SAMEA2158542","['Anaerobic_bacterium_sk.prop8__Bv2Prop2']",1.35916553982822,TRUE,"Anaerobic_bacterium_sk.prop8__Bv2Prop2"
"UYDK01.105166.1_1/27-107","UYDK01","SAMEA2158542","['Thermodesulfobium_narugense__CP002690']",1.20446403458103,TRUE,"Thermodesulfobium_narugense__CP002690"
"VOFC01.6289.1_31/15-301","VOFC01","SAMN12384722","['Anaerobic_bacterium_sk.prop8__Bv2Prop2']",1.12972553982822,TRUE,"Anaerobic_bacterium_sk.prop8__Bv2Prop2"
"VOFC01.6289.1_29/7-179","VOFC01","SAMN12384722","['Anaerobic_bacterium_sk.prop8__Bv2Prop2']",0.645164884876434,TRUE,"Anaerobic_bacterium_sk.prop8__Bv2Prop2"
"OXCV01.12278.1_2/22-380","OXCV01","SAMN05827097","['Desulfovibrio_piger__DslPige4']",0.12735409127423,TRUE,"Desulfovibrio_piger__DslPige4"
"OXCV01.14918.1_1/10-223","OXCV01","SAMN05827097","['uncultured_bacterium__EF645667']",0.242121276190246,TRUE,"uncultured_bacterium__EF645667"
"OVGC01.3436.1_1/18-362","OVGC01","SAMN06016382","['uncultured_bacterium__EF645667']",0.660288276190246,TRUE,"uncultured_bacterium__EF645667"
"OVGC01.3436.1_2/5-398","OVGC01","SAMN06016382","['uncultured_bacterium__EF645667']",0.505803276190246,TRUE,"uncultured_bacterium__EF645667"
"OVGC01.52509.1_1/1-180","OVGC01","SAMN06016382","['Bilophila_wadsworthia__BilWads6']",0.168609370502427,TRUE,"Bilophila_wadsworthia__BilWads6"
"UMHM01.22396.1_3/1-323","UMHM01","SAMEA4836095","['Desulfovibrio_sp._6_1_46AFAA__DsvSp231']",0.0261574179855414,TRUE,"Desulfovibrio_sp._6_1_46AFAA__DsvSp231"
"UMHM01.98159.1_2/2-266","UMHM01","SAMEA4836095","['Desulfovibrio_sp._3_1_syn3__DsvSp230']",NA,TRUE,"Desulfovibrio_sp._3_1_syn3__DsvSp230"
"USXV01.40500.1_1/9-299","USXV01","SAMN06111945","['Bilophila_wadsworthia__BilWads6']",NA,TRUE,"Bilophila_wadsworthia__BilWads6"
"USXV01.52057.1_1/21-267","USXV01","SAMN06111945","['Anaerobic_bacterium_sk.prop8__Bv2Prop2']",0.855427884876434,TRUE,"Anaerobic_bacterium_sk.prop8__Bv2Prop2"
"USXV01.62479.1_1/2-231","USXV01","SAMN06111945","['MSW_digester_clone__Unc01cxc']",1.75313680670952,TRUE,"MSW_digester_clone__Unc01cxc"
"USXV01.76553.1_1/2-175","USXV01","SAMN06111945","['Bilophila_wadsworthia__BilWads6', 'Bilophila_sp._4_1_30__BilSpec3']",NA,TRUE,"Bilophila_wadsworthia__BilWads6"
"OZME01.25330.1_1/16-173","OZME01","SAMN06164451","['Desulfovibrio_piger__DslPige3', 'Desulfovibrio_piger__DslPige4']",NA,TRUE,"Desulfovibrio_piger__DslPige3"
"UZLG01.3162.1_6/21-362","UZLG01","SAMN00715165","['Bilophila_wadsworthia__BilWads6']",0.0993673705024268,TRUE,"Bilophila_wadsworthia__BilWads6"
"ULYE01.30023.1_1/1-172","ULYE01","SAMEA4835856","['Desulfovibrio_piger__DslPige4', 'Desulfovibrio_piger__DslPige3']",NA,TRUE,"Desulfovibrio_piger__DslPige4"
"OWDV01.10757.1_3/29-167","OWDV01","SAMEA3708537","['Bilophila_wadsworthia__BilWads6', 'Bilophila_sp._4_1_30__BilSpec3', 'uncultured_bacterium__EF645667']",NA,TRUE,"Bilophila_wadsworthia__BilWads6"
"ULSF01.34850.1_1/6-324","ULSF01","SAMEA4835701","['Desulfovibrio_piger__DslPige4', 'Desulfovibrio_piger__DslPige3']",NA,TRUE,"Desulfovibrio_piger__DslPige4"
"ULSF01.35904.1_2/7-239","ULSF01","SAMEA4835701","['Desulfovibrio_piger__DslPige3', 'Desulfovibrio_piger__DslPige4']",0.0401367876807884,TRUE,"Desulfovibrio_piger__DslPige3"
"ULVC01.40674.1_1/1-330","ULVC01","SAMEA4835769","['Desulfovibrio_piger__DslPige3', 'Desulfovibrio_piger__DslPige4']",0.0580430912742298,TRUE,"Desulfovibrio_piger__DslPige3"
"ULVC01.43776.1_1/2-266","ULVC01","SAMEA4835769","['uncultured_bacterium__EF645667']",0.226457276190246,TRUE,"uncultured_bacterium__EF645667"
"ULVC01.62011.1_1/12-148","ULVC01","SAMEA4835769","['Candidatus_Desulfovibrio_trichonymphae']",0.142878307406043,TRUE,"Candidatus_Desulfovibrio_trichonymphae"
"ULVC01.43899.1_2/19-195","ULVC01","SAMEA4835769","['Desulfovibrio_piger__DslPige3', 'Desulfovibrio_piger__DslPige4']",0.0417337876807884,TRUE,"Desulfovibrio_piger__DslPige3"
"USWY01.5726.1_4/21-362","USWY01","SAMN06111942","['Bilophila_wadsworthia__BilWads6']",0.0993673705024268,TRUE,"Bilophila_wadsworthia__BilWads6"
"USWY01.2295.1_9/18-361","USWY01","SAMN06111942","['uncultured_bacterium__EF645667']",0.656226276190246,TRUE,"uncultured_bacterium__EF645667"
"USWY01.5726.1_3/63-344","USWY01","SAMN06111942","['Bilophila_sp._4_1_30__BilSpec3']",NA,TRUE,"Bilophila_sp._4_1_30__BilSpec3"
"USWY01.2295.1_10/5-398","USWY01","SAMN06111942","['uncultured_bacterium__EF645667']",0.514832276190246,TRUE,"uncultured_bacterium__EF645667"
"UAOO01.4932.1_1/20-362","UAOO01","SAMN06164630","['Bilophila_wadsworthia__BilWads6']",0.171735370502427,TRUE,"Bilophila_wadsworthia__BilWads6"
"UAOO01.4932.1_2/6-419","UAOO01","SAMN06164630","['uncultured_bacterium__EF645667']",0.206148276190246,TRUE,"uncultured_bacterium__EF645667"
"USYX01.9165.1_2/21-362","USYX01","SAMN06112095","['Bilophila_wadsworthia__BilWads6']",0.0993673705024268,TRUE,"Bilophila_wadsworthia__BilWads6"
"USYX01.9165.1_3/198-408","USYX01","SAMN06112095","['Bilophila_sp._4_1_30__BilSpec3']",0.0706748334302823,TRUE,"Bilophila_sp._4_1_30__BilSpec3"
"UZHW01.16669.1_2/1-305","UZHW01","SAMN00791927","['Desulfovibrio_piger__DslPige3', 'Desulfovibrio_piger__DslPige4']",NA,TRUE,"Desulfovibrio_piger__DslPige3"
"UERG01.68268.1_1/26-234","UERG01","SAMN06115478","['Desulfovibrio_vulgaris__DQ826729']",0.457744093887675,TRUE,"Desulfovibrio_vulgaris__DQ826729"
"ULXM01.1565.1_1/7-205","ULXM01","SAMEA4835838","['uncultured_bacterium__EF645667', 'Desulfovibrio_piger__DslPige3']",NA,TRUE,"uncultured_bacterium__EF645667"
"UZHI01.1633.1_6/9-348","UZHI01","SAMN00791902","['Desulfovibrio_piger__DslPige3', 'Desulfovibrio_piger__DslPige4']",0.0940730912742298,TRUE,"Desulfovibrio_piger__DslPige3"
"UZHI01.1633.1_7/7-420","UZHI01","SAMN00791902","['Desulfovibrio_piger__DslPige3', 'Desulfovibrio_piger__DslPige4']",0.0679900912742298,TRUE,"Desulfovibrio_piger__DslPige3"
"USZC01.638.1_13/21-362","USZC01","SAMN06111958","['Bilophila_wadsworthia__BilWads6']",0.0993673705024268,TRUE,"Bilophila_wadsworthia__BilWads6"
"USZC01.16.1_112/18-361","USZC01","SAMN06111958","['uncultured_bacterium__EF645667']",0.644931276190246,TRUE,"uncultured_bacterium__EF645667"
"USZC01.638.1_12/63-344","USZC01","SAMN06111958","['Bilophila_sp._4_1_30__BilSpec3']",NA,TRUE,"Bilophila_sp._4_1_30__BilSpec3"
"USZC01.16.1_113/5-398","USZC01","SAMN06111958","['uncultured_bacterium__EF645667']",0.514832276190246,TRUE,"uncultured_bacterium__EF645667"
"USZC01.10734.1_1/9-244","USZC01","SAMN06111958","['Desulfovibrio_vulgaris__DQ826729']",0.562804093887675,TRUE,"Desulfovibrio_vulgaris__DQ826729"
"USZC01.25440.1_2/4-256","USZC01","SAMN06111958","['Desulfovibrio_vulgaris__DQ826729']",0.359189911862788,TRUE,"Desulfovibrio_vulgaris__DQ826729"
"USZC01.53256.1_1/14-164","USZC01","SAMN06111958","['Desulfitibacter_alkalitolerans__DfiAlka2']",0.807334556332035,TRUE,"Desulfitibacter_alkalitolerans__DfiAlka2"
"USZC01.83011.1_2/12-186","USZC01","SAMN06111958","['Desulfitibacter_alkalitolerans__DfiAlka2']",1.10377755633203,TRUE,"Desulfitibacter_alkalitolerans__DfiAlka2"
"ULWZ01.63543.1_1/1-179","ULWZ01","SAMEA4835825","['Desulfovibrio_piger__DslPige3', 'Desulfovibrio_piger__DslPige4', 'uncultured_bacterium__EF645667']",NA,TRUE,"Desulfovibrio_piger__DslPige3"
"ULWZ01.26170.1_1/24-160","ULWZ01","SAMEA4835825","['Desulfovibrio_piger__DslPige3', 'Desulfovibrio_piger__DslPige4', 'uncultured_bacterium__EF645667']",NA,TRUE,"Desulfovibrio_piger__DslPige3"
"ULWZ01.32982.1_1/3-179","ULWZ01","SAMEA4835825","['Desulfovibrio_piger__DslPige3', 'Desulfovibrio_piger__DslPige4']",NA,TRUE,"Desulfovibrio_piger__DslPige3"
"UMGB01.69084.1_2/21-211","UMGB01","SAMEA4836060","['Bilophila_wadsworthia__BilWads6']",NA,TRUE,"Bilophila_wadsworthia__BilWads6"
"UMGB01.53203.1_2/63-232","UMGB01","SAMEA4836060","['Bilophila_wadsworthia__BilWads6', 'uncultured_bacterium__EF645667', 'Bilophila_sp._4_1_30__BilSpec3']",NA,TRUE,"Bilophila_wadsworthia__BilWads6"
"UMGB01.24807.1_1/3-137","UMGB01","SAMEA4836060","['Bilophila_wadsworthia__BilWads6', 'Bilophila_sp._4_1_30__BilSpec3', 'uncultured_bacterium__EF645667']",NA,TRUE,"Bilophila_wadsworthia__BilWads6"
"UMGB01.45971.1_1/16-153","UMGB01","SAMEA4836060","['Bilophila_wadsworthia__BilWads6']",NA,TRUE,"Bilophila_wadsworthia__BilWads6"
"OQRC01.28035.1_2/4-226","OQRC01","SAMN02712089","['Bilophila_wadsworthia__BilWads6', 'Bilophila_sp._4_1_30__BilSpec3']",NA,TRUE,"Bilophila_wadsworthia__BilWads6"
"UZSS01.30450.1_1/28-328","UZSS01","SAMN00792074","['Bilophila_wadsworthia__BilWads6', 'Bilophila_sp._4_1_30__BilSpec3']",NA,TRUE,"Bilophila_wadsworthia__BilWads6"
"UPEC01.2184.1_2/18-361","UPEC01","SAMEA2737701","['uncultured_bacterium__EF645667']",0.655104276190246,TRUE,"uncultured_bacterium__EF645667"
"UPEC01.2184.1_1/12-321","UPEC01","SAMEA2737701","['uncultured_bacterium__EF645667']",NA,TRUE,"uncultured_bacterium__EF645667"
"UAKK01.7292.1_2/20-361","UAKK01","SAMN06164804","['Desulfovibrio_piger__DslPige3', 'Desulfovibrio_piger__DslPige4']",0.0958630912742298,TRUE,"Desulfovibrio_piger__DslPige3"
"UAKK01.7292.1_3/10-328","UAKK01","SAMN06164804","['Desulfovibrio_piger__DslPige3', 'Desulfovibrio_piger__DslPige4']",NA,TRUE,"Desulfovibrio_piger__DslPige3"
"UEQG01.256.1_29/10-349","UEQG01","SAMN06115532","['Bilophila_wadsworthia__BilWads6']",0.0993673705024268,TRUE,"Bilophila_wadsworthia__BilWads6"
"UEQG01.256.1_30/63-344","UEQG01","SAMN06115532","['Bilophila_sp._4_1_30__BilSpec3']",NA,TRUE,"Bilophila_sp._4_1_30__BilSpec3"
"UYEB01.40733.1_1/63-256","UYEB01","SAMEA2162573","['Bilophila_wadsworthia__BilWads6', 'Bilophila_sp._4_1_30__BilSpec3']",NA,TRUE,"Bilophila_wadsworthia__BilWads6"
"UYEB01.63452.1_1/1-213","UYEB01","SAMEA2162573","['Bilophila_sp._4_1_30__BilSpec3']",0.0559268334302823,TRUE,"Bilophila_sp._4_1_30__BilSpec3"
"UZTQ01.28268.1_1/14-255","UZTQ01","SAMN00792112","['Bilophila_sp._4_1_30__BilSpec3']",0.0088038334302823,TRUE,"Bilophila_sp._4_1_30__BilSpec3"
"OWDA01.24669.1_2/21-203","OWDA01","SAMEA3708563","['Bilophila_sp._4_1_30__BilSpec3']",0.0145538334302823,TRUE,"Bilophila_sp._4_1_30__BilSpec3"
"OZFV01.8576.1_2/20-315","OZFV01","SAMN06165144","['Desulfovibrio_piger__DslPige3']",0.0220897876807884,TRUE,"Desulfovibrio_piger__DslPige3"
"OZFV01.8576.1_1/9-227","OZFV01","SAMN06165144","['Desulfovibrio_piger__DslPige3', 'Desulfovibrio_piger__DslPige4', 'Desulfovibrio_piger__DslPige2']",NA,TRUE,"Desulfovibrio_piger__DslPige3"
"ULWY01.49008.1_2/19-216","ULWY01","SAMEA4835824","['Desulfovibrio_piger__DslPige3', 'Desulfovibrio_piger__DslPige4']",0.0470370912742298,TRUE,"Desulfovibrio_piger__DslPige3"
"OWAN01.1663.1_2/10-342","OWAN01","SAMEA3708641","['Bilophila_wadsworthia__BilWads6']",0.118756370502427,TRUE,"Bilophila_wadsworthia__BilWads6"
"OWAN01.1663.1_3/63-344","OWAN01","SAMEA3708641","['Bilophila_sp._4_1_30__BilSpec3']",NA,TRUE,"Bilophila_sp._4_1_30__BilSpec3"
"OPYE01.17877.1_2/2-287","OPYE01","SAMEA1967055","['Desulfovibrio_piger__DslPige4']",0.0160307876807884,TRUE,"Desulfovibrio_piger__DslPige4"
"UYEQ01.13532.1_2/12-336","UYEQ01","SAMEA2146600","['Desulfitibacter_alkalitolerans__DfiAlka2']",0.850357556332035,TRUE,"Desulfitibacter_alkalitolerans__DfiAlka2"
"UYEQ01.13532.1_1/8-314","UYEQ01","SAMEA2146600","['Anaerobic_bacterium_sk.prop8__Bv2Prop2']",NA,TRUE,"Anaerobic_bacterium_sk.prop8__Bv2Prop2"
"UALZ01.7889.1_2/127-446","UALZ01","SAMN06164785","['Desulfovibrio_piger__DslPige3', 'Desulfovibrio_piger__DslPige4']",0.0906590912742298,TRUE,"Desulfovibrio_piger__DslPige3"
"UEYJ01.10159.1_3/21-361","UEYJ01","SAMN06115523","['Bilophila_wadsworthia__BilWads6']",0.175937370502427,TRUE,"Bilophila_wadsworthia__BilWads6"
"UEYJ01.10159.1_4/5-396","UEYJ01","SAMN06115523","['Bilophila_wadsworthia__BilWads6']",0.198936370502427,TRUE,"Bilophila_wadsworthia__BilWads6"
"UEYJ01.6437.1_4/4-419","UEYJ01","SAMN06115523","['Desulfovibrio_piger__DslPige3', 'Desulfovibrio_piger__DslPige4']",0.0503180912742298,TRUE,"Desulfovibrio_piger__DslPige3"
"UEYJ01.6437.1_5/20-240","UEYJ01","SAMN06115523","['uncultured_bacterium__EF645667']",NA,TRUE,"uncultured_bacterium__EF645667"
"UEYJ01.70573.1_1/7-169","UEYJ01","SAMN06115523","['uncultured_bacterium__EF645667']",0.43185270944906,TRUE,"uncultured_bacterium__EF645667"
"OWGP01.2594.1_1/21-264","OWGP01","SAMEA3708542","['Bilophila_sp._4_1_30__BilSpec3']",NA,TRUE,"Bilophila_sp._4_1_30__BilSpec3"
"UEPZ01.27110.1_1/5-293","UEPZ01","SAMN06115414","['uncultured_bacterium__EF645667']",0.652515276190246,TRUE,"uncultured_bacterium__EF645667"
"UEPZ01.55893.1_1/3-166","UEPZ01","SAMN06115414","['uncultured_bacterium__EF645667']",0.317933243909725,TRUE,"uncultured_bacterium__EF645667"
"OVIP01.8190.1_1/8-183","OVIP01","SAMN02676186","['Bilophila_wadsworthia__BilWads6', 'Bilophila_sp._4_1_30__BilSpec3']",NA,TRUE,"Bilophila_wadsworthia__BilWads6"
"OVIP01.4464.1_1/1-241","OVIP01","SAMN02676186","['Bilophila_sp._4_1_30__BilSpec3']",NA,TRUE,"Bilophila_sp._4_1_30__BilSpec3"
"JABLTR01.106603.1_13/21-362","JABLTR01","SAMN14651230","['Bilophila_wadsworthia__BilWads6']",0.0993673705024268,TRUE,"Bilophila_wadsworthia__BilWads6"
"JABLTR01.106603.1_12/63-344","JABLTR01","SAMN14651230","['Bilophila_sp._4_1_30__BilSpec3']",NA,TRUE,"Bilophila_sp._4_1_30__BilSpec3"
"JABLTR01.62344.1_1/7-196","JABLTR01","SAMN14651230","['Gordonibacter_pamelaeae__GrdPame5']",NA,TRUE,"Gordonibacter_pamelaeae__GrdPame5"
"ORRL01.4986.1_5/63-344","ORRL01","SAMEA2338660","['Bilophila_sp._4_1_30__BilSpec3']",NA,TRUE,"Bilophila_sp._4_1_30__BilSpec3"
"ORRL01.6747.1_1/1-233","ORRL01","SAMEA2338660","['Bilophila_wadsworthia__BilWads6']",0.0993673705024268,TRUE,"Bilophila_wadsworthia__BilWads6"
"ORRL01.4986.1_6/21-271","ORRL01","SAMEA2338660","['Bilophila_wadsworthia__BilWads6']",0.266833370502427,TRUE,"Bilophila_wadsworthia__BilWads6"
"UPCG01.29051.1_1/13-242","UPCG01","SAMEA2737709","['Bilophila_wadsworthia__BilWads6']",NA,TRUE,"Bilophila_wadsworthia__BilWads6"
"ORTF01.2734.1_20/20-361","ORTF01","SAMEA2338814","['Desulfovibrio_piger__DslPige4']",0.0120467876807884,TRUE,"Desulfovibrio_piger__DslPige4"
"ORTF01.2734.1_21/4-418","ORTF01","SAMEA2338814","['Desulfovibrio_piger__DslPige3', 'Desulfovibrio_piger__DslPige4']",0.0759900912742298,TRUE,"Desulfovibrio_piger__DslPige3"
"ORRW01.73751.1_1/12-175","ORRW01","SAMEA2338639","['Anaerobic_bacterium_sk.prop8__Bv2Prop2']",NA,TRUE,"Anaerobic_bacterium_sk.prop8__Bv2Prop2"
"ORSK01.7982.1_4/20-361","ORSK01","SAMEA2338663","['Desulfovibrio_piger__DslPige3']",0.0219247876807884,TRUE,"Desulfovibrio_piger__DslPige3"
"ORSK01.7982.1_3/6-419","ORSK01","SAMEA2338663","['Desulfovibrio_piger__DslPige3', 'Desulfovibrio_piger__DslPige4']",0.0542500912742298,TRUE,"Desulfovibrio_piger__DslPige3"
"OVFZ01.2331.1_5/20-361","OVFZ01","SAMN06016368","['Desulfovibrio_piger__DslPige3', 'Desulfovibrio_piger__DslPige4']",0.0018347876807884,TRUE,"Desulfovibrio_piger__DslPige3"
"OVFZ01.2331.1_4/4-420","OVFZ01","SAMN06016368","['Desulfovibrio_piger__DslPige3', 'Desulfovibrio_piger__DslPige4']",0.0650360912742298,TRUE,"Desulfovibrio_piger__DslPige3"
"OVFZ01.38239.1_1/8-193","OVFZ01","SAMN06016368","['uncultured_bacterium__EF645667', 'Desulfovibrio_piger__DslPige3', 'Desulfovibrio_piger__DslPige4']",NA,TRUE,"uncultured_bacterium__EF645667"
"UEQW01.6394.1_3/21-362","UEQW01","SAMN06115421","['Bilophila_wadsworthia__BilWads6']",0.0993673705024268,TRUE,"Bilophila_wadsworthia__BilWads6"
"UEQW01.6394.1_4/63-344","UEQW01","SAMN06115421","['Bilophila_sp._4_1_30__BilSpec3']",NA,TRUE,"Bilophila_sp._4_1_30__BilSpec3"
"UEQW01.80555.1_1/5-172","UEQW01","SAMN06115421","['Arctic_sediment_clone_AH5_5__AtcSed67']",1.347894064362,TRUE,"Arctic_sediment_clone_AH5_5__AtcSed67"
"UPPT01.53194.1_1/14-269","UPPT01","SAMEA2737758","['uncultured_bacterium__EF645667']",NA,TRUE,"uncultured_bacterium__EF645667"
"UPPT01.40181.1_1/8-188","UPPT01","SAMEA2737758","['Gordonibacter_pamelaeae__GrdPame5']",0.0332802210296696,TRUE,"Gordonibacter_pamelaeae__GrdPame5"
"OZIY01.64400.1_1/6-124","OZIY01","SAMN06165325","['Bilophila_wadsworthia__BilWads6', 'Bilophila_sp._4_1_30__BilSpec3', 'uncultured_bacterium__EF645667']",NA,TRUE,"Bilophila_wadsworthia__BilWads6"
"UZOD01.37753.1_1/28-222","UZOD01","SAMN00791960","['Bilophila_wadsworthia__BilWads6', 'Bilophila_sp._4_1_30__BilSpec3']",NA,TRUE,"Bilophila_wadsworthia__BilWads6"
"OWAX01.22968.1_2/62-343","OWAX01","SAMEA3708588","['Bilophila_sp._4_1_30__BilSpec3']",0.0016698334302823,TRUE,"Bilophila_sp._4_1_30__BilSpec3"
"OWAX01.18918.1_2/5-319","OWAX01","SAMEA3708588","['Bilophila_sp._4_1_30__BilSpec3']",0.0117888334302823,TRUE,"Bilophila_sp._4_1_30__BilSpec3"
"OURG01.1101.1_4/12-336","OURG01","SAMN04329853","['Desulfitibacter_alkalitolerans__DfiAlka2']",0.850357556332035,TRUE,"Desulfitibacter_alkalitolerans__DfiAlka2"
"OURG01.1101.1_5/4-370","OURG01","SAMN04329853","['Anaerobic_bacterium_sk.prop8__Bv2Prop2']",1.19325653982822,TRUE,"Anaerobic_bacterium_sk.prop8__Bv2Prop2"
"OURG01.1542.1_2/20-361","OURG01","SAMN04329853","['Desulfovibrio_piger__DslPige3', 'Desulfovibrio_piger__DslPige4']",0.0018347876807884,TRUE,"Desulfovibrio_piger__DslPige3"
"OURG01.7203.1_1/4-318","OURG01","SAMN04329853","['Anaerobic_bacterium_sk.prop8__Bv2Prop2']",1.11816853982822,TRUE,"Anaerobic_bacterium_sk.prop8__Bv2Prop2"
"OURG01.1542.1_3/4-418","OURG01","SAMN04329853","['Desulfovibrio_piger__DslPige3', 'Desulfovibrio_piger__DslPige4']",NA,TRUE,"Desulfovibrio_piger__DslPige3"
"OURG01.5369.1_1/2-202","OURG01","SAMN04329853","['Desulfitibacter_alkalitolerans__DfiAlka2']",0.807334556332035,TRUE,"Desulfitibacter_alkalitolerans__DfiAlka2"
"UPLK01.18465.1_1/63-353","UPLK01","SAMEA2737870","['Bilophila_sp._4_1_30__BilSpec3']",0.0190248334302823,TRUE,"Bilophila_sp._4_1_30__BilSpec3"
"OVMM01.11079.1_2/10-327","OVMM01","SAMN06016328","['Bilophila_sp._4_1_30__BilSpec3']",0.0016698334302823,TRUE,"Bilophila_sp._4_1_30__BilSpec3"
"OQLK01.6297.1_1/25-160","OQLK01","SAMD00036387","['Bilophila_wadsworthia__BilWads6', 'Bilophila_sp._4_1_30__BilSpec3', 'uncultured_bacterium__EF645667']",NA,TRUE,"Bilophila_wadsworthia__BilWads6"
"UMGY01.40014.1_1/61-240","UMGY01","SAMEA4836084","['Bilophila_wadsworthia__BilWads6']",0.157368370502427,TRUE,"Bilophila_wadsworthia__BilWads6"
"UEOJ01.830.1_10/21-364","UEOJ01","SAMN06115505","['Bilophila_wadsworthia__BilWads6']",0.312150370502427,TRUE,"Bilophila_wadsworthia__BilWads6"
"UEOJ01.830.1_11/4-417","UEOJ01","SAMN06115505","['Desulfovibrio_vulgaris__DQ826729']",0.489097093887675,TRUE,"Desulfovibrio_vulgaris__DQ826729"
"OVYU01.43577.1_1/4-179","OVYU01","SAMEA3708472","['Desulfovibrio_desulfuricans__DslDes24']",1.05934229623876,TRUE,"Desulfovibrio_desulfuricans__DslDes24"
"ULXO01.5844.1_1/4-419","ULXO01","SAMEA4835841","['Desulfovibrio_piger__DslPige3', 'Desulfovibrio_piger__DslPige4']",0.0582320912742298,TRUE,"Desulfovibrio_piger__DslPige3"
"OZRZ01.12938.1_1/20-291","OZRZ01","SAMN06164727","['uncultured_bacterium__EF645667']",0.204138276190246,TRUE,"uncultured_bacterium__EF645667"
"ULTZ01.57383.1_1/20-196","ULTZ01","SAMEA4835745","['Desulfovibrio_piger__DslPige3', 'Desulfovibrio_piger__DslPige4']",NA,TRUE,"Desulfovibrio_piger__DslPige3"
"UZUJ01.41732.1_1/4-138","UZUJ01","SAMN00792080","['Bilophila_wadsworthia__BilWads6']",0.0993673705024268,TRUE,"Bilophila_wadsworthia__BilWads6"
"UZKO01.9390.1_2/20-361","UZKO01","SAMN00715237","['Desulfovibrio_piger__DslPige3', 'Desulfovibrio_piger__DslPige4']",0.0018347876807884,TRUE,"Desulfovibrio_piger__DslPige3"
"UZKO01.9390.1_1/6-324","UZKO01","SAMN00715237","['Desulfovibrio_piger__DslPige3', 'Desulfovibrio_piger__DslPige4']",NA,TRUE,"Desulfovibrio_piger__DslPige3"
"ORNV01.35129.1_1/2-204","ORNV01","SAMEA2338686","['Desulfitibacter_alkalitolerans__DfiAlka2']",1.07223055633203,TRUE,"Desulfitibacter_alkalitolerans__DfiAlka2"
"ORNV01.75959.1_1/13-176","ORNV01","SAMEA2338686","['Archaeoglobus_sulfaticallidus__ArgSulfa']",1.49869940625696,TRUE,"Archaeoglobus_sulfaticallidus__ArgSulfa"
"ORSU01.513.1_15/10-349","ORSU01","SAMEA2338799","['Bilophila_sp._4_1_30__BilSpec3']",0.0016698334302823,TRUE,"Bilophila_sp._4_1_30__BilSpec3"
"ORSU01.513.1_16/63-344","ORSU01","SAMEA2338799","['Bilophila_sp._4_1_30__BilSpec3']",NA,TRUE,"Bilophila_sp._4_1_30__BilSpec3"
"ULRS01.58869.1_1/3-210","ULRS01","SAMEA4835689","['Desulfovibrio_piger__DslPige3', 'Desulfovibrio_piger__DslPige4']",NA,TRUE,"Desulfovibrio_piger__DslPige3"
"ORQQ01.5359.1_5/20-361","ORQQ01","SAMEA2338635","['Desulfovibrio_piger__DslPige3']",0.0218487876807884,TRUE,"Desulfovibrio_piger__DslPige3"
"ORQQ01.5359.1_4/4-419","ORQQ01","SAMEA2338635","['Desulfovibrio_piger__DslPige3']",0.0090487876807884,TRUE,"Desulfovibrio_piger__DslPige3"
"UAPA01.8054.1_1/20-361","UAPA01","SAMN06164726","['uncultured_bacterium__EF645667']",0.198849276190246,TRUE,"uncultured_bacterium__EF645667"
"UAPA01.8054.1_2/4-418","UAPA01","SAMN06164726","['Desulfovibrio_piger__DslPige3', 'Desulfovibrio_piger__DslPige4']",0.0900210912742298,TRUE,"Desulfovibrio_piger__DslPige3"
"UEYG01.542.1_18/21-362","UEYG01","SAMN06115527","['Bilophila_sp._4_1_30__BilSpec3']",0.0016698334302823,TRUE,"Bilophila_sp._4_1_30__BilSpec3"
"UEYG01.3.1_31/21-361","UEYG01","SAMN06115527","['uncultured_bacterium__EF645667']",0.142062170607274,TRUE,"uncultured_bacterium__EF645667"
"UEYG01.3.1_30/4-420","UEYG01","SAMN06115527","['uncultured_bacterium__EF645667']",0.0848526773928871,TRUE,"uncultured_bacterium__EF645667"
"UEYG01.542.1_19/63-344","UEYG01","SAMN06115527","['Bilophila_sp._4_1_30__BilSpec3']",NA,TRUE,"Bilophila_sp._4_1_30__BilSpec3"
"ORVP01.1549.1_15/21-362","ORVP01","SAMEA2338838","['Bilophila_wadsworthia__BilWads6']",0.0993673705024268,TRUE,"Bilophila_wadsworthia__BilWads6"
"ORVP01.38347.1_2/20-347","ORVP01","SAMEA2338838","['Desulfovibrio_piger__DslPige3', 'Desulfovibrio_piger__DslPige4']",0.0721790912742298,TRUE,"Desulfovibrio_piger__DslPige3"
"ORVP01.1549.1_16/63-344","ORVP01","SAMEA2338838","['Bilophila_sp._4_1_30__BilSpec3']",NA,TRUE,"Bilophila_sp._4_1_30__BilSpec3"
"ORVP01.12199.1_4/6-419","ORVP01","SAMEA2338838","['Desulfovibrio_piger__DslPige3', 'Desulfovibrio_piger__DslPige4']",0.0496110912742298,TRUE,"Desulfovibrio_piger__DslPige3"
"OQIJ01.770.1_5/9-396","OQIJ01","SAMD00036435","['Gordonibacter_pamelaeae__GrdPame5']",0.588805704393165,TRUE,"Gordonibacter_pamelaeae__GrdPame5"
"OQIJ01.770.1_6/8-218","OQIJ01","SAMD00036435","['Gordonibacter_pamelaeae__GrdPame5']",1.60885170439317,TRUE,"Gordonibacter_pamelaeae__GrdPame5"
"OQIJ01.770.1_7/3-99","OQIJ01","SAMD00036435","['Gordonibacter_pamelaeae__GrdPame5']",0.637603704393165,TRUE,"Gordonibacter_pamelaeae__GrdPame5"
"UZOA01.674.1_13/21-362","UZOA01","SAMN00791991","['Bilophila_wadsworthia__BilWads6']",0.0993673705024268,TRUE,"Bilophila_wadsworthia__BilWads6"
"UZOA01.674.1_12/63-344","UZOA01","SAMN00791991","['Bilophila_sp._4_1_30__BilSpec3']",NA,TRUE,"Bilophila_sp._4_1_30__BilSpec3"
"OWSS01.15215.1_2/21-327","OWSS01","SAMEA4378237","['Bilophila_wadsworthia__BilWads6']",0.118058370502427,TRUE,"Bilophila_wadsworthia__BilWads6"
"UEOM01.37036.1_1/14-212","UEOM01","SAMN06115536","['uncultured_bacterium__EF645667']",0.616707276190246,TRUE,"uncultured_bacterium__EF645667"
"UZMS01.4692.1_1/63-382","UZMS01","SAMN00715240","['Bilophila_sp._4_1_30__BilSpec3']",NA,TRUE,"Bilophila_sp._4_1_30__BilSpec3"
"OPVN01.39526.1_1/2-231","OPVN01","SAMEA2041927","['Bilophila_wadsworthia__BilWads6']",0.114420370502427,TRUE,"Bilophila_wadsworthia__BilWads6"
"UPFG01.8704.1_1/18-360","UPFG01","SAMEA2737698","['uncultured_bacterium__EF645667']",0.644931276190246,TRUE,"uncultured_bacterium__EF645667"
"UPFG01.8704.1_2/5-399","UPFG01","SAMEA2737698","['uncultured_bacterium__EF645667']",0.515584276190246,TRUE,"uncultured_bacterium__EF645667"
"UPFG01.17113.1_3/2-207","UPFG01","SAMEA2737698","['Bilophila_wadsworthia__BilWads6']",NA,TRUE,"Bilophila_wadsworthia__BilWads6"
"UPLV01.7.1_53/18-361","UPLV01","SAMEA2737841","['uncultured_bacterium__EF645667']",0.644931276190246,TRUE,"uncultured_bacterium__EF645667"
"UPLV01.7.1_52/5-398","UPLV01","SAMEA2737841","['uncultured_bacterium__EF645667']",0.505803276190246,TRUE,"uncultured_bacterium__EF645667"
"OQSP01.49254.1_1/2-302","OQSP01","SAMN05214685","['Gordonibacter_pamelaeae__GrdPame5']",0.839404704393165,TRUE,"Gordonibacter_pamelaeae__GrdPame5"
"OQSP01.60321.1_1/8-356","OQSP01","SAMN05214685","['Gordonibacter_pamelaeae__GrdPame5']",0.927099704393165,TRUE,"Gordonibacter_pamelaeae__GrdPame5"
"OQSP01.22336.1_2/4-419","OQSP01","SAMN05214685","['Desulfovibrio_piger__DslPige3', 'Desulfovibrio_piger__DslPige4']",0.0470370912742298,TRUE,"Desulfovibrio_piger__DslPige3"
"OQSP01.22336.1_1/21-295","OQSP01","SAMN05214685","['Desulfovibrio_piger__DslPige3', 'Desulfovibrio_piger__DslPige4']",0.0470370912742298,TRUE,"Desulfovibrio_piger__DslPige3"
"OQZN01.1830.1_1/8-309","OQZN01","SAMN04161035","['Anaerobic_bacterium_sk.prop8__Bv2Prop2']",1.30689653982822,TRUE,"Anaerobic_bacterium_sk.prop8__Bv2Prop2"
"UERP01.21184.1_1/26-356","UERP01","SAMN06115441","['Bilophila_wadsworthia__BilWads6', 'Bilophila_sp._4_1_30__BilSpec3']",NA,TRUE,"Bilophila_wadsworthia__BilWads6"
"UYEV01.23339.1_1/19-354","UYEV01","SAMEA2147991","['Desulfovibrio_piger__DslPige3', 'Desulfovibrio_piger__DslPige4']",0.0567280912742298,TRUE,"Desulfovibrio_piger__DslPige3"
"UYEV01.26087.1_1/20-315","UYEV01","SAMEA2147991","['Desulfovibrio_piger__DslPige4']",0.0120467876807884,TRUE,"Desulfovibrio_piger__DslPige4"
"UYDH01.27644.1_1/3-291","UYDH01","SAMEA2146107","['Anaerobic_bacterium_sk.prop8__Bv2Prop2']",1.33771553982822,TRUE,"Anaerobic_bacterium_sk.prop8__Bv2Prop2"
"UYDH01.14813.1_4/4-419","UYDH01","SAMEA2146107","['Desulfovibrio_piger__DslPige3', 'Desulfovibrio_piger__DslPige4']",0.0470370912742298,TRUE,"Desulfovibrio_piger__DslPige3"
"UYDH01.27644.1_2/12-276","UYDH01","SAMEA2146107","['Desulfitibacter_alkalitolerans__DfiAlka2']",1.19220655633203,TRUE,"Desulfitibacter_alkalitolerans__DfiAlka2"
"UYDH01.62797.1_2/4-208","UYDH01","SAMEA2146107","['uncultured_bacterium__EF645667']",0.194386276190246,TRUE,"uncultured_bacterium__EF645667"
"UESC01.374.1_28/21-362","UESC01","SAMN06115465","['Bilophila_wadsworthia__BilWads6']",0.0993673705024268,TRUE,"Bilophila_wadsworthia__BilWads6"
"UESC01.374.1_29/63-344","UESC01","SAMN06115465","['Bilophila_sp._4_1_30__BilSpec3']",NA,TRUE,"Bilophila_sp._4_1_30__BilSpec3"
"UEPK01.12329.1_1/20-362","UEPK01","SAMN06115460","['Bilophila_wadsworthia__BilWads6']",0.169137370502427,TRUE,"Bilophila_wadsworthia__BilWads6"
"UEPK01.17125.1_1/63-299","UEPK01","SAMN06115460","['Desulfovibrio_piger__DslPige3', 'Desulfovibrio_piger__DslPige4']",0.11673909127423,TRUE,"Desulfovibrio_piger__DslPige3"
"UPHG01.10774.1_2/20-361","UPHG01","SAMEA2737652","['Desulfovibrio_sp._6_1_46AFAA__DsvSp231']",0.0261574179855414,TRUE,"Desulfovibrio_sp._6_1_46AFAA__DsvSp231"
"UPHG01.10774.1_1/9-400","UPHG01","SAMEA2737652","['Desulfovibrio_sp._3_1_syn3__DsvSp230']",0.00163384853285095,TRUE,"Desulfovibrio_sp._3_1_syn3__DsvSp230"
"OQUI01.78527.1_1/4-172","OQUI01","SAMN06018979","['Gordonibacter_pamelaeae__GrdPame5']",0.324887704393165,TRUE,"Gordonibacter_pamelaeae__GrdPame5"
"OURH01.14390.1_3/24-367","OURH01","SAMN04329764","['Desulfovibrio_piger__DslPige4']",0.0681337876807884,TRUE,"Desulfovibrio_piger__DslPige4"
"OURH01.60729.1_1/4-240","OURH01","SAMN04329764","['Desulfovibrio_piger__DslPige3', 'Desulfovibrio_piger__DslPige4']",NA,TRUE,"Desulfovibrio_piger__DslPige3"
"UEOX01.4474.1_2/20-359","UEOX01","SAMN06115462","['Bilophila_wadsworthia__BilWads6']",0.411340370502427,TRUE,"Bilophila_wadsworthia__BilWads6"
"UEOX01.4474.1_1/8-289","UEOX01","SAMN06115462","['Desulfovibrio_vulgaris__DQ826729']",0.373132911862788,TRUE,"Desulfovibrio_vulgaris__DQ826729"
"UEOX01.23406.1_1/14-247","UEOX01","SAMN06115462","['Bilophila_sp._4_1_30__BilSpec3']",0.0114998334302823,TRUE,"Bilophila_sp._4_1_30__BilSpec3"
"UEQY01.31814.1_1/9-320","UEQY01","SAMN06115403","['Bilophila_sp._4_1_30__BilSpec3']",0.0092248334302823,TRUE,"Bilophila_sp._4_1_30__BilSpec3"
"UEQY01.41753.1_1/1-290","UEQY01","SAMN06115403","['Bilophila_wadsworthia__BilWads6']",NA,TRUE,"Bilophila_wadsworthia__BilWads6"
"UEOL01.5489.1_2/20-361","UEOL01","SAMN06115417","['Desulfovibrio_piger__DslPige3', 'Desulfovibrio_piger__DslPige4']",0.0018347876807884,TRUE,"Desulfovibrio_piger__DslPige3"
"UEOL01.1117.1_19/10-349","UEOL01","SAMN06115417","['Bilophila_wadsworthia__BilWads6']",0.0993673705024268,TRUE,"Bilophila_wadsworthia__BilWads6"
"UEOL01.5489.1_1/63-419","UEOL01","SAMN06115417","['Desulfovibrio_piger__DslPige3', 'Desulfovibrio_piger__DslPige4']",0.11840909127423,TRUE,"Desulfovibrio_piger__DslPige3"
"UEQE01.2285.1_7/21-362","UEQE01","SAMN06115423","['Bilophila_wadsworthia__BilWads6']",0.0993673705024268,TRUE,"Bilophila_wadsworthia__BilWads6"
"UEQE01.2285.1_6/62-342","UEQE01","SAMN06115423","['Bilophila_wadsworthia__BilWads6']",0.164723370502427,TRUE,"Bilophila_wadsworthia__BilWads6"
"UXSH01.15753.1_2/4-419","UXSH01","SAMEA2149241","['Desulfovibrio_piger__DslPige3']",0.0295167876807884,TRUE,"Desulfovibrio_piger__DslPige3"
"UXTB01.1321.1_2/10-351","UXTB01","SAMEA1969417","['Bilophila_wadsworthia__BilWads6']",0.312150370502427,TRUE,"Bilophila_wadsworthia__BilWads6"
"UXTB01.7133.1_2/7-421","UXTB01","SAMEA1969417","['Desulfovibrio_piger__DslPige3', 'Desulfovibrio_piger__DslPige4']",0.0596550912742298,TRUE,"Desulfovibrio_piger__DslPige3"
"UXTB01.1321.1_1/44-401","UXTB01","SAMEA1969417","['Desulfovibrio_vulgaris__DQ826729']",0.419403909358552,TRUE,"Desulfovibrio_vulgaris__DQ826729"
"UXTB01.8917.1_1/8-221","UXTB01","SAMEA1969417","['uncultured_bacterium__EF645667', 'Desulfovibrio_piger__DslPige3', 'Desulfovibrio_piger__DslPige4']",NA,TRUE,"uncultured_bacterium__EF645667"
"OQUM01.41199.1_2/1-129","OQUM01","SAMN06018975","['Gordonibacter_pamelaeae_7-10-1-b__FP929047']",0.00759969517357038,TRUE,"Gordonibacter_pamelaeae_7-10-1-b__FP929047"
"OOUY01.28043.1_1/8-225","OOUY01","SAMEA2042285","['Desulfovibrio_piger__DslPige3', 'Desulfovibrio_piger__DslPige4', 'Desulfovibrio_piger__DslPige2']",NA,TRUE,"Desulfovibrio_piger__DslPige3"
"UZNP01.39034.1_1/2-194","UZNP01","SAMN00715149","['Desulfovibrio_piger__DslPige4', 'Desulfovibrio_piger__DslPige3']",NA,TRUE,"Desulfovibrio_piger__DslPige4"
"UPPU01.16610.1_1/193-462","UPPU01","SAMEA2737789","['Moorella_thermoacetica_Y72_copy_2__MooTher5']",9.00207661945668,TRUE,"Moorella_thermoacetica_Y72_copy_2__MooTher5"
"UERX01.14147.1_1/63-395","UERX01","SAMN06115487","['Bilophila_sp._4_1_30__BilSpec3']",0.0089488334302823,TRUE,"Bilophila_sp._4_1_30__BilSpec3"
"UERX01.8101.1_1/3-266","UERX01","SAMN06115487","['Bilophila_wadsworthia__BilWads6']",NA,TRUE,"Bilophila_wadsworthia__BilWads6"
"OPSK01.10826.1_2/6-418","OPSK01","SAMEA2042111","['Desulfovibrio_piger__DslPige3', 'Desulfovibrio_piger__DslPige4']",NA,TRUE,"Desulfovibrio_piger__DslPige3"
"UEPH01.366.1_36/21-362","UEPH01","SAMN06115411","['Bilophila_wadsworthia__BilWads6']",0.0993673705024268,TRUE,"Bilophila_wadsworthia__BilWads6"
"UEPH01.366.1_37/63-344","UEPH01","SAMN06115411","['Bilophila_sp._4_1_30__BilSpec3']",NA,TRUE,"Bilophila_sp._4_1_30__BilSpec3"
"UEPH01.20113.1_1/5-201","UEPH01","SAMN06115411","['uncultured_bacterium__EF645667', 'Desulfovibrio_piger__DslPige3']",NA,TRUE,"uncultured_bacterium__EF645667"
"UMHS01.2342.1_1/20-322","UMHS01","SAMEA4836106","['Bilophila_wadsworthia__BilWads6']",0.433699370502427,TRUE,"Bilophila_wadsworthia__BilWads6"
"UMHS01.11381.1_1/4-203","UMHS01","SAMEA4836106","['Bilophila_sp._4_1_30__BilSpec3', 'uncultured_bacterium__EF645667']",NA,TRUE,"Bilophila_sp._4_1_30__BilSpec3"
"OXWP01.21529.1_1/10-165","OXWP01","SAMN06164612","['Desulfovibrio_piger__DslPige3', 'Desulfovibrio_piger__DslPige4']",NA,TRUE,"Desulfovibrio_piger__DslPige3"
"OXWP01.21679.1_1/5-140","OXWP01","SAMN06164612","['Desulfovibrio_piger__DslPige3', 'Desulfovibrio_piger__DslPige4']",0.0018347876807884,TRUE,"Desulfovibrio_piger__DslPige3"
"OWQF01.22427.1_1/10-243","OWQF01","SAMEA4378229","['Bilophila_wadsworthia__BilWads6']",NA,TRUE,"Bilophila_wadsworthia__BilWads6"
"OZJC01.12784.1_1/3-315","OZJC01","SAMN06165209","['uncultured_bacterium__EF645667']",0.209775276190246,TRUE,"uncultured_bacterium__EF645667"
"OQPN01.34940.1_2/11-344","OQPN01","SAMN02712088","['Bilophila_wadsworthia__BilWads6', 'Bilophila_sp._4_1_30__BilSpec3']",NA,TRUE,"Bilophila_wadsworthia__BilWads6"
"UZPR01.13022.1_2/18-310","UZPR01","SAMN00791992","['uncultured_bacterium__EF645667']",0.655104276190246,TRUE,"uncultured_bacterium__EF645667"
"UYDL01.1750.1_12/21-362","UYDL01","SAMEA2149636","['Bilophila_sp._4_1_30__BilSpec3']",0.0016698334302823,TRUE,"Bilophila_sp._4_1_30__BilSpec3"
"UYDL01.1750.1_11/63-344","UYDL01","SAMEA2149636","['Bilophila_sp._4_1_30__BilSpec3']",NA,TRUE,"Bilophila_sp._4_1_30__BilSpec3"
"USYL01.43087.1_1/8-231","USYL01","SAMN06111981","['Desulfovibrio_piger__DslPige3', 'Desulfovibrio_piger__DslPige4']",0.139815787680788,TRUE,"Desulfovibrio_piger__DslPige3"
"ORKU01.1801.1_3/12-336","ORKU01","SAMN04329865","['Desulfitibacter_alkalitolerans__DfiAlka2']",0.821568556332035,TRUE,"Desulfitibacter_alkalitolerans__DfiAlka2"
"ORKU01.10446.1_2/12-336","ORKU01","SAMN04329865","['Desulfitibacter_alkalitolerans__DfiAlka2']",0.850357556332035,TRUE,"Desulfitibacter_alkalitolerans__DfiAlka2"
"ORKU01.8757.1_1/4-369","ORKU01","SAMN04329865","['Anaerobic_bacterium_sk.prop8__Bv2Prop2']",1.19325653982822,TRUE,"Anaerobic_bacterium_sk.prop8__Bv2Prop2"
"ORKU01.1801.1_2/4-370","ORKU01","SAMN04329865","['Anaerobic_bacterium_sk.prop8__Bv2Prop2']",1.14705953982822,TRUE,"Anaerobic_bacterium_sk.prop8__Bv2Prop2"
"ORKU01.3703.1_2/5-401","ORKU01","SAMN04329865","['Anaerobic_bacterium_sk.prop8__Bv2Prop2']",1.15356353982822,TRUE,"Anaerobic_bacterium_sk.prop8__Bv2Prop2"
"ORKU01.3703.1_1/12-220","ORKU01","SAMN04329865","['Desulfitibacter_alkalitolerans__DfiAlka2']",NA,TRUE,"Desulfitibacter_alkalitolerans__DfiAlka2"
"ORKU01.10377.1_4/6-128","ORKU01","SAMN04329865","['Desulfitibacter_alkalitolerans__DfiAlka2']",0.807334556332035,TRUE,"Desulfitibacter_alkalitolerans__DfiAlka2"
"UXQP01.20029.1_2/18-362","UXQP01","SAMEA2142349","['uncultured_bacterium__EF645667']",0.508565276190246,TRUE,"uncultured_bacterium__EF645667"
"UXQP01.2520.1_2/5-342","UXQP01","SAMEA2142349","['Bilophila_wadsworthia__BilWads6']",0.182316370502427,TRUE,"Bilophila_wadsworthia__BilWads6"
"UXQP01.20029.1_1/1-233","UXQP01","SAMEA2142349","['uncultured_bacterium__EF645667', 'Desulfovibrio_piger__DslPige3']",NA,TRUE,"uncultured_bacterium__EF645667"
"UXQP01.2520.1_1/21-218","UXQP01","SAMEA2142349","['Bilophila_sp._4_1_30__BilSpec3', 'Bilophila_wadsworthia__BilWads6']",NA,TRUE,"Bilophila_sp._4_1_30__BilSpec3"
"UZTH01.836.1_7/10-349","UZTH01","SAMN00792078","['Bilophila_wadsworthia__BilWads6']",0.0993673705024268,TRUE,"Bilophila_wadsworthia__BilWads6"
"UZTH01.836.1_8/63-344","UZTH01","SAMN00792078","['Bilophila_sp._4_1_30__BilSpec3']",NA,TRUE,"Bilophila_sp._4_1_30__BilSpec3"
"UXRX01.12347.1_2/20-361","UXRX01","SAMEA2159338","['Desulfovibrio_piger__DslPige3', 'Desulfovibrio_piger__DslPige4']",0.0905510912742298,TRUE,"Desulfovibrio_piger__DslPige3"
"UXRX01.12347.1_3/4-418","UXRX01","SAMEA2159338","['Desulfovibrio_piger__DslPige3', 'Desulfovibrio_piger__DslPige4']",0.0791550912742298,TRUE,"Desulfovibrio_piger__DslPige3"
"UERN01.509.1_13/21-362","UERN01","SAMN06115515","['Bilophila_wadsworthia__BilWads6']",0.0993673705024268,TRUE,"Bilophila_wadsworthia__BilWads6"
"UERN01.509.1_12/63-344","UERN01","SAMN06115515","['Bilophila_sp._4_1_30__BilSpec3']",NA,TRUE,"Bilophila_sp._4_1_30__BilSpec3"
"UERN01.69780.1_1/6-253","UERN01","SAMN06115515","['Desulfovibrio_sp._3_1_syn3__DsvSp230']",NA,TRUE,"Desulfovibrio_sp._3_1_syn3__DsvSp230"
"ULQO01.23796.1_1/3-181","ULQO01","SAMEA4835658","['Desulfitibacter_alkalitolerans__DfiAlka2']",0.850357556332035,TRUE,"Desulfitibacter_alkalitolerans__DfiAlka2"
"UEQA01.120.1_13/21-362","UEQA01","SAMN06115468","['Bilophila_wadsworthia__BilWads6']",0.0993673705024268,TRUE,"Bilophila_wadsworthia__BilWads6"
"UEQA01.120.1_12/63-344","UEQA01","SAMN06115468","['Bilophila_sp._4_1_30__BilSpec3']",NA,TRUE,"Bilophila_sp._4_1_30__BilSpec3"
"USWR01.803.1_15/21-362","USWR01","SAMN06112050","['Bilophila_wadsworthia__BilWads6']",0.0993673705024268,TRUE,"Bilophila_wadsworthia__BilWads6"
"USWR01.803.1_16/63-344","USWR01","SAMN06112050","['Bilophila_sp._4_1_30__BilSpec3']",NA,TRUE,"Bilophila_sp._4_1_30__BilSpec3"
"ULNP01.55851.1_1/4-316","ULNP01","SAMEA4835579","['uncultured_bacterium__EF645667']",0.213960276190246,TRUE,"uncultured_bacterium__EF645667"
"ULNP01.43535.1_1/7-295","ULNP01","SAMEA4835579","['Desulfovibrio_piger__DslPige3', 'Desulfovibrio_piger__DslPige4']",0.0018347876807884,TRUE,"Desulfovibrio_piger__DslPige3"
"ULNP01.66783.1_1/2-212","ULNP01","SAMEA4835579","['Bilophila_wadsworthia__BilWads6']",NA,TRUE,"Bilophila_wadsworthia__BilWads6"
"ULNP01.26053.1_1/4-240","ULNP01","SAMEA4835579","['Desulfovibrio_piger__DslPige3', 'Desulfovibrio_piger__DslPige4']",0.0696460912742298,TRUE,"Desulfovibrio_piger__DslPige3"
"OZAN01.13538.1_1/2-234","OZAN01","SAMN06164915","['Bilophila_wadsworthia__BilWads6']",0.125036370502427,TRUE,"Bilophila_wadsworthia__BilWads6"
"OUQW01.5128.1_3/6-419","OUQW01","SAMN04978193","['Desulfovibrio_piger__DslPige3', 'Desulfovibrio_piger__DslPige4']",0.0753430912742298,TRUE,"Desulfovibrio_piger__DslPige3"
"UPDD01.21.1_114/18-361","UPDD01","SAMEA2737694","['uncultured_bacterium__EF645667']",0.644931276190246,TRUE,"uncultured_bacterium__EF645667"
"UPDD01.21.1_115/17-319","UPDD01","SAMEA2737694","['uncultured_bacterium__EF645667']",NA,TRUE,"uncultured_bacterium__EF645667"
"UPDD01.70601.1_1/18-231","UPDD01","SAMEA2737694","['Desulfovibrio_piger__DslPige4']",0.13026709127423,TRUE,"Desulfovibrio_piger__DslPige4"
"USUY01.29741.1_1/1-324","USUY01","SAMN06111999","['Bilophila_wadsworthia__BilWads6']",0.147446370502427,TRUE,"Bilophila_wadsworthia__BilWads6"
"USUY01.35824.1_1/28-321","USUY01","SAMN06111999","['Bilophila_wadsworthia__BilWads6', 'Bilophila_sp._4_1_30__BilSpec3']",NA,TRUE,"Bilophila_wadsworthia__BilWads6"
"OQGT01.817.1_5/20-362","OQGT01","SAMD00036196","['Desulfovibrio_piger__DslPige4']",0.0868057876807884,TRUE,"Desulfovibrio_piger__DslPige4"
"OQGT01.817.1_6/4-418","OQGT01","SAMD00036196","['Desulfovibrio_piger__DslPige3', 'Desulfovibrio_piger__DslPige4']",0.0580430912742298,TRUE,"Desulfovibrio_piger__DslPige3"
"OWSG01.17264.1_1/20-271","OWSG01","SAMEA4378299","['Desulfovibrio_desulfuricans_subsp._desulfuricans_str._ATCC_27774__CP001358']",0.102228792188741,TRUE,"Desulfovibrio_desulfuricans_subsp._desulfuricans_str._ATCC_27774__CP001358"
"UPFB01.19.1_39/18-361","UPFB01","SAMEA2737668","['uncultured_bacterium__EF645667']",0.644931276190246,TRUE,"uncultured_bacterium__EF645667"
"UPFB01.19.1_38/5-398","UPFB01","SAMEA2737668","['uncultured_bacterium__EF645667']",0.514832276190246,TRUE,"uncultured_bacterium__EF645667"
"UPFB01.33303.1_1/14-311","UPFB01","SAMEA2737668","['Bilophila_sp._4_1_30__BilSpec3']",0.0380208334302823,TRUE,"Bilophila_sp._4_1_30__BilSpec3"
"UPFB01.64416.1_1/1-203","UPFB01","SAMEA2737668","['Bilophila_wadsworthia__BilWads6']",NA,TRUE,"Bilophila_wadsworthia__BilWads6"
"UZHR01.1851.1_2/21-362","UZHR01","SAMN00791917","['Bilophila_wadsworthia__BilWads6']",0.0993673705024268,TRUE,"Bilophila_wadsworthia__BilWads6"
"UZHR01.1851.1_3/63-344","UZHR01","SAMN00791917","['Bilophila_sp._4_1_30__BilSpec3']",NA,TRUE,"Bilophila_sp._4_1_30__BilSpec3"
"ORSG01.7698.1_3/10-349","ORSG01","SAMEA2338666","['Bilophila_wadsworthia__BilWads6']",0.108495370502427,TRUE,"Bilophila_wadsworthia__BilWads6"
"ULRC01.46528.1_2/20-361","ULRC01","SAMEA4835672","['Desulfovibrio_piger__DslPige3', 'Desulfovibrio_piger__DslPige4']",0.0018347876807884,TRUE,"Desulfovibrio_piger__DslPige3"
"ORCM01.32218.1_1/1-303","ORCM01","SAMN06115497","['Bilophila_wadsworthia__BilWads6']",NA,TRUE,"Bilophila_wadsworthia__BilWads6"
"ORCM01.54700.1_1/12-174","ORCM01","SAMN06115497","['Bilophila_wadsworthia__BilWads6', 'Bilophila_sp._4_1_30__BilSpec3', 'uncultured_bacterium__EF645667']",NA,TRUE,"Bilophila_wadsworthia__BilWads6"
"OQPR01.52195.1_1/2-329","OQPR01","SAMN02712088","['Bilophila_wadsworthia__BilWads6']",0.0993673705024268,TRUE,"Bilophila_wadsworthia__BilWads6"
"OQPR01.35494.1_1/63-344","OQPR01","SAMN02712088","['Bilophila_sp._4_1_30__BilSpec3']",0.0108828334302823,TRUE,"Bilophila_sp._4_1_30__BilSpec3"
"ORBS01.3685.1_8/20-361","ORBS01","SAMN04158617","['Desulfovibrio_sp._Dsv1__DsvSp233']",0.0304797640998852,TRUE,"Desulfovibrio_sp._Dsv1__DsvSp233"
"ORBS01.3685.1_9/9-395","ORBS01","SAMN04158617","['Desulfovibrio_sp._Dsv1__DsvSp233']",0.0355317640998852,TRUE,"Desulfovibrio_sp._Dsv1__DsvSp233"
"ORBS01.59753.1_1/2-159","ORBS01","SAMN04158617","['Anaerobic_bacterium_sk.prop8__Bv2Prop2']",NA,TRUE,"Anaerobic_bacterium_sk.prop8__Bv2Prop2"
"UEOU01.16119.1_2/7-191","UEOU01","SAMN06115438","['Bilophila_wadsworthia__BilWads6']",0.0993673705024268,TRUE,"Bilophila_wadsworthia__BilWads6"
"UYEJ01.10009.1_3/20-361","UYEJ01","SAMEA2161372","['Desulfovibrio_piger__DslPige3', 'Desulfovibrio_piger__DslPige4']",0.0898570912742298,TRUE,"Desulfovibrio_piger__DslPige3"
"UYEJ01.21475.1_2/6-418","UYEJ01","SAMEA2161372","['Desulfovibrio_piger__DslPige3', 'Desulfovibrio_piger__DslPige4']",0.0644120912742298,TRUE,"Desulfovibrio_piger__DslPige3"
"ULWE01.4179.1_1/20-176","ULWE01","SAMEA4835804","['Desulfovibrio_piger__DslPige3', 'Desulfovibrio_piger__DslPige4']",0.0507267876807884,TRUE,"Desulfovibrio_piger__DslPige3"
"UPEY01.57751.1_1/7-281","UPEY01","SAMEA2737728","['Bilophila_wadsworthia__BilWads6']",0.141116370502427,TRUE,"Bilophila_wadsworthia__BilWads6"
"UPEY01.18609.1_1/20-157","UPEY01","SAMEA2737728","['uncultured_bacterium__EF645667']",0.508565276190246,TRUE,"uncultured_bacterium__EF645667"
"ULQB01.53682.1_1/3-249","ULQB01","SAMEA4835644","['Desulfovibrio_piger__DslPige4', 'Desulfovibrio_piger__DslPige3']",NA,TRUE,"Desulfovibrio_piger__DslPige4"
"OWEH01.1685.1_9/18-361","OWEH01","SAMEA3708567","['uncultured_bacterium__EF645667']",0.644931276190246,TRUE,"uncultured_bacterium__EF645667"
"OWEH01.4606.1_2/63-344","OWEH01","SAMEA3708567","['Bilophila_sp._4_1_30__BilSpec3']",NA,TRUE,"Bilophila_sp._4_1_30__BilSpec3"
"OWEH01.1685.1_8/5-398","OWEH01","SAMEA3708567","['uncultured_bacterium__EF645667']",0.502634276190246,TRUE,"uncultured_bacterium__EF645667"
"OWEH01.4606.1_1/21-303","OWEH01","SAMEA3708567","['Bilophila_sp._4_1_30__BilSpec3']",0.0016698334302823,TRUE,"Bilophila_sp._4_1_30__BilSpec3"
"ORNQ01.18250.1_2/6-419","ORNQ01","SAMEA2338697","['Desulfovibrio_piger__DslPige3', 'Desulfovibrio_piger__DslPige4']",0.0908500912742298,TRUE,"Desulfovibrio_piger__DslPige3"
"ORNQ01.27362.1_1/10-223","ORNQ01","SAMEA2338697","['Desulfovibrio_piger__DslPige3', 'Desulfovibrio_piger__DslPige4']",0.0018347876807884,TRUE,"Desulfovibrio_piger__DslPige3"
"ORMK01.37262.1_1/20-273","ORMK01","SAMEA2338741","['Desulfovibrio_piger__DslPige3', 'Desulfovibrio_piger__DslPige4']",0.20873809127423,TRUE,"Desulfovibrio_piger__DslPige3"
"UEOS01.4920.1_3/21-361","UEOS01","SAMN06115446","['uncultured_bacterium__EF645667']",0.142062170607274,TRUE,"uncultured_bacterium__EF645667"
"UEOS01.4920.1_4/4-422","UEOS01","SAMN06115446","['uncultured_bacterium__EF645667']",0.091094677392887,TRUE,"uncultured_bacterium__EF645667"
"ORSJ01.457.1_9/20-360","ORSJ01","SAMEA2338623","['uncultured_bacterium__EF645667']",0.670046276190246,TRUE,"uncultured_bacterium__EF645667"
"ORSJ01.9188.1_2/21-362","ORSJ01","SAMEA2338623","['Bilophila_wadsworthia__BilWads6']",0.0993673705024268,TRUE,"Bilophila_wadsworthia__BilWads6"
"ORSJ01.457.1_10/62-411","ORSJ01","SAMEA2338623","['uncultured_bacterium__EF645667']",0.428225276190246,TRUE,"uncultured_bacterium__EF645667"
"OYWS01.2939.1_3/5-398","OYWS01","SAMN06165021","['uncultured_bacterium__EF645667']",0.502634276190246,TRUE,"uncultured_bacterium__EF645667"
"OYWS01.2939.1_4/18-291","OYWS01","SAMN06165021","['uncultured_bacterium__EF645667']",0.605623276190246,TRUE,"uncultured_bacterium__EF645667"
"UZIV01.12543.1_1/2-175","UZIV01","SAMN00791923","['Bilophila_wadsworthia__BilWads6', 'Bilophila_sp._4_1_30__BilSpec3', 'uncultured_bacterium__EF645667']",NA,TRUE,"Bilophila_wadsworthia__BilWads6"
"ULSN01.44472.1_8/5-398","ULSN01","SAMEA4835709","['uncultured_bacterium__EF645667']",0.505803276190246,TRUE,"uncultured_bacterium__EF645667"
"ULSN01.45665.1_2/13-257","ULSN01","SAMEA4835709","['Bilophila_wadsworthia__BilWads6', 'Bilophila_sp._4_1_30__BilSpec3']",NA,TRUE,"Bilophila_wadsworthia__BilWads6"
"ULSN01.45665.1_1/21-216","ULSN01","SAMEA4835709","['Bilophila_wadsworthia__BilWads6']",NA,TRUE,"Bilophila_wadsworthia__BilWads6"
"ULSN01.31498.1_3/6-124","ULSN01","SAMEA4835709","['Bilophila_wadsworthia__BilWads6', 'Bilophila_sp._4_1_30__BilSpec3', 'uncultured_bacterium__EF645667']",NA,TRUE,"Bilophila_wadsworthia__BilWads6"
"USVP01.20799.1_3/138-503","USVP01","SAMN06112057","['uncultured_bacterium__EF645667']",0.0848526773928871,TRUE,"uncultured_bacterium__EF645667"
"USVP01.53639.1_1/26-234","USVP01","SAMN06112057","['uncultured_bacterium__EF645667']",NA,TRUE,"uncultured_bacterium__EF645667"
"UZVG01.16915.1_1/1-263","UZVG01","SAMN00792053","['Bilophila_wadsworthia__BilWads6']",NA,TRUE,"Bilophila_wadsworthia__BilWads6"
"UZPE01.5400.1_2/21-362","UZPE01","SAMN00791974","['Bilophila_wadsworthia__BilWads6']",0.0993673705024268,TRUE,"Bilophila_wadsworthia__BilWads6"
"UZPE01.24699.1_1/63-256","UZPE01","SAMN00791974","['Bilophila_wadsworthia__BilWads6', 'Bilophila_sp._4_1_30__BilSpec3']",NA,TRUE,"Bilophila_wadsworthia__BilWads6"
"ULQV01.37890.1_1/1-274","ULQV01","SAMEA4835665","['Desulfovibrio_piger__DslPige3', 'Desulfovibrio_piger__DslPige4']",NA,TRUE,"Desulfovibrio_piger__DslPige3"
"OWRP01.40708.1_1/21-242","OWRP01","SAMEA4378324","['Bilophila_sp._4_1_30__BilSpec3']",NA,TRUE,"Bilophila_sp._4_1_30__BilSpec3"
"UPPG01.9417.1_2/20-361","UPPG01","SAMEA2737786","['Desulfovibrio_piger__DslPige3']",0.0312087876807884,TRUE,"Desulfovibrio_piger__DslPige3"
"UPPG01.9417.1_3/4-419","UPPG01","SAMEA2737786","['Desulfovibrio_piger__DslPige3', 'Desulfovibrio_piger__DslPige4']",0.0594270912742298,TRUE,"Desulfovibrio_piger__DslPige3"
"UXRE01.32042.1_2/2-285","UXRE01","SAMEA2152521","['Anaerobic_bacterium_sk.prop8__Bv2Prop2']",NA,TRUE,"Anaerobic_bacterium_sk.prop8__Bv2Prop2"
"UXRE01.32042.1_1/12-196","UXRE01","SAMEA2152521","['Desulfitibacter_alkalitolerans__DfiAlka2']",1.13317455633203,TRUE,"Desulfitibacter_alkalitolerans__DfiAlka2"
"OVFR01.8201.1_2/20-361","OVFR01","SAMN06016376","['Desulfovibrio_piger__DslPige4']",0.0578280912742298,TRUE,"Desulfovibrio_piger__DslPige4"
"OVFR01.8201.1_1/4-418","OVFR01","SAMN06016376","['Desulfovibrio_piger__DslPige2']",0.0309005214698588,TRUE,"Desulfovibrio_piger__DslPige2"
"UPQR01.56150.1_1/2-266","UPQR01","SAMEA2737754","['Gordonibacter_pamelaeae__GrdPame5']",0.00338522102966964,TRUE,"Gordonibacter_pamelaeae__GrdPame5"
"UPQR01.90874.1_1/15-175","UPQR01","SAMEA2737754","['Gordonibacter_pamelaeae_7-10-1-b__FP929047']",0.0243716951735704,TRUE,"Gordonibacter_pamelaeae_7-10-1-b__FP929047"
"ORBW01.5.1_179/20-361","ORBW01","SAMN04158616","['Desulfovibrio_sp._Dsv1__DsvSp233']",0.0304797640998852,TRUE,"Desulfovibrio_sp._Dsv1__DsvSp233"
"ORBW01.5.1_180/9-395","ORBW01","SAMN04158616","['Desulfovibrio_sp._Dsv1__DsvSp233']",0.0355317640998852,TRUE,"Desulfovibrio_sp._Dsv1__DsvSp233"
"ORBW01.45728.1_1/1-253","ORBW01","SAMN04158616","['Desulfitibacter_alkalitolerans__DfiAlka2']",0.850357556332035,TRUE,"Desulfitibacter_alkalitolerans__DfiAlka2"
"ORBW01.120538.1_1/2-172","ORBW01","SAMN04158616","['Anaerobic_bacterium_sk.prop8__Bv2Prop2']",NA,TRUE,"Anaerobic_bacterium_sk.prop8__Bv2Prop2"
"OPBB01.31901.1_1/1-287","OPBB01","SAMEA2042509","['Bilophila_wadsworthia__BilWads6', 'Bilophila_sp._4_1_30__BilSpec3']",NA,TRUE,"Bilophila_wadsworthia__BilWads6"
"OPBB01.44572.1_1/7-219","OPBB01","SAMEA2042509","['Bilophila_wadsworthia__BilWads6']",NA,TRUE,"Bilophila_wadsworthia__BilWads6"
"QWCB01.35446.1_3/3-235","QWCB01","SAMN09866719","['Bilophila_wadsworthia__BilWads6']",0.116844370502427,TRUE,"Bilophila_wadsworthia__BilWads6"
"QWCB01.66320.1_1/6-210","QWCB01","SAMN09866719","['Bilophila_wadsworthia__BilWads6', 'Bilophila_sp._4_1_30__BilSpec3']",NA,TRUE,"Bilophila_wadsworthia__BilWads6"
"ORVN01.79488.1_1/1-173","ORVN01","SAMEA2338801","['Desulfotomaculum_hydrothermale__DscHydr2']",1.27677747672722,TRUE,"Desulfotomaculum_hydrothermale__DscHydr2"
"ORVN01.76147.1_1/1-182","ORVN01","SAMEA2338801","['Desulfitibacter_alkalitolerans__DfiAlka2']",1.14861955633203,TRUE,"Desulfitibacter_alkalitolerans__DfiAlka2"
"UXSI01.27805.1_3/20-361","UXSI01","SAMEA2152064","['uncultured_bacterium__EF645667']",0.213726276190246,TRUE,"uncultured_bacterium__EF645667"
"UXSI01.5203.1_10/20-362","UXSI01","SAMEA2152064","['Desulfovibrio_piger__DslPige3', 'Desulfovibrio_piger__DslPige4']",0.0018347876807884,TRUE,"Desulfovibrio_piger__DslPige3"
"UXSI01.10642.1_2/63-344","UXSI01","SAMEA2152064","['Bilophila_sp._4_1_30__BilSpec3']",NA,TRUE,"Bilophila_sp._4_1_30__BilSpec3"
"UXSI01.16813.1_4/4-396","UXSI01","SAMEA2152064","['Desulfovibrio_piger__DslPige3']",0.0242077876807884,TRUE,"Desulfovibrio_piger__DslPige3"
"UEOR01.35233.1_2/21-237","UEOR01","SAMN06115431","['Bilophila_wadsworthia__BilWads6']",NA,TRUE,"Bilophila_wadsworthia__BilWads6"
"UPFC01.581.1_36/20-361","UPFC01","SAMEA2737658","['Desulfovibrio_piger__DslPige4']",0.0120947876807884,TRUE,"Desulfovibrio_piger__DslPige4"
"UPFC01.581.1_37/4-418","UPFC01","SAMEA2737658","['Desulfovibrio_piger__DslPige3', 'Desulfovibrio_piger__DslPige4']",NA,TRUE,"Desulfovibrio_piger__DslPige3"
"OOWN01.28005.1_1/2-282","OOWN01","SAMEA2042734","['Desulfovibrio_piger__DslPige3', 'Desulfovibrio_piger__DslPige4']",NA,TRUE,"Desulfovibrio_piger__DslPige3"
"UYFO01.3366.1_5/21-362","UYFO01","SAMEA2146552","['Bilophila_wadsworthia__BilWads6']",0.0993673705024268,TRUE,"Bilophila_wadsworthia__BilWads6"
"UYFO01.3366.1_4/63-344","UYFO01","SAMEA2146552","['Bilophila_sp._4_1_30__BilSpec3']",NA,TRUE,"Bilophila_sp._4_1_30__BilSpec3"
"OWAC01.2223.1_5/63-344","OWAC01","SAMEA3708709","['Bilophila_sp._4_1_30__BilSpec3']",NA,TRUE,"Bilophila_sp._4_1_30__BilSpec3"
"OUQT01.3364.1_2/6-419","OUQT01","SAMN05194707","['Desulfovibrio_piger__DslPige3', 'Desulfovibrio_piger__DslPige4']",0.0594270912742298,TRUE,"Desulfovibrio_piger__DslPige3"
"OUQT01.3364.1_1/20-327","OUQT01","SAMN05194707","['Desulfovibrio_piger__DslPige4']",0.11805309127423,TRUE,"Desulfovibrio_piger__DslPige4"
"OQQK01.20787.1_1/2-227","OQQK01","SAMN02712089","['Bilophila_wadsworthia__BilWads6']",0.144196370502427,TRUE,"Bilophila_wadsworthia__BilWads6"
"OQQK01.94722.1_1/3-158","OQQK01","SAMN02712089","['Bilophila_wadsworthia__BilWads6', 'Bilophila_sp._4_1_30__BilSpec3']",NA,TRUE,"Bilophila_wadsworthia__BilWads6"
"UPMK01.40013.1_1/8-310","UPMK01","SAMEA2737816","['Gordonibacter_pamelaeae__GrdPame5']",0.00338522102966964,TRUE,"Gordonibacter_pamelaeae__GrdPame5"
"OWQM01.14280.1_1/1-261","OWQM01","SAMEA4378275","['Bilophila_wadsworthia__BilWads6']",NA,TRUE,"Bilophila_wadsworthia__BilWads6"
"UPCJ01.8351.1_1/2-216","UPCJ01","SAMEA2737720","['Bilophila_wadsworthia__BilWads6', 'Bilophila_sp._4_1_30__BilSpec3']",NA,TRUE,"Bilophila_wadsworthia__BilWads6"
"UPCJ01.8351.1_3/24-164","UPCJ01","SAMEA2737720","['Bilophila_wadsworthia__BilWads6', 'Bilophila_sp._4_1_30__BilSpec3', 'uncultured_bacterium__EF645667']",NA,TRUE,"Bilophila_wadsworthia__BilWads6"
"UZPU01.1500.1_6/21-362","UZPU01","SAMN00792035","['Bilophila_sp._4_1_30__BilSpec3']",0.0016698334302823,TRUE,"Bilophila_sp._4_1_30__BilSpec3"
"UZPU01.130.1_61/18-361","UZPU01","SAMN00792035","['uncultured_bacterium__EF645667']",0.655104276190246,TRUE,"uncultured_bacterium__EF645667"
"UZPU01.1500.1_5/63-344","UZPU01","SAMN00792035","['Bilophila_sp._4_1_30__BilSpec3']",NA,TRUE,"Bilophila_sp._4_1_30__BilSpec3"
"UZPU01.130.1_60/5-398","UZPU01","SAMN00792035","['uncultured_bacterium__EF645667']",0.508187276190246,TRUE,"uncultured_bacterium__EF645667"
"ULTO01.17006.1_1/6-191","ULTO01","SAMEA4835734","['Desulfovibrio_piger__DslPige3', 'Desulfovibrio_piger__DslPige4', 'Desulfovibrio_piger__DslPige2']",NA,TRUE,"Desulfovibrio_piger__DslPige3"
"ULMS01.2372.1_1/20-361","ULMS01","SAMEA4835557","['Desulfovibrio_piger__DslPige3', 'Desulfovibrio_piger__DslPige4']",0.0018347876807884,TRUE,"Desulfovibrio_piger__DslPige3"
"ULMS01.30176.1_12/21-364","ULMS01","SAMEA4835557","['Bilophila_wadsworthia__BilWads6']",0.312150370502427,TRUE,"Bilophila_wadsworthia__BilWads6"
"ULMS01.18167.1_1/5-203","ULMS01","SAMEA4835557","['uncultured_bacterium__EF645667', 'Desulfovibrio_piger__DslPige3', 'Desulfovibrio_piger__DslPige4']",NA,TRUE,"uncultured_bacterium__EF645667"
"ULMS01.30176.1_13/2-241","ULMS01","SAMEA4835557","['Desulfovibrio_vulgaris__DQ826729']",NA,TRUE,"Desulfovibrio_vulgaris__DQ826729"
"OYXY01.26329.1_1/15-297","OYXY01","SAMN06165026","['Desulfitibacter_alkalitolerans__DfiAlka2']",1.16581755633203,TRUE,"Desulfitibacter_alkalitolerans__DfiAlka2"
"OVYD01.864.1_16/21-362","OVYD01","SAMEA3708661","['Bilophila_sp._4_1_30__BilSpec3']",0.0016698334302823,TRUE,"Bilophila_sp._4_1_30__BilSpec3"
"OVYD01.864.1_15/63-344","OVYD01","SAMEA3708661","['Bilophila_sp._4_1_30__BilSpec3']",NA,TRUE,"Bilophila_sp._4_1_30__BilSpec3"
"OVGR01.5425.1_2/20-361","OVGR01","SAMN06016345","['Desulfovibrio_piger__DslPige3', 'Desulfovibrio_piger__DslPige4']",0.0018347876807884,TRUE,"Desulfovibrio_piger__DslPige3"
"ORVG01.29352.1_1/20-360","ORVG01","SAMEA2338840","['Desulfovibrio_piger__DslPige3']",0.0218877876807884,TRUE,"Desulfovibrio_piger__DslPige3"
"ORVG01.21886.1_2/21-362","ORVG01","SAMEA2338840","['Bilophila_wadsworthia__BilWads6']",0.0993673705024268,TRUE,"Bilophila_wadsworthia__BilWads6"
"ORVG01.45095.1_1/2-279","ORVG01","SAMEA2338840","['Gordonibacter_pamelaeae_7-10-1-b__FP929047']",0.0172286951735704,TRUE,"Gordonibacter_pamelaeae_7-10-1-b__FP929047"
"ORVG01.23294.1_1/63-343","ORVG01","SAMEA2338840","['Bilophila_sp._4_1_30__BilSpec3', 'Bilophila_wadsworthia__BilWads6']",NA,TRUE,"Bilophila_sp._4_1_30__BilSpec3"
"ORVG01.45167.1_1/1-321","ORVG01","SAMEA2338840","['Desulfovibrio_piger__DslPige3', 'Desulfovibrio_piger__DslPige4']",NA,TRUE,"Desulfovibrio_piger__DslPige3"
"ORVG01.28538.1_1/3-228","ORVG01","SAMEA2338840","['Gordonibacter_pamelaeae_7-10-1-b__FP929047']",0.0193466951735704,TRUE,"Gordonibacter_pamelaeae_7-10-1-b__FP929047"
"OZEW01.24316.1_1/20-217","OZEW01","SAMN06165063","['Desulfovibrio_piger__DslPige3', 'Desulfovibrio_piger__DslPige4']",NA,TRUE,"Desulfovibrio_piger__DslPige3"
"UZPF01.3305.1_3/21-362","UZPF01","SAMN00792029","['Bilophila_wadsworthia__BilWads6']",0.0993673705024268,TRUE,"Bilophila_wadsworthia__BilWads6"
"UZPF01.3305.1_4/63-344","UZPF01","SAMN00792029","['Bilophila_sp._4_1_30__BilSpec3']",NA,TRUE,"Bilophila_sp._4_1_30__BilSpec3"
"ORWE01.2084.1_6/21-362","ORWE01","SAMEA2338843","['Bilophila_sp._4_1_30__BilSpec3']",0.0016698334302823,TRUE,"Bilophila_sp._4_1_30__BilSpec3"
"ORWE01.2084.1_7/63-344","ORWE01","SAMEA2338843","['Bilophila_sp._4_1_30__BilSpec3']",NA,TRUE,"Bilophila_sp._4_1_30__BilSpec3"
"UMHV01.17553.1_1/11-254","UMHV01","SAMEA4836108","['Bilophila_wadsworthia__BilWads6']",NA,TRUE,"Bilophila_wadsworthia__BilWads6"
"UMHV01.37721.1_1/1-262","UMHV01","SAMEA4836108","['uncultured_bacterium__EF645667']",0.702669276190246,TRUE,"uncultured_bacterium__EF645667"
"UMHV01.44806.1_1/15-196","UMHV01","SAMEA4836108","['uncultured_bacterium__EF645667']",NA,TRUE,"uncultured_bacterium__EF645667"
"UMJB01.31697.1_1/4-350","UMJB01","SAMEA4836139","['Gordonibacter_pamelaeae__GrdPame5']",0.257287704393165,TRUE,"Gordonibacter_pamelaeae__GrdPame5"
"UZOE01.3324.1_1/21-362","UZOE01","SAMN00792032","['Bilophila_wadsworthia__BilWads6']",0.0993673705024268,TRUE,"Bilophila_wadsworthia__BilWads6"
"UZOE01.3324.1_2/63-344","UZOE01","SAMN00792032","['Bilophila_sp._4_1_30__BilSpec3']",NA,TRUE,"Bilophila_sp._4_1_30__BilSpec3"
"ORTK01.12726.1_1/8-223","ORTK01","SAMEA2338808","['Bilophila_wadsworthia__BilWads6']",NA,TRUE,"Bilophila_wadsworthia__BilWads6"
"OVZL01.1093.1_15/21-362","OVZL01","SAMEA3708638","['Bilophila_sp._4_1_30__BilSpec3']",0.0016698334302823,TRUE,"Bilophila_sp._4_1_30__BilSpec3"
"OVZL01.1093.1_16/63-344","OVZL01","SAMEA3708638","['Bilophila_sp._4_1_30__BilSpec3']",NA,TRUE,"Bilophila_sp._4_1_30__BilSpec3"
"OWQV01.994.1_11/21-362","OWQV01","SAMEA4378245","['Bilophila_wadsworthia__BilWads6']",0.0993673705024268,TRUE,"Bilophila_wadsworthia__BilWads6"
"OWQV01.994.1_10/63-344","OWQV01","SAMEA4378245","['Bilophila_sp._4_1_30__BilSpec3']",NA,TRUE,"Bilophila_sp._4_1_30__BilSpec3"
"OWDG01.13822.1_2/63-344","OWDG01","SAMEA3708673","[]",NA,FALSE,NA
"OWDG01.19561.1_3/2-264","OWDG01","SAMEA3708673","[]",NA,FALSE,NA
"OQNB01.12230.1_1/1-171","OQNB01","SAMD00036377","['Bilophila_wadsworthia__BilWads6', 'Bilophila_sp._4_1_30__BilSpec3', 'uncultured_bacterium__EF645667']",NA,TRUE,"Bilophila_wadsworthia__BilWads6"
"UERK01.36684.1_2/13-371","UERK01","SAMN06115538","['Desulfovibrio_piger__DslPige4']",0.0599760912742298,TRUE,"Desulfovibrio_piger__DslPige4"
"UERK01.38218.1_1/1-262","UERK01","SAMN06115538","['uncultured_bacterium__EF645667', 'Desulfovibrio_piger__DslPige3', 'Desulfovibrio_piger__DslPige4']",NA,TRUE,"uncultured_bacterium__EF645667"
"ORBO01.26.1_74/12-350","ORBO01","SAMN04161035","['Desulfitibacter_alkalitolerans__DfiAlka2']",1.15055455633203,TRUE,"Desulfitibacter_alkalitolerans__DfiAlka2"
"ORBO01.26.1_73/5-374","ORBO01","SAMN04161035","['Anaerobic_bacterium_sk.prop8__Bv2Prop2']",1.34757453982822,TRUE,"Anaerobic_bacterium_sk.prop8__Bv2Prop2"
"OVHG01.3062.1_1/180-449","OVHG01","SAMN02676188","['Moorella_thermoacetica_Y72_copy_2__MooTher5']",9.01627061945668,TRUE,"Moorella_thermoacetica_Y72_copy_2__MooTher5"
"OPXC01.21268.1_2/6-418","OPXC01","SAMEA2043043","['Desulfovibrio_piger__DslPige3', 'Desulfovibrio_piger__DslPige4']",0.0560560912742298,TRUE,"Desulfovibrio_piger__DslPige3"
"OWFV01.52048.1_1/3-318","OWFV01","SAMEA3708595","['MSW_digester_clone__Unc01cxc']",1.64029380670952,TRUE,"MSW_digester_clone__Unc01cxc"
"OVTR01.22212.1_1/4-315","OVTR01","SAMN06016381","['Bilophila_wadsworthia__BilWads6', 'Bilophila_sp._4_1_30__BilSpec3']",NA,TRUE,"Bilophila_wadsworthia__BilWads6"
"OVTR01.17800.1_1/2-264","OVTR01","SAMN06016381","['Bilophila_wadsworthia__BilWads6']",NA,TRUE,"Bilophila_wadsworthia__BilWads6"
"UXRV01.837.1_34/18-361","UXRV01","SAMEA2156850","['uncultured_bacterium__EF645667']",0.644931276190246,TRUE,"uncultured_bacterium__EF645667"
"UXRV01.837.1_33/5-398","UXRV01","SAMEA2156850","['uncultured_bacterium__EF645667']",0.502634276190246,TRUE,"uncultured_bacterium__EF645667"
"UXRV01.62466.1_2/1-203","UXRV01","SAMEA2156850","['Desulfitibacter_alkalitolerans__DfiAlka2']",1.07223055633203,TRUE,"Desulfitibacter_alkalitolerans__DfiAlka2"
"USYE01.27595.1_1/2-221","USYE01","SAMN06111929","['uncultured_bacterium__EF645667']",0.391856276190246,TRUE,"uncultured_bacterium__EF645667"
"USYE01.21458.1_1/21-244","USYE01","SAMN06111929","['Bilophila_wadsworthia__BilWads6']",0.255465370502427,TRUE,"Bilophila_wadsworthia__BilWads6"
"USUB01.14146.1_1/23-359","USUB01","SAMN06111994","['Bilophila_wadsworthia__BilWads6']",0.0993673705024268,TRUE,"Bilophila_wadsworthia__BilWads6"
"UPEG01.7489.1_1/20-361","UPEG01","SAMEA2737665","['uncultured_bacterium__EF645667']",0.201529276190246,TRUE,"uncultured_bacterium__EF645667"
"UPEG01.8060.1_4/4-418","UPEG01","SAMEA2737665","['Desulfovibrio_piger__DslPige3', 'Desulfovibrio_piger__DslPige4']",0.0096047876807884,TRUE,"Desulfovibrio_piger__DslPige3"
"UPEG01.92476.1_1/2-171","UPEG01","SAMEA2737665","['Bilophila_wadsworthia__BilWads6', 'Desulfovibrio_vulgaris__DQ826729']",NA,TRUE,"Bilophila_wadsworthia__BilWads6"
"UZRM01.8301.1_1/20-360","UZRM01","SAMN00792037","['Desulfovibrio_piger__DslPige3']",0.0217297876807884,TRUE,"Desulfovibrio_piger__DslPige3"
"OVTE01.7277.1_3/21-362","OVTE01","SAMN06016406","['Bilophila_wadsworthia__BilWads6']",0.0993673705024268,TRUE,"Bilophila_wadsworthia__BilWads6"
"OVTE01.3152.1_1/63-344","OVTE01","SAMN06016406","['Bilophila_sp._4_1_30__BilSpec3']",NA,TRUE,"Bilophila_sp._4_1_30__BilSpec3"
"UMCK01.70864.1_1/2-327","UMCK01","SAMEA4835957","['uncultured_bacterium__EF645667']",0.644931276190246,TRUE,"uncultured_bacterium__EF645667"
"OVHF01.2294.1_1/344-613","OVHF01","SAMN02676188","['Moorella_thermoacetica_Y72_copy_2__MooTher5']",9.01627061945668,TRUE,"Moorella_thermoacetica_Y72_copy_2__MooTher5"
"OROO01.6124.1_2/20-361","OROO01","SAMEA2338730","['uncultured_bacterium__EF645667']",0.186785276190246,TRUE,"uncultured_bacterium__EF645667"
"OROO01.6124.1_1/4-418","OROO01","SAMEA2338730","['Desulfovibrio_piger__DslPige3', 'Desulfovibrio_piger__DslPige4']",0.0400637876807884,TRUE,"Desulfovibrio_piger__DslPige3"
"OVLK01.7948.1_2/10-349","OVLK01","SAMN06016369","['Bilophila_wadsworthia__BilWads6']",0.108487370502427,TRUE,"Bilophila_wadsworthia__BilWads6"
"OVLK01.7948.1_1/82-416","OVLK01","SAMN06016369","['Bilophila_sp._4_1_30__BilSpec3']",0.0016698334302823,TRUE,"Bilophila_sp._4_1_30__BilSpec3"
"OWCF01.11056.1_2/21-362","OWCF01","SAMEA3708504","['Bilophila_wadsworthia__BilWads6']",0.0993673705024268,TRUE,"Bilophila_wadsworthia__BilWads6"
"OWCF01.209.1_17/18-361","OWCF01","SAMEA3708504","['uncultured_bacterium__EF645667']",0.655104276190246,TRUE,"uncultured_bacterium__EF645667"
"OWCF01.209.1_18/5-398","OWCF01","SAMEA3708504","['uncultured_bacterium__EF645667']",0.505803276190246,TRUE,"uncultured_bacterium__EF645667"
"OWCF01.11056.1_1/9-251","OWCF01","SAMEA3708504","['Bilophila_wadsworthia__BilWads6', 'Bilophila_sp._4_1_30__BilSpec3']",NA,TRUE,"Bilophila_wadsworthia__BilWads6"
"UEPC01.15665.1_1/5-398","UEPC01","SAMN06115420","['uncultured_bacterium__EF645667']",0.505803276190246,TRUE,"uncultured_bacterium__EF645667"
"ULXK01.35672.1_2/1-220","ULXK01","SAMEA4835836","['Anaerobic_bacterium_sk.prop8__Bv2Prop2']",NA,TRUE,"Anaerobic_bacterium_sk.prop8__Bv2Prop2"
"USXF01.1739.1_3/21-362","USXF01","SAMN06111943","['Bilophila_wadsworthia__BilWads6']",0.0993673705024268,TRUE,"Bilophila_wadsworthia__BilWads6"
"USXF01.1739.1_4/63-344","USXF01","SAMN06111943","['Bilophila_sp._4_1_30__BilSpec3']",NA,TRUE,"Bilophila_sp._4_1_30__BilSpec3"
"UPRN01.894.1_32/20-361","UPRN01","SAMEA2737746","['uncultured_bacterium__EF645667']",0.213960276190246,TRUE,"uncultured_bacterium__EF645667"
"UPRN01.40386.1_1/10-305","UPRN01","SAMEA2737746","['Desulfovibrio_piger__DslPige3', 'Desulfovibrio_piger__DslPige4']",NA,TRUE,"Desulfovibrio_piger__DslPige3"
"UPRN01.9373.1_5/1-299","UPRN01","SAMEA2737746","['Desulfovibrio_piger__DslPige3', 'Desulfovibrio_piger__DslPige4']",0.0018347876807884,TRUE,"Desulfovibrio_piger__DslPige3"
"OZFZ01.3761.1_3/20-361","OZFZ01","SAMN06165019","['Desulfovibrio_piger__DslPige3', 'Desulfovibrio_piger__DslPige4']",0.0402507876807884,TRUE,"Desulfovibrio_piger__DslPige3"
"OZFZ01.3761.1_4/4-418","OZFZ01","SAMN06165019","['Desulfovibrio_piger__DslPige3', 'Desulfovibrio_piger__DslPige4']",0.0797660912742298,TRUE,"Desulfovibrio_piger__DslPige3"
"UZVJ01.20420.1_3/2-131","UZVJ01","SAMN00792106","['Desulfovibrio_vulgaris__DQ826729']",0.722523093887675,TRUE,"Desulfovibrio_vulgaris__DQ826729"
"UESS01.20907.1_1/3-338","UESS01","SAMN06115471","['Bilophila_sp._4_1_30__BilSpec3']",0.138482833430282,TRUE,"Bilophila_sp._4_1_30__BilSpec3"
"UESS01.26807.1_1/64-333","UESS01","SAMN06115471","['Bilophila_sp._4_1_30__BilSpec3']",0.0109378334302823,TRUE,"Bilophila_sp._4_1_30__BilSpec3"
"ORPX01.17335.1_2/21-361","ORPX01","SAMEA2338776","['Bilophila_wadsworthia__BilWads6']",0.0993673705024268,TRUE,"Bilophila_wadsworthia__BilWads6"
"ORPX01.17335.1_1/9-396","ORPX01","SAMEA2338776","['Desulfovibrio_sp._6_1_46AFAA__DsvSp231']",0.0942994179855414,TRUE,"Desulfovibrio_sp._6_1_46AFAA__DsvSp231"
"ORPX01.49830.1_1/20-333","ORPX01","SAMEA2338776","['Desulfovibrio_sp._6_1_46AFAA__DsvSp231']",0.0261574179855414,TRUE,"Desulfovibrio_sp._6_1_46AFAA__DsvSp231"
"ORPX01.52876.1_1/73-306","ORPX01","SAMEA2338776","['Bilophila_sp._4_1_30__BilSpec3']",0.0016698334302823,TRUE,"Bilophila_sp._4_1_30__BilSpec3"
"UZPX01.11822.1_1/6-359","UZPX01","SAMN00792019","['Desulfovibrio_piger__DslPige2']",0.0636155214698588,TRUE,"Desulfovibrio_piger__DslPige2"
"UZPX01.13279.1_1/2-201","UZPX01","SAMN00792019","['Bilophila_sp._4_1_30__BilSpec3', 'uncultured_bacterium__EF645667']",NA,TRUE,"Bilophila_sp._4_1_30__BilSpec3"
"UYCW01.19050.1_1/6-418","UYCW01","SAMEA2152938","['Desulfovibrio_piger__DslPige3', 'Desulfovibrio_piger__DslPige4']",NA,TRUE,"Desulfovibrio_piger__DslPige3"
"UYCW01.38573.1_2/5-187","UYCW01","SAMEA2152938","['Desulfovibrio_piger__DslPige3']",0.0297717876807884,TRUE,"Desulfovibrio_piger__DslPige3"
"OZNV01.4676.1_1/4-381","OZNV01","SAMN06164614","['Desulfovibrio_piger__DslPige2']",0.0457615214698588,TRUE,"Desulfovibrio_piger__DslPige2"
"OZNV01.23968.1_1/16-247","OZNV01","SAMN06164614","['uncultured_bacterium__EF645667']",0.192491276190246,TRUE,"uncultured_bacterium__EF645667"
"UPCH01.22237.1_1/63-229","UPCH01","SAMEA2737667","['Bilophila_sp._4_1_30__BilSpec3']",0.0202958334302823,TRUE,"Bilophila_sp._4_1_30__BilSpec3"
"OQCL01.14033.1_1/25-160","OQCL01","SAMD00036316","['Bilophila_wadsworthia__BilWads6', 'Bilophila_sp._4_1_30__BilSpec3', 'uncultured_bacterium__EF645667']",NA,TRUE,"Bilophila_wadsworthia__BilWads6"
"ULSK01.10019.1_1/3-171","ULSK01","SAMEA4835706","['Bilophila_wadsworthia__BilWads6', 'Bilophila_sp._4_1_30__BilSpec3']",NA,TRUE,"Bilophila_wadsworthia__BilWads6"
"ULSK01.65655.1_2/7-142","ULSK01","SAMEA4835706","['Bilophila_wadsworthia__BilWads6', 'Bilophila_sp._4_1_30__BilSpec3', 'uncultured_bacterium__EF645667']",NA,TRUE,"Bilophila_wadsworthia__BilWads6"
"ORTB01.14644.1_3/21-362","ORTB01","SAMEA2338851","['Bilophila_wadsworthia__BilWads6']",0.0993673705024268,TRUE,"Bilophila_wadsworthia__BilWads6"
"UPFQ01.21201.1_2/20-361","UPFQ01","SAMEA2737687","['uncultured_bacterium__EF645667']",0.204615276190246,TRUE,"uncultured_bacterium__EF645667"
"UPFQ01.11860.1_4/20-361","UPFQ01","SAMEA2737687","['Desulfovibrio_piger__DslPige3', 'Desulfovibrio_piger__DslPige4']",0.0018347876807884,TRUE,"Desulfovibrio_piger__DslPige3"
"UPFQ01.34838.1_1/63-344","UPFQ01","SAMEA2737687","['Bilophila_sp._4_1_30__BilSpec3']",NA,TRUE,"Bilophila_sp._4_1_30__BilSpec3"
"UPFQ01.54917.1_1/1-299","UPFQ01","SAMEA2737687","['Desulfovibrio_piger__DslPige3', 'Desulfovibrio_piger__DslPige4']",NA,TRUE,"Desulfovibrio_piger__DslPige3"
"OZVJ01.36934.1_1/23-159","OZVJ01","SAMN06164888","['Desulfovibrio_piger__DslPige3', 'Desulfovibrio_piger__DslPige4']",0.0397037876807884,TRUE,"Desulfovibrio_piger__DslPige3"
"UZUC01.15536.1_1/4-394","UZUC01","SAMN00792104","['Desulfovibrio_piger__DslPige3', 'Desulfovibrio_piger__DslPige4']",0.0018347876807884,TRUE,"Desulfovibrio_piger__DslPige3"
"ORUS01.25413.1_1/8-336","ORUS01","SAMEA2338841","['Gordonibacter_pamelaeae__GrdPame5']",0.0276322210296696,TRUE,"Gordonibacter_pamelaeae__GrdPame5"
"ORUS01.39420.1_1/4-302","ORUS01","SAMEA2338841","['Gordonibacter_pamelaeae__GrdPame5']",0.257287704393165,TRUE,"Gordonibacter_pamelaeae__GrdPame5"
"ORUS01.1152.1_12/21-362","ORUS01","SAMEA2338841","['Bilophila_wadsworthia__BilWads6']",0.0993673705024268,TRUE,"Bilophila_wadsworthia__BilWads6"
"ORUS01.1152.1_11/63-344","ORUS01","SAMEA2338841","['Bilophila_sp._4_1_30__BilSpec3']",NA,TRUE,"Bilophila_sp._4_1_30__BilSpec3"
"ORLO01.747.1_6/20-361","ORLO01","SAMN04329766","['Desulfovibrio_piger__DslPige3', 'Desulfovibrio_piger__DslPige4']",0.0402347876807884,TRUE,"Desulfovibrio_piger__DslPige3"
"ORLO01.747.1_7/4-418","ORLO01","SAMN04329766","['Desulfovibrio_piger__DslPige4']",0.0152037876807884,TRUE,"Desulfovibrio_piger__DslPige4"
"ORLO01.1392.1_1/1-131","ORLO01","SAMN04329766","['uncultured_bacterium__EF645667']",0.16490670944906,TRUE,"uncultured_bacterium__EF645667"
"UPMF01.5870.1_6/4-420","UPMF01","SAMEA2737813","['uncultured_bacterium__EF645667']",0.0848526773928871,TRUE,"uncultured_bacterium__EF645667"
"UPMF01.5870.1_7/21-264","UPMF01","SAMEA2737813","['uncultured_bacterium__EF645667']",0.154530170607274,TRUE,"uncultured_bacterium__EF645667"
"ORKX01.750.1_4/1-205","ORKX01","SAMN04329871","['Anaerobic_bacterium_sk.prop8__Bv2Prop2']",0.623953884876434,TRUE,"Anaerobic_bacterium_sk.prop8__Bv2Prop2"
"ORKX01.984.1_4/5-103","ORKX01","SAMN04329871","['Desulfurispora_thermophila__DprTher2']",0.755034891521927,TRUE,"Desulfurispora_thermophila__DprTher2"
"UZMB01.7811.1_2/20-361","UZMB01","SAMN00715220","['Desulfovibrio_sp._6_1_46AFAA__DsvSp231']",0.0261574179855414,TRUE,"Desulfovibrio_sp._6_1_46AFAA__DsvSp231"
"UZMB01.7811.1_1/9-400","UZMB01","SAMN00715220","['Desulfovibrio_sp._3_1_syn3__DsvSp230']",0.00163384853285095,TRUE,"Desulfovibrio_sp._3_1_syn3__DsvSp230"
"OWEM01.18008.1_1/3-316","OWEM01","SAMEA3708613","['Bilophila_wadsworthia__BilWads6']",0.111012370502427,TRUE,"Bilophila_wadsworthia__BilWads6"
"OWEM01.15296.1_1/63-382","OWEM01","SAMEA3708613","['Bilophila_wadsworthia__BilWads6']",0.145831370502427,TRUE,"Bilophila_wadsworthia__BilWads6"
"UZHS01.10825.1_2/6-418","UZHS01","SAMN00791924","['Desulfovibrio_piger__DslPige3', 'Desulfovibrio_piger__DslPige4']",NA,TRUE,"Desulfovibrio_piger__DslPige3"
"UPOZ01.9679.1_2/20-361","UPOZ01","SAMEA2737803","['Desulfovibrio_piger__DslPige4']",0.11806009127423,TRUE,"Desulfovibrio_piger__DslPige4"
"UPOZ01.9679.1_3/8-348","UPOZ01","SAMEA2737803","['Desulfovibrio_piger__DslPige3', 'Desulfovibrio_piger__DslPige4']",NA,TRUE,"Desulfovibrio_piger__DslPige3"
"UEPN01.16394.1_1/5-341","UEPN01","SAMN06115525","['Bilophila_wadsworthia__BilWads6']",0.161200370502427,TRUE,"Bilophila_wadsworthia__BilWads6"
"UEPN01.14672.1_1/2-314","UEPN01","SAMN06115525","['Bilophila_sp._4_1_30__BilSpec3']",NA,TRUE,"Bilophila_sp._4_1_30__BilSpec3"
"UEPN01.38063.1_1/5-252","UEPN01","SAMN06115525","['uncultured_bacterium__EF645667']",NA,TRUE,"uncultured_bacterium__EF645667"
"OWGM01.658.1_17/21-362","OWGM01","SAMEA3708634","['Bilophila_wadsworthia__BilWads6']",0.0993673705024268,TRUE,"Bilophila_wadsworthia__BilWads6"
"OWGM01.658.1_16/63-344","OWGM01","SAMEA3708634","['Bilophila_sp._4_1_30__BilSpec3']",NA,TRUE,"Bilophila_sp._4_1_30__BilSpec3"
"UXSL01.28747.1_1/63-344","UXSL01","SAMEA2163583","['Bilophila_sp._4_1_30__BilSpec3']",0.0106318334302823,TRUE,"Bilophila_sp._4_1_30__BilSpec3"
"UXSL01.41862.1_1/5-276","UXSL01","SAMEA2163583","['Bilophila_sp._4_1_30__BilSpec3']",0.0516118334302823,TRUE,"Bilophila_sp._4_1_30__BilSpec3"
"OWRU01.7171.1_1/19-153","OWRU01","SAMEA4378315","['Bilophila_wadsworthia__BilWads6', 'Bilophila_sp._4_1_30__BilSpec3', 'uncultured_bacterium__EF645667']",NA,TRUE,"Bilophila_wadsworthia__BilWads6"
"OVHL01.653.1_1/5-140","OVHL01","SAMN02676151","['Bilophila_wadsworthia__BilWads6', 'Bilophila_sp._4_1_30__BilSpec3', 'uncultured_bacterium__EF645667']",NA,TRUE,"Bilophila_wadsworthia__BilWads6"
"OWFC01.505.1_13/21-362","OWFC01","SAMEA3708658","['Bilophila_wadsworthia__BilWads6']",0.0993673705024268,TRUE,"Bilophila_wadsworthia__BilWads6"
"OWFC01.1957.1_5/21-361","OWFC01","SAMEA3708658","['uncultured_bacterium__EF645667']",0.142062170607274,TRUE,"uncultured_bacterium__EF645667"
"OWFC01.1957.1_4/4-420","OWFC01","SAMEA3708658","['uncultured_bacterium__EF645667']",0.0848526773928871,TRUE,"uncultured_bacterium__EF645667"
"OWFC01.505.1_12/63-344","OWFC01","SAMEA3708658","['Bilophila_sp._4_1_30__BilSpec3']",NA,TRUE,"Bilophila_sp._4_1_30__BilSpec3"
"UESL01.97.1_36/21-362","UESL01","SAMN06115396","['Bilophila_wadsworthia__BilWads6']",0.0993673705024268,TRUE,"Bilophila_wadsworthia__BilWads6"
"UESL01.97.1_37/63-344","UESL01","SAMN06115396","['Bilophila_sp._4_1_30__BilSpec3']",NA,TRUE,"Bilophila_sp._4_1_30__BilSpec3"
"OUPU01.36378.1_1/3-205","OUPU01","SAMN05194727","['Desulfovibrio_sp._3_1_syn3__DsvSp230']",NA,TRUE,"Desulfovibrio_sp._3_1_syn3__DsvSp230"
"UERJ01.7398.1_2/10-349","UERJ01","SAMN06115448","['Bilophila_sp._4_1_30__BilSpec3']",0.0107488334302823,TRUE,"Bilophila_sp._4_1_30__BilSpec3"
"UERJ01.3802.1_2/21-361","UERJ01","SAMN06115448","['uncultured_bacterium__EF645667']",0.142062170607274,TRUE,"uncultured_bacterium__EF645667"
"UERJ01.3802.1_1/138-559","UERJ01","SAMN06115448","['uncultured_bacterium__EF645667']",0.0848526773928871,TRUE,"uncultured_bacterium__EF645667"
"UERJ01.7398.1_1/2-208","UERJ01","SAMN06115448","['Bilophila_sp._4_1_30__BilSpec3']",0.0230018334302823,TRUE,"Bilophila_sp._4_1_30__BilSpec3"
"USXX01.7534.1_3/20-361","USXX01","SAMN06112018","['Desulfovibrio_piger__DslPige4']",0.0120467876807884,TRUE,"Desulfovibrio_piger__DslPige4"
"USXX01.14015.1_1/4-419","USXX01","SAMN06112018","['Desulfovibrio_piger__DslPige2']",0.0278505214698588,TRUE,"Desulfovibrio_piger__DslPige2"
"UXSK01.107047.1_1/20-155","UXSK01","SAMEA2154561","['Desulfovibrio_vulgaris__DQ826729']",0.663343093887675,TRUE,"Desulfovibrio_vulgaris__DQ826729"
"OUPH01.18848.1_1/21-218","OUPH01","SAMN05194721","['Bilophila_wadsworthia__BilWads6']",NA,TRUE,"Bilophila_wadsworthia__BilWads6"
"UZUA01.10393.1_2/63-344","UZUA01","SAMN00792099","['Bilophila_sp._4_1_30__BilSpec3']",0.0195208334302823,TRUE,"Bilophila_sp._4_1_30__BilSpec3"
"UZUA01.31677.1_1/20-320","UZUA01","SAMN00792099","['Desulfovibrio_piger__DslPige3', 'Desulfovibrio_piger__DslPige4']",0.0018347876807884,TRUE,"Desulfovibrio_piger__DslPige3"
"UZUA01.35761.1_2/6-311","UZUA01","SAMN00792099","['Desulfovibrio_piger__DslPige3', 'Desulfovibrio_piger__DslPige4']",NA,TRUE,"Desulfovibrio_piger__DslPige3"
"UZUA01.35113.1_1/4-218","UZUA01","SAMN00792099","['Bilophila_sp._4_1_30__BilSpec3', 'uncultured_bacterium__EF645667']",NA,TRUE,"Bilophila_sp._4_1_30__BilSpec3"
"UXRP01.1088.1_11/21-362","UXRP01","SAMEA2149068","['Bilophila_wadsworthia__BilWads6']",0.0993673705024268,TRUE,"Bilophila_wadsworthia__BilWads6"
"UXRP01.1088.1_10/63-344","UXRP01","SAMEA2149068","['Bilophila_sp._4_1_30__BilSpec3']",NA,TRUE,"Bilophila_sp._4_1_30__BilSpec3"
"ULSR01.70904.1_1/5-210","ULSR01","SAMEA4835713","['Bilophila_wadsworthia__BilWads6']",0.118611370502427,TRUE,"Bilophila_wadsworthia__BilWads6"
"UMHK01.72161.1_1/63-344","UMHK01","SAMEA4836097","['Bilophila_sp._4_1_30__BilSpec3']",NA,TRUE,"Bilophila_sp._4_1_30__BilSpec3"
"UMHK01.30978.1_1/15-248","UMHK01","SAMEA4836097","['Bilophila_wadsworthia__BilWads6']",NA,TRUE,"Bilophila_wadsworthia__BilWads6"
"UZKI01.5376.1_2/21-362","UZKI01","SAMN00715246","['Bilophila_wadsworthia__BilWads6']",0.0993673705024268,TRUE,"Bilophila_wadsworthia__BilWads6"
"OQAT01.9169.1_4/8-197","OQAT01","SAMD00036297","['Bilophila_wadsworthia__BilWads6', 'Bilophila_sp._4_1_30__BilSpec3', 'uncultured_bacterium__EF645667']",NA,TRUE,"Bilophila_wadsworthia__BilWads6"
"ORUX01.3661.1_3/21-362","ORUX01","SAMEA2338864","['Bilophila_sp._4_1_30__BilSpec3']",0.0016698334302823,TRUE,"Bilophila_sp._4_1_30__BilSpec3"
"ORUX01.3661.1_4/63-344","ORUX01","SAMEA2338864","['Bilophila_sp._4_1_30__BilSpec3']",NA,TRUE,"Bilophila_sp._4_1_30__BilSpec3"
"ORML01.8271.1_4/12-350","ORML01","SAMEA2338702","['Desulfitibacter_alkalitolerans__DfiAlka2']",1.16443055633203,TRUE,"Desulfitibacter_alkalitolerans__DfiAlka2"
"ORML01.8271.1_5/7-374","ORML01","SAMEA2338702","['Anaerobic_bacterium_sk.prop8__Bv2Prop2']",1.44027253982822,TRUE,"Anaerobic_bacterium_sk.prop8__Bv2Prop2"
"USWX01.26841.1_1/21-360","USWX01","SAMN06112002","['Bilophila_wadsworthia__BilWads6']",0.108771370502427,TRUE,"Bilophila_wadsworthia__BilWads6"
"OPVH01.22254.1_1/11-212","OPVH01","SAMEA1964914","['Desulfovibrio_sp._3_1_syn3__DsvSp230']",0.00163384853285095,TRUE,"Desulfovibrio_sp._3_1_syn3__DsvSp230"
"OPVH01.34419.1_1/61-228","OPVH01","SAMEA1964914","['Desulfovibrio_sp._3_1_syn3__DsvSp230', 'Desulfovibrio_sp._6_1_46AFAA__DsvSp231']",NA,TRUE,"Desulfovibrio_sp._3_1_syn3__DsvSp230"
"UAKU01.16262.1_2/10-290","UAKU01","SAMN06164477","['Desulfovibrio_piger__DslPige4', 'Desulfovibrio_piger__DslPige3']",NA,TRUE,"Desulfovibrio_piger__DslPige4"
"UAKU01.26873.1_1/2-174","UAKU01","SAMN06164477","['Desulfovibrio_piger__DslPige3', 'Desulfovibrio_piger__DslPige4']",0.0018347876807884,TRUE,"Desulfovibrio_piger__DslPige3"
"OQFI01.2101.1_5/21-362","OQFI01","SAMD00036194","['Bilophila_sp._4_1_30__BilSpec3']",0.0016698334302823,TRUE,"Bilophila_sp._4_1_30__BilSpec3"
"UEQV01.4551.1_2/10-349","UEQV01","SAMN06115454","['Bilophila_wadsworthia__BilWads6']",0.117590370502427,TRUE,"Bilophila_wadsworthia__BilWads6"
"UEQV01.4551.1_1/15-350","UEQV01","SAMN06115454","['Bilophila_sp._4_1_30__BilSpec3']",0.0016698334302823,TRUE,"Bilophila_sp._4_1_30__BilSpec3"
"UZMG01.17240.1_2/8-296","UZMG01","SAMN00715183","['Bilophila_wadsworthia__BilWads6', 'Bilophila_sp._4_1_30__BilSpec3']",NA,TRUE,"Bilophila_wadsworthia__BilWads6"
"OWDS01.915.1_25/20-361","OWDS01","SAMEA3708672","['Desulfovibrio_desulfuricans_subsp._desulfuricans_str._ATCC_27774__CP001358']",0.0420817921887412,TRUE,"Desulfovibrio_desulfuricans_subsp._desulfuricans_str._ATCC_27774__CP001358"
"OWDS01.915.1_24/4-427","OWDS01","SAMEA3708672","['Desulfovibrio_desulfuricans_subsp._desulfuricans_str._ATCC_27774__CP001358']",0.0193417921887412,TRUE,"Desulfovibrio_desulfuricans_subsp._desulfuricans_str._ATCC_27774__CP001358"
"OWDS01.43634.1_1/1-255","OWDS01","SAMEA3708672","['uncultured_bacterium__EF645667']",0.0216330841395422,TRUE,"uncultured_bacterium__EF645667"
"UESU01.45.1_10/20-361","UESU01","SAMN06115399","['Desulfovibrio_piger__DslPige3', 'Desulfovibrio_piger__DslPige4']",0.0018347876807884,TRUE,"Desulfovibrio_piger__DslPige3"
"UESU01.45.1_5/20-361","UESU01","SAMN06115399","['Desulfovibrio_piger__DslPige3', 'Desulfovibrio_piger__DslPige4']",0.0018347876807884,TRUE,"Desulfovibrio_piger__DslPige3"
"UESU01.14464.1_2/10-347","UESU01","SAMN06115399","['Bilophila_wadsworthia__BilWads6']",0.0993673705024268,TRUE,"Bilophila_wadsworthia__BilWads6"
"UESU01.14464.1_1/63-344","UESU01","SAMN06115399","['Bilophila_sp._4_1_30__BilSpec3']",NA,TRUE,"Bilophila_sp._4_1_30__BilSpec3"
"UESU01.45.1_4/4-420","UESU01","SAMN06115399","['Desulfovibrio_piger__DslPige3', 'Desulfovibrio_piger__DslPige4']",0.0592920912742298,TRUE,"Desulfovibrio_piger__DslPige3"
"UESU01.45.1_9/7-420","UESU01","SAMN06115399","['Desulfovibrio_piger__DslPige3', 'Desulfovibrio_piger__DslPige4']",NA,TRUE,"Desulfovibrio_piger__DslPige3"
"UEPP01.197.1_2/20-359","UEPP01","SAMN06115494","['Bilophila_wadsworthia__BilWads6']",0.455817370502427,TRUE,"Bilophila_wadsworthia__BilWads6"
"UEPP01.197.1_3/24-306","UEPP01","SAMN06115494","['Desulfovibrio_vulgaris__DQ826729']",0.386571911862788,TRUE,"Desulfovibrio_vulgaris__DQ826729"
"USVS01.1202.1_22/21-362","USVS01","SAMN06112074","['Bilophila_sp._4_1_30__BilSpec3']",0.0016698334302823,TRUE,"Bilophila_sp._4_1_30__BilSpec3"
"USVS01.1202.1_23/63-344","USVS01","SAMN06112074","['Bilophila_sp._4_1_30__BilSpec3']",NA,TRUE,"Bilophila_sp._4_1_30__BilSpec3"
"UPFJ01.23535.1_1/5-398","UPFJ01","SAMEA2737680","['uncultured_bacterium__EF645667']",0.514832276190246,TRUE,"uncultured_bacterium__EF645667"
"UPFJ01.52784.1_1/18-316","UPFJ01","SAMEA2737680","['uncultured_bacterium__EF645667']",0.656226276190246,TRUE,"uncultured_bacterium__EF645667"
"ORQU01.34453.1_1/3-267","ORQU01","SAMEA2338642","['Bilophila_wadsworthia__BilWads6']",0.189928370502427,TRUE,"Bilophila_wadsworthia__BilWads6"
"USWO01.1423.1_14/21-362","USWO01","SAMN06111963","['Bilophila_wadsworthia__BilWads6']",0.0993673705024268,TRUE,"Bilophila_wadsworthia__BilWads6"
"USWO01.1423.1_13/63-344","USWO01","SAMN06111963","['Bilophila_sp._4_1_30__BilSpec3']",NA,TRUE,"Bilophila_sp._4_1_30__BilSpec3"
"USWO01.74335.1_1/1-197","USWO01","SAMN06111963","['Desulfitibacter_alkalitolerans__DfiAlka2']",0.855307556332035,TRUE,"Desulfitibacter_alkalitolerans__DfiAlka2"
"ORLR01.29197.1_1/4-206","ORLR01","SAMN04329862","['Desulfitibacter_alkalitolerans__DfiAlka2']",NA,TRUE,"Desulfitibacter_alkalitolerans__DfiAlka2"
"ORLR01.19500.1_1/2-89","ORLR01","SAMN04329862","['Thermodesulfobium_narugense__CP002690']",0.903777034581026,TRUE,"Thermodesulfobium_narugense__CP002690"
"OVGN01.28371.1_2/12-266","OVGN01","SAMN06016339","['Desulfitibacter_alkalitolerans__DfiAlka2']",1.14869055633203,TRUE,"Desulfitibacter_alkalitolerans__DfiAlka2"
"OQHG01.13949.1_2/12-350","OQHG01","SAMD00036214","['Desulfitibacter_alkalitolerans__DfiAlka2']",1.14869055633203,TRUE,"Desulfitibacter_alkalitolerans__DfiAlka2"
"OQHG01.13949.1_3/1-177","OQHG01","SAMD00036214","['Anaerobic_bacterium_sk.prop8__Bv2Prop2']",1.47634753982822,TRUE,"Anaerobic_bacterium_sk.prop8__Bv2Prop2"
"UEQX01.5863.1_4/10-349","UEQX01","SAMN06115425","['Bilophila_wadsworthia__BilWads6']",0.0993673705024268,TRUE,"Bilophila_wadsworthia__BilWads6"
"UEQX01.5863.1_5/63-344","UEQX01","SAMN06115425","['Bilophila_sp._4_1_30__BilSpec3']",NA,TRUE,"Bilophila_sp._4_1_30__BilSpec3"
"ORJB01.11313.1_1/4-181","ORJB01","SAMN04329819","['Bilophila_wadsworthia__BilWads6', 'Bilophila_sp._4_1_30__BilSpec3']",NA,TRUE,"Bilophila_wadsworthia__BilWads6"
"OZGC01.4372.1_2/20-361","OZGC01","SAMN06165107","['Desulfovibrio_piger__DslPige4']",0.0120517876807884,TRUE,"Desulfovibrio_piger__DslPige4"
"OZGC01.4372.1_3/4-419","OZGC01","SAMN06165107","['Desulfovibrio_piger__DslPige3', 'Desulfovibrio_piger__DslPige4']",0.0695470912742298,TRUE,"Desulfovibrio_piger__DslPige3"
"USWH01.57054.1_1/26-263","USWH01","SAMN06112081","['MSW_digester_clone__Unc01cxc']",1.65831180670952,TRUE,"MSW_digester_clone__Unc01cxc"
"ULUK01.48621.1_1/4-320","ULUK01","SAMEA4835758","['Desulfovibrio_piger__DslPige3', 'Desulfovibrio_piger__DslPige4']",NA,TRUE,"Desulfovibrio_piger__DslPige3"
"ULUK01.62181.1_1/7-184","ULUK01","SAMEA4835758","['Bilophila_wadsworthia__BilWads6', 'Desulfovibrio_piger__DslPige3', 'Desulfovibrio_piger__DslPige4']",NA,TRUE,"Bilophila_wadsworthia__BilWads6"
"UXRG01.3713.1_6/21-362","UXRG01","SAMEA2163432","['Bilophila_wadsworthia__BilWads6']",0.0993673705024268,TRUE,"Bilophila_wadsworthia__BilWads6"
"UXRG01.3713.1_5/63-344","UXRG01","SAMEA2163432","['Bilophila_sp._4_1_30__BilSpec3']",NA,TRUE,"Bilophila_sp._4_1_30__BilSpec3"
"UZPO01.2782.1_3/21-362","UZPO01","SAMN00791966","['Bilophila_sp._4_1_30__BilSpec3']",0.0016698334302823,TRUE,"Bilophila_sp._4_1_30__BilSpec3"
"UZPO01.2782.1_2/63-344","UZPO01","SAMN00791966","['Bilophila_sp._4_1_30__BilSpec3']",NA,TRUE,"Bilophila_sp._4_1_30__BilSpec3"
"UPPY01.23547.1_1/21-360","UPPY01","SAMEA2737748","['Bilophila_wadsworthia__BilWads6']",0.0993673705024268,TRUE,"Bilophila_wadsworthia__BilWads6"
"UPPY01.547.1_41/18-361","UPPY01","SAMEA2737748","['uncultured_bacterium__EF645667']",0.644931276190246,TRUE,"uncultured_bacterium__EF645667"
"UPPY01.547.1_40/5-398","UPPY01","SAMEA2737748","['uncultured_bacterium__EF645667']",0.514832276190246,TRUE,"uncultured_bacterium__EF645667"
"UPPY01.23547.1_2/1-179","UPPY01","SAMEA2737748","['Bilophila_wadsworthia__BilWads6']",NA,TRUE,"Bilophila_wadsworthia__BilWads6"
"OXCW01.30234.1_1/8-126","OXCW01","SAMN05827022","['Bilophila_wadsworthia__BilWads6', 'Bilophila_sp._4_1_30__BilSpec3', 'uncultured_bacterium__EF645667']",NA,TRUE,"Bilophila_wadsworthia__BilWads6"
"ORTR01.41459.1_1/63-235","ORTR01","SAMEA2338819","['Bilophila_wadsworthia__BilWads6', 'uncultured_bacterium__EF645667', 'Bilophila_sp._4_1_30__BilSpec3']",NA,TRUE,"Bilophila_wadsworthia__BilWads6"
"ORTR01.25898.1_1/27-162","ORTR01","SAMEA2338819","['Bilophila_wadsworthia__BilWads6', 'Bilophila_sp._4_1_30__BilSpec3', 'uncultured_bacterium__EF645667']",NA,TRUE,"Bilophila_wadsworthia__BilWads6"
"OYXS01.52335.1_1/4-183","OYXS01","SAMN06164958","['Bilophila_wadsworthia__BilWads6']",0.0993673705024268,TRUE,"Bilophila_wadsworthia__BilWads6"
"OWEU01.976.1_13/21-362","OWEU01","SAMEA3708629","['Bilophila_wadsworthia__BilWads6']",0.0993673705024268,TRUE,"Bilophila_wadsworthia__BilWads6"
"OWEU01.976.1_12/63-344","OWEU01","SAMEA3708629","['Bilophila_sp._4_1_30__BilSpec3']",NA,TRUE,"Bilophila_sp._4_1_30__BilSpec3"
"UZTL01.19061.1_1/21-362","UZTL01","SAMN00792107","['Bilophila_wadsworthia__BilWads6']",0.0993673705024268,TRUE,"Bilophila_wadsworthia__BilWads6"
"OWPP01.2167.1_3/21-362","OWPP01","SAMEA4378233","['Bilophila_wadsworthia__BilWads6']",0.0993673705024268,TRUE,"Bilophila_wadsworthia__BilWads6"
"OWPP01.2167.1_4/63-344","OWPP01","SAMEA4378233","['Bilophila_sp._4_1_30__BilSpec3']",NA,TRUE,"Bilophila_sp._4_1_30__BilSpec3"
"OWAF01.4610.1_4/20-361","OWAF01","SAMEA3708521","['Desulfovibrio_piger__DslPige3', 'Desulfovibrio_piger__DslPige4']",0.0858920912742298,TRUE,"Desulfovibrio_piger__DslPige3"
"OWAF01.4023.1_6/21-362","OWAF01","SAMEA3708521","['Bilophila_wadsworthia__BilWads6']",0.0993673705024268,TRUE,"Bilophila_wadsworthia__BilWads6"
"OWAF01.4023.1_5/63-344","OWAF01","SAMEA3708521","['Bilophila_sp._4_1_30__BilSpec3']",NA,TRUE,"Bilophila_sp._4_1_30__BilSpec3"
"OWAF01.4610.1_5/4-418","OWAF01","SAMEA3708521","['Desulfovibrio_piger__DslPige3', 'Desulfovibrio_piger__DslPige4']",0.0612470912742298,TRUE,"Desulfovibrio_piger__DslPige3"
"ORVM01.5335.1_5/21-362","ORVM01","SAMEA2338782","['Bilophila_wadsworthia__BilWads6']",0.0993673705024268,TRUE,"Bilophila_wadsworthia__BilWads6"
"ORVM01.5335.1_4/63-344","ORVM01","SAMEA2338782","['Bilophila_sp._4_1_30__BilSpec3']",NA,TRUE,"Bilophila_sp._4_1_30__BilSpec3"
"ORVM01.67078.1_1/21-158","ORVM01","SAMEA2338782","['Desulfovibrio_sp._6_1_46AFAA__DsvSp231']",0.0953904675154194,TRUE,"Desulfovibrio_sp._6_1_46AFAA__DsvSp231"
"ORSO01.3950.1_4/20-361","ORSO01","SAMEA2338806","['Desulfovibrio_piger__DslPige3', 'Desulfovibrio_piger__DslPige4']",0.0493607876807884,TRUE,"Desulfovibrio_piger__DslPige3"
"ORSO01.3950.1_3/6-418","ORSO01","SAMEA2338806","['Desulfovibrio_piger__DslPige2']",0.0267335214698588,TRUE,"Desulfovibrio_piger__DslPige2"
"ORSO01.31147.1_1/1-134","ORSO01","SAMEA2338806","['Bilophila_wadsworthia__BilWads6']",NA,TRUE,"Bilophila_wadsworthia__BilWads6"
"USYO01.48899.1_1/25-353","USYO01","SAMN06112070","['uncultured_bacterium__EF645667']",0.182296170607274,TRUE,"uncultured_bacterium__EF645667"
"USYO01.33029.1_1/4-391","USYO01","SAMN06112070","['uncultured_bacterium__EF645667']",0.0848526773928871,TRUE,"uncultured_bacterium__EF645667"
"USYO01.55552.1_1/19-331","USYO01","SAMN06112070","['Bilophila_sp._4_1_30__BilSpec3']",0.0095168334302823,TRUE,"Bilophila_sp._4_1_30__BilSpec3"
"USYO01.66946.1_1/21-262","USYO01","SAMN06112070","['Bilophila_wadsworthia__BilWads6']",NA,TRUE,"Bilophila_wadsworthia__BilWads6"
"OPCE01.12632.1_2/91-344","OPCE01","SAMEA2042572","['Bilophila_wadsworthia__BilWads6', 'Bilophila_sp._4_1_30__BilSpec3']",NA,TRUE,"Bilophila_wadsworthia__BilWads6"
"OWDI01.4010.1_5/20-361","OWDI01","SAMEA3708489","['uncultured_bacterium__EF645667']",0.215541276190246,TRUE,"uncultured_bacterium__EF645667"
"OWDI01.4010.1_6/4-418","OWDI01","SAMEA3708489","['Desulfovibrio_piger__DslPige2']",0.0322475214698588,TRUE,"Desulfovibrio_piger__DslPige2"
"ULVR01.68722.1_1/8-224","ULVR01","SAMEA4835791","['Bilophila_wadsworthia__BilWads6']",NA,TRUE,"Bilophila_wadsworthia__BilWads6"
"ORUI01.28143.1_1/63-344","ORUI01","SAMEA2338828","['Bilophila_sp._4_1_30__BilSpec3']",NA,TRUE,"Bilophila_sp._4_1_30__BilSpec3"
"OWAV01.236.1_11/21-362","OWAV01","SAMEA3708467","['Bilophila_wadsworthia__BilWads6']",0.0993673705024268,TRUE,"Bilophila_wadsworthia__BilWads6"
"OWAV01.236.1_10/63-344","OWAV01","SAMEA3708467","['Bilophila_sp._4_1_30__BilSpec3']",NA,TRUE,"Bilophila_sp._4_1_30__BilSpec3"
"OWFF01.39165.1_1/7-125","OWFF01","SAMEA3708706","['Bilophila_wadsworthia__BilWads6', 'Bilophila_sp._4_1_30__BilSpec3', 'uncultured_bacterium__EF645667']",NA,TRUE,"Bilophila_wadsworthia__BilWads6"
"ULSQ01.37719.1_1/4-418","ULSQ01","SAMEA4835712","['Desulfovibrio_piger__DslPige3']",0.0090487876807884,TRUE,"Desulfovibrio_piger__DslPige3"
"ULSQ01.55438.1_1/5-203","ULSQ01","SAMEA4835712","['Bilophila_wadsworthia__BilWads6', 'Desulfovibrio_piger__DslPige3', 'Desulfovibrio_piger__DslPige4']",NA,TRUE,"Bilophila_wadsworthia__BilWads6"
"ULSQ01.37719.1_2/19-196","ULSQ01","SAMEA4835712","['Desulfovibrio_piger__DslPige3', 'Desulfovibrio_piger__DslPige4']",0.0784160912742298,TRUE,"Desulfovibrio_piger__DslPige3"
"UYCX01.51120.1_1/1-381","UYCX01","SAMEA2156714","['Desulfovibrio_piger__DslPige3', 'Desulfovibrio_piger__DslPige4']",0.0628900912742298,TRUE,"Desulfovibrio_piger__DslPige3"
"UYCX01.13954.1_1/3-177","UYCX01","SAMEA2156714","['Bilophila_wadsworthia__BilWads6', 'Desulfovibrio_piger__DslPige3', 'Desulfovibrio_piger__DslPige4', 'uncultured_bacterium__EF645667']",NA,TRUE,"Bilophila_wadsworthia__BilWads6"
"OWHI01.2932.1_3/21-362","OWHI01","SAMEA3708480","['Bilophila_wadsworthia__BilWads6']",0.0993673705024268,TRUE,"Bilophila_wadsworthia__BilWads6"
"OWHI01.2932.1_4/63-344","OWHI01","SAMEA3708480","['Bilophila_sp._4_1_30__BilSpec3']",NA,TRUE,"Bilophila_sp._4_1_30__BilSpec3"
"OWHI01.35693.1_1/2-292","OWHI01","SAMEA3708480","['uncultured_bacterium__EF645667']",0.216668276190246,TRUE,"uncultured_bacterium__EF645667"
"OUQE01.3378.1_3/20-361","OUQE01","SAMN05194718","['uncultured_bacterium__EF645667']",0.213726276190246,TRUE,"uncultured_bacterium__EF645667"
"OUQE01.3378.1_4/6-419","OUQE01","SAMN05194718","['Desulfovibrio_piger__DslPige3', 'Desulfovibrio_piger__DslPige4']",0.0542280912742298,TRUE,"Desulfovibrio_piger__DslPige3"
"OURK01.5021.1_2/12-347","OURK01","SAMN04329866","['Desulfitibacter_alkalitolerans__DfiAlka2']",0.974123556332035,TRUE,"Desulfitibacter_alkalitolerans__DfiAlka2"
"OURK01.5021.1_1/3-316","OURK01","SAMN04329866","['Anaerobic_bacterium_sk.prop8__Bv2Prop2']",NA,TRUE,"Anaerobic_bacterium_sk.prop8__Bv2Prop2"
"UXRC01.13702.1_3/20-361","UXRC01","SAMEA2143863","['Desulfovibrio_piger__DslPige3', 'Desulfovibrio_piger__DslPige4']",0.0018347876807884,TRUE,"Desulfovibrio_piger__DslPige3"
"UXRC01.13702.1_2/4-419","UXRC01","SAMEA2143863","['Desulfovibrio_piger__DslPige3', 'Desulfovibrio_piger__DslPige4']",0.0664530912742298,TRUE,"Desulfovibrio_piger__DslPige3"
"UXRC01.73693.1_2/1-197","UXRC01","SAMEA2143863","['Anaerobic_bacterium_sk.prop8__Bv2Prop2']",0.808335884876433,TRUE,"Anaerobic_bacterium_sk.prop8__Bv2Prop2"
"UZKH01.17949.1_1/2-219","UZKH01","SAMN00715203","['Bilophila_wadsworthia__BilWads6', 'Bilophila_sp._4_1_30__BilSpec3']",NA,TRUE,"Bilophila_wadsworthia__BilWads6"
"OXLE01.9260.1_1/74-343","OXLE01","SAMN05826600","['Moorella_thermoacetica_Y72_copy_2__MooTher5']",9.00207661945668,TRUE,"Moorella_thermoacetica_Y72_copy_2__MooTher5"
"OPXK01.21683.1_1/368-638","OPXK01","SAMEA2041933","['Desulfovibrio_piger__DslPige3', 'Desulfovibrio_piger__DslPige4']",0.0650360912742298,TRUE,"Desulfovibrio_piger__DslPige3"
"OURZ01.1423.1_14/21-362","OURZ01","SAMEA2338837","[]",NA,FALSE,NA
"OURZ01.1423.1_15/63-344","OURZ01","SAMEA2338837","[]",NA,FALSE,NA
"OWWO01.29765.1_1/8-181","OWWO01","SAMN05826989","[]",NA,FALSE,NA
"ORCH01.3928.1_4/63-344","ORCH01","SAMN06115434","[]",NA,FALSE,NA
"ORCH01.3928.1_5/10-308","ORCH01","SAMN06115434","[]",NA,FALSE,NA
"UESF01.627.1_15/20-361","UESF01","SAMN06115481","[]",NA,FALSE,NA
"UESF01.32845.1_2/20-361","UESF01","SAMN06115481","[]",NA,FALSE,NA
"UESF01.627.1_14/4-418","UESF01","SAMN06115481","[]",NA,FALSE,NA
"UESF01.36678.1_1/59-310","UESF01","SAMN06115481","[]",NA,FALSE,NA
"UESF01.5214.1_2/6-239","UESF01","SAMN06115481","[]",NA,FALSE,NA
"UEQD01.1998.1_2/21-362","UEQD01","SAMN06115450","[]",NA,FALSE,NA
"UEQD01.1998.1_1/63-344","UEQD01","SAMN06115450","[]",NA,FALSE,NA
"OVMF01.12152.1_2/21-362","OVMF01","SAMN06016380","[]",NA,FALSE,NA
"OVMF01.41032.1_1/1-210","OVMF01","SAMN06016380","[]",NA,FALSE,NA
"OWUN01.41726.1_1/1-246","OWUN01","SAMN05827003","['Bilophila_wadsworthia__BilWads6', 'Bilophila_sp._4_1_30__BilSpec3']",NA,TRUE,"Bilophila_wadsworthia__BilWads6"
"OWUN01.28119.1_1/21-236","OWUN01","SAMN05827003","[]",NA,FALSE,NA
"OVLL01.16093.1_1/10-349","OVLL01","SAMN06016356","['Bilophila_sp._4_1_30__BilSpec3']",0.0197318334302823,TRUE,"Bilophila_sp._4_1_30__BilSpec3"
"OVLL01.15821.1_1/35-393","OVLL01","SAMN06016356","['uncultured_bacterium__EF645667']",0.266342276190246,TRUE,"uncultured_bacterium__EF645667"
"UZMC01.24336.1_1/14-228","UZMC01","SAMN00715151","['Desulfovibrio_piger__DslPige3']",0.0777250912742298,TRUE,"Desulfovibrio_piger__DslPige3"
"OQLI01.14685.1_1/29-271","OQLI01","SAMD00036430","['Bilophila_wadsworthia__BilWads6', 'Bilophila_sp._4_1_30__BilSpec3']",NA,TRUE,"Bilophila_wadsworthia__BilWads6"
"OQLI01.14685.1_2/20-194","OQLI01","SAMD00036430","['Bilophila_wadsworthia__BilWads6']",0.151705370502427,TRUE,"Bilophila_wadsworthia__BilWads6"
"OQLI01.14919.1_1/79-349","OQLI01","SAMD00036430","['Moorella_thermoacetica_Y72_copy_2__MooTher5']",9.05959061945668,TRUE,"Moorella_thermoacetica_Y72_copy_2__MooTher5"
"ULUX01.5404.1_2/20-359","ULUX01","SAMEA4835773","['Bilophila_wadsworthia__BilWads6']",0.450313370502427,TRUE,"Bilophila_wadsworthia__BilWads6"
"ULUX01.13538.1_3/4-417","ULUX01","SAMEA4835773","['Desulfovibrio_vulgaris__DQ826729']",0.489097093887675,TRUE,"Desulfovibrio_vulgaris__DQ826729"
"ULUX01.55533.1_1/8-197","ULUX01","SAMEA4835773","['Bilophila_wadsworthia__BilWads6']",0.312150370502427,TRUE,"Bilophila_wadsworthia__BilWads6"
"OWDR01.72590.1_1/1-179","OWDR01","SAMEA3708574","['Bilophila_wadsworthia__BilWads6', 'Bilophila_sp._4_1_30__BilSpec3']",NA,TRUE,"Bilophila_wadsworthia__BilWads6"
"OWDR01.67007.1_1/7-127","OWDR01","SAMEA3708574","['Gordonibacter_pamelaeae_7-10-1-b__FP929047', 'Gordonibacter_pamelaeae__GrdPame5']",NA,TRUE,"Gordonibacter_pamelaeae_7-10-1-b__FP929047"
"OWDR01.18161.1_1/23-155","OWDR01","SAMEA3708574","['Bilophila_wadsworthia__BilWads6']",0.0993673705024268,TRUE,"Bilophila_wadsworthia__BilWads6"
"ULRO01.1297.1_3/20-361","ULRO01","SAMEA4835682","['Desulfovibrio_piger__DslPige3', 'Desulfovibrio_piger__DslPige4']",0.0018347876807884,TRUE,"Desulfovibrio_piger__DslPige3"
"ULRO01.79661.1_1/4-217","ULRO01","SAMEA4835682","['uncultured_bacterium__EF645667', 'Desulfovibrio_piger__DslPige3', 'Desulfovibrio_piger__DslPige4']",NA,TRUE,"uncultured_bacterium__EF645667"
"UXSB01.7442.1_3/21-362","UXSB01","SAMEA2148755","['Bilophila_wadsworthia__BilWads6']",0.0993673705024268,TRUE,"Bilophila_wadsworthia__BilWads6"
"UXSB01.7442.1_2/63-344","UXSB01","SAMEA2148755","['Bilophila_sp._4_1_30__BilSpec3']",NA,TRUE,"Bilophila_sp._4_1_30__BilSpec3"
"UXTT01.7355.1_1/10-351","UXTT01","SAMEA1969417","['Bilophila_wadsworthia__BilWads6']",0.312150370502427,TRUE,"Bilophila_wadsworthia__BilWads6"
"UXTT01.11468.1_1/1-322","UXTT01","SAMEA1969417","['Desulfovibrio_piger__DslPige4']",0.0129477876807884,TRUE,"Desulfovibrio_piger__DslPige4"
"UXTT01.10357.1_1/5-344","UXTT01","SAMEA1969417","['Desulfovibrio_piger__DslPige3', 'Desulfovibrio_piger__DslPige4']",NA,TRUE,"Desulfovibrio_piger__DslPige3"
"ULNQ01.42438.1_1/2-214","ULNQ01","SAMEA4835580","['Desulfovibrio_piger__DslPige3', 'Desulfovibrio_piger__DslPige4']",NA,TRUE,"Desulfovibrio_piger__DslPige3"
"OQUP01.111539.1_2/12-198","OQUP01","SAMN06018973","['Desulfitibacter_alkalitolerans__DfiAlka2']",NA,TRUE,"Desulfitibacter_alkalitolerans__DfiAlka2"
"OQUP01.139684.1_1/5-136","OQUP01","SAMN06018973","['Thermodesulfobium_narugense__CP002690']",0.903777034581026,TRUE,"Thermodesulfobium_narugense__CP002690"
"ORVX01.1729.1_9/18-361","ORVX01","SAMEA2338827","['uncultured_bacterium__EF645667']",0.655104276190246,TRUE,"uncultured_bacterium__EF645667"
"ORVX01.20491.1_2/63-344","ORVX01","SAMEA2338827","['Bilophila_sp._4_1_30__BilSpec3']",NA,TRUE,"Bilophila_sp._4_1_30__BilSpec3"
"ORVX01.44943.1_1/6-317","ORVX01","SAMEA2338827","['Bilophila_wadsworthia__BilWads6']",NA,TRUE,"Bilophila_wadsworthia__BilWads6"
"ORVX01.1729.1_8/5-398","ORVX01","SAMEA2338827","['uncultured_bacterium__EF645667']",0.505803276190246,TRUE,"uncultured_bacterium__EF645667"
"OQSR01.382.1_34/18-361","OQSR01","SAMN05214691","['uncultured_bacterium__EF645667']",0.644931276190246,TRUE,"uncultured_bacterium__EF645667"
"OQSR01.382.1_33/5-398","OQSR01","SAMN05214691","['uncultured_bacterium__EF645667']",0.502634276190246,TRUE,"uncultured_bacterium__EF645667"
"OQSR01.32027.1_2/25-274","OQSR01","SAMN05214691","['Bilophila_wadsworthia__BilWads6']",0.417489370502427,TRUE,"Bilophila_wadsworthia__BilWads6"
"OVSW01.29930.1_1/1-288","OVSW01","SAMN06016367","['Bilophila_wadsworthia__BilWads6', 'Bilophila_sp._4_1_30__BilSpec3']",NA,TRUE,"Bilophila_wadsworthia__BilWads6"
"OVSW01.48254.1_1/8-205","OVSW01","SAMN06016367","['Bilophila_sp._4_1_30__BilSpec3']",NA,TRUE,"Bilophila_sp._4_1_30__BilSpec3"
"UEQB01.395.1_17/21-362","UEQB01","SAMN06115405","['Bilophila_wadsworthia__BilWads6']",0.0993673705024268,TRUE,"Bilophila_wadsworthia__BilWads6"
"UEQB01.395.1_16/63-344","UEQB01","SAMN06115405","['Bilophila_sp._4_1_30__BilSpec3']",NA,TRUE,"Bilophila_sp._4_1_30__BilSpec3"
"UEQB01.63348.1_1/2-211","UEQB01","SAMN06115405","['Anaerobic_bacterium_sk.prop8__Bv2Prop2']",1.27508253982822,TRUE,"Anaerobic_bacterium_sk.prop8__Bv2Prop2"
"ORTU01.3848.1_7/21-362","ORTU01","SAMEA2338847","['Bilophila_wadsworthia__BilWads6']",0.0993673705024268,TRUE,"Bilophila_wadsworthia__BilWads6"
"ORTU01.3848.1_6/63-344","ORTU01","SAMEA2338847","['Bilophila_sp._4_1_30__BilSpec3']",NA,TRUE,"Bilophila_sp._4_1_30__BilSpec3"
"ORBR01.108.1_61/6-418","ORBR01","SAMN04158619","['Desulfovibrio_piger__DslPige3', 'Desulfovibrio_piger__DslPige4']",0.0793000912742298,TRUE,"Desulfovibrio_piger__DslPige3"
"ORBR01.108.1_65/4-418","ORBR01","SAMN04158619","['Desulfovibrio_piger__DslPige3', 'Desulfovibrio_piger__DslPige4']",0.0810040912742298,TRUE,"Desulfovibrio_piger__DslPige3"
"OZDD01.18100.1_1/9-220","OZDD01","SAMN06165083","['uncultured_bacterium__EF645667']",0.675084276190246,TRUE,"uncultured_bacterium__EF645667"
"UZVK01.12046.1_1/20-354","UZVK01","SAMN00792055","['Desulfovibrio_piger__DslPige3', 'Desulfovibrio_piger__DslPige4']",0.0018347876807884,TRUE,"Desulfovibrio_piger__DslPige3"
"UZVK01.12046.1_2/6-418","UZVK01","SAMN00792055","['Desulfovibrio_piger__DslPige3', 'Desulfovibrio_piger__DslPige4']",0.0735560912742298,TRUE,"Desulfovibrio_piger__DslPige3"
"OWUB01.4969.1_1/20-361","OWUB01","SAMN05827069","['Desulfovibrio_piger__DslPige3', 'Desulfovibrio_piger__DslPige4']",0.0574190912742298,TRUE,"Desulfovibrio_piger__DslPige3"
"OWUB01.4969.1_2/4-420","OWUB01","SAMN05827069","['Desulfovibrio_piger__DslPige3']",0.0253987876807884,TRUE,"Desulfovibrio_piger__DslPige3"
"OWFR01.31119.1_1/20-194","OWFR01","SAMEA3708616","['Bilophila_wadsworthia__BilWads6']",NA,TRUE,"Bilophila_wadsworthia__BilWads6"
"USVC01.8693.1_2/6-377","USVC01","SAMN06112046","['Anaerobic_bacterium_sk.prop8__Bv2Prop2']",1.24479153982822,TRUE,"Anaerobic_bacterium_sk.prop8__Bv2Prop2"
"USVC01.13581.1_6/1-278","USVC01","SAMN06112046","['Anaerobic_bacterium_sk.prop8__Bv2Prop2']",0.808335884876433,TRUE,"Anaerobic_bacterium_sk.prop8__Bv2Prop2"
"OVTO01.14537.1_1/19-360","OVTO01","SAMN06016362","['Bilophila_wadsworthia__BilWads6']",0.0993673705024268,TRUE,"Bilophila_wadsworthia__BilWads6"
"OVTO01.31889.1_1/4-202","OVTO01","SAMN06016362","['Bilophila_wadsworthia__BilWads6', 'Bilophila_sp._4_1_30__BilSpec3']",NA,TRUE,"Bilophila_wadsworthia__BilWads6"
"ULRK01.62280.1_1/2-331","ULRK01","SAMEA4835680","['Desulfovibrio_piger__DslPige3', 'Desulfovibrio_piger__DslPige4']",NA,TRUE,"Desulfovibrio_piger__DslPige3"
"ULRK01.5794.1_1/3-191","ULRK01","SAMEA4835680","['Desulfovibrio_piger__DslPige4', 'Desulfovibrio_piger__DslPige3']",NA,TRUE,"Desulfovibrio_piger__DslPige4"
"UEQL01.1.1_85/20-361","UEQL01","SAMN06115531","['Desulfovibrio_piger__DslPige3', 'Desulfovibrio_piger__DslPige4']",0.0018347876807884,TRUE,"Desulfovibrio_piger__DslPige3"
"UEQL01.1.1_89/20-361","UEQL01","SAMN06115531","['Desulfovibrio_piger__DslPige3', 'Desulfovibrio_piger__DslPige4']",0.0018347876807884,TRUE,"Desulfovibrio_piger__DslPige3"
"UEQL01.1.1_90/4-418","UEQL01","SAMN06115531","['Desulfovibrio_piger__DslPige3', 'Desulfovibrio_piger__DslPige4']",0.0826890912742298,TRUE,"Desulfovibrio_piger__DslPige3"
"UEQL01.1.1_86/6-418","UEQL01","SAMN06115531","['Desulfovibrio_piger__DslPige3', 'Desulfovibrio_piger__DslPige4']",0.0826890912742298,TRUE,"Desulfovibrio_piger__DslPige3"
"UAMZ01.11336.1_1/9-347","UAMZ01","SAMN06164612","['Desulfovibrio_piger__DslPige3', 'Desulfovibrio_piger__DslPige4']",0.0470370912742298,TRUE,"Desulfovibrio_piger__DslPige3"
"UAMZ01.15915.1_1/47-291","UAMZ01","SAMN06164612","['Desulfovibrio_piger__DslPige3', 'Desulfovibrio_piger__DslPige4']",NA,TRUE,"Desulfovibrio_piger__DslPige3"
"ULQS01.689.1_2/5-255","ULQS01","SAMEA4835662","['uncultured_bacterium__EF645667']",NA,TRUE,"uncultured_bacterium__EF645667"
"ULQS01.73909.1_1/1-199","ULQS01","SAMEA4835662","['uncultured_bacterium__EF645667']",NA,TRUE,"uncultured_bacterium__EF645667"
"UXRI01.5444.1_6/21-359","UXRI01","SAMEA2155758","['Desulfovibrio_vulgaris__DQ826729']",0.558689909358552,TRUE,"Desulfovibrio_vulgaris__DQ826729"
"UXRI01.5444.1_5/4-420","UXRI01","SAMEA2155758","['Desulfovibrio_vulgaris__DQ826729']",0.467017911862788,TRUE,"Desulfovibrio_vulgaris__DQ826729"
"UXRI01.30551.1_3/4-241","UXRI01","SAMEA2155758","['Desulfovibrio_vulgaris__DQ826729']",0.489097093887675,TRUE,"Desulfovibrio_vulgaris__DQ826729"
"UXRI01.3875.1_1/5-141","UXRI01","SAMEA2155758","['Bilophila_wadsworthia__BilWads6']",NA,TRUE,"Bilophila_wadsworthia__BilWads6"
"OROY01.6073.1_6/21-362","OROY01","SAMEA2338765","['Bilophila_wadsworthia__BilWads6']",0.0993673705024268,TRUE,"Bilophila_wadsworthia__BilWads6"
"OROY01.6073.1_5/63-344","OROY01","SAMEA2338765","['Bilophila_sp._4_1_30__BilSpec3']",NA,TRUE,"Bilophila_sp._4_1_30__BilSpec3"
"OQCB01.6978.1_3/21-362","OQCB01","SAMD00036229","['Bilophila_wadsworthia__BilWads6']",0.0993673705024268,TRUE,"Bilophila_wadsworthia__BilWads6"
"UAOZ01.20966.1_1/4-218","UAOZ01","SAMN06164854","['Bilophila_wadsworthia__BilWads6']",NA,TRUE,"Bilophila_wadsworthia__BilWads6"
"OYWO01.18733.1_1/6-283","OYWO01","SAMN06164906","['uncultured_bacterium__EF645667']",NA,TRUE,"uncultured_bacterium__EF645667"
"USWW01.23604.1_2/21-362","USWW01","SAMN06112016","['Bilophila_wadsworthia__BilWads6']",0.0993673705024268,TRUE,"Bilophila_wadsworthia__BilWads6"
"USWW01.41.1_55/18-361","USWW01","SAMN06112016","['uncultured_bacterium__EF645667']",0.644931276190246,TRUE,"uncultured_bacterium__EF645667"
"USWW01.23604.1_1/6-320","USWW01","SAMN06112016","['Bilophila_wadsworthia__BilWads6', 'Bilophila_sp._4_1_30__BilSpec3']",NA,TRUE,"Bilophila_wadsworthia__BilWads6"
"USWW01.41.1_56/6-327","USWW01","SAMN06112016","['uncultured_bacterium__EF645667']",NA,TRUE,"uncultured_bacterium__EF645667"
"UPDY01.1897.1_7/21-362","UPDY01","SAMEA2737721","['Bilophila_wadsworthia__BilWads6']",0.0993673705024268,TRUE,"Bilophila_wadsworthia__BilWads6"
"UPDY01.1897.1_6/63-344","UPDY01","SAMEA2737721","['Bilophila_sp._4_1_30__BilSpec3']",NA,TRUE,"Bilophila_sp._4_1_30__BilSpec3"
"ULQC01.92921.1_1/2-286","ULQC01","SAMEA4835645","['Anaerobic_bacterium_sk.prop8__Bv2Prop2']",NA,TRUE,"Anaerobic_bacterium_sk.prop8__Bv2Prop2"
"ULQC01.40276.1_5/2-182","ULQC01","SAMEA4835645","['Desulfitibacter_alkalitolerans__DfiAlka2']",NA,TRUE,"Desulfitibacter_alkalitolerans__DfiAlka2"
"UEQK01.2405.1_1/21-362","UEQK01","SAMN06115485","['Bilophila_wadsworthia__BilWads6']",0.0993673705024268,TRUE,"Bilophila_wadsworthia__BilWads6"
"UEQK01.2405.1_2/63-344","UEQK01","SAMN06115485","['Bilophila_sp._4_1_30__BilSpec3']",NA,TRUE,"Bilophila_sp._4_1_30__BilSpec3"
"OPZZ01.7111.1_3/9-219","OPZZ01","SAMD00036241","['Gordonibacter_pamelaeae__GrdPame5']",0.588805704393165,TRUE,"Gordonibacter_pamelaeae__GrdPame5"
"OVYB01.314.1_11/21-362","OVYB01","SAMEA3708556","['Bilophila_wadsworthia__BilWads6']",0.0993673705024268,TRUE,"Bilophila_wadsworthia__BilWads6"
"OVYB01.314.1_10/63-344","OVYB01","SAMEA3708556","['Bilophila_sp._4_1_30__BilSpec3']",NA,TRUE,"Bilophila_sp._4_1_30__BilSpec3"
"OWBR01.2973.1_4/10-349","OWBR01","SAMEA3708639","['Bilophila_sp._4_1_30__BilSpec3']",0.0016698334302823,TRUE,"Bilophila_sp._4_1_30__BilSpec3"
"OWBR01.2973.1_5/55-389","OWBR01","SAMEA3708639","['Bilophila_sp._4_1_30__BilSpec3']",0.0016698334302823,TRUE,"Bilophila_sp._4_1_30__BilSpec3"
"UMIQ01.7028.1_2/5-210","UMIQ01","SAMEA4836129","['Bilophila_wadsworthia__BilWads6']",NA,TRUE,"Bilophila_wadsworthia__BilWads6"
"UEOD01.19444.1_1/59-252","UEOD01","SAMN06115526","['Bilophila_wadsworthia__BilWads6', 'Bilophila_sp._4_1_30__BilSpec3']",NA,TRUE,"Bilophila_wadsworthia__BilWads6"
"UEOD01.25847.1_1/1-225","UEOD01","SAMN06115526","['Bilophila_wadsworthia__BilWads6']",0.123468370502427,TRUE,"Bilophila_wadsworthia__BilWads6"
"UXQN01.28851.1_2/6-419","UXQN01","SAMEA2162036","['Desulfovibrio_piger__DslPige3', 'Desulfovibrio_piger__DslPige4']",0.0594270912742298,TRUE,"Desulfovibrio_piger__DslPige3"
"OWFN01.716.1_14/21-362","OWFN01","SAMEA3708647","['Bilophila_sp._4_1_30__BilSpec3']",0.0016698334302823,TRUE,"Bilophila_sp._4_1_30__BilSpec3"
"OWFN01.716.1_15/63-344","OWFN01","SAMEA3708647","['Bilophila_sp._4_1_30__BilSpec3']",NA,TRUE,"Bilophila_sp._4_1_30__BilSpec3"
"OWAH01.679.1_21/21-362","OWAH01","SAMEA3708601","['Bilophila_wadsworthia__BilWads6']",0.0993673705024268,TRUE,"Bilophila_wadsworthia__BilWads6"
"OWAH01.679.1_22/63-344","OWAH01","SAMEA3708601","['Bilophila_sp._4_1_30__BilSpec3']",NA,TRUE,"Bilophila_sp._4_1_30__BilSpec3"
"OWAH01.42258.1_1/4-217","OWAH01","SAMEA3708601","['Desulfovibrio_piger__DslPige3', 'Desulfovibrio_piger__DslPige4']",0.10857709127423,TRUE,"Desulfovibrio_piger__DslPige3"
"OWAH01.53685.1_1/1-179","OWAH01","SAMEA3708601","['uncultured_bacterium__EF645667']",0.298976276190246,TRUE,"uncultured_bacterium__EF645667"
"UPCO01.781.1_20/21-362","UPCO01","SAMEA2737710","['Bilophila_wadsworthia__BilWads6']",0.0993673705024268,TRUE,"Bilophila_wadsworthia__BilWads6"
"UPCO01.781.1_21/63-344","UPCO01","SAMEA2737710","['Bilophila_sp._4_1_30__BilSpec3']",NA,TRUE,"Bilophila_sp._4_1_30__BilSpec3"
"ORRI01.13236.1_3/4-207","ORRI01","SAMEA2338623","['Desulfovibrio_sp._6_1_46AFAA__DsvSp231']",0.395960417985541,TRUE,"Desulfovibrio_sp._6_1_46AFAA__DsvSp231"
"ORRI01.41046.1_1/2-177","ORRI01","SAMEA2338623","['uncultured_bacterium__EF645667']",0.428225276190246,TRUE,"uncultured_bacterium__EF645667"
"OVMK01.23643.1_1/14-340","OVMK01","SAMN06016420","['Bilophila_wadsworthia__BilWads6']",0.118433370502427,TRUE,"Bilophila_wadsworthia__BilWads6"
"OVMK01.33488.1_1/44-248","OVMK01","SAMN06016420","['Bilophila_sp._4_1_30__BilSpec3']",0.0243168334302823,TRUE,"Bilophila_sp._4_1_30__BilSpec3"
"UZUS01.2318.1_2/21-362","UZUS01","SAMN00792079","['Bilophila_wadsworthia__BilWads6']",0.0993673705024268,TRUE,"Bilophila_wadsworthia__BilWads6"
"UZUS01.1452.1_15/18-361","UZUS01","SAMN00792079","['uncultured_bacterium__EF645667']",0.655104276190246,TRUE,"uncultured_bacterium__EF645667"
"UZUS01.1452.1_14/5-398","UZUS01","SAMN00792079","['uncultured_bacterium__EF645667']",0.508187276190246,TRUE,"uncultured_bacterium__EF645667"
"UZUS01.2318.1_1/17-315","UZUS01","SAMN00792079","['Bilophila_wadsworthia__BilWads6', 'Bilophila_sp._4_1_30__BilSpec3']",NA,TRUE,"Bilophila_wadsworthia__BilWads6"
"OVSX01.14992.1_1/5-372","OVSX01","SAMN06016334","['Anaerobic_bacterium_sk.prop8__Bv2Prop2']",1.24479153982822,TRUE,"Anaerobic_bacterium_sk.prop8__Bv2Prop2"
"OVSX01.68769.1_1/22-159","OVSX01","SAMN06016334","['Thermodesulfobium_narugense__CP002690']",1.40083803458103,TRUE,"Thermodesulfobium_narugense__CP002690"
"OVSX01.14992.1_2/12-217","OVSX01","SAMN06016334","['Anaerobic_bacterium_sk.prop8__Bv2Prop2']",NA,TRUE,"Anaerobic_bacterium_sk.prop8__Bv2Prop2"
"OVSX01.54276.1_1/4-207","OVSX01","SAMN06016334","['Desulfovibrio_piger__DslPige4', 'Desulfovibrio_piger__DslPige3']",NA,TRUE,"Desulfovibrio_piger__DslPige4"
"OVLV01.5272.1_2/20-362","OVLV01","SAMN06016341","['uncultured_bacterium__EF645667']",0.245991276190246,TRUE,"uncultured_bacterium__EF645667"
"OVLV01.2220.1_4/4-421","OVLV01","SAMN06016341","['Desulfovibrio_piger__DslPige3', 'Desulfovibrio_piger__DslPige4']",0.0626970912742298,TRUE,"Desulfovibrio_piger__DslPige3"
"OVLV01.5272.1_3/12-199","OVLV01","SAMN06016341","['Bilophila_wadsworthia__BilWads6']",0.136305370502427,TRUE,"Bilophila_wadsworthia__BilWads6"
"OQPY01.9861.1_3/2-207","OQPY01","SAMN02712136","['Bilophila_sp._4_1_30__BilSpec3']",0.0016698334302823,TRUE,"Bilophila_sp._4_1_30__BilSpec3"
"UMIP01.2713.1_2/20-361","UMIP01","SAMEA4836117","['uncultured_bacterium__EF645667']",0.213960276190246,TRUE,"uncultured_bacterium__EF645667"
"UMIP01.24371.1_4/20-361","UMIP01","SAMEA4836117","['Desulfovibrio_piger__DslPige3', 'Desulfovibrio_piger__DslPige4']",0.0018347876807884,TRUE,"Desulfovibrio_piger__DslPige3"
"UMIP01.4942.1_5/21-362","UMIP01","SAMEA4836117","['Bilophila_wadsworthia__BilWads6']",0.0993673705024268,TRUE,"Bilophila_wadsworthia__BilWads6"
"UMIP01.67128.1_3/20-363","UMIP01","SAMEA4836117","['Bilophila_wadsworthia__BilWads6']",0.312142370502427,TRUE,"Bilophila_wadsworthia__BilWads6"
"UMIP01.67128.1_2/4-417","UMIP01","SAMEA4836117","['Desulfovibrio_vulgaris__DQ826729']",0.489097093887675,TRUE,"Desulfovibrio_vulgaris__DQ826729"
"UMIP01.4942.1_6/63-344","UMIP01","SAMEA4836117","['Bilophila_sp._4_1_30__BilSpec3']",NA,TRUE,"Bilophila_sp._4_1_30__BilSpec3"
"USVT01.9281.1_1/21-362","USVT01","SAMN06112019","['Bilophila_wadsworthia__BilWads6']",0.0993673705024268,TRUE,"Bilophila_wadsworthia__BilWads6"
"USVT01.9281.1_2/63-392","USVT01","SAMN06112019","['Bilophila_sp._4_1_30__BilSpec3']",NA,TRUE,"Bilophila_sp._4_1_30__BilSpec3"
"OYCY01.33916.1_1/4-220","OYCY01","SAMN06164763","['Desulfitibacter_alkalitolerans__DfiAlka2']",1.05315455633203,TRUE,"Desulfitibacter_alkalitolerans__DfiAlka2"
"ORJY01.597.1_4/12-336","ORJY01","SAMN04329851","['Desulfitibacter_alkalitolerans__DfiAlka2']",0.821568556332035,TRUE,"Desulfitibacter_alkalitolerans__DfiAlka2"
"ORJY01.597.1_5/8-316","ORJY01","SAMN04329851","['Anaerobic_bacterium_sk.prop8__Bv2Prop2']",NA,TRUE,"Anaerobic_bacterium_sk.prop8__Bv2Prop2"
"OVTF01.3900.1_2/3-312","OVTF01","SAMN06016412","['Bilophila_wadsworthia__BilWads6']",NA,TRUE,"Bilophila_wadsworthia__BilWads6"
"OVTF01.23111.1_1/63-317","OVTF01","SAMN06016412","['Bilophila_sp._4_1_30__BilSpec3', 'Bilophila_wadsworthia__BilWads6']",NA,TRUE,"Bilophila_sp._4_1_30__BilSpec3"
"ORQK01.22490.1_1/1-272","ORQK01","SAMEA2338669","['Bilophila_wadsworthia__BilWads6']",NA,TRUE,"Bilophila_wadsworthia__BilWads6"
"OQQH01.30758.1_1/21-362","OQQH01","SAMN02712190","['Bilophila_sp._4_1_30__BilSpec3']",0.0016698334302823,TRUE,"Bilophila_sp._4_1_30__BilSpec3"
"OQQH01.83241.1_1/1-198","OQQH01","SAMN02712190","['Bilophila_wadsworthia__BilWads6', 'Bilophila_sp._4_1_30__BilSpec3']",NA,TRUE,"Bilophila_wadsworthia__BilWads6"
"OWSB01.1638.1_13/12-350","OWSB01","SAMEA4378313","['Desulfitibacter_alkalitolerans__DfiAlka2']",1.14869055633203,TRUE,"Desulfitibacter_alkalitolerans__DfiAlka2"
"OWSB01.1638.1_14/5-372","OWSB01","SAMEA4378313","['MSW_digester_clone__Unc01cxc']",1.71805880670952,TRUE,"MSW_digester_clone__Unc01cxc"
"OWSB01.141.1_38/18-361","OWSB01","SAMEA4378313","['uncultured_bacterium__EF645667']",0.644931276190246,TRUE,"uncultured_bacterium__EF645667"
"OWSB01.141.1_37/5-398","OWSB01","SAMEA4378313","['uncultured_bacterium__EF645667']",0.514832276190246,TRUE,"uncultured_bacterium__EF645667"
"OYWU01.53823.1_1/2-181","OYWU01","SAMN06165043","['Bilophila_wadsworthia__BilWads6']",0.0993673705024268,TRUE,"Bilophila_wadsworthia__BilWads6"
"OPUS01.12942.1_2/192-512","OPUS01","SAMEA2043042","['Desulfovibrio_piger__DslPige3', 'Desulfovibrio_piger__DslPige4']",NA,TRUE,"Desulfovibrio_piger__DslPige3"
"OPUS01.12942.1_1/19-189","OPUS01","SAMEA2043042","['Desulfovibrio_piger__DslPige3', 'Desulfovibrio_piger__DslPige4']",0.0555037876807884,TRUE,"Desulfovibrio_piger__DslPige3"
"UPSX01.8822.1_3/26-350","UPSX01","SAMN06112033","['Bilophila_wadsworthia__BilWads6']",0.0993673705024268,TRUE,"Bilophila_wadsworthia__BilWads6"
"UPSX01.18928.1_1/63-344","UPSX01","SAMN06112033","['Bilophila_sp._4_1_30__BilSpec3']",NA,TRUE,"Bilophila_sp._4_1_30__BilSpec3"
"OWBS01.2427.1_2/21-362","OWBS01","SAMEA3708483","['Bilophila_wadsworthia__BilWads6']",0.0993673705024268,TRUE,"Bilophila_wadsworthia__BilWads6"
"OWBS01.2427.1_1/2-212","OWBS01","SAMEA3708483","['Bilophila_wadsworthia__BilWads6', 'Bilophila_sp._4_1_30__BilSpec3']",NA,TRUE,"Bilophila_wadsworthia__BilWads6"
"UPEH01.6792.1_3/21-362","UPEH01","SAMEA2737704","['Bilophila_wadsworthia__BilWads6']",0.0993673705024268,TRUE,"Bilophila_wadsworthia__BilWads6"
"UPXA01.30733.1_1/20-361","UPXA01","SAMN06112028","['Desulfovibrio_piger__DslPige3', 'Desulfovibrio_piger__DslPige4']",0.0018347876807884,TRUE,"Desulfovibrio_piger__DslPige3"
"UPXA01.14720.1_1/4-419","UPXA01","SAMN06112028","['Desulfovibrio_piger__DslPige3', 'Desulfovibrio_piger__DslPige4']",0.0096047876807884,TRUE,"Desulfovibrio_piger__DslPige3"
"UPXA01.14720.1_2/20-211","UPXA01","SAMN06112028","['uncultured_bacterium__EF645667']",0.213411276190246,TRUE,"uncultured_bacterium__EF645667"
"UYCP01.55456.1_2/16-340","UYCP01","SAMEA2153852","['uncultured_bacterium__EF645667']",0.093809677392887,TRUE,"uncultured_bacterium__EF645667"
"UYCG01.10763.1_6/12-350","UYCG01","SAMEA2150726","['Desulfitibacter_alkalitolerans__DfiAlka2']",1.13249655633203,TRUE,"Desulfitibacter_alkalitolerans__DfiAlka2"
"UYCG01.19127.1_2/20-361","UYCG01","SAMEA2150726","['uncultured_bacterium__EF645667']",0.212228276190246,TRUE,"uncultured_bacterium__EF645667"
"UYCG01.10763.1_7/5-372","UYCG01","SAMEA2150726","['Anaerobic_bacterium_sk.prop8__Bv2Prop2']",1.46214553982822,TRUE,"Anaerobic_bacterium_sk.prop8__Bv2Prop2"
"UYCG01.19127.1_1/3-247","UYCG01","SAMEA2150726","['Desulfovibrio_piger__DslPige3', 'Desulfovibrio_piger__DslPige4']",NA,TRUE,"Desulfovibrio_piger__DslPige3"
"UYFS01.6872.1_2/20-361","UYFS01","SAMEA2149794","['Desulfovibrio_piger__DslPige3', 'Desulfovibrio_piger__DslPige4']",0.0759090912742298,TRUE,"Desulfovibrio_piger__DslPige3"
"UYFS01.6872.1_3/4-418","UYFS01","SAMEA2149794","['Desulfovibrio_piger__DslPige3']",0.0318197876807884,TRUE,"Desulfovibrio_piger__DslPige3"
"UYFS01.37260.1_2/1-239","UYFS01","SAMEA2149794","['Desulfitibacter_alkalitolerans__DfiAlka2']",1.07223055633203,TRUE,"Desulfitibacter_alkalitolerans__DfiAlka2"
"UYFS01.44921.1_2/1-171","UYFS01","SAMEA2149794","['Anaerobic_bacterium_sk.prop8__Bv2Prop2']",1.35418253982822,TRUE,"Anaerobic_bacterium_sk.prop8__Bv2Prop2"
"UMGZ01.75693.1_3/18-361","UMGZ01","SAMEA4836087","['uncultured_bacterium__EF645667']",0.655104276190246,TRUE,"uncultured_bacterium__EF645667"
"UMGZ01.72067.1_1/63-344","UMGZ01","SAMEA4836087","['Bilophila_sp._4_1_30__BilSpec3']",NA,TRUE,"Bilophila_sp._4_1_30__BilSpec3"
"UMGZ01.75693.1_4/15-315","UMGZ01","SAMEA4836087","['uncultured_bacterium__EF645667']",NA,TRUE,"uncultured_bacterium__EF645667"
"UMGZ01.56983.1_1/1-301","UMGZ01","SAMEA4836087","['Bilophila_wadsworthia__BilWads6']",NA,TRUE,"Bilophila_wadsworthia__BilWads6"
"OVSU01.16759.1_1/64-394","OVSU01","SAMN06016348","['Bilophila_wadsworthia__BilWads6', 'Bilophila_sp._4_1_30__BilSpec3']",NA,TRUE,"Bilophila_wadsworthia__BilWads6"
"ULSV01.33478.1_3/21-362","ULSV01","SAMEA4835717","['Bilophila_wadsworthia__BilWads6']",0.108457370502427,TRUE,"Bilophila_wadsworthia__BilWads6"
"ULSV01.33478.1_4/63-344","ULSV01","SAMEA4835717","['Bilophila_sp._4_1_30__BilSpec3']",NA,TRUE,"Bilophila_sp._4_1_30__BilSpec3"
"UXRU01.2831.1_8/5-398","UXRU01","SAMEA2155093","['uncultured_bacterium__EF645667']",0.502634276190246,TRUE,"uncultured_bacterium__EF645667"
"UEYI01.9754.1_1/21-361","UEYI01","SAMN06115521","['Bilophila_wadsworthia__BilWads6']",0.0993673705024268,TRUE,"Bilophila_wadsworthia__BilWads6"
"UEYI01.16060.1_2/20-361","UEYI01","SAMN06115521","['Desulfovibrio_piger__DslPige3', 'Desulfovibrio_piger__DslPige4']",0.0018347876807884,TRUE,"Desulfovibrio_piger__DslPige3"
"UEYI01.9815.1_3/21-364","UEYI01","SAMN06115521","['Bilophila_wadsworthia__BilWads6']",0.312150370502427,TRUE,"Bilophila_wadsworthia__BilWads6"
"UEYI01.9754.1_2/63-344","UEYI01","SAMN06115521","['Bilophila_sp._4_1_30__BilSpec3']",NA,TRUE,"Bilophila_sp._4_1_30__BilSpec3"
"UEYI01.16060.1_1/19-338","UEYI01","SAMN06115521","['Desulfovibrio_piger__DslPige3', 'Desulfovibrio_piger__DslPige4']",NA,TRUE,"Desulfovibrio_piger__DslPige3"
"UEYI01.9815.1_4/8-224","UEYI01","SAMN06115521","['Desulfovibrio_vulgaris__DQ826729']",NA,TRUE,"Desulfovibrio_vulgaris__DQ826729"
"UERU01.237.1_21/21-362","UERU01","SAMN06115519","['Bilophila_wadsworthia__BilWads6']",0.0993673705024268,TRUE,"Bilophila_wadsworthia__BilWads6"
"UERU01.237.1_22/63-344","UERU01","SAMN06115519","['Bilophila_sp._4_1_30__BilSpec3']",NA,TRUE,"Bilophila_sp._4_1_30__BilSpec3"
"ORSX01.1020.1_6/21-362","ORSX01","SAMEA2338795","['Bilophila_sp._4_1_30__BilSpec3']",0.0016698334302823,TRUE,"Bilophila_sp._4_1_30__BilSpec3"
"ORSX01.1020.1_5/63-344","ORSX01","SAMEA2338795","['Bilophila_sp._4_1_30__BilSpec3']",NA,TRUE,"Bilophila_sp._4_1_30__BilSpec3"
"OVYH01.10800.1_4/4-420","OVYH01","SAMEA3708497","['uncultured_bacterium__EF645667']",0.0848526773928871,TRUE,"uncultured_bacterium__EF645667"
"OVYH01.10800.1_5/21-271","OVYH01","SAMEA3708497","['uncultured_bacterium__EF645667']",0.142062170607274,TRUE,"uncultured_bacterium__EF645667"
"OVYH01.22045.1_3/2-183","OVYH01","SAMEA3708497","['Bilophila_wadsworthia__BilWads6', 'Bilophila_sp._4_1_30__BilSpec3', 'uncultured_bacterium__EF645667']",NA,TRUE,"Bilophila_wadsworthia__BilWads6"
"OVYH01.71234.1_1/2-205","OVYH01","SAMEA3708497","['MSW_digester_clone__Unc01cxc', 'Anaerobic_bacterium_sk.prop8__Bv2Prop2']",NA,TRUE,"MSW_digester_clone__Unc01cxc"
"UBZQ01.24531.1_2/54-411","UBZQ01","SAMEA4431882","['Desulfovibrio_piger__DslPige3', 'Desulfovibrio_piger__DslPige4']",0.0734380912742298,TRUE,"Desulfovibrio_piger__DslPige3"
"UBZQ01.18765.1_3/19-251","UBZQ01","SAMEA4431882","['Desulfovibrio_piger__DslPige4']",0.0120467876807884,TRUE,"Desulfovibrio_piger__DslPige4"
"OUPM01.8747.1_2/20-361","OUPM01","SAMN05356879","['Desulfovibrio_piger__DslPige3', 'Desulfovibrio_piger__DslPige4']",0.0757680912742298,TRUE,"Desulfovibrio_piger__DslPige3"
"OUPM01.8747.1_3/8-365","OUPM01","SAMN05356879","['Desulfovibrio_piger__DslPige3']",NA,TRUE,"Desulfovibrio_piger__DslPige3"
"ORSW01.10511.1_3/1-310","ORSW01","SAMEA2338856","['Bilophila_wadsworthia__BilWads6']",0.225938370502427,TRUE,"Bilophila_wadsworthia__BilWads6"
"UALJ01.19214.1_1/63-243","UALJ01","SAMN06164784","['Desulfovibrio_piger__DslPige3', 'Desulfovibrio_piger__DslPige4']",NA,TRUE,"Desulfovibrio_piger__DslPige3"
"UALJ01.26018.1_1/19-202","UALJ01","SAMN06164784","['Desulfovibrio_piger__DslPige3', 'Desulfovibrio_piger__DslPige4']",0.0906370912742298,TRUE,"Desulfovibrio_piger__DslPige3"
"UALJ01.24381.1_1/4-121","UALJ01","SAMN06164784","['Desulfovibrio_piger__DslPige3', 'Desulfovibrio_piger__DslPige4']",0.0898570912742298,TRUE,"Desulfovibrio_piger__DslPige3"
"UMHW01.41926.1_1/8-225","UMHW01","SAMEA4836107","['Bilophila_wadsworthia__BilWads6']",NA,TRUE,"Bilophila_wadsworthia__BilWads6"
"UPCY01.822.1_35/18-362","UPCY01","SAMEA2737662","['uncultured_bacterium__EF645667']",0.644931276190246,TRUE,"uncultured_bacterium__EF645667"
"UPCY01.822.1_34/5-398","UPCY01","SAMEA2737662","['uncultured_bacterium__EF645667']",0.505803276190246,TRUE,"uncultured_bacterium__EF645667"
"ORJW01.25549.1_2/10-206","ORJW01","SAMN04329773","['Bilophila_wadsworthia__BilWads6']",NA,TRUE,"Bilophila_wadsworthia__BilWads6"
"OZBH01.16062.1_1/2-283","OZBH01","SAMN06164923","['Bilophila_wadsworthia__BilWads6', 'Bilophila_sp._4_1_30__BilSpec3']",NA,TRUE,"Bilophila_wadsworthia__BilWads6"
"ORNJ01.20593.1_1/16-355","ORNJ01","SAMEA2338734","['Desulfovibrio_piger__DslPige3', 'Desulfovibrio_piger__DslPige4']",0.0312777876807884,TRUE,"Desulfovibrio_piger__DslPige3"
"ORNJ01.32790.1_1/1-200","ORNJ01","SAMEA2338734","['Desulfovibrio_piger__DslPige3', 'Desulfovibrio_piger__DslPige4']",0.0850840912742298,TRUE,"Desulfovibrio_piger__DslPige3"
"UPLF01.22519.1_2/19-154","UPLF01","SAMEA2737868","['Bilophila_wadsworthia__BilWads6', 'Bilophila_sp._4_1_30__BilSpec3', 'uncultured_bacterium__EF645667']",NA,TRUE,"Bilophila_wadsworthia__BilWads6"
"OWBG01.8946.1_2/21-362","OWBG01","SAMEA3708678","['Bilophila_wadsworthia__BilWads6']",0.0993673705024268,TRUE,"Bilophila_wadsworthia__BilWads6"
"ORTO01.4638.1_6/21-362","ORTO01","SAMEA2338791","['Bilophila_wadsworthia__BilWads6']",0.117164370502427,TRUE,"Bilophila_wadsworthia__BilWads6"
"ORTO01.4638.1_7/63-344","ORTO01","SAMEA2338791","['Bilophila_wadsworthia__BilWads6']",0.117800370502427,TRUE,"Bilophila_wadsworthia__BilWads6"
"OWEX01.6239.1_3/63-242","OWEX01","SAMEA3708486","['Bilophila_wadsworthia__BilWads6', 'uncultured_bacterium__EF645667', 'Bilophila_sp._4_1_30__BilSpec3']",NA,TRUE,"Bilophila_wadsworthia__BilWads6"
"OWEX01.26499.1_1/21-218","OWEX01","SAMEA3708486","['Bilophila_wadsworthia__BilWads6']",NA,TRUE,"Bilophila_wadsworthia__BilWads6"
"OUPV01.4006.1_5/20-361","OUPV01","SAMN05194723","['Desulfovibrio_piger__DslPige3', 'Desulfovibrio_piger__DslPige4']",0.0402327876807884,TRUE,"Desulfovibrio_piger__DslPige3"
"OUPV01.4006.1_4/4-419","OUPV01","SAMN05194723","['Desulfovibrio_piger__DslPige3', 'Desulfovibrio_piger__DslPige4']",0.0542280912742298,TRUE,"Desulfovibrio_piger__DslPige3"
"ORSY01.5627.1_3/21-362","ORSY01","SAMEA2338670","['Bilophila_sp._4_1_30__BilSpec3']",0.0107048334302823,TRUE,"Bilophila_sp._4_1_30__BilSpec3"
"ORSY01.5627.1_2/63-344","ORSY01","SAMEA2338670","['Bilophila_sp._4_1_30__BilSpec3']",NA,TRUE,"Bilophila_sp._4_1_30__BilSpec3"
"OWCV01.5324.1_2/63-344","OWCV01","SAMEA3708503","['Bilophila_sp._4_1_30__BilSpec3']",NA,TRUE,"Bilophila_sp._4_1_30__BilSpec3"
"OWCV01.5324.1_1/21-268","OWCV01","SAMEA3708503","['Bilophila_sp._4_1_30__BilSpec3']",0.0016698334302823,TRUE,"Bilophila_sp._4_1_30__BilSpec3"
"ORTP01.1109.1_18/21-362","ORTP01","SAMEA2338839","['Bilophila_wadsworthia__BilWads6']",0.0993673705024268,TRUE,"Bilophila_wadsworthia__BilWads6"
"ORTP01.1109.1_19/63-344","ORTP01","SAMEA2338839","['Bilophila_sp._4_1_30__BilSpec3']",NA,TRUE,"Bilophila_sp._4_1_30__BilSpec3"
"ORTP01.7590.1_1/9-303","ORTP01","SAMEA2338839","['Gordonibacter_pamelaeae_7-10-1-b__FP929047']",0.13325269517357,TRUE,"Gordonibacter_pamelaeae_7-10-1-b__FP929047"
"OZCJ01.17805.1_2/12-350","OZCJ01","SAMN06164950","['Desulfitibacter_alkalitolerans__DfiAlka2']",1.16484455633203,TRUE,"Desulfitibacter_alkalitolerans__DfiAlka2"
"OVGJ01.19122.1_1/8-283","OVGJ01","SAMN06016386","['Bilophila_wadsworthia__BilWads6', 'Bilophila_sp._4_1_30__BilSpec3']",NA,TRUE,"Bilophila_wadsworthia__BilWads6"
"UZOQ01.12829.1_1/4-396","UZOQ01","SAMN00792016","['Desulfovibrio_piger__DslPige3', 'Desulfovibrio_piger__DslPige4']",0.0826090912742298,TRUE,"Desulfovibrio_piger__DslPige3"
"UZOQ01.29194.1_1/20-331","UZOQ01","SAMN00792016","['Desulfovibrio_piger__DslPige4']",0.0586200912742298,TRUE,"Desulfovibrio_piger__DslPige4"
"UYDE01.34301.1_2/4-357","UYDE01","SAMEA2158769","['Anaerobic_bacterium_sk.prop8__Bv2Prop2']",1.21063353982822,TRUE,"Anaerobic_bacterium_sk.prop8__Bv2Prop2"
"UYDE01.51445.1_1/12-200","UYDE01","SAMEA2158769","['Desulfitibacter_alkalitolerans__DfiAlka2']",1.05888355633203,TRUE,"Desulfitibacter_alkalitolerans__DfiAlka2"
"UYDE01.34615.1_5/11-123","UYDE01","SAMEA2158769","['Thermodesulfobium_narugense__CP002690']",0.877810034581026,TRUE,"Thermodesulfobium_narugense__CP002690"
"OZDN01.33281.1_1/33-226","OZDN01","SAMN06165141","['Desulfovibrio_piger__DslPige3', 'Desulfovibrio_piger__DslPige4']",NA,TRUE,"Desulfovibrio_piger__DslPige3"
"OZDN01.36233.1_1/10-204","OZDN01","SAMN06165141","['Desulfovibrio_piger__DslPige3', 'Desulfovibrio_piger__DslPige4']",NA,TRUE,"Desulfovibrio_piger__DslPige3"
"USVX01.61560.1_1/2-236","USVX01","SAMN06111987","['Bilophila_wadsworthia__BilWads6']",NA,TRUE,"Bilophila_wadsworthia__BilWads6"
"ULXA01.49043.1_1/62-256","ULXA01","SAMEA4835827","['Bilophila_wadsworthia__BilWads6', 'Bilophila_sp._4_1_30__BilSpec3']",NA,TRUE,"Bilophila_wadsworthia__BilWads6"
"UPWW01.23394.1_1/8-323","UPWW01","SAMN06112026","['Bilophila_wadsworthia__BilWads6']",NA,TRUE,"Bilophila_wadsworthia__BilWads6"
"UZMT01.2439.1_6/20-361","UZMT01","SAMN00715232","['Desulfovibrio_piger__DslPige3']",0.0217727876807884,TRUE,"Desulfovibrio_piger__DslPige3"
"UZMT01.2439.1_5/4-418","UZMT01","SAMN00715232","['Desulfovibrio_piger__DslPige3']",0.0754470912742298,TRUE,"Desulfovibrio_piger__DslPige3"
"OVFI01.2248.1_5/21-362","OVFI01","SAMN06016365","['Bilophila_wadsworthia__BilWads6']",0.0993673705024268,TRUE,"Bilophila_wadsworthia__BilWads6"
"OVFI01.2248.1_6/63-344","OVFI01","SAMN06016365","['Bilophila_sp._4_1_30__BilSpec3']",NA,TRUE,"Bilophila_sp._4_1_30__BilSpec3"
"UYEI01.44226.1_1/1-133","UYEI01","SAMEA2157917","['Bilophila_sp._4_1_30__BilSpec3']",0.0016698334302823,TRUE,"Bilophila_sp._4_1_30__BilSpec3"
"UZSY01.17681.1_1/1-331","UZSY01","SAMN00792116","['Desulfovibrio_piger__DslPige3', 'Desulfovibrio_piger__DslPige4']",0.0812920912742298,TRUE,"Desulfovibrio_piger__DslPige3"
"UZSY01.27902.1_1/5-327","UZSY01","SAMN00792116","['Anaerobic_bacterium_sk.prop8__Bv2Prop2']",1.19455553982822,TRUE,"Anaerobic_bacterium_sk.prop8__Bv2Prop2"
"UZSY01.19533.1_2/2-407","UZSY01","SAMN00792116","['Desulfovibrio_piger__DslPige3', 'Desulfovibrio_piger__DslPige4']",0.0096047876807884,TRUE,"Desulfovibrio_piger__DslPige3"
"OWGF01.6758.1_2/10-348","OWGF01","SAMEA3708614","['Bilophila_wadsworthia__BilWads6']",0.106964370502427,TRUE,"Bilophila_wadsworthia__BilWads6"
"OWGF01.6758.1_1/63-344","OWGF01","SAMEA3708614","['Bilophila_sp._4_1_30__BilSpec3']",0.0287878334302823,TRUE,"Bilophila_sp._4_1_30__BilSpec3"
"ORQJ01.7226.1_3/21-343","ORQJ01","SAMEA2338657","['Bilophila_wadsworthia__BilWads6']",0.109223370502427,TRUE,"Bilophila_wadsworthia__BilWads6"
"ORQJ01.7226.1_2/63-344","ORQJ01","SAMEA2338657","['Bilophila_sp._4_1_30__BilSpec3']",NA,TRUE,"Bilophila_sp._4_1_30__BilSpec3"
"ULVZ01.30772.1_1/4-284","ULVZ01","SAMEA4835800","['Bilophila_wadsworthia__BilWads6', 'Bilophila_sp._4_1_30__BilSpec3']",NA,TRUE,"Bilophila_wadsworthia__BilWads6"
"ULVZ01.33813.1_3/3-229","ULVZ01","SAMEA4835800","['Bilophila_wadsworthia__BilWads6']",NA,TRUE,"Bilophila_wadsworthia__BilWads6"
"ORIR01.1070.1_3/12-347","ORIR01","SAMN04329863","['Desulfitibacter_alkalitolerans__DfiAlka2']",0.974123556332035,TRUE,"Desulfitibacter_alkalitolerans__DfiAlka2"
"ORIR01.2277.1_1/4-418","ORIR01","SAMN04329863","['Desulfovibrio_piger__DslPige3', 'Desulfovibrio_piger__DslPige4']",0.0018347876807884,TRUE,"Desulfovibrio_piger__DslPige3"
"ORIR01.1070.1_4/2-291","ORIR01","SAMN04329863","['Anaerobic_bacterium_sk.prop8__Bv2Prop2']",NA,TRUE,"Anaerobic_bacterium_sk.prop8__Bv2Prop2"
"ORIR01.7258.1_2/18-154","ORIR01","SAMN04329863","['Desulfovibrio_piger__DslPige3', 'Desulfovibrio_piger__DslPige4', 'Bilophila_wadsworthia__BilWads6', 'uncultured_bacterium__EF645667']",NA,TRUE,"Desulfovibrio_piger__DslPige3"
"OWDT01.5918.1_4/10-349","OWDT01","SAMEA3708656","['Bilophila_wadsworthia__BilWads6']",0.0993673705024268,TRUE,"Bilophila_wadsworthia__BilWads6"
"OWDT01.5918.1_3/63-344","OWDT01","SAMEA3708656","['Bilophila_sp._4_1_30__BilSpec3']",NA,TRUE,"Bilophila_sp._4_1_30__BilSpec3"
"OWEF01.30057.1_1/7-194","OWEF01","SAMEA3708711","['Bilophila_wadsworthia__BilWads6']",0.180026370502427,TRUE,"Bilophila_wadsworthia__BilWads6"
"OWEF01.70109.1_1/3-198","OWEF01","SAMEA3708711","['Anaerobic_bacterium_sk.prop8__Bv2Prop2']",NA,TRUE,"Anaerobic_bacterium_sk.prop8__Bv2Prop2"
"OYXT01.22678.1_1/9-213","OYXT01","SAMN06165035","['Desulfovibrio_piger__DslPige3', 'Desulfovibrio_piger__DslPige4']",0.23931809127423,TRUE,"Desulfovibrio_piger__DslPige3"
"UXQQ01.20325.1_1/6-396","UXQQ01","SAMEA2147036","['Desulfovibrio_piger__DslPige3', 'Desulfovibrio_piger__DslPige4']",NA,TRUE,"Desulfovibrio_piger__DslPige3"
"OVSZ01.12133.1_2/13-371","OVSZ01","SAMN06016405","['Desulfovibrio_piger__DslPige4']",0.0152037876807884,TRUE,"Desulfovibrio_piger__DslPige4"
"OVSZ01.12133.1_1/20-313","OVSZ01","SAMN06016405","['Desulfovibrio_piger__DslPige3']",NA,TRUE,"Desulfovibrio_piger__DslPige3"
"ULWK01.37980.1_3/1-230","ULWK01","SAMEA4835810","['Bilophila_wadsworthia__BilWads6']",NA,TRUE,"Bilophila_wadsworthia__BilWads6"
"OVGD01.1015.1_19/20-362","OVGD01","SAMN06016400","['Desulfovibrio_piger__DslPige3', 'Desulfovibrio_piger__DslPige4']",0.0993850912742298,TRUE,"Desulfovibrio_piger__DslPige3"
"OVGD01.1015.1_20/4-418","OVGD01","SAMN06016400","['Desulfovibrio_piger__DslPige3', 'Desulfovibrio_piger__DslPige4']",0.0400637876807884,TRUE,"Desulfovibrio_piger__DslPige3"
"OVGD01.2560.1_13/63-256","OVGD01","SAMN06016400","['uncultured_bacterium__EF645667']",0.206148276190246,TRUE,"uncultured_bacterium__EF645667"
"UXQM01.15256.1_1/21-362","UXQM01","SAMEA2158062","['Bilophila_wadsworthia__BilWads6']",0.0993673705024268,TRUE,"Bilophila_wadsworthia__BilWads6"
"UXQM01.15256.1_2/63-344","UXQM01","SAMEA2158062","['Bilophila_sp._4_1_30__BilSpec3']",NA,TRUE,"Bilophila_sp._4_1_30__BilSpec3"
"UMFF01.21185.1_3/21-362","UMFF01","SAMEA4836042","['Bilophila_sp._4_1_30__BilSpec3']",0.0016698334302823,TRUE,"Bilophila_sp._4_1_30__BilSpec3"
"UMFF01.21185.1_4/63-344","UMFF01","SAMEA4836042","['Bilophila_sp._4_1_30__BilSpec3']",NA,TRUE,"Bilophila_sp._4_1_30__BilSpec3"
"UPFS01.7620.1_2/21-362","UPFS01","SAMEA2737664","['Bilophila_wadsworthia__BilWads6']",0.0993673705024268,TRUE,"Bilophila_wadsworthia__BilWads6"
"UPFS01.7620.1_1/63-344","UPFS01","SAMEA2737664","['Bilophila_sp._4_1_30__BilSpec3']",NA,TRUE,"Bilophila_sp._4_1_30__BilSpec3"
"UEYH01.17786.1_3/21-353","UEYH01","SAMN06115522","['Bilophila_wadsworthia__BilWads6']",0.0993673705024268,TRUE,"Bilophila_wadsworthia__BilWads6"
"ORTI01.773.1_23/21-362","ORTI01","SAMEA2338832","['Bilophila_wadsworthia__BilWads6']",0.0993673705024268,TRUE,"Bilophila_wadsworthia__BilWads6"
"ORTI01.773.1_24/63-344","ORTI01","SAMEA2338832","['Bilophila_sp._4_1_30__BilSpec3']",NA,TRUE,"Bilophila_sp._4_1_30__BilSpec3"
"OVMG01.208.1_2/20-361","OVMG01","SAMN06016409","['uncultured_bacterium__EF645667']",0.215541276190246,TRUE,"uncultured_bacterium__EF645667"
"OVMG01.63095.1_1/16-256","OVMG01","SAMN06016409","['Bilophila_wadsworthia__BilWads6']",0.319233370502427,TRUE,"Bilophila_wadsworthia__BilWads6"
"OVMG01.6455.1_1/9-239","OVMG01","SAMN06016409","['Bilophila_wadsworthia__BilWads6']",0.455817370502427,TRUE,"Bilophila_wadsworthia__BilWads6"
"OVMG01.70339.1_1/19-231","OVMG01","SAMN06016409","['Desulfovibrio_piger__DslPige3', 'Desulfovibrio_piger__DslPige4']",NA,TRUE,"Desulfovibrio_piger__DslPige3"
"OVMG01.70948.1_1/6-218","OVMG01","SAMN06016409","['Bilophila_wadsworthia__BilWads6', 'Desulfovibrio_piger__DslPige3', 'Desulfovibrio_piger__DslPige4']",NA,TRUE,"Bilophila_wadsworthia__BilWads6"
"ULQX01.43010.1_1/1-229","ULQX01","SAMEA4835667","['Bilophila_wadsworthia__BilWads6', 'Bilophila_sp._4_1_30__BilSpec3']",NA,TRUE,"Bilophila_wadsworthia__BilWads6"
"ULQX01.5820.1_3/7-127","ULQX01","SAMEA4835667","['Bilophila_wadsworthia__BilWads6', 'Bilophila_sp._4_1_30__BilSpec3', 'uncultured_bacterium__EF645667']",NA,TRUE,"Bilophila_wadsworthia__BilWads6"
"UZHU01.3984.1_2/21-362","UZHU01","SAMN00791914","['Bilophila_sp._4_1_30__BilSpec3']",0.0016698334302823,TRUE,"Bilophila_sp._4_1_30__BilSpec3"
"UZHU01.3984.1_1/63-344","UZHU01","SAMN00791914","['Bilophila_sp._4_1_30__BilSpec3']",NA,TRUE,"Bilophila_sp._4_1_30__BilSpec3"
"OOUX01.25109.1_1/1-230","OOUX01","SAMEA2042285","['Desulfovibrio_piger__DslPige4', 'Desulfovibrio_piger__DslPige3', 'Desulfovibrio_piger__DslPige2']",NA,TRUE,"Desulfovibrio_piger__DslPige4"
"UAMN01.43781.1_1/6-124","UAMN01","SAMN06164395","['Bilophila_wadsworthia__BilWads6', 'Bilophila_sp._4_1_30__BilSpec3', 'uncultured_bacterium__EF645667']",NA,TRUE,"Bilophila_wadsworthia__BilWads6"
"USYT01.4484.1_4/21-362","USYT01","SAMN06111986","['Bilophila_wadsworthia__BilWads6']",0.0993673705024268,TRUE,"Bilophila_wadsworthia__BilWads6"
"USYT01.4484.1_3/63-344","USYT01","SAMN06111986","['Bilophila_sp._4_1_30__BilSpec3']",NA,TRUE,"Bilophila_sp._4_1_30__BilSpec3"
"ULOG01.35503.1_3/4-217","ULOG01","SAMEA4835598","['Bilophila_wadsworthia__BilWads6', 'Desulfovibrio_piger__DslPige3', 'Desulfovibrio_piger__DslPige4']",NA,TRUE,"Bilophila_wadsworthia__BilWads6"
"ULOG01.45661.1_2/2-134","ULOG01","SAMEA4835598","['uncultured_bacterium__EF645667']",0.16490670944906,TRUE,"uncultured_bacterium__EF645667"
"ORRC01.23281.1_3/3-217","ORRC01","SAMEA2338676","['Bilophila_wadsworthia__BilWads6']",NA,TRUE,"Bilophila_wadsworthia__BilWads6"
"ORQT01.2325.1_11/20-361","ORQT01","SAMEA2338634","['uncultured_bacterium__EF645667']",0.186349276190246,TRUE,"uncultured_bacterium__EF645667"
"ORQT01.2325.1_7/20-361","ORQT01","SAMEA2338634","['uncultured_bacterium__EF645667']",0.185544276190246,TRUE,"uncultured_bacterium__EF645667"
"ORQT01.2325.1_10/6-418","ORQT01","SAMEA2338634","['Desulfovibrio_piger__DslPige3']",0.0776620912742298,TRUE,"Desulfovibrio_piger__DslPige3"
"ORQT01.2325.1_6/4-418","ORQT01","SAMEA2338634","['Desulfovibrio_piger__DslPige3', 'Desulfovibrio_piger__DslPige4']",0.0791550912742298,TRUE,"Desulfovibrio_piger__DslPige3"
"UERF01.111.1_22/21-362","UERF01","SAMN06115477","['Bilophila_sp._4_1_30__BilSpec3']",0.0016698334302823,TRUE,"Bilophila_sp._4_1_30__BilSpec3"
"UERF01.111.1_23/63-344","UERF01","SAMN06115477","['Bilophila_sp._4_1_30__BilSpec3']",NA,TRUE,"Bilophila_sp._4_1_30__BilSpec3"
"OVFW01.1745.1_3/21-362","OVFW01","SAMN06016413","['Bilophila_wadsworthia__BilWads6']",0.0993673705024268,TRUE,"Bilophila_wadsworthia__BilWads6"
"OVZW01.609.1_13/21-362","OVZW01","SAMEA3708576","['Bilophila_wadsworthia__BilWads6']",0.0993673705024268,TRUE,"Bilophila_wadsworthia__BilWads6"
"OVZW01.609.1_12/63-344","OVZW01","SAMEA3708576","['Bilophila_sp._4_1_30__BilSpec3']",NA,TRUE,"Bilophila_sp._4_1_30__BilSpec3"
"ORSL01.4465.1_7/20-361","ORSL01","SAMEA2338664","['Desulfovibrio_piger__DslPige3', 'Desulfovibrio_piger__DslPige4']",0.0916940912742298,TRUE,"Desulfovibrio_piger__DslPige3"
"ORSL01.4465.1_6/4-418","ORSL01","SAMEA2338664","['Desulfovibrio_piger__DslPige3', 'Desulfovibrio_piger__DslPige4']",0.0329077876807884,TRUE,"Desulfovibrio_piger__DslPige3"
"UMAC01.27155.1_1/2-163","UMAC01","SAMEA4835904","['Anaerobic_bacterium_sk.prop8__Bv2Prop2']",1.35418253982822,TRUE,"Anaerobic_bacterium_sk.prop8__Bv2Prop2"
"OWRT01.6402.1_6/21-362","OWRT01","SAMEA4378290","['Bilophila_wadsworthia__BilWads6']",0.0993673705024268,TRUE,"Bilophila_wadsworthia__BilWads6"
"OWRT01.6402.1_5/63-344","OWRT01","SAMEA4378290","['Bilophila_sp._4_1_30__BilSpec3']",NA,TRUE,"Bilophila_sp._4_1_30__BilSpec3"
"OWRT01.9388.1_2/6-419","OWRT01","SAMEA4378290","['Desulfovibrio_piger__DslPige3', 'Desulfovibrio_piger__DslPige4']",0.0470370912742298,TRUE,"Desulfovibrio_piger__DslPige3"
"OWRT01.35758.1_2/5-210","OWRT01","SAMEA4378290","['Desulfovibrio_piger__DslPige3', 'Desulfovibrio_piger__DslPige4', 'Bilophila_wadsworthia__BilWads6']",NA,TRUE,"Desulfovibrio_piger__DslPige3"
"OWRT01.69208.1_1/4-119","OWRT01","SAMEA4378290","['Gordonibacter_pamelaeae_7-10-1-b__FP929047']",0.00759969517357038,TRUE,"Gordonibacter_pamelaeae_7-10-1-b__FP929047"
"ORTD01.11808.1_3/4-209","ORTD01","SAMEA2338793","['Bilophila_wadsworthia__BilWads6']",NA,TRUE,"Bilophila_wadsworthia__BilWads6"
"QWCN01.1636.1_22/21-362","QWCN01","SAMN09866707","['Bilophila_sp._4_1_30__BilSpec3']",0.0016698334302823,TRUE,"Bilophila_sp._4_1_30__BilSpec3"
"QWCN01.1636.1_23/63-344","QWCN01","SAMN09866707","['Bilophila_sp._4_1_30__BilSpec3']",NA,TRUE,"Bilophila_sp._4_1_30__BilSpec3"
"UALN01.24894.1_1/10-227","UALN01","SAMN06164626","['Bilophila_wadsworthia__BilWads6']",0.110468370502427,TRUE,"Bilophila_wadsworthia__BilWads6"
"UERI01.635.1_19/21-362","UERI01","SAMN06115528","['Bilophila_wadsworthia__BilWads6']",0.0993673705024268,TRUE,"Bilophila_wadsworthia__BilWads6"
"UERI01.635.1_20/63-344","UERI01","SAMN06115528","['Bilophila_sp._4_1_30__BilSpec3']",NA,TRUE,"Bilophila_sp._4_1_30__BilSpec3"
"ULPH01.21657.1_1/20-361","ULPH01","SAMEA4835623","['Desulfovibrio_piger__DslPige3', 'Desulfovibrio_piger__DslPige4']",0.0018347876807884,TRUE,"Desulfovibrio_piger__DslPige3"
"ULPH01.38634.1_1/40-290","ULPH01","SAMEA4835623","['Desulfovibrio_piger__DslPige3', 'Desulfovibrio_piger__DslPige4']",0.0737400912742298,TRUE,"Desulfovibrio_piger__DslPige3"
"ORJM01.5354.1_1/19-360","ORJM01","SAMN04329857","['Bilophila_sp._4_1_30__BilSpec3']",0.0198248334302823,TRUE,"Bilophila_sp._4_1_30__BilSpec3"
"ORJM01.9250.1_1/63-313","ORJM01","SAMN04329857","['Bilophila_sp._4_1_30__BilSpec3', 'Bilophila_wadsworthia__BilWads6']",NA,TRUE,"Bilophila_sp._4_1_30__BilSpec3"
"ORJM01.11884.1_1/2-218","ORJM01","SAMN04329857","['Bilophila_wadsworthia__BilWads6']",0.202495370502427,TRUE,"Bilophila_wadsworthia__BilWads6"
"OWCZ01.27429.1_3/1-132","OWCZ01","SAMEA3708699","['Bilophila_wadsworthia__BilWads6', 'Bilophila_sp._4_1_30__BilSpec3', 'uncultured_bacterium__EF645667']",NA,TRUE,"Bilophila_wadsworthia__BilWads6"
"ORUL01.9406.1_2/21-362","ORUL01","SAMEA2338792","['Bilophila_wadsworthia__BilWads6']",0.144862370502427,TRUE,"Bilophila_wadsworthia__BilWads6"
"OYXK01.23823.1_2/17-212","OYXK01","SAMN06164905","['Bilophila_wadsworthia__BilWads6', 'Bilophila_sp._4_1_30__BilSpec3']",NA,TRUE,"Bilophila_wadsworthia__BilWads6"
"OWBV01.380.1_14/10-349","OWBV01","SAMEA3708481","['Bilophila_wadsworthia__BilWads6']",0.0993673705024268,TRUE,"Bilophila_wadsworthia__BilWads6"
"OWBV01.380.1_15/63-344","OWBV01","SAMEA3708481","['Bilophila_sp._4_1_30__BilSpec3']",NA,TRUE,"Bilophila_sp._4_1_30__BilSpec3"
"OPCW01.7977.1_4/9-227","OPCW01","SAMEA2042660","['Desulfovibrio_piger__DslPige4', 'Desulfovibrio_piger__DslPige3']",NA,TRUE,"Desulfovibrio_piger__DslPige4"
"OVGL01.12375.1_1/10-345","OVGL01","SAMN06016333","['Bilophila_wadsworthia__BilWads6']",0.0993673705024268,TRUE,"Bilophila_wadsworthia__BilWads6"
"OVGL01.16484.1_1/63-394","OVGL01","SAMN06016333","['Bilophila_sp._4_1_30__BilSpec3']",NA,TRUE,"Bilophila_sp._4_1_30__BilSpec3"
"OVTC01.1267.1_10/20-361","OVTC01","SAMN06016351","['uncultured_bacterium__EF645667']",0.205468276190246,TRUE,"uncultured_bacterium__EF645667"
"OVTC01.1267.1_6/20-361","OVTC01","SAMN06016351","['uncultured_bacterium__EF645667']",0.205468276190246,TRUE,"uncultured_bacterium__EF645667"
"OVTC01.1267.1_9/6-418","OVTC01","SAMN06016351","['Desulfovibrio_piger__DslPige3']",0.0243277876807884,TRUE,"Desulfovibrio_piger__DslPige3"
"OVTC01.1267.1_5/4-418","OVTC01","SAMN06016351","['Desulfovibrio_piger__DslPige3']",0.0255467876807884,TRUE,"Desulfovibrio_piger__DslPige3"
"UPNF01.49190.1_1/1-171","UPNF01","SAMEA2737828","['Bilophila_wadsworthia__BilWads6', 'Bilophila_sp._4_1_30__BilSpec3', 'uncultured_bacterium__EF645667']",NA,TRUE,"Bilophila_wadsworthia__BilWads6"
"UPFP01.1770.1_6/21-362","UPFP01","SAMEA2737697","['Bilophila_wadsworthia__BilWads6']",0.0993673705024268,TRUE,"Bilophila_wadsworthia__BilWads6"
"UPFP01.1770.1_5/63-344","UPFP01","SAMEA2737697","['Bilophila_sp._4_1_30__BilSpec3']",NA,TRUE,"Bilophila_sp._4_1_30__BilSpec3"
"OWBZ01.587.1_13/21-362","OWBZ01","SAMEA3708666","['Bilophila_wadsworthia__BilWads6']",0.0993673705024268,TRUE,"Bilophila_wadsworthia__BilWads6"
"OWBZ01.17.1_33/21-361","OWBZ01","SAMEA3708666","['uncultured_bacterium__EF645667']",0.140181170607274,TRUE,"uncultured_bacterium__EF645667"
"OWBZ01.17.1_32/4-420","OWBZ01","SAMEA3708666","['uncultured_bacterium__EF645667']",0.0848526773928871,TRUE,"uncultured_bacterium__EF645667"
"OWBZ01.587.1_12/63-344","OWBZ01","SAMEA3708666","['Bilophila_sp._4_1_30__BilSpec3']",NA,TRUE,"Bilophila_sp._4_1_30__BilSpec3"
"OWBZ01.66600.1_1/9-203","OWBZ01","SAMEA3708666","['Desulfovibrio_desulfuricans_subsp._desulfuricans_str._ATCC_27774__CP001358']",NA,TRUE,"Desulfovibrio_desulfuricans_subsp._desulfuricans_str._ATCC_27774__CP001358"
"OWBZ01.91570.1_1/9-125","OWBZ01","SAMEA3708666","['Gordonibacter_pamelaeae__GrdPame5']",0.254254704393165,TRUE,"Gordonibacter_pamelaeae__GrdPame5"
"OWBZ01.42189.1_1/8-171","OWBZ01","SAMEA3708666","['Gordonibacter_pamelaeae__GrdPame5']",NA,TRUE,"Gordonibacter_pamelaeae__GrdPame5"
"OVXZ01.1795.1_13/21-362","OVXZ01","SAMEA3708487","['Bilophila_wadsworthia__BilWads6']",0.0993673705024268,TRUE,"Bilophila_wadsworthia__BilWads6"
"OVXZ01.1795.1_12/63-344","OVXZ01","SAMEA3708487","['Bilophila_sp._4_1_30__BilSpec3']",NA,TRUE,"Bilophila_sp._4_1_30__BilSpec3"
"UZJZ01.1514.1_7/21-362","UZJZ01","SAMN00715235","['Bilophila_sp._4_1_30__BilSpec3']",0.0016698334302823,TRUE,"Bilophila_sp._4_1_30__BilSpec3"
"UZJZ01.1514.1_8/63-344","UZJZ01","SAMN00715235","['Bilophila_sp._4_1_30__BilSpec3']",NA,TRUE,"Bilophila_sp._4_1_30__BilSpec3"
"OZXJ01.3909.1_3/4-419","OZXJ01","SAMN06165064","['Desulfovibrio_piger__DslPige3']",0.0241237876807884,TRUE,"Desulfovibrio_piger__DslPige3"
"OZXJ01.3909.1_4/20-321","OZXJ01","SAMN06165064","['Desulfovibrio_piger__DslPige3', 'Desulfovibrio_piger__DslPige4']",0.0416457876807884,TRUE,"Desulfovibrio_piger__DslPige3"
"USWM01.9892.1_3/1-334","USWM01","SAMN06112042","['Bilophila_sp._4_1_30__BilSpec3']",0.0016698334302823,TRUE,"Bilophila_sp._4_1_30__BilSpec3"
"USWM01.26546.1_1/42-311","USWM01","SAMN06112042","['Bilophila_wadsworthia__BilWads6', 'Bilophila_sp._4_1_30__BilSpec3']",NA,TRUE,"Bilophila_wadsworthia__BilWads6"
"UZTC01.28481.1_2/3-289","UZTC01","SAMN00792069","['Desulfovibrio_piger__DslPige3', 'Desulfovibrio_piger__DslPige4']",NA,TRUE,"Desulfovibrio_piger__DslPige3"
"UZTC01.1544.1_14/8-221","UZTC01","SAMN00792069","['uncultured_bacterium__EF645667', 'Desulfovibrio_piger__DslPige3', 'Desulfovibrio_piger__DslPige4']",NA,TRUE,"uncultured_bacterium__EF645667"
"UZTC01.7577.1_5/8-221","UZTC01","SAMN00792069","['Desulfovibrio_piger__DslPige3', 'Desulfovibrio_piger__DslPige4', 'Bilophila_wadsworthia__BilWads6']",NA,TRUE,"Desulfovibrio_piger__DslPige3"
"UZTC01.4103.1_1/5-204","UZTC01","SAMN00792069","['Bilophila_sp._4_1_30__BilSpec3', 'uncultured_bacterium__EF645667']",NA,TRUE,"Bilophila_sp._4_1_30__BilSpec3"
"UPCR01.6790.1_2/20-361","UPCR01","SAMEA2737714","['uncultured_bacterium__EF645667']",0.190697276190246,TRUE,"uncultured_bacterium__EF645667"
"UPCR01.9514.1_2/7-257","UPCR01","SAMEA2737714","['Desulfovibrio_piger__DslPige3']",0.0090487876807884,TRUE,"Desulfovibrio_piger__DslPige3"
"USXK01.37778.1_1/26-259","USXK01","SAMN06112017","['Bilophila_sp._4_1_30__BilSpec3']",NA,TRUE,"Bilophila_sp._4_1_30__BilSpec3"
"USXK01.65192.1_1/7-85","USXK01","SAMN06112017","['Thermodesulfobium_narugense__CP002690']",1.16323503458103,TRUE,"Thermodesulfobium_narugense__CP002690"
"USWN01.28933.1_1/50-384","USWN01","SAMN06111962","['Bilophila_sp._4_1_30__BilSpec3']",0.0016698334302823,TRUE,"Bilophila_sp._4_1_30__BilSpec3"
"USWN01.44477.1_1/4-272","USWN01","SAMN06111962","['Bilophila_wadsworthia__BilWads6']",NA,TRUE,"Bilophila_wadsworthia__BilWads6"
"UZST01.1838.1_6/21-362","UZST01","SAMN00792081","['Bilophila_wadsworthia__BilWads6']",0.0993673705024268,TRUE,"Bilophila_wadsworthia__BilWads6"
"UZST01.1838.1_7/63-344","UZST01","SAMN00792081","['Bilophila_sp._4_1_30__BilSpec3']",NA,TRUE,"Bilophila_sp._4_1_30__BilSpec3"
"ORMV01.18595.1_1/3-217","ORMV01","SAMEA2338778","['Bilophila_wadsworthia__BilWads6']",NA,TRUE,"Bilophila_wadsworthia__BilWads6"
"UZVQ01.3876.1_4/21-362","UZVQ01","SAMN00993242","['Bilophila_wadsworthia__BilWads6']",0.0993673705024268,TRUE,"Bilophila_wadsworthia__BilWads6"
"UZVQ01.3876.1_3/63-344","UZVQ01","SAMN00993242","['Bilophila_sp._4_1_30__BilSpec3']",NA,TRUE,"Bilophila_sp._4_1_30__BilSpec3"
"ULXY01.54974.1_1/2-156","ULXY01","SAMEA4835851","['Bilophila_wadsworthia__BilWads6', 'Bilophila_sp._4_1_30__BilSpec3']",NA,TRUE,"Bilophila_wadsworthia__BilWads6"
"ULXY01.56227.1_1/27-163","ULXY01","SAMEA4835851","['Desulfovibrio_piger__DslPige3', 'Desulfovibrio_piger__DslPige4']",NA,TRUE,"Desulfovibrio_piger__DslPige3"
"ULXY01.527.1_2/6-141","ULXY01","SAMEA4835851","['uncultured_bacterium__EF645667']",0.16490670944906,TRUE,"uncultured_bacterium__EF645667"
"UZTP01.5043.1_4/21-362","UZTP01","SAMN00792090","['Bilophila_wadsworthia__BilWads6']",0.0993673705024268,TRUE,"Bilophila_wadsworthia__BilWads6"
"UZTP01.5043.1_3/63-344","UZTP01","SAMN00792090","['Bilophila_sp._4_1_30__BilSpec3']",0.0105878334302823,TRUE,"Bilophila_sp._4_1_30__BilSpec3"
"ORNT01.18541.1_1/4-383","ORNT01","SAMEA2338729","['Desulfovibrio_piger__DslPige3', 'Desulfovibrio_piger__DslPige4']",0.0630760912742298,TRUE,"Desulfovibrio_piger__DslPige3"
"USVU01.43917.1_1/2-215","USVU01","SAMN06111930","['Bilophila_wadsworthia__BilWads6']",0.144398370502427,TRUE,"Bilophila_wadsworthia__BilWads6"
"ORSD01.8479.1_1/18-361","ORSD01","SAMEA2338665","['uncultured_bacterium__EF645667']",0.666164276190246,TRUE,"uncultured_bacterium__EF645667"
"ORSD01.8479.1_2/5-399","ORSD01","SAMEA2338665","['uncultured_bacterium__EF645667']",0.507235276190246,TRUE,"uncultured_bacterium__EF645667"
"OWFA01.471.1_15/4-419","OWFA01","SAMEA3708492","['Desulfovibrio_piger__DslPige3', 'Desulfovibrio_piger__DslPige4']",0.0096047876807884,TRUE,"Desulfovibrio_piger__DslPige3"
"OVTY01.351.1_26/20-359","OVTY01","SAMN06016340","['Bilophila_wadsworthia__BilWads6']",0.458716370502427,TRUE,"Bilophila_wadsworthia__BilWads6"
"OVTY01.351.1_27/4-343","OVTY01","SAMN06016340","['Bilophila_wadsworthia__BilWads6']",0.351412370502427,TRUE,"Bilophila_wadsworthia__BilWads6"
"OVTY01.44843.1_1/1-299","OVTY01","SAMN06016340","['Desulfovibrio_piger__DslPige3', 'Desulfovibrio_piger__DslPige4']",NA,TRUE,"Desulfovibrio_piger__DslPige3"
"ORTY01.2902.1_2/21-364","ORTY01","SAMEA2338857","['Bilophila_wadsworthia__BilWads6']",0.312150370502427,TRUE,"Bilophila_wadsworthia__BilWads6"
"ORTY01.11119.1_1/63-384","ORTY01","SAMEA2338857","['Bilophila_sp._4_1_30__BilSpec3']",0.0168938334302823,TRUE,"Bilophila_sp._4_1_30__BilSpec3"
"ORTY01.56301.1_1/1-312","ORTY01","SAMEA2338857","['Desulfovibrio_piger__DslPige4']",0.0152037876807884,TRUE,"Desulfovibrio_piger__DslPige4"
"ORTY01.76057.1_1/6-218","ORTY01","SAMEA2338857","['Desulfovibrio_piger__DslPige3', 'Desulfovibrio_piger__DslPige4', 'Bilophila_wadsworthia__BilWads6']",NA,TRUE,"Desulfovibrio_piger__DslPige3"
"ORTY01.2902.1_1/1-186","ORTY01","SAMEA2338857","['Desulfovibrio_vulgaris__DQ826729']",NA,TRUE,"Desulfovibrio_vulgaris__DQ826729"
"ORBT01.130855.1_1/11-180","ORBT01","SAMN04158623","['Desulfitibacter_alkalitolerans__DfiAlka2']",1.05888355633203,TRUE,"Desulfitibacter_alkalitolerans__DfiAlka2"
"USXU01.1048.1_13/21-362","USXU01","SAMN06111933","['Bilophila_wadsworthia__BilWads6']",0.0993673705024268,TRUE,"Bilophila_wadsworthia__BilWads6"
"USXU01.1048.1_12/63-344","USXU01","SAMN06111933","['Bilophila_sp._4_1_30__BilSpec3']",NA,TRUE,"Bilophila_sp._4_1_30__BilSpec3"
"UZJF01.10810.1_2/21-362","UZJF01","SAMN00791909","['Bilophila_wadsworthia__BilWads6']",0.0993673705024268,TRUE,"Bilophila_wadsworthia__BilWads6"
"UZJF01.10810.1_3/2-241","UZJF01","SAMN00791909","['Bilophila_sp._4_1_30__BilSpec3']",0.0082338334302823,TRUE,"Bilophila_sp._4_1_30__BilSpec3"
"UEOY01.9863.1_1/16-260","UEOY01","SAMN06115427","['Bilophila_wadsworthia__BilWads6', 'Bilophila_sp._4_1_30__BilSpec3']",NA,TRUE,"Bilophila_wadsworthia__BilWads6"
"UEOY01.9863.1_2/21-264","UEOY01","SAMN06115427","['Bilophila_wadsworthia__BilWads6']",0.108602370502427,TRUE,"Bilophila_wadsworthia__BilWads6"
"VOFD01.1381.1_16/20-361","VOFD01","SAMN12384723","['uncultured_bacterium__EF645667']",0.215541276190246,TRUE,"uncultured_bacterium__EF645667"
"VOFD01.1381.1_11/20-361","VOFD01","SAMN12384723","['Desulfovibrio_piger__DslPige3', 'Desulfovibrio_piger__DslPige4']",0.0018347876807884,TRUE,"Desulfovibrio_piger__DslPige3"
"VOFD01.1381.1_15/7-421","VOFD01","SAMN12384723","['Desulfovibrio_piger__DslPige3', 'Desulfovibrio_piger__DslPige4']",0.0683010912742298,TRUE,"Desulfovibrio_piger__DslPige3"
"VOFD01.1381.1_10/4-420","VOFD01","SAMN12384723","['Desulfovibrio_piger__DslPige3', 'Desulfovibrio_piger__DslPige4']",0.0592920912742298,TRUE,"Desulfovibrio_piger__DslPige3"
"ULQW01.79312.1_1/4-217","ULQW01","SAMEA4835666","['uncultured_bacterium__EF645667']",0.211676276190246,TRUE,"uncultured_bacterium__EF645667"
"UMHT01.2989.1_6/21-362","UMHT01","SAMEA4836105","['Bilophila_wadsworthia__BilWads6']",0.0993673705024268,TRUE,"Bilophila_wadsworthia__BilWads6"
"UMHT01.2989.1_5/63-344","UMHT01","SAMEA4836105","['Bilophila_sp._4_1_30__BilSpec3']",NA,TRUE,"Bilophila_sp._4_1_30__BilSpec3"
"ORUM01.787.1_14/21-362","ORUM01","SAMEA2338831","['Bilophila_wadsworthia__BilWads6']",0.0993673705024268,TRUE,"Bilophila_wadsworthia__BilWads6"
"ORUM01.787.1_15/63-344","ORUM01","SAMEA2338831","['Bilophila_sp._4_1_30__BilSpec3']",NA,TRUE,"Bilophila_sp._4_1_30__BilSpec3"
"OUQH01.2542.1_9/2-324","OUQH01","SAMN05194711","['Gordonibacter_pamelaeae__GrdPame5']",0.839404704393165,TRUE,"Gordonibacter_pamelaeae__GrdPame5"
"OUQH01.2542.1_8/8-368","OUQH01","SAMN05194711","['Gordonibacter_pamelaeae__GrdPame5']",0.901106704393165,TRUE,"Gordonibacter_pamelaeae__GrdPame5"
"OUQH01.61344.1_1/7-220","OUQH01","SAMN05194711","['Desulfovibrio_piger__DslPige3']",0.0238337876807884,TRUE,"Desulfovibrio_piger__DslPige3"
"ULQD01.22563.1_1/5-238","ULQD01","SAMEA4835646","['Desulfitibacter_alkalitolerans__DfiAlka2']",NA,TRUE,"Desulfitibacter_alkalitolerans__DfiAlka2"
"ULQD01.22839.1_1/1-185","ULQD01","SAMEA4835646","['Desulfovibrio_piger__DslPige3', 'Desulfovibrio_piger__DslPige4']",NA,TRUE,"Desulfovibrio_piger__DslPige3"
"ULTS01.37260.1_1/1-304","ULTS01","SAMEA4835741","['Desulfovibrio_piger__DslPige3']",NA,TRUE,"Desulfovibrio_piger__DslPige3"
"UYDT01.11650.1_3/20-362","UYDT01","SAMEA2156032","['Desulfovibrio_piger__DslPige4']",0.0756277876807884,TRUE,"Desulfovibrio_piger__DslPige4"
"UYDT01.11976.1_2/63-344","UYDT01","SAMEA2156032","['uncultured_bacterium__EF645667']",0.182844276190246,TRUE,"uncultured_bacterium__EF645667"
"USVL01.4325.1_3/21-362","USVL01","SAMN06112034","['Bilophila_wadsworthia__BilWads6']",0.0993673705024268,TRUE,"Bilophila_wadsworthia__BilWads6"
"USVL01.4325.1_4/63-394","USVL01","SAMN06112034","['Bilophila_sp._4_1_30__BilSpec3']",NA,TRUE,"Bilophila_sp._4_1_30__BilSpec3"
"USVL01.50272.1_1/9-197","USVL01","SAMN06112034","['Desulfovibrio_piger__DslPige3', 'Desulfovibrio_piger__DslPige4']",0.0883350912742298,TRUE,"Desulfovibrio_piger__DslPige3"
"OQDT01.10420.1_3/21-363","OQDT01","SAMD00036337","['Bilophila_wadsworthia__BilWads6']",0.181578370502427,TRUE,"Bilophila_wadsworthia__BilWads6"
"ORIC01.74545.1_2/1-115","ORIC01","SAMN04329767","['Schlöppnerbrunnen_II_soil_clone_dsrSbII-39__Af0ScI42']",1.62394126629764,TRUE,"Schlöppnerbrunnen_II_soil_clone_dsrSbII-39__Af0ScI42"
"ORIC01.113687.1_1/3-167","ORIC01","SAMN04329767","['Anaerobic_bacterium_sk.prop8__Bv2Prop2']",1.28048453982822,TRUE,"Anaerobic_bacterium_sk.prop8__Bv2Prop2"
"OVME01.1277.1_9/21-362","OVME01","SAMN06016336","['Bilophila_wadsworthia__BilWads6']",0.0993673705024268,TRUE,"Bilophila_wadsworthia__BilWads6"
"OVME01.1277.1_10/63-344","OVME01","SAMN06016336","['Bilophila_sp._4_1_30__BilSpec3']",NA,TRUE,"Bilophila_sp._4_1_30__BilSpec3"
"UMJY01.55548.1_2/17-315","UMJY01","SAMEA4836161","['Bilophila_wadsworthia__BilWads6', 'Bilophila_sp._4_1_30__BilSpec3']",NA,TRUE,"Bilophila_wadsworthia__BilWads6"
"UMJY01.18050.1_3/5-219","UMJY01","SAMEA4836161","['Bilophila_wadsworthia__BilWads6']",0.0993673705024268,TRUE,"Bilophila_wadsworthia__BilWads6"
"UXTX01.19554.1_1/132-452","UXTX01","SAMEA2154516","['Desulfovibrio_piger__DslPige3', 'Desulfovibrio_piger__DslPige4']",NA,TRUE,"Desulfovibrio_piger__DslPige3"
"ULWW01.46547.1_2/15-334","ULWW01","SAMEA4835823","['Desulfovibrio_piger__DslPige3', 'Desulfovibrio_piger__DslPige4']",0.0508460912742298,TRUE,"Desulfovibrio_piger__DslPige3"
"ULWW01.17597.1_1/2-172","ULWW01","SAMEA4835823","['Bilophila_wadsworthia__BilWads6', 'Desulfovibrio_piger__DslPige3', 'Desulfovibrio_piger__DslPige4', 'uncultured_bacterium__EF645667']",NA,TRUE,"Bilophila_wadsworthia__BilWads6"
"ORUV01.35392.1_1/10-146","ORUV01","SAMEA2338805","['uncultured_bacterium__EF645667']",0.215652276190246,TRUE,"uncultured_bacterium__EF645667"
"OQPP01.20025.1_1/64-390","OQPP01","SAMN02712135","['Bilophila_wadsworthia__BilWads6', 'Bilophila_sp._4_1_30__BilSpec3']",NA,TRUE,"Bilophila_wadsworthia__BilWads6"
"OXWJ01.37137.1_1/2-135","OXWJ01","SAMN06164422","['Desulfovibrio_piger__DslPige3', 'Desulfovibrio_piger__DslPige4']",0.0018347876807884,TRUE,"Desulfovibrio_piger__DslPige3"
"OVTJ01.17173.1_2/21-362","OVTJ01","SAMN06016423","['Bilophila_sp._4_1_30__BilSpec3']",0.0107378334302823,TRUE,"Bilophila_sp._4_1_30__BilSpec3"
"UPRP01.15111.1_1/27-257","UPRP01","SAMEA2737788","['Bilophila_wadsworthia__BilWads6']",NA,TRUE,"Bilophila_wadsworthia__BilWads6"
"UPRP01.84938.1_1/2-175","UPRP01","SAMEA2737788","['Anaerobic_bacterium_sk.prop8__Bv2Prop2']",0.808335884876433,TRUE,"Anaerobic_bacterium_sk.prop8__Bv2Prop2"
"OWDO01.51729.1_1/20-211","OWDO01","SAMEA3708568","['Bilophila_sp._4_1_30__BilSpec3', 'Bilophila_wadsworthia__BilWads6']",NA,TRUE,"Bilophila_sp._4_1_30__BilSpec3"
"OWDO01.68518.1_1/13-148","OWDO01","SAMEA3708568","['Bilophila_sp._4_1_30__BilSpec3']",0.0016698334302823,TRUE,"Bilophila_sp._4_1_30__BilSpec3"
"ORCL01.17092.1_1/63-251","ORCL01","SAMN06115466","['Bilophila_wadsworthia__BilWads6']",0.137069370502427,TRUE,"Bilophila_wadsworthia__BilWads6"
"ORCN01.486.1_12/21-362","ORCN01","SAMN06115395","['Bilophila_sp._4_1_30__BilSpec3']",0.0016698334302823,TRUE,"Bilophila_sp._4_1_30__BilSpec3"
"ORCN01.1764.1_2/18-361","ORCN01","SAMN06115395","['uncultured_bacterium__EF645667']",0.644931276190246,TRUE,"uncultured_bacterium__EF645667"
"ORCN01.486.1_11/63-344","ORCN01","SAMN06115395","['Bilophila_sp._4_1_30__BilSpec3']",NA,TRUE,"Bilophila_sp._4_1_30__BilSpec3"
"ORCN01.1764.1_1/5-326","ORCN01","SAMN06115395","['uncultured_bacterium__EF645667']",NA,TRUE,"uncultured_bacterium__EF645667"
"USXD01.53125.1_1/1-192","USXD01","SAMN06112054","['Polluted_aquifer_clone_LGWK16__UncS1633']",1.24312574366553,TRUE,"Polluted_aquifer_clone_LGWK16__UncS1633"
"UZQA01.12561.1_2/6-418","UZQA01","SAMN00791971","['Desulfovibrio_piger__DslPige3', 'Desulfovibrio_piger__DslPige4']",0.0683820912742298,TRUE,"Desulfovibrio_piger__DslPige3"
"OVYX01.20643.1_1/2-330","OVYX01","SAMEA3708630","['Bilophila_wadsworthia__BilWads6']",0.0993673705024268,TRUE,"Bilophila_wadsworthia__BilWads6"
"OVYX01.12538.1_2/63-313","OVYX01","SAMEA3708630","['Bilophila_sp._4_1_30__BilSpec3', 'Bilophila_wadsworthia__BilWads6']",NA,TRUE,"Bilophila_sp._4_1_30__BilSpec3"
"OVLU01.106.1_5/20-361","OVLU01","SAMN06016414","['uncultured_bacterium__EF645667']",0.215541276190246,TRUE,"uncultured_bacterium__EF645667"
"OVLU01.9473.1_2/21-362","OVLU01","SAMN06016414","['Bilophila_wadsworthia__BilWads6']",0.0993673705024268,TRUE,"Bilophila_wadsworthia__BilWads6"
"OVLU01.9473.1_1/62-343","OVLU01","SAMN06016414","['Bilophila_sp._4_1_30__BilSpec3']",0.0016698334302823,TRUE,"Bilophila_sp._4_1_30__BilSpec3"
"OVLU01.106.1_4/4-419","OVLU01","SAMN06016414","['Desulfovibrio_piger__DslPige3']",0.0241237876807884,TRUE,"Desulfovibrio_piger__DslPige3"
"OVLU01.87868.1_1/4-216","OVLU01","SAMN06016414","['Bilophila_wadsworthia__BilWads6', 'Desulfovibrio_piger__DslPige3', 'Desulfovibrio_piger__DslPige4']",NA,TRUE,"Bilophila_wadsworthia__BilWads6"
"UXRH01.46382.1_1/2-264","UXRH01","SAMEA1972381","['Bilophila_wadsworthia__BilWads6', 'Bilophila_sp._4_1_30__BilSpec3']",NA,TRUE,"Bilophila_wadsworthia__BilWads6"
"UXRH01.45066.1_1/12-245","UXRH01","SAMEA1972381","['Bilophila_sp._4_1_30__BilSpec3']",NA,TRUE,"Bilophila_sp._4_1_30__BilSpec3"
"UYEA01.3323.1_10/18-361","UYEA01","SAMEA2159881","['uncultured_bacterium__EF645667']",0.644931276190246,TRUE,"uncultured_bacterium__EF645667"
"UYEA01.3323.1_11/2-264","UYEA01","SAMEA2159881","['Desulfovibrio_piger__DslPige3']",0.43125609127423,TRUE,"Desulfovibrio_piger__DslPige3"
"UENY01.20.1_42/10-349","UENY01","SAMN06115543","['Bilophila_wadsworthia__BilWads6']",0.0993673705024268,TRUE,"Bilophila_wadsworthia__BilWads6"
"UENY01.20.1_41/63-344","UENY01","SAMN06115543","['Bilophila_sp._4_1_30__BilSpec3']",NA,TRUE,"Bilophila_sp._4_1_30__BilSpec3"
"UYBU01.31215.1_1/8-228","UYBU01","SAMEA1970465","['Desulfovibrio_piger__DslPige3', 'Desulfovibrio_piger__DslPige4', 'Desulfovibrio_piger__DslPige2']",NA,TRUE,"Desulfovibrio_piger__DslPige3"
"ULTM01.2757.1_1/2-211","ULTM01","SAMEA4835735","['Desulfovibrio_piger__DslPige3', 'Desulfovibrio_piger__DslPige4']",NA,TRUE,"Desulfovibrio_piger__DslPige3"
"ULTM01.8791.1_1/1-133","ULTM01","SAMEA4835735","['Bilophila_wadsworthia__BilWads6', 'Bilophila_sp._4_1_30__BilSpec3', 'uncultured_bacterium__EF645667']",NA,TRUE,"Bilophila_wadsworthia__BilWads6"
"ULTM01.14838.1_1/3-176","ULTM01","SAMEA4835735","['Desulfovibrio_piger__DslPige3', 'Desulfovibrio_piger__DslPige4']",0.0871930912742298,TRUE,"Desulfovibrio_piger__DslPige3"
"UZIK01.5677.1_3/63-343","UZIK01","SAMN00791911","['Bilophila_sp._4_1_30__BilSpec3']",0.0016698334302823,TRUE,"Bilophila_sp._4_1_30__BilSpec3"
"UZIK01.12089.1_1/21-227","UZIK01","SAMN00791911","['Bilophila_sp._4_1_30__BilSpec3', 'uncultured_bacterium__EF645667']",NA,TRUE,"Bilophila_sp._4_1_30__BilSpec3"
"OZHD01.48840.1_1/3-179","OZHD01","SAMN06165277","['Desulfovibrio_piger__DslPige3', 'Desulfovibrio_piger__DslPige4']",NA,TRUE,"Desulfovibrio_piger__DslPige3"
"OWZV01.1648.1_3/4-307","OWZV01","SAMN05827256","['Gordonibacter_pamelaeae__GrdPame5']",0.266305704393165,TRUE,"Gordonibacter_pamelaeae__GrdPame5"
"OWZV01.1252.1_4/2-301","OWZV01","SAMN05827256","['Gordonibacter_pamelaeae__GrdPame5']",0.0276322210296696,TRUE,"Gordonibacter_pamelaeae__GrdPame5"
"USUJ01.8659.1_4/20-361","USUJ01","SAMN06111992","['Desulfovibrio_piger__DslPige3', 'Desulfovibrio_piger__DslPige4']",0.0403787876807884,TRUE,"Desulfovibrio_piger__DslPige3"
"USUJ01.8659.1_5/4-419","USUJ01","SAMN06111992","['Desulfovibrio_piger__DslPige3', 'Desulfovibrio_piger__DslPige4']",0.0475690912742298,TRUE,"Desulfovibrio_piger__DslPige3"
"OQLH01.6759.1_2/21-362","OQLH01","SAMD00036381","['Bilophila_wadsworthia__BilWads6']",0.0993673705024268,TRUE,"Bilophila_wadsworthia__BilWads6"
"OQLH01.6759.1_1/21-301","OQLH01","SAMD00036381","['Bilophila_wadsworthia__BilWads6', 'Bilophila_sp._4_1_30__BilSpec3']",NA,TRUE,"Bilophila_wadsworthia__BilWads6"
"UMLC01.34302.1_1/2-216","UMLC01","SAMEA4836193","['Bilophila_sp._4_1_30__BilSpec3', 'uncultured_bacterium__EF645667']",NA,TRUE,"Bilophila_sp._4_1_30__BilSpec3"
"ULQK01.58108.1_1/3-198","ULQK01","SAMEA4835652","['uncultured_bacterium__EF645667']",NA,TRUE,"uncultured_bacterium__EF645667"
"ULQK01.47355.1_2/1-226","ULQK01","SAMEA4835652","['uncultured_bacterium__EF645667', 'Desulfovibrio_piger__DslPige3']",NA,TRUE,"uncultured_bacterium__EF645667"
"OWAB01.30454.1_1/16-357","OWAB01","SAMEA3708590","['Desulfovibrio_sp._6_1_46AFAA__DsvSp231']",0.0261574179855414,TRUE,"Desulfovibrio_sp._6_1_46AFAA__DsvSp231"
"OWAB01.17042.1_1/63-401","OWAB01","SAMEA3708590","['Desulfovibrio_sp._3_1_syn3__DsvSp230']",0.00163384853285095,TRUE,"Desulfovibrio_sp._3_1_syn3__DsvSp230"
"OWAB01.57951.1_1/3-219","OWAB01","SAMEA3708590","['Bilophila_sp._4_1_30__BilSpec3']",0.0117288334302823,TRUE,"Bilophila_sp._4_1_30__BilSpec3"
"UXSE01.11754.1_5/12-350","UXSE01","SAMEA2160998","['Desulfitibacter_alkalitolerans__DfiAlka2']",1.13249655633203,TRUE,"Desulfitibacter_alkalitolerans__DfiAlka2"
"UXSE01.11754.1_4/1-177","UXSE01","SAMEA2160998","['MSW_digester_clone__Unc01cxc', 'Anaerobic_bacterium_sk.prop8__Bv2Prop2']",NA,TRUE,"MSW_digester_clone__Unc01cxc"
"UZOH01.8386.1_2/21-362","UZOH01","SAMN00792018","['Bilophila_wadsworthia__BilWads6']",0.0993673705024268,TRUE,"Bilophila_wadsworthia__BilWads6"
"UZOH01.8386.1_1/63-344","UZOH01","SAMN00792018","['Bilophila_sp._4_1_30__BilSpec3']",NA,TRUE,"Bilophila_sp._4_1_30__BilSpec3"
"OQNO01.303.1_27/6-329","OQNO01","SAMD00036377","['Gordonibacter_pamelaeae__GrdPame5']",0.637603704393165,TRUE,"Gordonibacter_pamelaeae__GrdPame5"
"OQNO01.303.1_26/9-396","OQNO01","SAMD00036377","['Gordonibacter_pamelaeae__GrdPame5']",0.588805704393165,TRUE,"Gordonibacter_pamelaeae__GrdPame5"
"OQNO01.351.1_35/21-362","OQNO01","SAMD00036377","['Bilophila_wadsworthia__BilWads6']",0.0993673705024268,TRUE,"Bilophila_wadsworthia__BilWads6"
"OQNO01.351.1_36/63-344","OQNO01","SAMD00036377","['Bilophila_sp._4_1_30__BilSpec3']",NA,TRUE,"Bilophila_sp._4_1_30__BilSpec3"
"UERL01.18164.1_1/3-390","UERL01","SAMN06115490","['uncultured_bacterium__EF645667']",0.513467276190246,TRUE,"uncultured_bacterium__EF645667"
"UERL01.18164.1_2/18-206","UERL01","SAMN06115490","['uncultured_bacterium__EF645667']",0.674414276190246,TRUE,"uncultured_bacterium__EF645667"
"ORRF01.114409.1_1/7-142","ORRF01","SAMEA2338651","['Bilophila_sp._4_1_30__BilSpec3']",0.0016698334302823,TRUE,"Bilophila_sp._4_1_30__BilSpec3"
"OQEN01.3796.1_6/9-419","OQEN01","SAMD00036316","['Desulfovibrio_sp._3_1_syn3__DsvSp230']",0.00163384853285095,TRUE,"Desulfovibrio_sp._3_1_syn3__DsvSp230"
"OWEP01.24146.1_1/21-324","OWEP01","SAMEA3708570","['Bilophila_wadsworthia__BilWads6']",0.0993673705024268,TRUE,"Bilophila_wadsworthia__BilWads6"
"OZIW01.24070.1_1/1-243","OZIW01","SAMN06165276","['Desulfovibrio_piger__DslPige4', 'Desulfovibrio_piger__DslPige3', 'Desulfovibrio_piger__DslPige2']",NA,TRUE,"Desulfovibrio_piger__DslPige4"
"USZJ01.35134.1_1/15-247","USZJ01","SAMN06111973","['Polluted_aquifer_clone__UncS1623']",0.439970077575518,TRUE,"Polluted_aquifer_clone__UncS1623"
"USYW01.3178.1_2/21-362","USYW01","SAMN06111949","['Bilophila_wadsworthia__BilWads6']",0.108771370502427,TRUE,"Bilophila_wadsworthia__BilWads6"
"USYW01.3178.1_1/62-342","USYW01","SAMN06111949","['Bilophila_wadsworthia__BilWads6']",0.164723370502427,TRUE,"Bilophila_wadsworthia__BilWads6"
"QZMA01.19851.1_2/7-340","QZMA01","SAMN06699331","['Bilophila_wadsworthia__BilWads6', 'Bilophila_sp._4_1_30__BilSpec3']",NA,TRUE,"Bilophila_wadsworthia__BilWads6"
"OPWM01.6910.1_4/5-351","OPWM01","SAMEA2042007","['uncultured_bacterium__EF645667']",NA,TRUE,"uncultured_bacterium__EF645667"
"OPWM01.72026.1_1/2-136","OPWM01","SAMEA2042007","['uncultured_bacterium__EF645667']",NA,TRUE,"uncultured_bacterium__EF645667"
"ORCP01.143.1_14/21-362","ORCP01","SAMN06115496","['Bilophila_wadsworthia__BilWads6']",0.0993673705024268,TRUE,"Bilophila_wadsworthia__BilWads6"
"ORCP01.143.1_13/63-344","ORCP01","SAMN06115496","['Bilophila_sp._4_1_30__BilSpec3']",NA,TRUE,"Bilophila_sp._4_1_30__BilSpec3"
"ULTX01.62923.1_1/9-145","ULTX01","SAMEA4835747","['uncultured_bacterium__EF645667']",0.215082276190246,TRUE,"uncultured_bacterium__EF645667"
"OWGI01.13947.1_2/19-344","OWGI01","SAMEA3708662","['Desulfovibrio_vulgaris__DQ826729']",0.0520935915607265,TRUE,"Desulfovibrio_vulgaris__DQ826729"
"OWGI01.4208.1_1/4-234","OWGI01","SAMEA3708662","['Desulfovibrio_vulgaris__DQ826729']",0.161720591560726,TRUE,"Desulfovibrio_vulgaris__DQ826729"
"OQPO01.22024.1_1/63-344","OQPO01","SAMN02712138","['Bilophila_sp._4_1_30__BilSpec3']",NA,TRUE,"Bilophila_sp._4_1_30__BilSpec3"
"OQPO01.44761.1_1/21-237","OQPO01","SAMN02712138","['Bilophila_sp._4_1_30__BilSpec3', 'Bilophila_wadsworthia__BilWads6']",NA,TRUE,"Bilophila_sp._4_1_30__BilSpec3"
"OWDX01.1668.1_11/21-362","OWDX01","SAMEA3708637","['Bilophila_sp._4_1_30__BilSpec3']",0.0016698334302823,TRUE,"Bilophila_sp._4_1_30__BilSpec3"
"OWDX01.1668.1_10/63-344","OWDX01","SAMEA3708637","['Bilophila_sp._4_1_30__BilSpec3']",NA,TRUE,"Bilophila_sp._4_1_30__BilSpec3"
"OZEP01.36501.1_1/18-215","OZEP01","SAMN06165020","['uncultured_bacterium__EF645667']",NA,TRUE,"uncultured_bacterium__EF645667"
"OZEP01.44855.1_1/28-205","OZEP01","SAMN06165020","['uncultured_bacterium__EF645667']",NA,TRUE,"uncultured_bacterium__EF645667"
"UZNI01.17213.1_1/7-258","UZNI01","SAMN00715141","['Desulfovibrio_piger__DslPige3', 'Desulfovibrio_piger__DslPige4']",NA,TRUE,"Desulfovibrio_piger__DslPige3"
"UZRZ01.39098.1_1/1-225","UZRZ01","SAMN00715260","['Bilophila_wadsworthia__BilWads6']",0.137799370502427,TRUE,"Bilophila_wadsworthia__BilWads6"
"ORLW01.61218.1_1/12-306","ORLW01","SAMN04329776","['Desulfitibacter_alkalitolerans__DfiAlka2']",0.910316556332035,TRUE,"Desulfitibacter_alkalitolerans__DfiAlka2"
"UXSM01.5714.1_3/21-362","UXSM01","SAMEA2150168","['Bilophila_wadsworthia__BilWads6']",0.0993673705024268,TRUE,"Bilophila_wadsworthia__BilWads6"
"UXSM01.5714.1_4/63-344","UXSM01","SAMEA2150168","['Bilophila_sp._4_1_30__BilSpec3']",NA,TRUE,"Bilophila_sp._4_1_30__BilSpec3"
"OVGO01.22706.1_1/5-398","OVGO01","SAMN06016402","['uncultured_bacterium__EF645667']",0.505803276190246,TRUE,"uncultured_bacterium__EF645667"
"OVGO01.75048.1_1/8-223","OVGO01","SAMN06016402","['Bilophila_wadsworthia__BilWads6']",0.421318370502427,TRUE,"Bilophila_wadsworthia__BilWads6"
"ORVF01.46447.1_1/8-153","ORVF01","SAMEA2338822","['Anaerobic_bacterium_sk.prop8__Bv2Prop2']",NA,TRUE,"Anaerobic_bacterium_sk.prop8__Bv2Prop2"
"ULZA01.9065.1_1/17-357","ULZA01","SAMEA4835877","['Desulfovibrio_piger__DslPige3', 'Desulfovibrio_piger__DslPige4']",NA,TRUE,"Desulfovibrio_piger__DslPige3"
"OQMO01.10615.1_2/21-238","OQMO01","SAMD00036431","['Bilophila_wadsworthia__BilWads6']",NA,TRUE,"Bilophila_wadsworthia__BilWads6"
"UEPY01.10103.1_2/63-344","UEPY01","SAMN06115472","['Bilophila_wadsworthia__BilWads6']",0.119212370502427,TRUE,"Bilophila_wadsworthia__BilWads6"
"UEPY01.10103.1_1/21-270","UEPY01","SAMN06115472","['Bilophila_wadsworthia__BilWads6']",0.108976370502427,TRUE,"Bilophila_wadsworthia__BilWads6"
"UPQG01.5907.1_4/4-418","UPQG01","SAMEA2737783","['Desulfovibrio_piger__DslPige3', 'Desulfovibrio_piger__DslPige4']",0.0018347876807884,TRUE,"Desulfovibrio_piger__DslPige3"
"USZB01.309.1_14/21-362","USZB01","SAMN06112012","['Bilophila_wadsworthia__BilWads6']",0.0993673705024268,TRUE,"Bilophila_wadsworthia__BilWads6"
"USZB01.309.1_15/63-344","USZB01","SAMN06112012","['Bilophila_sp._4_1_30__BilSpec3']",NA,TRUE,"Bilophila_sp._4_1_30__BilSpec3"
"OVFO01.20574.1_1/21-313","OVFO01","SAMN06016330","['Bilophila_wadsworthia__BilWads6']",NA,TRUE,"Bilophila_wadsworthia__BilWads6"
"UYBY01.9350.1_1/18-361","UYBY01","SAMEA2153005","['uncultured_bacterium__EF645667']",0.655104276190246,TRUE,"uncultured_bacterium__EF645667"
"UYBY01.9350.1_2/5-398","UYBY01","SAMEA2153005","['uncultured_bacterium__EF645667']",0.505803276190246,TRUE,"uncultured_bacterium__EF645667"
"UZIO01.6419.1_2/7-420","UZIO01","SAMN00791930","['Desulfovibrio_piger__DslPige3']",0.0754470912742298,TRUE,"Desulfovibrio_piger__DslPige3"
"UZIO01.6419.1_1/20-314","UZIO01","SAMN00791930","['Desulfovibrio_piger__DslPige4']",NA,TRUE,"Desulfovibrio_piger__DslPige4"
"OWGA01.19301.1_2/63-344","OWGA01","SAMEA3708463","['Bilophila_sp._4_1_30__BilSpec3']",NA,TRUE,"Bilophila_sp._4_1_30__BilSpec3"
"OWGA01.6320.1_7/3-311","OWGA01","SAMEA3708463","['Bilophila_wadsworthia__BilWads6']",NA,TRUE,"Bilophila_wadsworthia__BilWads6"
"UXSC01.97719.1_1/2-218","UXSC01","SAMEA2145365","['uncultured_bacterium__EF645667']",NA,TRUE,"uncultured_bacterium__EF645667"
"ULTV01.70142.1_1/5-194","ULTV01","SAMEA4835743","['Bilophila_wadsworthia__BilWads6', 'Desulfovibrio_piger__DslPige3', 'Desulfovibrio_piger__DslPige4']",NA,TRUE,"Bilophila_wadsworthia__BilWads6"
"UPFT01.4705.1_1/20-361","UPFT01","SAMEA2737676","['Desulfovibrio_sp._6_1_46AFAA__DsvSp231']",0.0261574179855414,TRUE,"Desulfovibrio_sp._6_1_46AFAA__DsvSp231"
"UPFT01.4705.1_2/9-400","UPFT01","SAMEA2737676","['Desulfovibrio_sp._3_1_syn3__DsvSp230']",0.00163384853285095,TRUE,"Desulfovibrio_sp._3_1_syn3__DsvSp230"
"UPFT01.9526.1_6/8-220","UPFT01","SAMEA2737676","['Gordonibacter_pamelaeae__GrdPame5']",0.00338522102966964,TRUE,"Gordonibacter_pamelaeae__GrdPame5"
"UPFT01.27794.1_1/4-220","UPFT01","SAMEA2737676","['Gordonibacter_pamelaeae_7-10-1-b__FP929047']",0.0199176951735704,TRUE,"Gordonibacter_pamelaeae_7-10-1-b__FP929047"
"OWED01.1010.1_11/10-349","OWED01","SAMEA3708557","['Bilophila_wadsworthia__BilWads6']",0.0993673705024268,TRUE,"Bilophila_wadsworthia__BilWads6"
"OWED01.1010.1_10/63-344","OWED01","SAMEA3708557","['Bilophila_sp._4_1_30__BilSpec3']",NA,TRUE,"Bilophila_sp._4_1_30__BilSpec3"
"UEOG01.30096.1_1/18-221","UEOG01","SAMN06115488","['uncultured_bacterium__EF645667']",0.331321276190246,TRUE,"uncultured_bacterium__EF645667"
"ORQD01.6682.1_2/20-361","ORQD01","SAMEA2338632","['Desulfovibrio_piger__DslPige4']",0.11400809127423,TRUE,"Desulfovibrio_piger__DslPige4"
"ORQD01.6682.1_3/6-418","ORQD01","SAMEA2338632","['Desulfovibrio_piger__DslPige3', 'Desulfovibrio_piger__DslPige4']",0.0695540912742298,TRUE,"Desulfovibrio_piger__DslPige3"
"USUG01.546.1_42/21-362","USUG01","SAMN06111957","['Bilophila_wadsworthia__BilWads6']",0.0993673705024268,TRUE,"Bilophila_wadsworthia__BilWads6"
"USUG01.546.1_43/63-344","USUG01","SAMN06111957","['Bilophila_sp._4_1_30__BilSpec3']",NA,TRUE,"Bilophila_sp._4_1_30__BilSpec3"
"USUG01.127008.1_1/10-160","USUG01","SAMN06111957","['Bilophila_wadsworthia__BilWads6']",NA,TRUE,"Bilophila_wadsworthia__BilWads6"
"ULVM01.3647.1_2/21-362","ULVM01","SAMEA4835786","['Bilophila_wadsworthia__BilWads6']",0.0993673705024268,TRUE,"Bilophila_wadsworthia__BilWads6"
"ULVM01.3647.1_1/2-194","ULVM01","SAMEA4835786","['Bilophila_wadsworthia__BilWads6', 'Bilophila_sp._4_1_30__BilSpec3']",NA,TRUE,"Bilophila_wadsworthia__BilWads6"
"ORSV01.1613.1_5/18-361","ORSV01","SAMEA2338830","['uncultured_bacterium__EF645667']",0.655104276190246,TRUE,"uncultured_bacterium__EF645667"
"ORSV01.1613.1_6/5-398","ORSV01","SAMEA2338830","['uncultured_bacterium__EF645667']",0.505803276190246,TRUE,"uncultured_bacterium__EF645667"
"ORSV01.67170.1_1/9-236","ORSV01","SAMEA2338830","['Anaerobic_bacterium_sk.prop8__Bv2Prop2']",NA,TRUE,"Anaerobic_bacterium_sk.prop8__Bv2Prop2"
"OVZI01.8185.1_3/20-361","OVZI01","SAMEA3708698","['Desulfovibrio_piger__DslPige3']",0.0313337876807884,TRUE,"Desulfovibrio_piger__DslPige3"
"OVZI01.8185.1_4/4-418","OVZI01","SAMEA3708698","['Desulfovibrio_piger__DslPige3']",0.0776690912742298,TRUE,"Desulfovibrio_piger__DslPige3"
"ULTW01.18645.1_1/18-359","ULTW01","SAMEA4835744","['Desulfovibrio_piger__DslPige3', 'Desulfovibrio_piger__DslPige4']",0.0018347876807884,TRUE,"Desulfovibrio_piger__DslPige3"
"ULTW01.42440.1_1/3-364","ULTW01","SAMEA4835744","['Desulfovibrio_piger__DslPige3', 'Desulfovibrio_piger__DslPige4']",0.0584990912742298,TRUE,"Desulfovibrio_piger__DslPige3"
"ULTW01.28614.1_1/4-217","ULTW01","SAMEA4835744","['uncultured_bacterium__EF645667', 'Desulfovibrio_piger__DslPige3', 'Desulfovibrio_piger__DslPige4']",NA,TRUE,"uncultured_bacterium__EF645667"
"UZTV01.20987.1_1/9-241","UZTV01","SAMN00792061","['Bilophila_sp._4_1_30__BilSpec3']",NA,TRUE,"Bilophila_sp._4_1_30__BilSpec3"
"UZRJ01.3768.1_2/10-349","UZRJ01","SAMN00791948","['Bilophila_wadsworthia__BilWads6']",0.0993673705024268,TRUE,"Bilophila_wadsworthia__BilWads6"
"UZRJ01.3768.1_3/63-344","UZRJ01","SAMN00791948","['Bilophila_sp._4_1_30__BilSpec3']",NA,TRUE,"Bilophila_sp._4_1_30__BilSpec3"
"OYDR01.12902.1_1/3-286","OYDR01","SAMN06164623","[]",NA,FALSE,NA
"ORNP01.7462.1_4/4-419","ORNP01","SAMEA2338708","[]",NA,FALSE,NA
"UZOI01.8813.1_2/4-415","UZOI01","SAMN00791951","[]",NA,FALSE,NA
"ULSO01.92335.1_1/8-300","ULSO01","SAMEA4835708","[]",NA,FALSE,NA
"UXIV01.18973.1_1/32-316","UXIV01","SAMEA1964687","[]",NA,FALSE,NA
"UXIV01.34867.1_1/8-192","UXIV01","SAMEA1964687","[]",NA,FALSE,NA
"USVO01.5543.1_5/20-361","USVO01","SAMN06112044","[]",NA,FALSE,NA
"USVO01.5543.1_4/4-419","USVO01","SAMN06112044","[]",NA,FALSE,NA
"UPWK01.878.1_12/21-362","UPWK01","SAMN06112059","[]",NA,FALSE,NA
"UPWK01.878.1_11/63-344","UPWK01","SAMN06112059","[]",NA,FALSE,NA
"ULWF01.57152.1_1/18-332","ULWF01","SAMEA4835805","[]",NA,FALSE,NA
"ULWF01.4825.1_1/5-255","ULWF01","SAMEA4835805","[]",NA,FALSE,NA
"ORBZ01.118.1_56/21-362","ORBZ01","SAMN05024037","[]",NA,FALSE,NA
"ORBZ01.118.1_57/63-344","ORBZ01","SAMN05024037","[]",NA,FALSE,NA
"OWPL01.10114.1_2/20-361","OWPL01","SAMEA4378256","[]",NA,FALSE,NA
"OWPL01.10114.1_1/6-418","OWPL01","SAMEA4378256","[]",NA,FALSE,NA
"UZQK01.23395.1_1/13-352","UZQK01","SAMN00791963","[]",NA,FALSE,NA
"UZON01.4352.1_3/18-362","UZON01","SAMN00792026","[]",NA,FALSE,NA
"UZON01.4352.1_2/63-400","UZON01","SAMN00792026","[]",NA,FALSE,NA
